"Kernel Name","_attn_fwd_ablate",
"Address","Source","Warp Stall Sampling (All Samples)","Warp Stall Sampling (Not-issued Samples)","# Samples","Instructions Executed","Thread Instructions Executed","Predicated-On Thread Instructions Executed","Avg. Threads Executed","Avg. Predicated-On Threads Executed","Derivative Avg. Predicated-On Threads Executed","Avg. Predicated-On Threads Unexecuted","Divergent Branches","Address Space","Access Operation","Access Size","L1 Tag Requests Global","L1 Conflicts Shared N-Way","L1 Wavefronts Shared Excessive","L1 Wavefronts Shared","L1 Wavefronts Shared Ideal","L2 Theoretical Sectors Global Excessive","L2 Theoretical Sectors Global","L2 Theoretical Sectors Global Ideal","L2 Explicit Evict Policies","L2 Explicit Hit Policy Evict First","L2 Explicit Hit Policy Evict Last","L2 Explicit Hit Policy Evict Normal","L2 Explicit Hit Policy Evict Normal Demote","L2 Explicit Miss Policy Evict First","L2 Explicit Miss Policy Evict Normal","stall_barrier","stall_branch_resolving","stall_dispatch","stall_drain","stall_imc","stall_lg","stall_long_sb","stall_math","stall_membar","stall_mio","stall_misc","stall_no_inst","stall_not_selected","stall_selected","stall_short_sb","stall_sleep","stall_tex","stall_wait","stall_barrier (Not Issued)","stall_branch_resolving (Not Issued)","stall_dispatch (Not Issued)","stall_drain (Not Issued)","stall_imc (Not Issued)","stall_lg (Not Issued)","stall_long_sb (Not Issued)","stall_math (Not Issued)","stall_membar (Not Issued)","stall_mio (Not Issued)","stall_misc (Not Issued)","stall_no_inst (Not Issued)","stall_not_selected (Not Issued)","stall_selected (Not Issued)","stall_short_sb (Not Issued)","stall_sleeping (Not Issued)","stall_tex (Not Issued)","stall_wait (Not Issued)"
"0x7d97cf7aea00","      LDC R1, c[0x0][0x28]","149","148","149","32768","1048576","1048576","32","32","0","0","0","-","-","-","0","0","0","0","0","0","0","0","-","0","0","0","0","0","0","0","0","0","0","0","0","0","0","0","0","0","149","0","0","0","0","0","0","0","0","0","0","0","0","0","0","0","0","0","148","0","0","0","0","0","0"
"0x7d97cf7aea10","      LDC R6, c[0x0][0x260]","16","7","16","32768","1048576","1048576","32","32","0","0","0","-","-","-","0","0","0","0","0","0","0","0","-","0","0","0","0","0","0","0","0","0","0","0","0","0","0","0","0","0","0","0","3","0","0","0","13","0","0","0","0","0","0","0","0","0","0","0","0","0","0","0","0","0","7"
"0x7d97cf7aea20","      S2R R15, SR_CTAID.Y","3","1","3","32768","1048576","1048576","32","32","0","0","0","-","-","-","0","0","0","0","0","0","0","0","-","0","0","0","0","0","0","0","0","0","0","0","0","0","0","0","2","0","0","1","0","0","0","0","0","0","0","0","0","0","0","0","0","0","1","0","0","0","0","0","0","0","0"
"0x7d97cf7aea30","      ULDC.64 UR4, c[0x0][0x230]","17","16","17","32768","1048576","1048576","32","32","0","0","0","-","-","-","0","0","0","0","0","0","0","0","-","0","0","0","0","0","0","0","0","0","0","15","0","0","0","0","0","0","2","0","0","0","0","0","0","0","0","0","0","15","0","0","0","0","0","0","1","0","0","0","0","0","0"
"0x7d97cf7aea40","      ULDC.64 UR6, c[0x0][0x210]","1","0","1","32768","1048576","1048576","32","32","0","0","0","-","-","-","0","0","0","0","0","0","0","0","-","0","0","0","0","0","0","0","0","0","0","0","0","0","0","0","0","0","0","0","1","0","0","0","0","0","0","0","0","0","0","0","0","0","0","0","0","0","0","0","0","0","0"
"0x7d97cf7aea50","      ULDC UR22, c[0x0][0x268]","24","17","24","32768","1048576","1048576","32","32","0","0","0","-","-","-","0","0","0","0","0","0","0","0","-","0","0","0","0","0","0","0","0","0","0","19","0","0","0","0","0","0","1","0","4","0","0","0","0","0","0","0","0","17","0","0","0","0","0","0","0","0","0","0","0","0","0"
"0x7d97cf7aea60","      S2R R16, SR_CTAID.X","5","2","5","32768","1048576","1048576","32","32","0","0","0","-","-","-","0","0","0","0","0","0","0","0","-","0","0","0","0","0","0","0","0","0","0","0","0","0","0","0","2","0","0","0","3","0","0","0","0","0","0","0","0","0","0","0","0","0","2","0","0","0","0","0","0","0","0"
"0x7d97cf7aea70","      ULDC.64 UR8, c[0x0][0x238]","3","0","3","32768","1048576","1048576","32","32","0","0","0","-","-","-","0","0","0","0","0","0","0","0","-","0","0","0","0","0","0","0","0","0","0","0","0","0","0","0","0","0","0","0","3","0","0","0","0","0","0","0","0","0","0","0","0","0","0","0","0","0","0","0","0","0","0"
"0x7d97cf7aea80","      ULDC.64 UR20, c[0x0][0x208]","12","2","12","32768","1048576","1048576","32","32","0","0","0","-","-","-","0","0","0","0","0","0","0","0","-","0","0","0","0","0","0","0","0","0","0","0","0","0","0","0","0","0","9","1","2","0","0","0","0","0","0","0","0","0","0","0","0","0","0","0","2","0","0","0","0","0","0"
"0x7d97cf7aea90","      LDC R137, c[0x0][0x250]","14","10","14","32768","1048576","1048576","32","32","0","0","0","-","-","-","0","0","0","0","0","0","0","0","-","0","0","0","0","0","0","0","0","0","0","0","0","0","0","0","10","0","0","2","2","0","0","0","0","0","0","0","0","0","0","0","0","0","10","0","0","0","0","0","0","0","0"
"0x7d97cf7aeaa0","      LDC R138, c[0x0][0x244]","33","25","33","32768","1048576","1048576","32","32","0","0","0","-","-","-","0","0","0","0","0","0","0","0","-","0","0","0","0","0","0","0","0","0","0","0","0","0","0","0","15","0","0","3","3","0","0","0","12","0","0","0","0","0","0","0","0","0","13","0","0","0","0","0","0","0","12"
"0x7d97cf7aeab0","      IABS R4, R6","17","15","17","32768","1048576","1048576","32","32","0","0","0","-","-","-","0","0","0","0","0","0","0","0","-","0","0","0","0","0","0","0","0","0","0","0","0","0","0","0","0","0","0","0","1","16","0","0","0","0","0","0","0","0","0","0","0","0","0","0","0","0","0","15","0","0","0"
"0x7d97cf7aeac0","      I2F.RP R0, R4","9","7","9","32768","1048576","1048576","32","32","0","0","0","-","-","-","0","0","0","0","0","0","0","0","-","0","0","0","0","0","0","0","0","0","0","0","0","0","0","0","0","0","0","0","1","0","0","0","8","0","0","0","0","0","0","0","0","0","0","0","0","0","0","0","0","0","7"
"0x7d97cf7aead0","      IABS R7, R15","9","7","9","32768","1048576","1048576","32","32","0","0","0","-","-","-","0","0","0","0","0","0","0","0","-","0","0","0","0","0","0","0","0","0","0","0","0","0","0","0","0","0","0","0","2","7","0","0","0","0","0","0","0","0","0","0","0","0","0","0","0","0","0","7","0","0","0"
"0x7d97cf7aeae0","      IMAD.SHL.U32 R16, R16, 0x80, RZ","9","8","9","32768","1048576","1048576","32","32","0","0","0","-","-","-","0","0","0","0","0","0","0","0","-","0","0","0","0","0","0","0","0","0","0","0","0","0","0","0","0","0","0","0","1","8","0","0","0","0","0","0","0","0","0","0","0","0","0","0","0","0","0","8","0","0","0"
"0x7d97cf7aeaf0","      MUFU.RCP R0, R0","25","20","25","32768","1048576","1048576","32","32","0","0","0","-","-","-","0","0","0","0","0","0","0","0","-","0","0","0","0","0","0","0","0","0","0","0","0","0","0","0","0","0","0","0","3","13","0","0","9","0","0","0","0","0","0","0","0","0","0","0","0","0","0","11","0","0","9"
"0x7d97cf7aeb00","      VIADD R2, R0, 0xffffffe","40","32","40","32768","1048576","1048576","32","32","0","0","0","-","-","-","0","0","0","0","0","0","0","0","-","0","0","0","0","0","0","0","0","0","0","0","0","0","0","0","0","0","0","0","1","37","0","0","2","0","0","0","0","0","0","0","0","0","0","0","0","0","0","31","0","0","1"
"0x7d97cf7aeb10","      S2R R0, SR_TID.X","3","2","3","32768","1048576","1048576","32","32","0","0","0","-","-","-","0","0","0","0","0","0","0","0","-","0","0","0","0","0","0","0","0","0","0","0","0","0","0","0","0","0","0","0","1","0","0","0","2","0","0","0","0","0","0","0","0","0","0","0","0","0","0","0","0","0","2"
"0x7d97cf7aeb20","      F2I.FTZ.U32.TRUNC.NTZ R3, R2","11","4","11","32768","1048576","1048576","32","32","0","0","0","-","-","-","0","0","0","0","0","0","0","0","-","0","0","0","0","0","0","0","0","0","0","0","0","0","0","0","0","0","0","0","4","0","0","0","7","0","0","0","0","0","0","0","0","0","0","0","0","0","0","0","0","0","4"
"0x7d97cf7aeb30","      IMAD.MOV.U32 R2, RZ, RZ, RZ","34","15","34","32768","1048576","1048576","32","32","0","0","0","-","-","-","0","0","0","0","0","0","0","0","-","0","0","0","0","0","0","0","0","0","0","0","0","0","2","0","0","0","0","0","1","30","0","0","1","0","0","0","0","0","0","0","0","0","0","0","0","0","0","15","0","0","0"
"0x7d97cf7aeb40","      IMAD.MOV R5, RZ, RZ, -R3","4","3","4","32768","1048576","1048576","32","32","0","0","0","-","-","-","0","0","0","0","0","0","0","0","-","0","0","0","0","0","0","0","0","0","0","0","0","0","0","0","0","0","0","0","1","3","0","0","0","0","0","0","0","0","0","0","0","0","0","0","0","0","0","3","0","0","0"
"0x7d97cf7aeb50","      IMAD R5, R5, R4, RZ","3","1","3","32768","1048576","1048576","32","32","0","0","0","-","-","-","0","0","0","0","0","0","0","0","-","0","0","0","0","0","0","0","0","0","0","0","0","0","0","0","0","0","0","0","2","0","0","0","1","0","0","0","0","0","0","0","0","0","0","0","0","0","0","0","0","0","1"
"0x7d97cf7aeb60","      IMAD.HI.U32 R3, R3, R5, R2","12","9","12","32768","1048576","1048576","32","32","0","0","0","-","-","-","0","0","0","0","0","0","0","0","-","0","0","0","0","0","0","0","0","0","0","0","0","0","2","0","0","0","0","0","1","0","0","0","9","0","0","0","0","0","0","0","2","0","0","0","0","0","0","0","0","0","7"
"0x7d97cf7aeb70","      LOP3.LUT R2, R15, R6, RZ, 0x3c, !PT","0","0","0","32768","1048576","1048576","32","32","0","0","0","-","-","-","0","0","0","0","0","0","0","0","-","0","0","0","0","0","0","0","0","0","0","0","0","0","0","0","0","0","0","0","0","0","0","0","0","0","0","0","0","0","0","0","0","0","0","0","0","0","0","0","0","0","0"
"0x7d97cf7aeb80","      IMAD.MOV.U32 R5, RZ, RZ, R7","27","4","27","32768","1048576","1048576","32","32","0","0","0","-","-","-","0","0","0","0","0","0","0","0","-","0","0","0","0","0","0","0","0","0","0","0","0","0","12","0","0","0","0","6","2","0","0","0","7","0","0","0","0","0","0","0","2","0","0","0","0","0","0","0","0","0","2"
"0x7d97cf7aeb90","      ISETP.GE.AND P2, PT, R2, RZ, PT","11","0","11","32768","1048576","1048576","32","32","0","0","0","-","-","-","0","0","0","0","0","0","0","0","-","0","0","0","0","0","0","0","0","9","0","0","0","0","0","0","0","0","0","0","2","0","0","0","0","0","0","0","0","0","0","0","0","0","0","0","0","0","0","0","0","0","0"
"0x7d97cf7aeba0","      SHF.R.U32.HI R149, RZ, 0x4, R0","5","0","5","32768","1048576","1048576","32","32","0","0","0","-","-","-","0","0","0","0","0","0","0","0","-","0","0","0","0","0","0","0","0","0","0","0","0","0","0","0","0","0","0","0","3","0","0","0","2","0","0","0","0","0","0","0","0","0","0","0","0","0","0","0","0","0","0"
"0x7d97cf7aebb0","      IMAD.HI.U32 R14, R3, R5, RZ","3","0","3","32768","1048576","1048576","32","32","0","0","0","-","-","-","0","0","0","0","0","0","0","0","-","0","0","0","0","0","0","0","0","0","0","0","0","0","0","0","0","0","0","0","3","0","0","0","0","0","0","0","0","0","0","0","0","0","0","0","0","0","0","0","0","0","0"
"0x7d97cf7aebc0","      SGXT.U32 R149, R149, 0x4","11","5","11","32768","1048576","1048576","32","32","0","0","0","-","-","-","0","0","0","0","0","0","0","0","-","0","0","0","0","0","0","0","0","1","0","0","0","0","1","0","0","0","0","0","5","0","0","0","4","0","0","1","0","0","0","0","1","0","0","0","0","0","0","0","0","0","3"
"0x7d97cf7aebd0","      IMAD.MOV R3, RZ, RZ, -R14","1","0","1","32768","1048576","1048576","32","32","0","0","0","-","-","-","0","0","0","0","0","0","0","0","-","0","0","0","0","0","0","0","0","0","0","0","0","0","0","0","0","0","0","0","1","0","0","0","0","0","0","0","0","0","0","0","0","0","0","0","0","0","0","0","0","0","0"
"0x7d97cf7aebe0","      LOP3.LUT R17, R149, R16, RZ, 0xfc, !PT","12","1","12","32768","1048576","1048576","32","32","0","0","0","-","-","-","0","0","0","0","0","0","0","0","-","0","0","0","0","0","0","0","0","0","0","0","0","0","0","0","0","0","0","0","1","0","0","0","11","0","0","0","0","0","0","0","0","0","0","0","0","0","0","0","0","0","1"
"0x7d97cf7aebf0","      IMAD R3, R4, R3, R5","4","0","4","32768","1048576","1048576","32","32","0","0","0","-","-","-","0","0","0","0","0","0","0","0","-","0","0","0","0","0","0","0","0","0","0","0","0","0","0","0","0","0","0","0","4","0","0","0","0","0","0","0","0","0","0","0","0","0","0","0","0","0","0","0","0","0","0"
"0x7d97cf7aec00","      LOP3.LUT R18, R16, 0x10, R149, 0xfe, !PT","1","0","1","32768","1048576","1048576","32","32","0","0","0","-","-","-","0","0","0","0","0","0","0","0","-","0","0","0","0","0","0","0","0","0","0","0","0","0","0","0","0","0","0","0","1","0","0","0","0","0","0","0","0","0","0","0","0","0","0","0","0","0","0","0","0","0","0"
"0x7d97cf7aec10","      LOP3.LUT R19, R16, 0x20, R149, 0xfe, !PT","9","4","9","32768","1048576","1048576","32","32","0","0","0","-","-","-","0","0","0","0","0","0","0","0","-","0","0","0","0","0","0","0","0","2","0","0","0","0","2","0","0","0","0","2","3","0","0","0","0","0","0","2","0","0","0","0","2","0","0","0","0","0","0","0","0","0","0"
"0x7d97cf7aec20","      ISETP.GT.U32.AND P1, PT, R4, R3, PT","2","0","2","32768","1048576","1048576","32","32","0","0","0","-","-","-","0","0","0","0","0","0","0","0","-","0","0","0","0","0","0","0","0","0","0","0","0","0","0","0","0","0","0","0","2","0","0","0","0","0","0","0","0","0","0","0","0","0","0","0","0","0","0","0","0","0","0"
"0x7d97cf7aec30","      LOP3.LUT R20, R16, 0x30, R149, 0xfe, !PT","4","2","4","32768","1048576","1048576","32","32","0","0","0","-","-","-","0","0","0","0","0","0","0","0","-","0","0","0","0","0","0","0","0","0","0","0","0","0","0","0","0","0","0","0","1","0","0","0","3","0","0","0","0","0","0","0","0","0","0","0","0","0","0","0","0","0","2"
"0x7d97cf7aec40","      LOP3.LUT R21, R16, 0x40, R149, 0xfe, !PT","5","0","5","32768","1048576","1048576","32","32","0","0","0","-","-","-","0","0","0","0","0","0","0","0","-","0","0","0","0","0","0","0","0","0","0","0","0","0","0","0","0","0","0","0","3","0","0","0","2","0","0","0","0","0","0","0","0","0","0","0","0","0","0","0","0","0","0"
"0x7d97cf7aec50","      LOP3.LUT R22, R16, 0x50, R149, 0xfe, !PT","11","2","11","32768","1048576","1048576","32","32","0","0","0","-","-","-","0","0","0","0","0","0","0","0","-","0","0","0","0","0","0","0","0","0","0","0","0","0","1","0","0","0","0","3","5","0","0","0","2","0","0","0","0","0","0","0","1","0","0","0","0","0","0","0","0","0","1"
"0x7d97cf7aec60","      IMAD R13, R20, UR8, RZ","2","0","2","32768","1048576","1048576","32","32","0","0","0","-","-","-","0","0","0","0","0","0","0","0","-","0","0","0","0","0","0","0","0","0","0","0","0","0","0","0","0","0","0","0","2","0","0","0","0","0","0","0","0","0","0","0","0","0","0","0","0","0","0","0","0","0","0"
"0x7d97cf7aec70","      LOP3.LUT R23, R16, 0x60, R149, 0xfe, !PT","2","0","2","32768","1048576","1048576","32","32","0","0","0","-","-","-","0","0","0","0","0","0","0","0","-","0","0","0","0","0","0","0","0","2","0","0","0","0","0","0","0","0","0","0","0","0","0","0","0","0","0","0","0","0","0","0","0","0","0","0","0","0","0","0","0","0","0"
"0x7d97cf7aec80","      IMAD R26, R21, UR8, RZ","0","0","0","32768","1048576","1048576","32","32","0","0","0","-","-","-","0","0","0","0","0","0","0","0","-","0","0","0","0","0","0","0","0","0","0","0","0","0","0","0","0","0","0","0","0","0","0","0","0","0","0","0","0","0","0","0","0","0","0","0","0","0","0","0","0","0","0"
"0x7d97cf7aec90","      LOP3.LUT R136, R16, 0x70, R149, 0xfe, !PT","0","0","0","32768","1048576","1048576","32","32","0","0","0","-","-","-","0","0","0","0","0","0","0","0","-","0","0","0","0","0","0","0","0","0","0","0","0","0","0","0","0","0","0","0","0","0","0","0","0","0","0","0","0","0","0","0","0","0","0","0","0","0","0","0","0","0","0"
"0x7d97cf7aeca0","      IMAD R27, R22, UR8, RZ","1","0","1","32768","1048576","1048576","32","32","0","0","0","-","-","-","0","0","0","0","0","0","0","0","-","0","0","0","0","0","0","0","0","0","0","0","0","0","0","0","0","0","0","0","1","0","0","0","0","0","0","0","0","0","0","0","0","0","0","0","0","0","0","0","0","0","0"
"0x7d97cf7aecb0","@!P1  IMAD.IADD R3, R3, 0x1, -R4","4","1","4","32768","1048576","0","32","0","32","32","0","-","-","-","0","0","0","0","0","0","0","0","-","0","0","0","0","0","0","0","0","0","0","0","0","0","0","0","0","0","0","0","2","0","0","0","2","0","0","0","0","0","0","0","0","0","0","0","0","0","0","0","0","0","1"
"0x7d97cf7aecc0","@!P1  VIADD R14, R14, 0x1","7","4","7","32768","1048576","0","32","0","0","32","0","-","-","-","0","0","0","0","0","0","0","0","-","0","0","0","0","0","0","0","0","0","0","0","0","0","0","0","0","0","0","0","3","0","0","0","4","0","0","0","0","0","0","0","0","0","0","0","0","0","0","0","0","0","4"
"0x7d97cf7aecd0","      ISETP.NE.AND P1, PT, R6, RZ, PT","2","0","2","32768","1048576","1048576","32","32","32","0","0","-","-","-","0","0","0","0","0","0","0","0","-","0","0","0","0","0","0","0","0","0","0","0","0","0","0","0","0","0","0","0","2","0","0","0","0","0","0","0","0","0","0","0","0","0","0","0","0","0","0","0","0","0","0"
"0x7d97cf7aece0","      IMAD R28, R23, UR8, RZ","0","0","0","32768","1048576","1048576","32","32","0","0","0","-","-","-","0","0","0","0","0","0","0","0","-","0","0","0","0","0","0","0","0","0","0","0","0","0","0","0","0","0","0","0","0","0","0","0","0","0","0","0","0","0","0","0","0","0","0","0","0","0","0","0","0","0","0"
"0x7d97cf7aecf0","      ISETP.GE.U32.AND P0, PT, R3, R4, PT","2","0","2","32768","1048576","1048576","32","32","0","0","0","-","-","-","0","0","0","0","0","0","0","0","-","0","0","0","0","0","0","0","0","0","0","0","0","0","0","0","0","0","0","0","2","0","0","0","0","0","0","0","0","0","0","0","0","0","0","0","0","0","0","0","0","0","0"
"0x7d97cf7aed00","      IMAD R29, R136, UR8, RZ","4","0","4","32768","1048576","1048576","32","32","0","0","0","-","-","-","0","0","0","0","0","0","0","0","-","0","0","0","0","0","0","0","0","0","0","0","0","0","0","0","0","0","0","0","4","0","0","0","0","0","0","0","0","0","0","0","0","0","0","0","0","0","0","0","0","0","0"
"0x7d97cf7aed10","      LOP3.LUT R4, R149, 0x20, RZ, 0xfc, !PT","0","0","0","32768","1048576","1048576","32","32","0","0","0","-","-","-","0","0","0","0","0","0","0","0","-","0","0","0","0","0","0","0","0","0","0","0","0","0","0","0","0","0","0","0","0","0","0","0","0","0","0","0","0","0","0","0","0","0","0","0","0","0","0","0","0","0","0"
"0x7d97cf7aed20","      LOP3.LUT R3, R149, 0x10, RZ, 0xfc, !PT","6","0","6","32768","1048576","1048576","32","32","0","0","0","-","-","-","0","0","0","0","0","0","0","0","-","0","0","0","0","0","0","0","0","0","0","0","0","0","1","0","0","0","0","2","3","0","0","0","0","0","0","0","0","0","0","0","0","0","0","0","0","0","0","0","0","0","0"
"0x7d97cf7aed30","      ISETP.GE.AND P3, PT, R3, UR22, PT","13","0","13","32768","1048576","1048576","32","32","0","0","0","-","-","-","0","0","0","0","0","0","0","0","-","0","0","0","0","0","0","0","0","3","0","0","0","0","0","0","0","0","0","1","2","0","0","0","7","0","0","0","0","0","0","0","0","0","0","0","0","0","0","0","0","0","0"
"0x7d97cf7aed40","@P0   VIADD R14, R14, 0x1","14","3","14","32768","1048576","0","32","0","32","32","0","-","-","-","0","0","0","0","0","0","0","0","-","0","0","0","0","0","0","0","0","0","0","0","0","0","0","0","0","0","0","3","3","0","0","0","8","0","0","0","0","0","0","0","0","0","0","0","0","0","0","0","0","0","3"
"0x7d97cf7aed50","      ISETP.GE.AND P0, PT, R4, UR22, PT","4","0","4","32768","1048576","1048576","32","32","32","0","0","-","-","-","0","0","0","0","0","0","0","0","-","0","0","0","0","0","0","0","0","0","0","0","0","0","0","0","0","0","0","0","4","0","0","0","0","0","0","0","0","0","0","0","0","0","0","0","0","0","0","0","0","0","0"
"0x7d97cf7aed60","@!P2  IMAD.MOV R14, RZ, RZ, -R14","20","3","20","32768","1048576","0","32","0","32","32","0","-","-","-","0","0","0","0","0","0","0","0","-","0","0","0","0","0","0","0","0","0","0","0","0","0","3","0","0","0","0","8","2","0","0","0","7","0","0","0","0","0","0","0","1","0","0","0","0","0","0","0","0","0","2"
"0x7d97cf7aed70","@!P1  LOP3.LUT R14, RZ, R6, RZ, 0x33, !PT","1","0","1","32768","1048576","0","32","0","0","32","0","-","-","-","0","0","0","0","0","0","0","0","-","0","0","0","0","0","0","0","0","0","0","0","0","0","0","0","0","0","0","0","1","0","0","0","0","0","0","0","0","0","0","0","0","0","0","0","0","0","0","0","0","0","0"
"0x7d97cf7aed80","      IMAD.MOV R2, RZ, RZ, -R14","11","4","11","32768","1048576","1048576","32","32","32","0","0","-","-","-","0","0","0","0","0","0","0","0","-","0","0","0","0","0","0","0","0","0","0","0","0","0","0","0","0","0","0","0","0","0","0","0","11","0","0","0","0","0","0","0","0","0","0","0","0","0","0","0","0","0","4"
"0x7d97cf7aed90","      IMAD R5, R14, UR4, RZ","16","0","16","32768","1048576","1048576","32","32","0","0","0","-","-","-","0","0","0","0","0","0","0","0","-","0","0","0","0","0","0","0","0","0","0","0","0","0","3","0","0","0","0","9","1","0","0","0","3","0","0","0","0","0","0","0","0","0","0","0","0","0","0","0","0","0","0"
"0x7d97cf7aeda0","      ULDC UR4, c[0x0][0x240]","6","0","6","32768","1048576","1048576","32","32","0","0","0","-","-","-","0","0","0","0","0","0","0","0","-","0","0","0","0","0","0","0","0","1","0","0","0","0","0","0","0","0","0","0","5","0","0","0","0","0","0","0","0","0","0","0","0","0","0","0","0","0","0","0","0","0","0"
"0x7d97cf7aedb0","      IMAD R15, R6, R2, R15","2","0","2","32768","1048576","1048576","32","32","0","0","0","-","-","-","0","0","0","0","0","0","0","0","-","0","0","0","0","0","0","0","0","0","0","0","0","0","0","0","0","0","0","0","2","0","0","0","0","0","0","0","0","0","0","0","0","0","0","0","0","0","0","0","0","0","0"
"0x7d97cf7aedc0","      IMAD.SHL.U32 R6, R5, 0x2, RZ","23","2","23","32768","1048576","1048576","32","32","0","0","0","-","-","-","0","0","0","0","0","0","0","0","-","0","0","0","0","0","0","0","0","0","0","0","0","0","6","0","0","0","0","11","1","0","0","0","5","0","0","0","0","0","0","0","1","0","0","0","0","0","0","0","0","0","1"
"0x7d97cf7aedd0","      IMAD R7, R15, UR5, RZ","7","1","7","32768","1048576","1048576","32","32","0","0","0","-","-","-","0","0","0","0","0","0","0","0","-","0","0","0","0","0","0","0","0","1","0","0","0","0","0","0","0","0","0","0","2","0","0","0","4","0","0","0","0","0","0","0","0","0","0","0","0","0","0","0","0","0","1"
"0x7d97cf7aede0","      SHF.R.U32.HI R2, RZ, 0x2, R15","10","0","10","32768","1048576","1048576","32","32","0","0","0","-","-","-","0","0","0","0","0","0","0","0","-","0","0","0","0","0","0","0","0","5","0","0","0","0","0","0","0","0","0","0","5","0","0","0","0","0","0","0","0","0","0","0","0","0","0","0","0","0","0","0","0","0","0"
"0x7d97cf7aedf0","      IMAD.HI R5, R5, 0x2, RZ","5","0","5","32768","1048576","1048576","32","32","0","0","0","-","-","-","0","0","0","0","0","0","0","0","-","0","0","0","0","0","0","0","0","0","0","0","0","0","0","0","0","0","0","0","5","0","0","0","0","0","0","0","0","0","0","0","0","0","0","0","0","0","0","0","0","0","0"
"0x7d97cf7aee00","      IMAD.SHL.U32 R9, R7, 0x2, RZ","8","3","8","32768","1048576","1048576","32","32","0","0","0","-","-","-","0","0","0","0","0","0","0","0","-","0","0","0","0","0","0","0","0","0","0","0","0","0","3","0","0","0","0","2","1","0","0","0","2","0","0","0","0","0","0","0","1","0","0","0","0","0","0","0","0","0","2"
"0x7d97cf7aee10","      IMAD R4, R2, UR4, RZ","5","1","5","32768","1048576","1048576","32","32","0","0","0","-","-","-","0","0","0","0","0","0","0","0","-","0","0","0","0","0","0","0","0","0","0","0","0","0","0","0","0","0","0","0","2","0","0","0","3","0","0","0","0","0","0","0","0","0","0","0","0","0","0","0","0","0","1"
"0x7d97cf7aee20","      ULDC.64 UR4, c[0x0][0x218]","1","0","1","32768","1048576","1048576","32","32","0","0","0","-","-","-","0","0","0","0","0","0","0","0","-","0","0","0","0","0","0","0","0","0","0","0","0","0","0","0","0","0","0","0","1","0","0","0","0","0","0","0","0","0","0","0","0","0","0","0","0","0","0","0","0","0","0"
"0x7d97cf7aee30","      IMAD R3, R14, UR9, RZ","3","0","3","32768","1048576","1048576","32","32","0","0","0","-","-","-","0","0","0","0","0","0","0","0","-","0","0","0","0","0","0","0","0","0","0","0","0","0","0","0","0","0","0","0","3","0","0","0","0","0","0","0","0","0","0","0","0","0","0","0","0","0","0","0","0","0","0"
"0x7d97cf7aee40","      IADD3 R42, P1, P2, R9, UR6, R6","4","0","4","32768","1048576","1048576","32","32","0","0","0","-","-","-","0","0","0","0","0","0","0","0","-","0","0","0","0","0","0","0","0","0","0","0","0","0","0","0","0","0","0","0","4","0","0","0","0","0","0","0","0","0","0","0","0","0","0","0","0","0","0","0","0","0","0"
"0x7d97cf7aee50","      IMAD.HI R6, R7, 0x2, RZ","0","0","0","32768","1048576","1048576","32","32","0","0","0","-","-","-","0","0","0","0","0","0","0","0","-","0","0","0","0","0","0","0","0","0","0","0","0","0","0","0","0","0","0","0","0","0","0","0","0","0","0","0","0","0","0","0","0","0","0","0","0","0","0","0","0","0","0"
"0x7d97cf7aee60","      IMAD R7, R18, UR8, RZ","6","1","6","32768","1048576","1048576","32","32","0","0","0","-","-","-","0","0","0","0","0","0","0","0","-","0","0","0","0","0","0","0","0","0","0","0","0","0","1","0","0","0","0","0","1","0","0","0","4","0","0","0","0","0","0","0","0","0","0","0","0","0","0","0","0","0","1"
"0x7d97cf7aee70","      IADD3.X R30, R6, UR7, R5, P1, P2","8","0","8","32768","1048576","1048576","32","32","0","0","0","-","-","-","0","0","0","0","0","0","0","0","-","0","0","0","0","0","0","0","0","5","0","0","0","0","0","0","0","0","0","0","3","0","0","0","0","0","0","0","0","0","0","0","0","0","0","0","0","0","0","0","0","0","0"
"0x7d97cf7aee80","      IMAD R5, R17, UR8, RZ","2","0","2","32768","1048576","1048576","32","32","0","0","0","-","-","-","0","0","0","0","0","0","0","0","-","0","0","0","0","0","0","0","0","0","0","0","0","0","0","0","0","0","0","0","2","0","0","0","0","0","0","0","0","0","0","0","0","0","0","0","0","0","0","0","0","0","0"
"0x7d97cf7aee90","      ULDC.64 UR6, c[0x0][0x248]","2","0","2","32768","1048576","1048576","32","32","0","0","0","-","-","-","0","0","0","0","0","0","0","0","-","0","0","0","0","0","0","0","0","0","0","0","0","0","0","0","0","0","0","0","2","0","0","0","0","0","0","0","0","0","0","0","0","0","0","0","0","0","0","0","0","0","0"
"0x7d97cf7aeea0","      IMAD R9, R19, UR8, RZ","1","0","1","32768","1048576","1048576","32","32","0","0","0","-","-","-","0","0","0","0","0","0","0","0","-","0","0","0","0","0","0","0","0","0","0","0","0","0","0","0","0","0","0","0","1","0","0","0","0","0","0","0","0","0","0","0","0","0","0","0","0","0","0","0","0","0","0"
"0x7d97cf7aeeb0","      IMAD R33, R2, UR7, RZ","7","2","7","32768","1048576","1048576","32","32","0","0","0","-","-","-","0","0","0","0","0","0","0","0","-","0","0","0","0","0","0","0","0","0","0","0","0","0","2","0","0","0","0","1","2","0","0","0","2","0","0","0","0","0","0","0","0","0","0","0","0","0","0","0","0","0","2"
"0x7d97cf7aeec0","      LEA R2, P4, R5, R42, 0x1","3","0","3","32768","1048576","1048576","32","32","0","0","0","-","-","-","0","0","0","0","0","0","0","0","-","0","0","0","0","0","0","0","0","0","0","0","0","0","0","0","0","0","0","0","3","0","0","0","0","0","0","0","0","0","0","0","0","0","0","0","0","0","0","0","0","0","0"
"0x7d97cf7aeed0","      IMAD.SHL.U32 R45, R4, 0x2, RZ","1","0","1","32768","1048576","1048576","32","32","0","0","0","-","-","-","0","0","0","0","0","0","0","0","-","0","0","0","0","0","0","0","0","0","0","0","0","0","0","0","0","0","0","0","1","0","0","0","0","0","0","0","0","0","0","0","0","0","0","0","0","0","0","0","0","0","0"
"0x7d97cf7aeee0","      LEA R6, P2, R9, R42, 0x1","1","0","1","32768","1048576","1048576","32","32","0","0","0","-","-","-","0","0","0","0","0","0","0","0","-","0","0","0","0","0","0","0","0","0","0","0","0","0","0","0","0","0","0","0","1","0","0","0","0","0","0","0","0","0","0","0","0","0","0","0","0","0","0","0","0","0","0"
"0x7d97cf7aeef0","      IMAD.HI R24, R4, 0x2, RZ","2","0","2","32768","1048576","1048576","32","32","0","0","0","-","-","-","0","0","0","0","0","0","0","0","-","0","0","0","0","0","0","0","0","0","0","0","0","0","0","0","0","0","0","0","2","0","0","0","0","0","0","0","0","0","0","0","0","0","0","0","0","0","0","0","0","0","0"
"0x7d97cf7aef00","      LEA R4, P6, R7, R42, 0x1","1","0","1","32768","1048576","1048576","32","32","0","0","0","-","-","-","0","0","0","0","0","0","0","0","-","0","0","0","0","0","0","0","0","0","0","0","0","0","0","0","0","0","0","0","1","0","0","0","0","0","0","0","0","0","0","0","0","0","0","0","0","0","0","0","0","0","0"
"0x7d97cf7aef10","      IMAD.SHL.U32 R44, R3, 0x2, RZ","6","0","6","32768","1048576","1048576","32","32","0","0","0","-","-","-","0","0","0","0","0","0","0","0","-","0","0","0","0","0","0","0","0","0","0","0","0","0","1","0","0","0","0","2","3","0","0","0","0","0","0","0","0","0","0","0","0","0","0","0","0","0","0","0","0","0","0"
"0x7d97cf7aef20","      IMAD.HI R11, R3, 0x2, RZ","7","0","7","32768","1048576","1048576","32","32","0","0","0","-","-","-","0","0","0","0","0","0","0","0","-","0","0","0","0","0","0","0","0","0","0","0","0","0","0","0","0","0","0","0","2","0","0","0","5","0","0","0","0","0","0","0","0","0","0","0","0","0","0","0","0","0","0"
"0x7d97cf7aef30","      LEA.HI.X.SX32 R3, R5, R30, 0x1, P4","2","0","2","32768","1048576","1048576","32","32","0","0","0","-","-","-","0","0","0","0","0","0","0","0","-","0","0","0","0","0","0","0","0","1","0","0","0","0","0","0","0","0","0","0","1","0","0","0","0","0","0","0","0","0","0","0","0","0","0","0","0","0","0","0","0","0","0"
"0x7d97cf7aef40","      LEA R8, P4, R13, R42, 0x1","5","3","5","32768","1048576","1048576","32","32","0","0","0","-","-","-","0","0","0","0","0","0","0","0","-","0","0","0","0","0","0","0","0","0","0","0","0","0","0","0","0","0","0","0","0","0","0","0","5","0","0","0","0","0","0","0","0","0","0","0","0","0","0","0","0","0","3"
"0x7d97cf7aef50","      IMAD R32, R14, UR6, RZ","2","0","2","32768","1048576","1048576","32","32","0","0","0","-","-","-","0","0","0","0","0","0","0","0","-","0","0","0","0","0","0","0","0","0","0","0","0","0","0","0","0","0","0","0","2","0","0","0","0","0","0","0","0","0","0","0","0","0","0","0","0","0","0","0","0","0","0"
"0x7d97cf7aef60","      LEA.HI.X.SX32 R5, R7, R30, 0x1, P6","9","0","9","32768","1048576","1048576","32","32","0","0","0","-","-","-","0","0","0","0","0","0","0","0","-","0","0","0","0","0","0","0","0","5","0","0","0","0","0","0","0","0","0","0","4","0","0","0","0","0","0","0","0","0","0","0","0","0","0","0","0","0","0","0","0","0","0"
"0x7d97cf7aef70","      IMAD.SHL.U32 R25, R33, 0x2, RZ","1","0","1","32768","1048576","1048576","32","32","0","0","0","-","-","-","0","0","0","0","0","0","0","0","-","0","0","0","0","0","0","0","0","0","0","0","0","0","0","0","0","0","0","0","1","0","0","0","0","0","0","0","0","0","0","0","0","0","0","0","0","0","0","0","0","0","0"
"0x7d97cf7aef80","      LEA R12, P6, R26, R42, 0x1","2","0","2","32768","1048576","1048576","32","32","0","0","0","-","-","-","0","0","0","0","0","0","0","0","-","0","0","0","0","0","0","0","0","0","0","0","0","0","0","0","0","0","0","0","2","0","0","0","0","0","0","0","0","0","0","0","0","0","0","0","0","0","0","0","0","0","0"
"0x7d97cf7aef90","      IMAD.SHL.U32 R10, R32, 0x2, RZ","1","0","1","32768","1048576","1048576","32","32","0","0","0","-","-","-","0","0","0","0","0","0","0","0","-","0","0","0","0","0","0","0","0","0","0","0","0","0","0","0","0","0","0","0","1","0","0","0","0","0","0","0","0","0","0","0","0","0","0","0","0","0","0","0","0","0","0"
"0x7d97cf7aefa0","      LEA.HI.X.SX32 R7, R9, R30, 0x1, P2","1","0","1","32768","1048576","1048576","32","32","0","0","0","-","-","-","0","0","0","0","0","0","0","0","-","0","0","0","0","0","0","0","0","0","0","0","0","0","0","0","0","0","0","0","1","0","0","0","0","0","0","0","0","0","0","0","0","0","0","0","0","0","0","0","0","0","0"
"0x7d97cf7aefb0","      ULDC.64 UR6, c[0x0][0x220]","0","0","0","32768","1048576","1048576","32","32","0","0","0","-","-","-","0","0","0","0","0","0","0","0","-","0","0","0","0","0","0","0","0","0","0","0","0","0","0","0","0","0","0","0","0","0","0","0","0","0","0","0","0","0","0","0","0","0","0","0","0","0","0","0","0","0","0"
"0x7d97cf7aefc0","      IADD3 R44, P5, P1, R45, UR4, R44","0","0","0","32768","1048576","1048576","32","32","0","0","0","-","-","-","0","0","0","0","0","0","0","0","-","0","0","0","0","0","0","0","0","0","0","0","0","0","0","0","0","0","0","0","0","0","0","0","0","0","0","0","0","0","0","0","0","0","0","0","0","0","0","0","0","0","0"
"0x7d97cf7aefd0","      ULDC UR4, c[0x0][0x264]","1","0","1","32768","1048576","1048576","32","32","0","0","0","-","-","-","0","0","0","0","0","0","0","0","-","0","0","0","0","0","0","0","0","0","0","0","0","0","0","0","0","0","0","0","1","0","0","0","0","0","0","0","0","0","0","0","0","0","0","0","0","0","0","0","0","0","0"
"0x7d97cf7aefe0","      LEA.HI.X.SX32 R9, R13, R30, 0x1, P4","1","0","1","32768","1048576","1048576","32","32","0","0","0","-","-","-","0","0","0","0","0","0","0","0","-","0","0","0","0","0","0","0","0","0","0","0","0","0","0","0","0","0","0","0","1","0","0","0","0","0","0","0","0","0","0","0","0","0","0","0","0","0","0","0","0","0","0"
"0x7d97cf7aeff0","      IMAD.HI R32, R32, 0x2, RZ","2","0","2","32768","1048576","1048576","32","32","0","0","0","-","-","-","0","0","0","0","0","0","0","0","-","0","0","0","0","0","0","0","0","0","0","0","0","0","0","0","0","0","0","0","2","0","0","0","0","0","0","0","0","0","0","0","0","0","0","0","0","0","0","0","0","0","0"
"0x7d97cf7af000","      LEA R34, P2, R27, R42, 0x1","2","0","2","32768","1048576","1048576","32","32","0","0","0","-","-","-","0","0","0","0","0","0","0","0","-","0","0","0","0","0","0","0","0","0","0","0","0","0","0","0","0","0","0","0","2","0","0","0","0","0","0","0","0","0","0","0","0","0","0","0","0","0","0","0","0","0","0"
"0x7d97cf7af010","      LEA R40, P4, R28, R42, 0x1","23","9","23","32768","1048576","1048576","32","32","0","0","0","-","-","-","0","0","0","0","0","0","0","0","-","0","0","0","0","0","0","0","0","5","0","0","0","0","7","0","0","0","0","7","1","0","0","0","3","0","0","2","0","0","0","0","5","0","0","0","0","0","0","0","0","0","2"
"0x7d97cf7af020","      IMAD.HI R33, R33, 0x2, RZ","5","0","5","32768","1048576","1048576","32","32","0","0","0","-","-","-","0","0","0","0","0","0","0","0","-","0","0","0","0","0","0","0","0","0","0","0","0","0","0","0","0","0","0","0","5","0","0","0","0","0","0","0","0","0","0","0","0","0","0","0","0","0","0","0","0","0","0"
"0x7d97cf7af030","      LEA.HI.X.SX32 R13, R26, R30, 0x1, P6","2","0","2","32768","1048576","1048576","32","32","0","0","0","-","-","-","0","0","0","0","0","0","0","0","-","0","0","0","0","0","0","0","0","0","0","0","0","0","0","0","0","0","0","0","2","0","0","0","0","0","0","0","0","0","0","0","0","0","0","0","0","0","0","0","0","0","0"
"0x7d97cf7af040","      LEA R42, P6, R29, R42, 0x1","5","0","5","32768","1048576","1048576","32","32","0","0","0","-","-","-","0","0","0","0","0","0","0","0","-","0","0","0","0","0","0","0","0","0","0","0","0","0","0","0","0","0","0","1","0","0","0","0","4","0","0","0","0","0","0","0","0","0","0","0","0","0","0","0","0","0","0"
"0x7d97cf7af050","      IADD3.X R45, R24, UR5, R11, P5, P1","13","3","13","32768","1048576","1048576","32","32","0","0","0","-","-","-","0","0","0","0","0","0","0","0","-","0","0","0","0","0","0","0","0","3","0","0","0","0","1","0","0","0","0","2","3","0","0","0","4","0","0","0","0","0","0","0","0","0","0","0","0","0","0","0","0","0","3"
"0x7d97cf7af060","      IMAD.SHL.U32 R11, R0, 0x8, RZ","2","0","2","32768","1048576","1048576","32","32","0","0","0","-","-","-","0","0","0","0","0","0","0","0","-","0","0","0","0","0","0","0","0","0","0","0","0","0","0","0","0","0","0","0","2","0","0","0","0","0","0","0","0","0","0","0","0","0","0","0","0","0","0","0","0","0","0"
"0x7d97cf7af070","      LEA.HI.X.SX32 R43, R29, R30, 0x1, P6","10","0","10","32768","1048576","1048576","32","32","0","0","0","-","-","-","0","0","0","0","0","0","0","0","-","0","0","0","0","0","0","0","0","7","0","0","0","0","0","0","0","0","0","0","3","0","0","0","0","0","0","0","0","0","0","0","0","0","0","0","0","0","0","0","0","0","0"
"0x7d97cf7af080","      ISETP.GE.AND P5, PT, R17, UR4, PT","5","1","5","32768","1048576","1048576","32","32","0","0","0","-","-","-","0","0","0","0","0","0","0","0","-","0","0","0","0","0","0","0","0","1","0","0","0","0","1","0","0","0","0","2","0","0","0","0","1","0","0","0","0","0","0","0","1","0","0","0","0","0","0","0","0","0","0"
"0x7d97cf7af090","      ISETP.GE.AND P6, PT, R18, UR4, PT","9","2","9","32768","1048576","1048576","32","32","0","0","0","-","-","-","0","0","0","0","0","0","0","0","-","0","0","0","0","0","0","0","0","0","0","0","0","0","1","0","0","0","0","4","2","0","0","0","2","0","0","0","0","0","0","0","1","0","0","0","0","0","0","0","0","0","1"
"0x7d97cf7af0a0","      LOP3.LUT R139, R11, 0x78, RZ, 0xc0, !PT","4","1","4","32768","1048576","1048576","32","32","0","0","0","-","-","-","0","0","0","0","0","0","0","0","-","0","0","0","0","0","0","0","0","1","0","0","0","0","0","0","0","0","0","0","2","0","0","0","1","0","0","0","0","0","0","0","0","0","0","0","0","0","0","0","0","0","1"
"0x7d97cf7af0b0","      LEA.HI.X.SX32 R35, R27, R30, 0x1, P2","5","0","5","32768","1048576","1048576","32","32","0","0","0","-","-","-","0","0","0","0","0","0","0","0","-","0","0","0","0","0","0","0","0","2","0","0","0","0","0","0","0","0","0","2","1","0","0","0","0","0","0","0","0","0","0","0","0","0","0","0","0","0","0","0","0","0","0"
"0x7d97cf7af0c0","      CS2R R26, SRZ","12","1","12","32768","1048576","1048576","32","32","0","0","0","-","-","-","0","0","0","0","0","0","0","0","-","0","0","0","0","0","0","0","0","2","0","0","0","0","5","0","0","0","0","0","2","0","0","0","3","0","0","0","0","0","0","0","1","0","0","0","0","0","0","0","0","0","0"
"0x7d97cf7af0d0","      LEA.HI.X.SX32 R41, R28, R30, 0x1, P4","2","0","2","32768","1048576","1048576","32","32","0","0","0","-","-","-","0","0","0","0","0","0","0","0","-","0","0","0","0","0","0","0","0","0","0","0","0","0","0","0","0","0","0","0","2","0","0","0","0","0","0","0","0","0","0","0","0","0","0","0","0","0","0","0","0","0","0"
"0x7d97cf7af0e0","      CS2R R28, SRZ","21","4","21","32768","1048576","1048576","32","32","0","0","0","-","-","-","0","0","0","0","0","0","0","0","-","0","0","0","0","0","0","0","0","4","0","0","0","0","9","0","0","0","0","4","4","0","0","0","0","0","0","0","0","0","0","0","4","0","0","0","0","0","0","0","0","0","0"
"0x7d97cf7af0f0","      LOP3.LUT R11, R149, 0x30, RZ, 0xfc, !PT","11","7","11","32768","1048576","1048576","32","32","0","0","0","-","-","-","0","0","0","0","0","0","0","0","-","0","0","0","0","0","0","0","0","3","0","0","0","0","3","0","0","0","0","0","2","0","0","0","3","0","0","2","0","0","0","0","2","0","0","0","0","0","0","0","0","0","3"
"0x7d97cf7af100","      CS2R R30, SRZ","6","2","6","32768","1048576","1048576","32","32","0","0","0","-","-","-","0","0","0","0","0","0","0","0","-","0","0","0","0","0","0","0","0","1","0","0","0","0","0","0","0","0","0","0","3","0","0","0","2","0","0","0","0","0","0","0","0","0","0","0","0","0","0","0","0","0","2"
"0x7d97cf7af110","      IADD3 R10, P2, P4, R25, UR6, R10","6","1","6","32768","1048576","1048576","32","32","0","0","0","-","-","-","0","0","0","0","0","0","0","0","-","0","0","0","0","0","0","0","0","0","0","0","0","0","0","0","0","0","0","1","3","0","0","0","2","0","0","0","0","0","0","0","0","0","0","0","0","0","0","0","0","0","1"
"0x7d97cf7af120","      CS2R R24, SRZ","5","0","5","32768","1048576","1048576","32","32","0","0","0","-","-","-","0","0","0","0","0","0","0","0","-","0","0","0","0","0","0","0","0","2","0","0","0","0","0","0","0","0","0","0","1","0","0","0","2","0","0","0","0","0","0","0","0","0","0","0","0","0","0","0","0","0","0"
"0x7d97cf7af130","      IMAD.WIDE.U32 R2, R139, 0x2, R2","2","0","2","32768","1048576","1048576","32","32","0","0","0","-","-","-","0","0","0","0","0","0","0","0","-","0","0","0","0","0","0","0","0","0","0","0","0","0","0","0","0","0","0","0","2","0","0","0","0","0","0","0","0","0","0","0","0","0","0","0","0","0","0","0","0","0","0"
"0x7d97cf7af140","      ISETP.GE.AND P1, PT, R11, UR22, PT","1","0","1","32768","1048576","1048576","32","32","0","0","0","-","-","-","0","0","0","0","0","0","0","0","-","0","0","0","0","0","0","0","0","1","0","0","0","0","0","0","0","0","0","0","0","0","0","0","0","0","0","0","0","0","0","0","0","0","0","0","0","0","0","0","0","0","0"
"0x7d97cf7af150","      IADD3.X R11, R33, UR7, R32, P2, P4","6","1","6","32768","1048576","1048576","32","32","0","0","0","-","-","-","0","0","0","0","0","0","0","0","-","0","0","0","0","0","0","0","0","2","0","0","0","0","0","0","0","0","0","0","2","0","0","0","2","0","0","0","0","0","0","0","0","0","0","0","0","0","0","0","0","0","1"
"0x7d97cf7af160","      IMAD.WIDE.U32 R4, R139, 0x2, R4","4","0","4","32768","1048576","1048576","32","32","0","0","0","-","-","-","0","0","0","0","0","0","0","0","-","0","0","0","0","0","0","0","0","0","0","0","0","0","0","0","0","0","0","0","4","0","0","0","0","0","0","0","0","0","0","0","0","0","0","0","0","0","0","0","0","0","0"
"0x7d97cf7af170","@!P5  LDG.E.128 R24, desc[UR20][R2.64]","4","0","4","32768","1048576","1048576","32","32","0","0","0","Global","Load","128","131072","0","0","0","0","0","524288","524288","","0","0","0","0","0","0","0","0","3","0","0","0","0","0","0","0","0","0","0","1","0","0","0","0","0","0","0","0","0","0","0","0","0","0","0","0","0","0","0","0","0","0"
"0x7d97cf7af180","      IMAD R46, R17, R137, RZ","20","1","20","32768","1048576","1048576","32","32","0","0","0","-","-","-","0","0","0","0","0","0","0","0","-","0","0","0","0","0","0","0","0","5","0","0","0","0","3","0","0","0","0","2","6","0","0","0","4","0","0","0","0","0","0","0","0","0","0","0","0","0","0","0","0","0","1"
"0x7d97cf7af190","@!P6  LDG.E.128 R28, desc[UR20][R4.64]","3","0","3","32768","1048576","1048576","32","32","0","0","0","Global","Load","128","131072","0","0","0","0","0","524288","524288","","0","0","0","0","0","0","0","0","0","0","0","0","0","0","0","0","0","0","0","3","0","0","0","0","0","0","0","0","0","0","0","0","0","0","0","0","0","0","0","0","0","0"
"0x7d97cf7af1a0","      IMAD.WIDE.U32 R52, R139, 0x2, R6","0","0","0","32768","1048576","1048576","32","32","0","0","0","-","-","-","0","0","0","0","0","0","0","0","-","0","0","0","0","0","0","0","0","0","0","0","0","0","0","0","0","0","0","0","0","0","0","0","0","0","0","0","0","0","0","0","0","0","0","0","0","0","0","0","0","0","0"
"0x7d97cf7af1b0","      IMAD R77, R149, R138, RZ","23","0","23","32768","1048576","1048576","32","32","0","0","0","-","-","-","0","0","0","0","0","0","0","0","-","0","0","0","0","0","0","0","0","0","0","0","0","0","12","0","0","0","0","0","5","0","0","0","6","0","0","0","0","0","0","0","0","0","0","0","0","0","0","0","0","0","0"
"0x7d97cf7af1c0","      SEL R48, RZ, 0x10, P0","1","0","1","32768","1048576","1048576","32","32","0","0","0","-","-","-","0","0","0","0","0","0","0","0","-","0","0","0","0","0","0","0","0","0","0","0","0","0","0","0","0","0","0","0","1","0","0","0","0","0","0","0","0","0","0","0","0","0","0","0","0","0","0","0","0","0","0"
"0x7d97cf7af1d0","      IMAD.WIDE.U32 R54, R139, 0x2, R8","2","0","2","32768","1048576","1048576","32","32","0","0","0","-","-","-","0","0","0","0","0","0","0","0","-","0","0","0","0","0","0","0","0","0","0","0","0","0","0","0","0","0","0","0","2","0","0","0","0","0","0","0","0","0","0","0","0","0","0","0","0","0","0","0","0","0","0"
"0x7d97cf7af1e0","      P2R R170, PR, RZ, 0x20","7","0","7","32768","1048576","1048576","32","32","0","0","0","-","-","-","0","0","0","0","0","0","0","0","-","0","0","0","0","0","0","0","0","2","0","0","0","0","0","0","0","0","0","0","5","0","0","0","0","0","0","0","0","0","0","0","0","0","0","0","0","0","0","0","0","0","0"
"0x7d97cf7af1f0","      P2R R165, PR, RZ, 0x40","8","2","8","32768","1048576","1048576","32","32","0","0","0","-","-","-","0","0","0","0","0","0","0","0","-","0","0","0","0","0","0","0","0","0","0","0","0","0","0","0","0","0","0","0","6","0","0","0","2","0","0","0","0","0","0","0","0","0","0","0","0","0","0","0","0","0","2"
"0x7d97cf7af200","      IMAD.WIDE.U32 R56, R139, 0x2, R12","1","0","1","32768","1048576","1048576","32","32","0","0","0","-","-","-","0","0","0","0","0","0","0","0","-","0","0","0","0","0","0","0","0","0","0","0","0","0","0","0","0","0","0","0","1","0","0","0","0","0","0","0","0","0","0","0","0","0","0","0","0","0","0","0","0","0","0"
"0x7d97cf7af210","      IMAD.WIDE.U32 R58, R139, 0x2, R34","9","3","9","32768","1048576","1048576","32","32","0","0","0","-","-","-","0","0","0","0","0","0","0","0","-","0","0","0","0","0","0","0","0","0","0","0","0","0","0","0","0","0","0","1","2","0","0","0","6","0","0","0","0","0","0","0","0","0","0","0","0","0","0","0","0","0","3"
"0x7d97cf7af220","      IMAD.WIDE.U32 R60, R139, 0x2, R40","16","2","16","32768","1048576","1048576","32","32","0","0","0","-","-","-","0","0","0","0","0","0","0","0","-","0","0","0","0","0","0","0","0","0","0","0","0","0","2","0","0","0","0","3","3","0","0","0","8","0","0","0","0","0","0","0","0","0","0","0","0","0","0","0","0","0","2"
"0x7d97cf7af230","      IMAD.WIDE.U32 R62, R139, 0x2, R42","8","0","8","32768","1048576","1048576","32","32","0","0","0","-","-","-","0","0","0","0","0","0","0","0","-","0","0","0","0","0","0","0","0","0","0","0","0","0","1","0","0","0","0","0","0","0","0","0","7","0","0","0","0","0","0","0","0","0","0","0","0","0","0","0","0","0","0"
"0x7d97cf7af240","      IMAD.WIDE.U32 R4, R139, 0x2, R44","25","1","25","32768","1048576","1048576","32","32","0","0","0","-","-","-","0","0","0","0","0","0","0","0","-","0","0","0","0","0","0","0","0","0","0","0","0","0","10","0","0","0","0","2","2","0","0","0","11","0","0","0","0","0","0","0","0","0","0","0","0","0","0","0","0","0","1"
"0x7d97cf7af250","      IMAD.WIDE.U32 R2, R139, 0x2, R10","9","3","9","32768","1048576","1048576","32","32","0","0","0","-","-","-","0","0","0","0","0","0","0","0","-","0","0","0","0","0","0","0","0","0","0","0","0","0","0","0","0","0","0","0","0","0","0","0","9","0","0","0","0","0","0","0","0","0","0","0","0","0","0","0","0","0","3"
"0x7d97cf7af260","      IMAD.SHL.U32 R139, R139, 0x2, RZ","14","0","14","32768","1048576","1048576","32","32","0","0","0","-","-","-","0","0","0","0","0","0","0","0","-","0","0","0","0","0","0","0","0","0","0","0","0","0","0","0","0","0","0","1","3","0","0","0","10","0","0","0","0","0","0","0","0","0","0","0","0","0","0","0","0","0","0"
"0x7d97cf7af270","      IMAD.SHL.U32 R6, R46, 0x2, RZ","12","1","12","32768","1048576","1048576","32","32","0","0","0","-","-","-","0","0","0","0","0","0","0","0","-","0","0","0","0","0","0","0","0","0","0","0","0","0","2","0","0","0","0","0","5","0","0","0","5","0","0","0","0","0","0","0","1","0","0","0","0","0","0","0","0","0","0"
"0x7d97cf7af280","      IMAD R7, R18, R137, RZ","6","2","6","32768","1048576","1048576","32","32","0","0","0","-","-","-","0","0","0","0","0","0","0","0","-","0","0","0","0","0","0","0","0","0","0","0","0","0","0","0","0","0","0","0","2","0","0","0","4","0","0","0","0","0","0","0","0","0","0","0","0","0","0","0","0","0","2"
"0x7d97cf7af290","      IMAD.HI R9, R46, 0x2, RZ","3","0","3","32768","1048576","1048576","32","32","0","0","0","-","-","-","0","0","0","0","0","0","0","0","-","0","0","0","0","0","0","0","0","0","0","0","0","0","0","0","0","0","0","0","0","0","0","0","3","0","0","0","0","0","0","0","0","0","0","0","0","0","0","0","0","0","0"
"0x7d97cf7af2a0","      IADD3 R6, P2, P4, R139, R6, R10","4","0","4","32768","1048576","1048576","32","32","0","0","0","-","-","-","0","0","0","0","0","0","0","0","-","0","0","0","0","0","0","0","0","0","0","0","0","0","0","0","0","0","0","0","4","0","0","0","0","0","0","0","0","0","0","0","0","0","0","0","0","0","0","0","0","0","0"
"0x7d97cf7af2b0","      IMAD.SHL.U32 R8, R7, 0x2, RZ","9","1","9","32768","1048576","1048576","32","32","0","0","0","-","-","-","0","0","0","0","0","0","0","0","-","0","0","0","0","0","0","0","0","1","0","0","0","0","2","0","0","0","0","2","1","0","0","0","3","0","0","0","0","0","0","0","1","0","0","0","0","0","0","0","0","0","0"
"0x7d97cf7af2c0","      IMAD.HI R13, R7, 0x2, RZ","7","0","7","32768","1048576","1048576","32","32","0","0","0","-","-","-","0","0","0","0","0","0","0","0","-","0","0","0","0","0","0","0","0","0","0","0","0","0","0","0","0","0","0","0","2","0","0","0","5","0","0","0","0","0","0","0","0","0","0","0","0","0","0","0","0","0","0"
"0x7d97cf7af2d0","      IADD3.X R7, RZ, R9, R11, P2, P4","10","0","10","32768","1048576","1048576","32","32","0","0","0","-","-","-","0","0","0","0","0","0","0","0","-","0","0","0","0","0","0","0","0","5","0","0","0","0","0","0","0","0","0","0","5","0","0","0","0","0","0","0","0","0","0","0","0","0","0","0","0","0","0","0","0","0","0"
"0x7d97cf7af2e0","      IADD3 R8, P2, P4, R139, R8, R10","19","2","19","32768","1048576","1048576","32","32","0","0","0","-","-","-","0","0","0","0","0","0","0","0","-","0","0","0","0","0","0","0","0","6","0","0","0","0","5","0","0","0","0","3","4","0","0","0","1","0","0","0","0","0","0","0","2","0","0","0","0","0","0","0","0","0","0"
"0x7d97cf7af2f0","      IADD3.X R9, RZ, R13, R11, P2, P4","28","13","28","32768","1048576","1048576","32","32","0","0","0","-","-","-","0","0","0","0","0","0","0","0","-","0","0","0","0","0","0","0","0","3","0","0","0","0","4","0","0","0","0","6","3","0","0","0","12","0","0","0","0","0","0","0","4","0","0","0","0","0","0","0","0","0","9"
"0x7d97cf7af300","      IMAD R13, R138, 0x10, R77","0","0","0","32768","1048576","1048576","32","32","0","0","0","-","-","-","0","0","0","0","0","0","0","0","-","0","0","0","0","0","0","0","0","0","0","0","0","0","0","0","0","0","0","0","0","0","0","0","0","0","0","0","0","0","0","0","0","0","0","0","0","0","0","0","0","0","0"
"0x7d97cf7af310","      ISETP.GE.AND P4, PT, R149, UR22, PT","1","0","1","32768","1048576","1048576","32","32","0","0","0","-","-","-","0","0","0","0","0","0","0","0","-","0","0","0","0","0","0","0","0","0","0","0","0","0","0","0","0","0","0","0","1","0","0","0","0","0","0","0","0","0","0","0","0","0","0","0","0","0","0","0","0","0","0"
"0x7d97cf7af320","      IMAD R47, R138, 0x20, R77","2","0","2","32768","1048576","1048576","32","32","0","0","0","-","-","-","0","0","0","0","0","0","0","0","-","0","0","0","0","0","0","0","0","0","0","0","0","0","0","0","0","0","0","0","2","0","0","0","0","0","0","0","0","0","0","0","0","0","0","0","0","0","0","0","0","0","0"
"0x7d97cf7af330","      ISETP.GT.AND P2, PT, R16, RZ, PT","4","0","4","32768","1048576","1048576","32","32","0","0","0","-","-","-","0","0","0","0","0","0","0","0","-","0","0","0","0","0","0","0","0","2","0","0","0","0","0","0","0","0","0","0","2","0","0","0","0","0","0","0","0","0","0","0","0","0","0","0","0","0","0","0","0","0","0"
"0x7d97cf7af340","      SEL R45, RZ, 0x10, P3","2","0","2","32768","1048576","1048576","32","32","0","0","0","-","-","-","0","0","0","0","0","0","0","0","-","0","0","0","0","0","0","0","0","0","0","0","0","0","0","0","0","0","0","0","2","0","0","0","0","0","0","0","0","0","0","0","0","0","0","0","0","0","0","0","0","0","0"
"0x7d97cf7af350","      SEL R12, RZ, 0x10, P4","2","1","2","32768","1048576","1048576","32","32","0","0","0","-","-","-","0","0","0","0","0","0","0","0","-","0","0","0","0","0","0","0","0","0","0","0","0","0","0","0","0","0","0","0","1","0","0","0","1","0","0","0","0","0","0","0","0","0","0","0","0","0","0","0","0","0","1"
"0x7d97cf7af360","      LEA R44, P0, R13, R4, 0x1","2","0","2","32768","1048576","1048576","32","32","0","0","0","-","-","-","0","0","0","0","0","0","0","0","-","0","0","0","0","0","0","0","0","1","0","0","0","0","0","0","0","0","0","0","1","0","0","0","0","0","0","0","0","0","0","0","0","0","0","0","0","0","0","0","0","0","0"
"0x7d97cf7af370","      SEL R78, R45, RZ, P2","27","12","27","32768","1048576","1048576","32","32","0","0","0","-","-","-","0","0","0","0","0","0","0","0","-","0","0","0","0","0","0","0","0","0","0","0","0","0","9","0","0","0","0","11","4","0","0","0","3","0","0","0","0","0","0","0","9","0","0","0","0","0","0","0","0","0","3"
"0x7d97cf7af380","      IMAD R82, R149, R137, RZ","3","0","3","32768","1048576","1048576","32","32","0","0","0","-","-","-","0","0","0","0","0","0","0","0","-","0","0","0","0","0","0","0","0","0","0","0","0","0","0","0","0","0","0","0","3","0","0","0","0","0","0","0","0","0","0","0","0","0","0","0","0","0","0","0","0","0","0"
"0x7d97cf7af390","      SEL R76, R12, RZ, P2","6","0","6","32768","1048576","1048576","32","32","0","0","0","-","-","-","0","0","0","0","0","0","0","0","-","0","0","0","0","0","0","0","0","3","0","0","0","0","0","0","0","0","0","0","3","0","0","0","0","0","0","0","0","0","0","0","0","0","0","0","0","0","0","0","0","0","0"
"0x7d97cf7af3a0","      IMAD R49, R138, 0x30, R77","1","0","1","32768","1048576","1048576","32","32","0","0","0","-","-","-","0","0","0","0","0","0","0","0","-","0","0","0","0","0","0","0","0","0","0","0","0","0","0","0","0","0","0","0","1","0","0","0","0","0","0","0","0","0","0","0","0","0","0","0","0","0","0","0","0","0","0"
"0x7d97cf7af3b0","      SEL R50, RZ, 0x10, P1","1","0","1","32768","1048576","1048576","32","32","0","0","0","-","-","-","0","0","0","0","0","0","0","0","-","0","0","0","0","0","0","0","0","0","0","0","0","0","0","0","0","0","0","0","1","0","0","0","0","0","0","0","0","0","0","0","0","0","0","0","0","0","0","0","0","0","0"
"0x7d97cf7af3c0","      LEA.HI.X.SX32 R45, R13, R5, 0x1, P0","1","0","1","32768","1048576","1048576","32","32","0","0","0","-","-","-","0","0","0","0","0","0","0","0","-","0","0","0","0","0","0","0","0","0","0","0","0","0","0","0","0","0","0","0","0","0","0","0","1","0","0","0","0","0","0","0","0","0","0","0","0","0","0","0","0","0","0"
"0x7d97cf7af3d0","      LEA R46, P1, R47, R4, 0x1","0","0","0","32768","1048576","1048576","32","32","0","0","0","-","-","-","0","0","0","0","0","0","0","0","-","0","0","0","0","0","0","0","0","0","0","0","0","0","0","0","0","0","0","0","0","0","0","0","0","0","0","0","0","0","0","0","0","0","0","0","0","0","0","0","0","0","0"
"0x7d97cf7af3e0","      LEA R12, P0, R77, R4, 0x1","1","0","1","32768","1048576","1048576","32","32","0","0","0","-","-","-","0","0","0","0","0","0","0","0","-","0","0","0","0","0","0","0","0","1","0","0","0","0","0","0","0","0","0","0","0","0","0","0","0","0","0","0","0","0","0","0","0","0","0","0","0","0","0","0","0","0","0"
"0x7d97cf7af3f0","      SEL R79, R48, RZ, P2","15","6","15","32768","1048576","1048576","32","32","0","0","0","-","-","-","0","0","0","0","0","0","0","0","-","0","0","0","0","0","0","0","0","0","0","0","0","0","5","0","0","0","0","4","3","0","0","0","3","0","0","0","0","0","0","0","3","0","0","0","0","0","0","0","0","0","3"
"0x7d97cf7af400","      SEL R80, R50, RZ, P2","6","3","6","32768","1048576","1048576","32","32","0","0","0","-","-","-","0","0","0","0","0","0","0","0","-","0","0","0","0","0","0","0","0","1","0","0","0","0","0","0","0","0","0","0","2","0","0","0","3","0","0","0","0","0","0","0","0","0","0","0","0","0","0","0","0","0","3"
"0x7d97cf7af410","      LEA.HI.X.SX32 R47, R47, R5, 0x1, P1","3","0","3","32768","1048576","1048576","32","32","0","0","0","-","-","-","0","0","0","0","0","0","0","0","-","0","0","0","0","0","0","0","0","0","0","0","0","0","0","0","0","0","0","0","1","0","0","0","2","0","0","0","0","0","0","0","0","0","0","0","0","0","0","0","0","0","0"
"0x7d97cf7af420","      LEA.HI.X.SX32 R13, R77, R5, 0x1, P0","3","2","3","32768","1048576","1048576","32","32","0","0","0","-","-","-","0","0","0","0","0","0","0","0","-","0","0","0","0","0","0","0","0","0","0","0","0","0","0","0","0","0","0","0","1","0","0","0","2","0","0","0","0","0","0","0","0","0","0","0","0","0","0","0","0","0","2"
"0x7d97cf7af430","      ISETP.GE.AND P5, PT, R19, UR4, PT","3","1","3","32768","1048576","1048576","32","32","0","0","0","-","-","-","0","0","0","0","0","0","0","0","-","0","0","0","0","0","0","0","0","0","0","0","0","0","1","0","0","0","0","0","2","0","0","0","0","0","0","0","0","0","0","0","1","0","0","0","0","0","0","0","0","0","0"
"0x7d97cf7af440","      LEA R48, P1, R49, R4, 0x1","12","2","12","32768","1048576","1048576","32","32","0","0","0","-","-","-","0","0","0","0","0","0","0","0","-","0","0","0","0","0","0","0","0","2","0","0","0","0","1","0","0","0","0","1","1","0","0","0","7","0","0","0","0","0","0","0","1","0","0","0","0","0","0","0","0","0","1"
"0x7d97cf7af450","      LEA R50, P0, R82, R2, 0x1","10","7","10","32768","1048576","1048576","32","32","0","0","0","-","-","-","0","0","0","0","0","0","0","0","-","0","0","0","0","0","0","0","0","1","0","0","0","0","4","0","0","0","0","3","0","0","0","0","2","0","0","1","0","0","0","0","4","0","0","0","0","0","0","0","0","0","2"
"0x7d97cf7af460","      P2R R166, PR, RZ, 0x20","2","2","2","32768","1048576","1048576","32","32","0","0","0","-","-","-","0","0","0","0","0","0","0","0","-","0","0","0","0","0","0","0","0","0","0","0","0","0","0","0","0","0","0","0","0","0","0","0","2","0","0","0","0","0","0","0","0","0","0","0","0","0","0","0","0","0","2"
"0x7d97cf7af470","      LEA.HI.X.SX32 R49, R49, R5, 0x1, P1","4","3","4","32768","1048576","1048576","32","32","0","0","0","-","-","-","0","0","0","0","0","0","0","0","-","0","0","0","0","0","0","0","0","0","0","0","0","0","0","0","0","0","0","0","1","0","0","0","3","0","0","0","0","0","0","0","0","0","0","0","0","0","0","0","0","0","3"
"0x7d97cf7af480","      LEA.HI.X.SX32 R51, R82, R3, 0x1, P0","3","3","3","32768","1048576","1048576","32","32","0","0","0","-","-","-","0","0","0","0","0","0","0","0","-","0","0","0","0","0","0","0","0","0","0","0","0","0","0","0","0","0","0","0","0","0","0","0","3","0","0","0","0","0","0","0","0","0","0","0","0","0","0","0","0","0","3"
"0x7d97cf7af490","      ISETP.GE.AND P4, PT, R20, UR4, PT","5","2","5","32768","1048576","1048576","32","32","0","0","0","-","-","-","0","0","0","0","0","0","0","0","-","0","0","0","0","0","0","0","0","0","0","0","0","0","0","0","0","0","0","0","3","0","0","0","2","0","0","0","0","0","0","0","0","0","0","0","0","0","0","0","0","0","2"
"0x7d97cf7af4a0","      ISETP.GE.AND P6, PT, R21, UR4, PT","2","1","2","32768","1048576","1048576","32","32","0","0","0","-","-","-","0","0","0","0","0","0","0","0","-","0","0","0","0","0","0","0","0","0","0","0","0","0","0","0","0","0","0","0","1","0","0","0","1","0","0","0","0","0","0","0","0","0","0","0","0","0","0","0","0","0","1"
"0x7d97cf7af4b0","      ISETP.GE.AND P5, PT, R22, UR4, PT","21","6","21","32768","1048576","1048576","32","32","0","0","0","-","-","-","0","0","0","0","0","0","0","0","-","0","0","0","0","0","0","0","0","0","0","0","0","0","7","0","0","0","0","10","3","0","0","0","1","0","0","0","0","0","0","0","5","0","0","0","0","0","0","0","0","0","1"
"0x7d97cf7af4c0","      ISETP.GE.AND P0, PT, R23, UR4, PT","4","3","4","32768","1048576","1048576","32","32","0","0","0","-","-","-","0","0","0","0","0","0","0","0","-","0","0","0","0","0","0","0","0","0","0","0","0","0","0","0","0","0","0","0","1","0","0","0","3","0","0","0","0","0","0","0","0","0","0","0","0","0","0","0","0","0","3"
"0x7d97cf7af4d0","      ISETP.GE.AND P3, PT, R19, UR4, PT","13","1","13","32768","1048576","1048576","32","32","0","0","0","-","-","-","0","0","0","0","0","0","0","0","-","0","0","0","0","0","0","0","0","0","0","0","0","0","3","0","0","0","0","4","0","0","0","0","6","0","0","0","0","0","0","0","0","0","0","0","0","0","0","0","0","0","1"
"0x7d97cf7af4e0","      ISETP.GE.AND P1, PT, R136, UR4, PT","2","1","2","32768","1048576","1048576","32","32","0","0","0","-","-","-","0","0","0","0","0","0","0","0","-","0","0","0","0","0","0","0","0","0","0","0","0","0","0","0","0","0","0","0","1","0","0","0","1","0","0","0","0","0","0","0","0","0","0","0","0","0","0","0","0","0","1"
"0x7d97cf7af4f0","      CS2R R36, SRZ","1","0","1","32768","1048576","1048576","32","32","0","0","0","-","-","-","0","0","0","0","0","0","0","0","-","0","0","0","0","0","0","0","0","0","0","0","0","0","0","0","0","0","0","0","0","0","0","0","1","0","0","0","0","0","0","0","0","0","0","0","0","0","0","0","0","0","0"
"0x7d97cf7af500","      CS2R R38, SRZ","3","2","3","32768","1048576","1048576","32","32","0","0","0","-","-","-","0","0","0","0","0","0","0","0","-","0","0","0","0","0","0","0","0","0","0","0","0","0","0","0","0","0","0","0","1","0","0","0","2","0","0","0","0","0","0","0","0","0","0","0","0","0","0","0","0","0","2"
"0x7d97cf7af510","      CS2R R32, SRZ","15","6","15","32768","1048576","1048576","32","32","0","0","0","-","-","-","0","0","0","0","0","0","0","0","-","0","0","0","0","0","0","0","0","0","0","0","0","0","6","0","0","0","0","9","0","0","0","0","0","0","0","0","0","0","0","0","6","0","0","0","0","0","0","0","0","0","0"
"0x7d97cf7af520","      CS2R R34, SRZ","5","1","5","32768","1048576","1048576","32","32","0","0","0","-","-","-","0","0","0","0","0","0","0","0","-","0","0","0","0","0","0","0","0","0","0","0","0","0","0","0","0","0","0","0","4","0","0","0","1","0","0","0","0","0","0","0","0","0","0","0","0","0","0","0","0","0","1"
"0x7d97cf7af530","      CS2R R40, SRZ","2","1","2","32768","1048576","1048576","32","32","0","0","0","-","-","-","0","0","0","0","0","0","0","0","-","0","0","0","0","0","0","0","0","0","0","0","0","0","0","0","0","0","0","0","1","0","0","0","1","0","0","0","0","0","0","0","0","0","0","0","0","0","0","0","0","0","1"
"0x7d97cf7af540","      CS2R R42, SRZ","6","1","6","32768","1048576","1048576","32","32","0","0","0","-","-","-","0","0","0","0","0","0","0","0","-","0","0","0","0","0","0","0","0","0","0","0","0","0","0","0","0","0","0","0","5","0","0","0","1","0","0","0","0","0","0","0","0","0","0","0","0","0","0","0","0","0","1"
"0x7d97cf7af550","      CS2R R64, SRZ","3","1","3","32768","1048576","1048576","32","32","0","0","0","-","-","-","0","0","0","0","0","0","0","0","-","0","0","0","0","0","0","0","0","0","0","0","0","0","0","0","0","0","0","0","2","0","0","0","1","0","0","0","0","0","0","0","0","0","0","0","0","0","0","0","0","0","1"
"0x7d97cf7af560","      CS2R R66, SRZ","3","3","3","32768","1048576","1048576","32","32","0","0","0","-","-","-","0","0","0","0","0","0","0","0","-","0","0","0","0","0","0","0","0","0","0","0","0","0","0","0","0","0","0","0","0","0","0","0","3","0","0","0","0","0","0","0","0","0","0","0","0","0","0","0","0","0","3"
"0x7d97cf7af570","      CS2R R68, SRZ","14","3","14","32768","1048576","1048576","32","32","0","0","0","-","-","-","0","0","0","0","0","0","0","0","-","0","0","0","0","0","0","0","0","0","0","0","0","0","4","0","0","0","0","7","1","0","0","0","2","0","0","0","0","0","0","0","2","0","0","0","0","0","0","0","0","0","1"
"0x7d97cf7af580","      CS2R R70, SRZ","3","0","3","32768","1048576","1048576","32","32","0","0","0","-","-","-","0","0","0","0","0","0","0","0","-","0","0","0","0","0","0","0","0","0","0","0","0","0","0","0","0","0","0","0","3","0","0","0","0","0","0","0","0","0","0","0","0","0","0","0","0","0","0","0","0","0","0"
"0x7d97cf7af590","      CS2R R72, SRZ","8","4","8","32768","1048576","1048576","32","32","0","0","0","-","-","-","0","0","0","0","0","0","0","0","-","0","0","0","0","0","0","0","0","0","0","0","0","0","0","0","0","0","0","1","3","0","0","0","4","0","0","0","0","0","0","0","0","0","0","0","0","0","0","0","0","0","4"
"0x7d97cf7af5a0","      CS2R R74, SRZ","3","2","3","32768","1048576","1048576","32","32","0","0","0","-","-","-","0","0","0","0","0","0","0","0","-","0","0","0","0","0","0","0","0","0","0","0","0","0","0","0","0","0","0","0","1","0","0","0","2","0","0","0","0","0","0","0","0","0","0","0","0","0","0","0","0","0","2"
"0x7d97cf7af5b0","@!P3  LDG.E.128 R36, desc[UR20][R52.64]","4","0","4","32768","1048576","1048576","32","32","0","0","0","Global","Load","128","131072","0","0","0","0","0","524288","524288","","0","0","0","0","0","0","0","0","0","0","0","0","0","0","0","0","0","0","0","4","0","0","0","0","0","0","0","0","0","0","0","0","0","0","0","0","0","0","0","0","0","0"
"0x7d97cf7af5c0","@!P4  LDG.E.128 R32, desc[UR20][R54.64]","9","3","9","32768","1048576","1048576","32","32","0","0","0","Global","Load","128","131072","0","0","0","0","0","524288","524288","","0","0","0","0","0","0","0","0","0","0","0","0","0","0","0","0","0","0","0","3","0","0","0","6","0","0","0","0","0","0","0","0","0","0","0","0","0","0","0","0","0","3"
"0x7d97cf7af5d0","@!P6  LDG.E.128 R40, desc[UR20][R56.64]","10","3","10","32768","1048576","1048576","32","32","0","0","0","Global","Load","128","131072","0","0","0","0","0","524288","524288","","0","0","0","0","0","0","0","0","0","0","0","0","0","0","0","0","0","0","1","2","0","0","0","7","0","0","0","0","0","0","0","0","0","0","0","0","0","0","0","0","0","3"
"0x7d97cf7af5e0","      IMAD.SHL.U32 R53, R0, 0x10, RZ","4","0","4","32768","1048576","1048576","32","32","0","0","0","-","-","-","0","0","0","0","0","0","0","0","-","0","0","0","0","0","0","0","0","0","0","0","0","0","0","0","0","0","0","0","4","0","0","0","0","0","0","0","0","0","0","0","0","0","0","0","0","0","0","0","0","0","0"
"0x7d97cf7af5f0","      LOP3.LUT R52, R0, 0xf0, RZ, 0xc0, !PT","2","0","2","32768","1048576","1048576","32","32","0","0","0","-","-","-","0","0","0","0","0","0","0","0","-","0","0","0","0","0","0","0","0","0","0","0","0","0","0","0","0","0","0","0","2","0","0","0","0","0","0","0","0","0","0","0","0","0","0","0","0","0","0","0","0","0","0"
"0x7d97cf7af600","@!P5  LDG.E.128 R64, desc[UR20][R58.64]","4","0","4","32768","1048576","1048576","32","32","0","0","0","Global","Load","128","131072","0","0","0","0","0","524288","524288","","0","0","0","0","0","0","0","0","0","0","0","0","0","0","0","0","0","0","3","1","0","0","0","0","0","0","0","0","0","0","0","0","0","0","0","0","0","0","0","0","0","0"
"0x7d97cf7af610","      LOP3.LUT R53, R53, 0x70, RZ, 0xc0, !PT","13","7","13","32768","1048576","1048576","32","32","0","0","0","-","-","-","0","0","0","0","0","0","0","0","-","0","0","0","0","0","0","0","0","0","0","0","0","0","7","0","0","0","0","4","1","0","0","0","1","0","0","0","0","0","0","0","7","0","0","0","0","0","0","0","0","0","0"
"0x7d97cf7af620","@!P0  LDG.E.128 R68, desc[UR20][R60.64]","7","1","7","32768","1048576","1048576","32","32","0","0","0","Global","Load","128","131072","0","0","0","0","0","524288","524288","","0","0","0","0","0","0","0","0","0","0","0","0","0","0","0","0","0","0","0","6","0","0","0","1","0","0","0","0","0","0","0","0","0","0","0","0","0","0","0","0","0","1"
"0x7d97cf7af630","      IMAD R53, R52, 0x8, R53","16","8","16","32768","1048576","1048576","32","32","0","0","0","-","-","-","0","0","0","0","0","0","0","0","-","0","0","0","0","0","0","0","0","0","0","0","0","0","0","0","0","0","0","4","2","0","0","0","10","0","0","0","0","0","0","0","0","0","0","0","0","0","0","0","0","0","8"
"0x7d97cf7af640","      ISETP.NE.U32.AND P3, PT, R79, RZ, PT","1","0","1","32768","1048576","1048576","32","32","0","0","0","-","-","-","0","0","0","0","0","0","0","0","-","0","0","0","0","0","0","0","0","0","0","0","0","0","0","0","0","0","0","0","1","0","0","0","0","0","0","0","0","0","0","0","0","0","0","0","0","0","0","0","0","0","0"
"0x7d97cf7af650","@!P1  LDG.E.128 R72, desc[UR20][R62.64]","1","0","1","32768","1048576","1048576","32","32","0","0","0","Global","Load","128","131072","0","0","0","0","0","524288","524288","","0","0","0","0","0","0","0","0","0","0","0","0","0","0","0","0","0","0","0","1","0","0","0","0","0","0","0","0","0","0","0","0","0","0","0","0","0","0","0","0","0","0"
"0x7d97cf7af660","      S2UR UR4, SR_CgaCtaId","3","0","3","32768","1048576","1048576","32","32","0","0","0","-","-","-","0","0","0","0","0","0","0","0","-","0","0","0","0","0","0","0","0","0","0","0","0","0","0","0","0","0","0","0","3","0","0","0","0","0","0","0","0","0","0","0","0","0","0","0","0","0","0","0","0","0","0"
"0x7d97cf7af670","      UMOV UR12, 0x400","3","0","3","32768","1048576","1048576","32","32","0","0","0","-","-","-","0","0","0","0","0","0","0","0","-","0","0","0","0","0","0","0","0","0","0","0","0","0","0","0","0","0","0","0","3","0","0","0","0","0","0","0","0","0","0","0","0","0","0","0","0","0","0","0","0","0","0"
"0x7d97cf7af680","      LOP3.LUT R140, R0, 0x8, RZ, 0xc0, !PT","4","0","4","32768","1048576","1048576","32","32","0","0","0","-","-","-","0","0","0","0","0","0","0","0","-","0","0","0","0","0","0","0","0","0","0","0","0","0","0","0","0","0","0","0","4","0","0","0","0","0","0","0","0","0","0","0","0","0","0","0","0","0","0","0","0","0","0"
"0x7d97cf7af690","      P2R R168, PR, RZ, 0x20","10","6","10","32768","1048576","1048576","32","32","0","0","0","-","-","-","0","0","0","0","0","0","0","0","-","0","0","0","0","0","0","0","0","0","0","0","0","0","6","0","0","0","0","3","1","0","0","0","0","0","0","0","0","0","0","0","6","0","0","0","0","0","0","0","0","0","0"
"0x7d97cf7af6a0","      LOP3.LUT R53, R53, 0x70, R0, 0x78, !PT","4","1","4","32768","1048576","1048576","32","32","0","0","0","-","-","-","0","0","0","0","0","0","0","0","-","0","0","0","0","0","0","0","0","0","0","0","0","0","0","0","0","0","0","0","3","0","0","0","1","0","0","0","0","0","0","0","0","0","0","0","0","0","0","0","0","0","1"
"0x7d97cf7af6b0","      P2R R167, PR, RZ, 0x10","2","0","2","32768","1048576","1048576","32","32","0","0","0","-","-","-","0","0","0","0","0","0","0","0","-","0","0","0","0","0","0","0","0","0","0","0","0","0","0","0","0","0","0","0","2","0","0","0","0","0","0","0","0","0","0","0","0","0","0","0","0","0","0","0","0","0","0"
"0x7d97cf7af6c0","      ISETP.NE.U32.AND P5, PT, R76, RZ, PT","4","1","4","32768","1048576","1048576","32","32","0","0","0","-","-","-","0","0","0","0","0","0","0","0","-","0","0","0","0","0","0","0","0","0","0","0","0","0","0","0","0","0","0","0","3","0","0","0","1","0","0","0","0","0","0","0","0","0","0","0","0","0","0","0","0","0","1"
"0x7d97cf7af6d0","      ISETP.NE.U32.AND P4, PT, R78, RZ, PT","6","4","6","32768","1048576","1048576","32","32","0","0","0","-","-","-","0","0","0","0","0","0","0","0","-","0","0","0","0","0","0","0","0","0","0","0","0","0","0","0","0","0","0","0","2","0","0","0","4","0","0","0","0","0","0","0","0","0","0","0","0","0","0","0","0","0","4"
"0x7d97cf7af6e0","      ISETP.NE.U32.AND P2, PT, R80, RZ, PT","4","2","4","32768","1048576","1048576","32","32","0","0","0","-","-","-","0","0","0","0","0","0","0","0","-","0","0","0","0","0","0","0","0","0","0","0","0","0","0","0","0","0","0","0","2","0","0","0","2","0","0","0","0","0","0","0","0","0","0","0","0","0","0","0","0","0","2"
"0x7d97cf7af6f0","      ULEA UR12, UR4, UR12, 0x18","42","36","42","32768","1048576","1048576","32","32","0","0","0","-","-","-","0","0","0","0","0","0","0","0","-","0","0","0","0","0","0","0","0","0","0","0","0","0","0","0","0","0","0","0","1","41","0","0","0","0","0","0","0","0","0","0","0","0","0","0","0","0","0","36","0","0","0"
"0x7d97cf7af700","      LEA R52, R140, UR12, 0xb","13","9","13","32768","1048576","1048576","32","32","0","0","0","-","-","-","0","0","0","0","0","0","0","0","-","0","0","0","0","0","0","0","0","0","0","0","0","0","2","0","0","0","0","0","1","0","0","0","10","0","0","0","0","0","0","0","1","0","0","0","0","0","0","0","0","0","8"
"0x7d97cf7af710","      IMAD R140, R140, 0x400, R53","0","0","0","32768","1048576","1048576","32","32","0","0","0","-","-","-","0","0","0","0","0","0","0","0","-","0","0","0","0","0","0","0","0","0","0","0","0","0","0","0","0","0","0","0","0","0","0","0","0","0","0","0","0","0","0","0","0","0","0","0","0","0","0","0","0","0","0"
"0x7d97cf7af720","      IMAD.IADD R52, R53, 0x1, R52","13","8","13","32768","1048576","1048576","32","32","0","0","0","-","-","-","0","0","0","0","0","0","0","0","-","0","0","0","0","0","0","0","0","0","0","0","0","0","0","0","0","0","0","0","3","0","0","0","10","0","0","0","0","0","0","0","0","0","0","0","0","0","0","0","0","0","8"
"0x7d97cf7af730","      VIADD R151, R140, UR12","8","3","8","32768","1048576","1048576","32","32","0","0","0","-","-","-","0","0","0","0","0","0","0","0","-","0","0","0","0","0","0","0","0","0","0","0","0","0","0","0","0","0","0","0","5","0","0","0","3","0","0","0","0","0","0","0","0","0","0","0","0","0","0","0","0","0","3"
"0x7d97cf7af740","      STS.128 [R52+0x20000], R24","623","593","623","32768","1048576","1048576","32","32","0","0","0","Shared","Store","128","0","4","0","131072","131072","0","0","0","-","0","0","0","0","0","0","0","0","0","0","0","0","612","0","0","0","0","0","0","6","0","0","0","5","0","0","0","0","0","0","588","0","0","0","0","0","0","0","0","0","0","5"
"0x7d97cf7af750","      STS.128 [R52+0x20800], R28","197","193","197","32768","1048576","1048576","32","32","0","0","0","Shared","Store","128","0","4","0","131072","131072","0","0","0","-","0","0","0","0","0","0","0","0","0","0","0","0","189","0","0","0","0","0","0","2","0","0","0","6","0","0","0","0","0","0","187","0","0","0","0","0","0","0","0","0","0","6"
"0x7d97cf7af760","      IMAD R25, R137, 0x10, R82","34","32","34","32768","1048576","1048576","32","32","0","0","0","-","-","-","0","0","0","0","0","0","0","0","-","0","0","0","0","0","0","0","0","0","0","0","0","0","0","0","0","0","0","0","2","32","0","0","0","0","0","0","0","0","0","0","0","0","0","0","0","0","0","32","0","0","0"
"0x7d97cf7af770","      IMAD R27, R137, 0x30, R82","4","2","4","32768","1048576","1048576","32","32","0","0","0","-","-","-","0","0","0","0","0","0","0","0","-","0","0","0","0","0","0","0","0","0","0","0","0","0","0","0","0","0","0","0","2","0","0","0","2","0","0","0","0","0","0","0","0","0","0","0","0","0","0","0","0","0","2"
"0x7d97cf7af780","      LOP3.LUT R28, R149, 0x40, RZ, 0xfc, !PT","84","79","84","32768","1048576","1048576","32","32","0","0","0","-","-","-","0","0","0","0","0","0","0","0","-","0","0","0","0","0","0","0","0","0","0","0","0","0","0","0","0","0","0","0","5","79","0","0","0","0","0","0","0","0","0","0","0","0","0","0","0","0","0","79","0","0","0"
"0x7d97cf7af790","      IMAD R31, R137, 0x40, R82","2","0","2","32768","1048576","1048576","32","32","0","0","0","-","-","-","0","0","0","0","0","0","0","0","-","0","0","0","0","0","0","0","0","0","0","0","0","0","0","0","0","0","0","0","2","0","0","0","0","0","0","0","0","0","0","0","0","0","0","0","0","0","0","0","0","0","0"
"0x7d97cf7af7a0","      STS.128 [R52+0x21000], R36","370","356","370","32768","1048576","1048576","32","32","0","0","0","Shared","Store","128","0","4","0","131072","131072","0","0","0","-","0","0","0","0","0","0","0","0","0","0","0","0","365","0","0","2","0","0","0","3","0","0","0","0","0","0","0","0","0","0","354","0","0","2","0","0","0","0","0","0","0","0"
"0x7d97cf7af7b0","      STS.128 [R52+0x21800], R32","585","524","585","32768","1048576","1048576","32","32","0","0","0","Shared","Store","128","0","4","0","131072","131072","0","0","0","-","0","0","0","0","0","0","0","0","0","0","0","0","571","0","0","2","0","0","0","4","0","0","0","8","0","0","0","0","0","0","514","0","0","2","0","0","0","0","0","0","0","8"
"0x7d97cf7af7c0","      STS.128 [R52+0x22000], R40","6","4","6","32768","1048576","1048576","32","32","0","0","0","Shared","Store","128","0","4","0","131072","131072","0","0","0","-","0","0","0","0","0","0","0","0","0","0","0","0","0","0","0","1","0","0","0","2","0","0","0","3","0","0","0","0","0","0","0","0","0","1","0","0","0","0","0","0","0","3"
"0x7d97cf7af7d0","      STS.128 [R52+0x22800], R64","6","4","6","32768","1048576","1048576","32","32","0","0","0","Shared","Store","128","0","4","0","131072","131072","0","0","0","-","0","0","0","0","0","0","0","0","0","0","0","0","0","0","0","0","0","0","0","1","0","0","0","5","0","0","0","0","0","0","0","0","0","0","0","0","0","0","0","0","0","4"
"0x7d97cf7af7e0","      STS.128 [R52+0x23000], R68","7","4","7","32768","1048576","1048576","32","32","0","0","0","Shared","Store","128","0","4","0","131072","131072","0","0","0","-","0","0","0","0","0","0","0","0","0","0","0","0","0","0","0","0","0","0","0","3","0","0","0","4","0","0","0","0","0","0","0","0","0","0","0","0","0","0","0","0","0","4"
"0x7d97cf7af7f0","      STS.128 [R52+0x23800], R72","11","8","11","32768","1048576","1048576","32","32","0","0","0","Shared","Store","128","0","4","0","131072","131072","0","0","0","-","0","0","0","0","0","0","0","0","0","0","0","0","0","0","0","2","0","0","0","2","0","0","0","7","0","0","0","0","0","0","0","0","0","2","0","0","0","0","0","0","0","6"
"0x7d97cf7af800","@!PT  LDS RZ, [RZ]","9","7","9","32768","1048576","0","32","0","32","32","0","","Load","32","0","0","0","0","0","0","0","0","-","0","0","0","0","0","0","0","0","0","0","0","0","0","0","0","2","0","0","0","1","0","0","0","6","0","0","0","0","0","0","0","0","0","2","0","0","0","0","0","0","0","5"
"0x7d97cf7af810","@!PT  LDS RZ, [RZ]","2","1","2","32768","1048576","0","32","0","0","32","0","","Load","32","0","0","0","0","0","0","0","0","-","0","0","0","0","0","0","0","0","0","0","0","0","0","0","0","1","0","0","0","1","0","0","0","0","0","0","0","0","0","0","0","0","0","1","0","0","0","0","0","0","0","0"
"0x7d97cf7af820","@!PT  LDS RZ, [RZ]","5","3","5","32768","1048576","0","32","0","0","32","0","","Load","32","0","0","0","0","0","0","0","0","-","0","0","0","0","0","0","0","0","0","0","0","0","0","0","0","3","0","0","0","2","0","0","0","0","0","0","0","0","0","0","0","0","0","3","0","0","0","0","0","0","0","0"
"0x7d97cf7af830","      LDGSTS.E.BYPASS.128 desc[UR20][R12.64], P5, [R151]","8","5","8","32768","1048576","1048576","32","32","32","0","0","Global,Shared","Load,Store","128","130048","4","0","131072","131072","0","520192","520192","","0","0","0","0","0","0","0","0","0","0","0","0","0","0","0","5","0","0","1","2","0","0","0","0","0","0","0","0","0","0","0","0","0","5","0","0","0","0","0","0","0","0"
"0x7d97cf7af840","      LDGSTS.E.BYPASS.128 desc[UR20][R44.64], P4, [R151+0x800]","13","8","13","32768","1048576","1048576","32","32","0","0","0","Global,Shared","Load,Store","128","130048","4","0","131072","131072","0","520192","520192","","0","0","0","0","0","0","0","0","0","0","0","0","0","0","0","1","0","0","0","5","0","0","0","7","0","0","0","0","0","0","0","0","0","1","0","0","0","0","0","0","0","7"
"0x7d97cf7af850","      LDGSTS.E.BYPASS.128 desc[UR20][R46.64], P3, [R151+0x1000]","14","14","14","32768","1048576","1048576","32","32","0","0","0","Global,Shared","Load,Store","128","130048","4","0","131072","131072","0","520192","520192","","0","0","0","0","0","0","0","0","0","0","0","0","0","0","0","8","0","0","0","0","0","0","0","6","0","0","0","0","0","0","0","0","0","8","0","0","0","0","0","0","0","6"
"0x7d97cf7af860","      LDGSTS.E.BYPASS.128 desc[UR20][R48.64], P2, [R151+0x1800]","14","12","14","32768","1048576","1048576","32","32","0","0","0","Global,Shared","Load,Store","128","130048","4","0","131072","131072","0","520192","520192","","0","0","0","0","0","0","0","0","0","0","0","0","0","0","0","7","0","0","0","1","0","0","0","6","0","0","0","0","0","0","0","0","0","7","0","0","0","0","0","0","0","5"
"0x7d97cf7af870","      IMAD R13, R137, 0x20, R82","89","80","89","32768","1048576","1048576","32","32","0","0","0","-","-","-","0","0","0","0","0","0","0","0","-","0","0","0","0","0","0","0","0","0","0","0","0","85","0","0","0","0","0","0","4","0","0","0","0","0","0","0","0","0","0","80","0","0","0","0","0","0","0","0","0","0","0"
"0x7d97cf7af880","      LDGDEPBAR","6","4","6","32768","1048576","1048576","32","32","0","0","0","-","-","-","0","0","0","0","0","0","0","0","-","0","0","0","0","0","0","0","0","0","0","0","0","0","0","0","1","0","0","0","2","0","0","0","3","0","0","0","0","0","0","0","0","0","1","0","0","0","0","0","0","0","3"
"0x7d97cf7af890","      LDGSTS.E.BYPASS.128 desc[UR20][R50.64], P5, [R151+0x10000]","11","7","11","32768","1048576","1048576","32","32","0","0","0","Global,Shared","Load,Store","128","130048","4","0","131072","131072","0","520192","520192","","0","0","0","0","0","0","0","0","0","0","0","0","0","0","0","0","0","0","1","3","0","0","0","7","0","0","0","0","0","0","0","0","0","0","0","0","0","0","0","0","0","7"
"0x7d97cf7af8a0","      LEA R24, P5, R25, R2, 0x1","1","0","1","32768","1048576","1048576","32","32","0","0","0","-","-","-","0","0","0","0","0","0","0","0","-","0","0","0","0","0","0","0","0","0","0","0","0","0","0","0","0","0","0","0","1","0","0","0","0","0","0","0","0","0","0","0","0","0","0","0","0","0","0","0","0","0","0"
"0x7d97cf7af8b0","      LEA.HI.X.SX32 R25, R25, R3, 0x1, P5","15","10","15","32768","1048576","1048576","32","32","0","0","0","-","-","-","0","0","0","0","0","0","0","0","-","0","0","0","0","0","0","0","0","0","0","0","0","0","1","0","0","0","0","0","4","0","0","0","10","0","0","0","0","0","0","0","1","0","0","0","0","0","0","0","0","0","9"
"0x7d97cf7af8c0","      LEA R12, P5, R13, R2, 0x1","4","1","4","32768","1048576","1048576","32","32","0","0","0","-","-","-","0","0","0","0","0","0","0","0","-","0","0","0","0","0","0","0","0","0","0","0","0","0","0","0","0","0","0","0","3","0","0","0","1","0","0","0","0","0","0","0","0","0","0","0","0","0","0","0","0","0","1"
"0x7d97cf7af8d0","      LDGSTS.E.BYPASS.128 desc[UR20][R24.64], P4, [R151+0x10800]","13","9","13","32768","1048576","1048576","32","32","0","0","0","Global,Shared","Load,Store","128","130048","4","0","131072","131072","0","520192","520192","","0","0","0","0","0","0","0","0","0","0","0","0","0","0","0","0","0","0","0","3","0","0","0","10","0","0","0","0","0","0","0","0","0","0","0","0","0","0","0","0","0","9"
"0x7d97cf7af8e0","      LEA.HI.X.SX32 R13, R13, R3, 0x1, P5","1","0","1","32768","1048576","1048576","32","32","0","0","0","-","-","-","0","0","0","0","0","0","0","0","-","0","0","0","0","0","0","0","0","0","0","0","0","0","0","0","0","0","0","0","1","0","0","0","0","0","0","0","0","0","0","0","0","0","0","0","0","0","0","0","0","0","0"
"0x7d97cf7af8f0","      LEA R26, P5, R27, R2, 0x1","0","0","0","32768","1048576","1048576","32","32","0","0","0","-","-","-","0","0","0","0","0","0","0","0","-","0","0","0","0","0","0","0","0","0","0","0","0","0","0","0","0","0","0","0","0","0","0","0","0","0","0","0","0","0","0","0","0","0","0","0","0","0","0","0","0","0","0"
"0x7d97cf7af900","      LDGSTS.E.BYPASS.128 desc[UR20][R12.64], P3, [R151+0x11000]","6","4","6","32768","1048576","1048576","32","32","0","0","0","Global,Shared","Load,Store","128","130048","4","0","131072","131072","0","520192","520192","","0","0","0","0","0","0","0","0","0","0","0","0","0","0","0","1","0","0","1","1","0","0","0","3","0","0","0","0","0","0","0","0","0","1","0","0","0","0","0","0","0","3"
"0x7d97cf7af910","      LEA.HI.X.SX32 R27, R27, R3, 0x1, P5","3","0","3","32768","1048576","1048576","32","32","0","0","0","-","-","-","0","0","0","0","0","0","0","0","-","0","0","0","0","0","0","0","0","0","0","0","0","0","0","0","0","0","0","0","3","0","0","0","0","0","0","0","0","0","0","0","0","0","0","0","0","0","0","0","0","0","0"
"0x7d97cf7af920","      LDGSTS.E.BYPASS.128 desc[UR20][R26.64], P2, [R151+0x11800]","12","10","12","32768","1048576","1048576","32","32","0","0","0","Global,Shared","Load,Store","128","130048","4","0","131072","131072","0","520192","520192","","0","0","0","0","0","0","0","0","1","0","0","0","0","0","0","1","0","0","0","1","0","0","0","9","0","0","0","0","0","0","0","0","0","1","0","0","0","0","0","0","0","9"
"0x7d97cf7af930","      ISETP.GE.AND P2, PT, R28, UR22, PT","4","0","4","32768","1048576","1048576","32","32","0","0","0","-","-","-","0","0","0","0","0","0","0","0","-","0","0","0","0","0","0","0","0","0","0","0","0","0","0","0","0","0","0","0","4","0","0","0","0","0","0","0","0","0","0","0","0","0","0","0","0","0","0","0","0","0","0"
"0x7d97cf7af940","      LOP3.LUT R28, R149, 0x50, RZ, 0xfc, !PT","4","3","4","32768","1048576","1048576","32","32","0","0","0","-","-","-","0","0","0","0","0","0","0","0","-","0","0","0","0","0","0","0","0","0","0","0","0","0","0","0","0","0","0","0","1","0","0","0","3","0","0","0","0","0","0","0","0","0","0","0","0","0","0","0","0","0","3"
"0x7d97cf7af950","      IMAD R25, R138, 0x50, R77","17","14","17","32768","1048576","1048576","32","32","0","0","0","-","-","-","0","0","0","0","0","0","0","0","-","0","0","0","0","0","0","0","0","0","0","0","0","16","0","0","0","0","0","0","1","0","0","0","0","0","0","0","0","0","0","14","0","0","0","0","0","0","0","0","0","0","0"
"0x7d97cf7af960","      SEL R29, RZ, 0x10, P2","0","0","0","32768","1048576","1048576","32","32","0","0","0","-","-","-","0","0","0","0","0","0","0","0","-","0","0","0","0","0","0","0","0","0","0","0","0","0","0","0","0","0","0","0","0","0","0","0","0","0","0","0","0","0","0","0","0","0","0","0","0","0","0","0","0","0","0"
"0x7d97cf7af970","      IMAD R13, R138, 0x40, R77","10","4","10","32768","1048576","1048576","32","32","0","0","0","-","-","-","0","0","0","0","0","0","0","0","-","0","0","0","0","0","0","0","0","0","0","0","0","4","0","0","0","0","0","0","6","0","0","0","0","0","0","0","0","0","0","4","0","0","0","0","0","0","0","0","0","0","0"
"0x7d97cf7af980","      ISETP.GE.AND P2, PT, R28, UR22, PT","3","0","3","32768","1048576","1048576","32","32","0","0","0","-","-","-","0","0","0","0","0","0","0","0","-","0","0","0","0","0","0","0","0","0","0","0","0","0","0","0","0","0","0","0","3","0","0","0","0","0","0","0","0","0","0","0","0","0","0","0","0","0","0","0","0","0","0"
"0x7d97cf7af990","      LDGDEPBAR","2","0","2","32768","1048576","1048576","32","32","0","0","0","-","-","-","0","0","0","0","0","0","0","0","-","0","0","0","0","0","0","0","0","0","0","0","0","0","0","0","0","0","0","0","2","0","0","0","0","0","0","0","0","0","0","0","0","0","0","0","0","0","0","0","0","0","0"
"0x7d97cf7af9a0","      LOP3.LUT R28, R149, 0x60, RZ, 0xfc, !PT","2","0","2","32768","1048576","1048576","32","32","0","0","0","-","-","-","0","0","0","0","0","0","0","0","-","0","0","0","0","0","0","0","0","0","0","0","0","0","0","0","0","0","0","0","2","0","0","0","0","0","0","0","0","0","0","0","0","0","0","0","0","0","0","0","0","0","0"
"0x7d97cf7af9b0","      SEL R30, RZ, 0x10, P2","10","5","10","32768","1048576","1048576","32","32","0","0","0","-","-","-","0","0","0","0","0","0","0","0","-","0","0","0","0","0","0","0","0","0","0","0","0","0","0","0","0","0","0","0","4","0","0","0","6","0","0","0","0","0","0","0","0","0","0","0","0","0","0","0","0","0","5"
"0x7d97cf7af9c0","      ISETP.GE.AND P2, PT, R28, UR22, PT","2","0","2","32768","1048576","1048576","32","32","0","0","0","-","-","-","0","0","0","0","0","0","0","0","-","0","0","0","0","0","0","0","0","0","0","0","0","0","0","0","0","0","0","1","1","0","0","0","0","0","0","0","0","0","0","0","0","0","0","0","0","0","0","0","0","0","0"
"0x7d97cf7af9d0","      LOP3.LUT R12, R149, 0x70, RZ, 0xfc, !PT","7","4","7","32768","1048576","1048576","32","32","0","0","0","-","-","-","0","0","0","0","0","0","0","0","-","0","0","0","0","0","0","0","0","0","0","0","0","0","0","0","0","0","0","0","3","0","0","0","4","0","0","0","0","0","0","0","0","0","0","0","0","0","0","0","0","0","4"
"0x7d97cf7af9e0","      SEL R24, RZ, 0x10, P2","4","0","4","32768","1048576","1048576","32","32","0","0","0","-","-","-","0","0","0","0","0","0","0","0","-","0","0","0","0","0","0","0","0","0","0","0","0","0","0","0","0","0","0","0","4","0","0","0","0","0","0","0","0","0","0","0","0","0","0","0","0","0","0","0","0","0","0"
"0x7d97cf7af9f0","      ISETP.GE.AND P2, PT, R12, UR22, PT","6","3","6","32768","1048576","1048576","32","32","0","0","0","-","-","-","0","0","0","0","0","0","0","0","-","0","0","0","0","0","0","0","0","0","0","0","0","0","0","0","0","0","0","0","3","0","0","0","3","0","0","0","0","0","0","0","0","0","0","0","0","0","0","0","0","0","3"
"0x7d97cf7afa00","      SEL R12, RZ, 0x10, P2","12","7","12","32768","1048576","1048576","32","32","0","0","0","-","-","-","0","0","0","0","0","0","0","0","-","0","0","0","0","0","0","0","0","0","0","0","0","0","0","0","0","0","0","0","2","0","0","0","10","0","0","0","0","0","0","0","0","0","0","0","0","0","0","0","0","0","7"
"0x7d97cf7afa10","      ISETP.GT.AND P2, PT, R16, 0x40, PT","4","3","4","32768","1048576","1048576","32","32","0","0","0","-","-","-","0","0","0","0","0","0","0","0","-","0","0","0","0","0","0","0","0","0","0","0","0","0","0","0","0","0","0","0","0","0","0","0","4","0","0","0","0","0","0","0","0","0","0","0","0","0","0","0","0","0","3"
"0x7d97cf7afa20","      SEL R32, R29, RZ, P2","11","7","11","32768","1048576","1048576","32","32","0","0","0","-","-","-","0","0","0","0","0","0","0","0","-","0","0","0","0","0","0","0","0","0","0","0","0","1","0","0","0","0","0","0","3","0","0","0","7","0","0","0","0","0","0","1","0","0","0","0","0","0","0","0","0","0","6"
"0x7d97cf7afa30","      SEL R33, R30, RZ, P2","4","2","4","32768","1048576","1048576","32","32","0","0","0","-","-","-","0","0","0","0","0","0","0","0","-","0","0","0","0","0","0","0","0","0","0","0","0","0","0","0","0","0","0","0","2","0","0","0","2","0","0","0","0","0","0","0","0","0","0","0","0","0","0","0","0","0","2"
"0x7d97cf7afa40","      SEL R34, R24, RZ, P2","4","2","4","32768","1048576","1048576","32","32","0","0","0","-","-","-","0","0","0","0","0","0","0","0","-","0","0","0","0","0","0","0","0","0","0","0","0","0","0","0","0","0","0","0","2","0","0","0","2","0","0","0","0","0","0","0","0","0","0","0","0","0","0","0","0","0","2"
"0x7d97cf7afa50","      SEL R35, R12, RZ, P2","5","3","5","32768","1048576","1048576","32","32","0","0","0","-","-","-","0","0","0","0","0","0","0","0","-","0","0","0","0","0","0","0","0","0","0","0","0","0","0","0","0","0","0","0","2","0","0","0","3","0","0","0","0","0","0","0","0","0","0","0","0","0","0","0","0","0","3"
"0x7d97cf7afa60","      LEA R12, P2, R13, R4, 0x1","6","3","6","32768","1048576","1048576","32","32","0","0","0","-","-","-","0","0","0","0","0","0","0","0","-","0","0","0","0","0","0","0","0","0","0","0","0","0","0","0","0","0","0","0","3","0","0","0","3","0","0","0","0","0","0","0","0","0","0","0","0","0","0","0","0","0","3"
"0x7d97cf7afa70","      IMAD R27, R138, 0x60, R77","2","0","2","32768","1048576","1048576","32","32","0","0","0","-","-","-","0","0","0","0","0","0","0","0","-","0","0","0","0","0","0","0","0","0","0","0","0","0","0","0","0","0","0","0","2","0","0","0","0","0","0","0","0","0","0","0","0","0","0","0","0","0","0","0","0","0","0"
"0x7d97cf7afa80","      LEA.HI.X.SX32 R13, R13, R5, 0x1, P2","8","6","8","32768","1048576","1048576","32","32","0","0","0","-","-","-","0","0","0","0","0","0","0","0","-","0","0","0","0","0","0","0","0","0","0","0","0","0","2","0","0","0","0","0","2","0","0","0","4","0","0","0","0","0","0","0","2","0","0","0","0","0","0","0","0","0","4"
"0x7d97cf7afa90","      LEA R24, P2, R25, R4, 0x1","3","1","3","32768","1048576","1048576","32","32","0","0","0","-","-","-","0","0","0","0","0","0","0","0","-","0","0","0","0","0","0","0","0","0","0","0","0","0","0","0","0","0","0","0","2","0","0","0","1","0","0","0","0","0","0","0","0","0","0","0","0","0","0","0","0","0","1"
"0x7d97cf7afaa0","      IMAD R29, R138, 0x70, R77","1","0","1","32768","1048576","1048576","32","32","0","0","0","-","-","-","0","0","0","0","0","0","0","0","-","0","0","0","0","0","0","0","0","0","0","0","0","0","0","0","0","0","0","0","1","0","0","0","0","0","0","0","0","0","0","0","0","0","0","0","0","0","0","0","0","0","0"
"0x7d97cf7afab0","      LEA.HI.X.SX32 R25, R25, R5, 0x1, P2","7","2","7","32768","1048576","1048576","32","32","0","0","0","-","-","-","0","0","0","0","0","0","0","0","-","0","0","0","0","0","0","0","0","0","0","0","0","0","0","0","0","0","0","1","3","0","0","0","3","0","0","0","0","0","0","0","0","0","0","0","0","0","0","0","0","0","2"
"0x7d97cf7afac0","      LEA R26, P2, R27, R4, 0x1","4","3","4","32768","1048576","1048576","32","32","0","0","0","-","-","-","0","0","0","0","0","0","0","0","-","0","0","0","0","0","0","0","0","0","0","0","0","0","0","0","0","0","0","0","1","0","0","0","3","0","0","0","0","0","0","0","0","0","0","0","0","0","0","0","0","0","3"
"0x7d97cf7afad0","      LEA.HI.X.SX32 R27, R27, R5, 0x1, P2","9","7","9","32768","1048576","1048576","32","32","0","0","0","-","-","-","0","0","0","0","0","0","0","0","-","0","0","0","0","0","0","0","0","0","0","0","0","0","0","0","0","0","0","1","0","0","0","0","8","0","0","0","0","0","0","0","0","0","0","0","0","0","0","0","0","0","7"
"0x7d97cf7afae0","      LEA R28, P2, R29, R4, 0x1","1","1","1","32768","1048576","1048576","32","32","0","0","0","-","-","-","0","0","0","0","0","0","0","0","-","0","0","0","0","0","0","0","0","0","0","0","0","0","0","0","0","0","0","0","0","0","0","0","1","0","0","0","0","0","0","0","0","0","0","0","0","0","0","0","0","0","1"
"0x7d97cf7afaf0","      LEA.HI.X.SX32 R29, R29, R5, 0x1, P2","11","8","11","32768","1048576","1048576","32","32","0","0","0","-","-","-","0","0","0","0","0","0","0","0","-","0","0","0","0","0","0","0","0","0","0","0","0","0","0","0","0","0","0","0","3","0","0","0","8","0","0","0","0","0","0","0","0","0","0","0","0","0","0","0","0","0","8"
"0x7d97cf7afb00","      LEA R30, P2, R31, R2, 0x1","6","5","6","32768","1048576","1048576","32","32","0","0","0","-","-","-","0","0","0","0","0","0","0","0","-","0","0","0","0","0","0","0","0","0","0","0","0","0","0","0","0","0","0","0","1","0","0","0","5","0","0","0","0","0","0","0","0","0","0","0","0","0","0","0","0","0","5"
"0x7d97cf7afb10","      ISETP.NE.U32.AND P5, PT, R32, RZ, PT","5","3","5","32768","1048576","1048576","32","32","0","0","0","-","-","-","0","0","0","0","0","0","0","0","-","0","0","0","0","0","0","0","0","0","0","0","0","0","1","0","0","0","0","0","2","0","0","0","2","0","0","0","0","0","0","0","1","0","0","0","0","0","0","0","0","0","2"
"0x7d97cf7afb20","      BAR.SYNC.DEFER_BLOCKING 0x0","3","0","3","32768","1048576","1048576","32","32","0","0","0","-","-","-","0","0","0","0","0","0","0","0","-","0","0","0","0","0","0","0","0","0","0","0","0","0","0","0","0","0","0","0","3","0","0","0","0","0","0","0","0","0","0","0","0","0","0","0","0","0","0","0","0","0","0"
"0x7d97cf7afb30","      ISETP.NE.U32.AND P4, PT, R33, RZ, PT","1","0","1","32768","1048576","1048576","32","32","0","0","0","-","-","-","0","0","0","0","0","0","0","0","-","0","0","0","0","0","0","0","0","0","0","0","0","0","0","0","0","0","0","0","1","0","0","0","0","0","0","0","0","0","0","0","0","0","0","0","0","0","0","0","0","0","0"
"0x7d97cf7afb40","      LEA.HI.X.SX32 R31, R31, R3, 0x1, P2","4","3","4","32768","1048576","1048576","32","32","0","0","0","-","-","-","0","0","0","0","0","0","0","0","-","0","0","0","0","0","0","0","0","0","0","0","0","0","0","0","0","0","0","0","1","0","0","0","3","0","0","0","0","0","0","0","0","0","0","0","0","0","0","0","0","0","3"
"0x7d97cf7afb50","      ISETP.NE.U32.AND P3, PT, R34, RZ, PT","6","3","6","32768","1048576","1048576","32","32","0","0","0","-","-","-","0","0","0","0","0","0","0","0","-","0","0","0","0","0","0","0","0","0","0","0","0","0","0","0","0","0","0","0","3","0","0","0","3","0","0","0","0","0","0","0","0","0","0","0","0","0","0","0","0","0","3"
"0x7d97cf7afb60","      ISETP.NE.U32.AND P2, PT, R35, RZ, PT","4","2","4","32768","1048576","1048576","32","32","0","0","0","-","-","-","0","0","0","0","0","0","0","0","-","0","0","0","0","0","0","0","0","0","0","0","0","0","0","0","0","0","0","0","2","0","0","0","2","0","0","0","0","0","0","0","0","0","0","0","0","0","0","0","0","0","2"
"0x7d97cf7afb70","      IMAD R33, R137, 0x50, R82","4","0","4","32768","1048576","1048576","32","32","0","0","0","-","-","-","0","0","0","0","0","0","0","0","-","0","0","0","0","0","0","0","0","0","0","0","0","0","0","0","0","0","0","0","4","0","0","0","0","0","0","0","0","0","0","0","0","0","0","0","0","0","0","0","0","0","0"
"0x7d97cf7afb80","@!PT  LDS RZ, [RZ]","441","390","441","32768","1048576","0","32","0","32","32","0","","Load","32","0","0","0","0","0","0","0","0","-","0","0","0","0","0","0","437","0","0","0","0","0","0","0","0","0","0","0","3","1","0","0","0","0","390","0","0","0","0","0","0","0","0","0","0","0","0","0","0","0","0","0"
"0x7d97cf7afb90","@!PT  LDS RZ, [RZ]","1","0","1","32768","1048576","0","32","0","0","32","0","","Load","32","0","0","0","0","0","0","0","0","-","0","0","0","0","0","0","0","0","0","0","0","0","0","0","0","0","0","0","0","1","0","0","0","0","0","0","0","0","0","0","0","0","0","0","0","0","0","0","0","0","0","0"
"0x7d97cf7afba0","@!PT  LDS RZ, [RZ]","4","0","4","32768","1048576","0","32","0","0","32","0","","Load","32","0","0","0","0","0","0","0","0","-","0","0","0","0","0","0","0","0","0","0","0","0","0","0","0","0","0","0","0","4","0","0","0","0","0","0","0","0","0","0","0","0","0","0","0","0","0","0","0","0","0","0"
"0x7d97cf7afbb0","      LDGSTS.E.BYPASS.128 desc[UR20][R12.64], P5, [R151+0x4000]","0","0","0","32768","1048576","1048576","32","32","32","0","0","Global,Shared","Load,Store","128","130048","4","0","131072","131072","0","520192","520192","","0","0","0","0","0","0","0","0","0","0","0","0","0","0","0","0","0","0","0","0","0","0","0","0","0","0","0","0","0","0","0","0","0","0","0","0","0","0","0","0","0","0"
"0x7d97cf7afbc0","      LDGSTS.E.BYPASS.128 desc[UR20][R24.64], P4, [R151+0x4800]","8","2","8","32768","1048576","1048576","32","32","0","0","0","Global,Shared","Load,Store","128","130048","4","0","131072","131072","0","520192","520192","","0","0","0","0","0","0","0","0","0","0","0","0","0","0","0","0","0","0","2","1","0","0","0","5","0","0","0","0","0","0","0","0","0","0","0","0","0","0","0","0","0","2"
"0x7d97cf7afbd0","      LDGSTS.E.BYPASS.128 desc[UR20][R26.64], P3, [R151+0x5000]","8","2","8","32768","1048576","1048576","32","32","0","0","0","Global,Shared","Load,Store","128","130048","4","0","131072","131072","0","520192","520192","","0","0","0","0","0","0","0","0","0","0","0","0","0","0","0","0","0","0","0","3","0","0","0","5","0","0","0","0","0","0","0","0","0","0","0","0","0","0","0","0","0","2"
"0x7d97cf7afbe0","      LDGSTS.E.BYPASS.128 desc[UR20][R28.64], P2, [R151+0x5800]","19","15","19","32768","1048576","1048576","32","32","0","0","0","Global,Shared","Load,Store","128","130048","4","0","131072","131072","0","520192","520192","","0","0","0","0","0","0","0","0","0","0","0","0","0","0","0","8","0","0","0","2","0","0","0","9","0","0","0","0","0","0","0","0","0","8","0","0","0","0","0","0","0","7"
"0x7d97cf7afbf0","      IMAD R13, R137, 0x60, R82","18","12","18","32768","1048576","1048576","32","32","0","0","0","-","-","-","0","0","0","0","0","0","0","0","-","0","0","0","0","0","0","0","0","0","0","0","0","16","0","0","0","0","0","0","2","0","0","0","0","0","0","0","0","0","0","12","0","0","0","0","0","0","0","0","0","0","0"
"0x7d97cf7afc00","      LDGDEPBAR","3","3","3","32768","1048576","1048576","32","32","0","0","0","-","-","-","0","0","0","0","0","0","0","0","-","0","0","0","0","0","0","0","0","0","0","0","0","0","0","0","0","0","0","0","0","0","0","0","3","0","0","0","0","0","0","0","0","0","0","0","0","0","0","0","0","0","3"
"0x7d97cf7afc10","      LDGSTS.E.BYPASS.128 desc[UR20][R30.64], P5, [R151+0x14000]","7","4","7","32768","1048576","1048576","32","32","0","0","0","Global,Shared","Load,Store","128","130048","4","0","131072","131072","0","520192","520192","","0","0","0","0","0","0","0","0","0","0","0","0","0","0","0","0","0","0","0","3","0","0","0","4","0","0","0","0","0","0","0","0","0","0","0","0","0","0","0","0","0","4"
"0x7d97cf7afc20","      LEA R32, P5, R33, R2, 0x1","3","0","3","32768","1048576","1048576","32","32","0","0","0","-","-","-","0","0","0","0","0","0","0","0","-","0","0","0","0","0","0","0","0","0","0","0","0","0","0","0","0","0","0","0","3","0","0","0","0","0","0","0","0","0","0","0","0","0","0","0","0","0","0","0","0","0","0"
"0x7d97cf7afc30","      IMAD R25, R137, 0x70, R82","26","19","26","32768","1048576","1048576","32","32","0","0","0","-","-","-","0","0","0","0","0","0","0","0","-","0","0","0","0","0","0","0","0","0","0","0","0","25","0","0","0","0","0","1","0","0","0","0","0","0","0","0","0","0","0","19","0","0","0","0","0","0","0","0","0","0","0"
"0x7d97cf7afc40","      LEA.HI.X.SX32 R33, R33, R3, 0x1, P5","12","7","12","32768","1048576","1048576","32","32","0","0","0","-","-","-","0","0","0","0","0","0","0","0","-","0","0","0","0","0","0","0","0","0","0","0","0","0","0","0","0","0","0","0","4","0","0","0","8","0","0","0","0","0","0","0","0","0","0","0","0","0","0","0","0","0","7"
"0x7d97cf7afc50","      LEA R12, P5, R13, R2, 0x1","4","3","4","32768","1048576","1048576","32","32","0","0","0","-","-","-","0","0","0","0","0","0","0","0","-","0","0","0","0","0","0","0","0","2","0","0","0","0","0","0","0","0","0","0","1","0","0","0","1","0","0","2","0","0","0","0","0","0","0","0","0","0","0","0","0","0","1"
"0x7d97cf7afc60","      LOP3.LUT R26, R149, 0x80, RZ, 0xfc, !PT","30","15","30","32768","1048576","1048576","32","32","0","0","0","-","-","-","0","0","0","0","0","0","0","0","-","0","0","0","0","0","0","0","0","0","0","0","0","21","3","0","0","0","0","0","5","0","0","0","1","0","0","0","0","0","0","13","2","0","0","0","0","0","0","0","0","0","0"
"0x7d97cf7afc70","      LDGSTS.E.BYPASS.128 desc[UR20][R32.64], P4, [R151+0x14800]","2","0","2","32768","1048576","1048576","32","32","0","0","0","Global,Shared","Load,Store","128","130048","4","0","131072","131072","0","520192","520192","","0","0","0","0","0","0","0","0","0","0","0","0","0","0","0","0","0","0","0","2","0","0","0","0","0","0","0","0","0","0","0","0","0","0","0","0","0","0","0","0","0","0"
"0x7d97cf7afc80","      LEA.HI.X.SX32 R13, R13, R3, 0x1, P5","5","0","5","32768","1048576","1048576","32","32","0","0","0","-","-","-","0","0","0","0","0","0","0","0","-","0","0","0","0","0","0","0","0","0","0","0","0","0","0","0","0","0","0","0","5","0","0","0","0","0","0","0","0","0","0","0","0","0","0","0","0","0","0","0","0","0","0"
"0x7d97cf7afc90","      LEA R24, P5, R25, R2, 0x1","9","3","9","32768","1048576","1048576","32","32","0","0","0","-","-","-","0","0","0","0","0","0","0","0","-","0","0","0","0","0","0","0","0","0","0","0","0","0","2","0","0","0","0","3","2","0","0","0","2","0","0","0","0","0","0","0","2","0","0","0","0","0","0","0","0","0","1"
"0x7d97cf7afca0","      LDGSTS.E.BYPASS.128 desc[UR20][R12.64], P3, [R151+0x15000]","12","6","12","32768","1048576","1048576","32","32","0","0","0","Global,Shared","Load,Store","128","130048","4","0","131072","131072","0","520192","520192","","0","0","0","0","0","0","0","0","0","0","0","6","0","0","0","0","0","0","2","2","0","0","0","2","0","0","0","0","0","4","0","0","0","0","0","0","0","0","0","0","0","2"
"0x7d97cf7afcb0","      LEA.HI.X.SX32 R25, R25, R3, 0x1, P5","2","0","2","32768","1048576","1048576","32","32","0","0","0","-","-","-","0","0","0","0","0","0","0","0","-","0","0","0","0","0","0","0","0","0","0","0","0","0","0","0","0","0","0","0","2","0","0","0","0","0","0","0","0","0","0","0","0","0","0","0","0","0","0","0","0","0","0"
"0x7d97cf7afcc0","      LDGSTS.E.BYPASS.128 desc[UR20][R24.64], P2, [R151+0x15800]","22","15","22","32768","1048576","1048576","32","32","0","0","0","Global,Shared","Load,Store","128","130048","4","0","131072","131072","0","520192","520192","","0","0","0","0","0","0","0","0","0","0","0","6","0","0","0","0","0","0","1","2","0","0","0","13","0","0","0","0","0","5","0","0","0","0","0","0","0","0","0","0","0","10"
"0x7d97cf7afcd0","      ISETP.GE.AND P2, PT, R26, UR22, PT","1","0","1","32768","1048576","1048576","32","32","0","0","0","-","-","-","0","0","0","0","0","0","0","0","-","0","0","0","0","0","0","0","0","0","0","0","0","0","0","0","0","0","0","0","1","0","0","0","0","0","0","0","0","0","0","0","0","0","0","0","0","0","0","0","0","0","0"
"0x7d97cf7afce0","      LOP3.LUT R26, R149, 0x90, RZ, 0xfc, !PT","2","2","2","32768","1048576","1048576","32","32","0","0","0","-","-","-","0","0","0","0","0","0","0","0","-","0","0","0","0","0","0","0","0","0","0","0","0","0","1","0","0","0","0","0","0","0","0","0","1","0","0","0","0","0","0","0","1","0","0","0","0","0","0","0","0","0","1"
"0x7d97cf7afcf0","      LDGDEPBAR","15","11","15","32768","1048576","1048576","32","32","0","0","0","-","-","-","0","0","0","0","0","0","0","0","-","0","0","0","0","0","0","0","0","0","0","0","13","0","0","0","0","0","0","0","2","0","0","0","0","0","0","0","0","0","11","0","0","0","0","0","0","0","0","0","0","0","0"
"0x7d97cf7afd00","      SEL R27, RZ, 0x10, P2","3","0","3","32768","1048576","1048576","32","32","0","0","0","-","-","-","0","0","0","0","0","0","0","0","-","0","0","0","0","0","0","0","0","0","0","0","0","0","0","0","0","0","0","0","3","0","0","0","0","0","0","0","0","0","0","0","0","0","0","0","0","0","0","0","0","0","0"
"0x7d97cf7afd10","      ISETP.GE.AND P2, PT, R26, UR22, PT","3","2","3","32768","1048576","1048576","32","32","0","0","0","-","-","-","0","0","0","0","0","0","0","0","-","0","0","0","0","0","0","0","0","0","0","0","0","0","0","0","0","0","0","0","1","0","0","0","2","0","0","0","0","0","0","0","0","0","0","0","0","0","0","0","0","0","2"
"0x7d97cf7afd20","      LOP3.LUT R26, R149, 0xa0, RZ, 0xfc, !PT","5","3","5","32768","1048576","1048576","32","32","0","0","0","-","-","-","0","0","0","0","0","0","0","0","-","0","0","0","0","0","0","0","0","0","0","0","0","0","0","0","0","0","0","0","2","0","0","0","3","0","0","0","0","0","0","0","0","0","0","0","0","0","0","0","0","0","3"
"0x7d97cf7afd30","      SEL R28, RZ, 0x10, P2","4","1","4","32768","1048576","1048576","32","32","0","0","0","-","-","-","0","0","0","0","0","0","0","0","-","0","0","0","0","0","0","0","0","0","0","0","0","0","0","0","0","0","0","0","3","0","0","0","1","0","0","0","0","0","0","0","0","0","0","0","0","0","0","0","0","0","1"
"0x7d97cf7afd40","      ISETP.GE.AND P2, PT, R26, UR22, PT","0","0","0","32768","1048576","1048576","32","32","0","0","0","-","-","-","0","0","0","0","0","0","0","0","-","0","0","0","0","0","0","0","0","0","0","0","0","0","0","0","0","0","0","0","0","0","0","0","0","0","0","0","0","0","0","0","0","0","0","0","0","0","0","0","0","0","0"
"0x7d97cf7afd50","      LOP3.LUT R12, R149, 0xb0, RZ, 0xfc, !PT","127","103","127","32768","1048576","1048576","32","32","0","0","0","-","-","-","0","0","0","0","0","0","0","0","-","0","0","0","0","0","0","0","0","0","0","0","0","119","0","0","0","0","0","2","6","0","0","0","0","0","0","0","0","0","0","103","0","0","0","0","0","0","0","0","0","0","0"
"0x7d97cf7afd60","      SEL R26, RZ, 0x10, P2","5","3","5","32768","1048576","1048576","32","32","0","0","0","-","-","-","0","0","0","0","0","0","0","0","-","0","0","0","0","0","0","0","0","0","0","0","0","0","0","0","0","0","0","0","2","0","0","0","3","0","0","0","0","0","0","0","0","0","0","0","0","0","0","0","0","0","3"
"0x7d97cf7afd70","      ISETP.GE.AND P2, PT, R12, UR22, PT","3","2","3","32768","1048576","1048576","32","32","0","0","0","-","-","-","0","0","0","0","0","0","0","0","-","0","0","0","0","0","0","0","0","0","0","0","0","0","0","0","0","0","0","0","1","0","0","0","2","0","0","0","0","0","0","0","0","0","0","0","0","0","0","0","0","0","2"
"0x7d97cf7afd80","      IMAD R13, R138, 0x80, R77","1","0","1","32768","1048576","1048576","32","32","0","0","0","-","-","-","0","0","0","0","0","0","0","0","-","0","0","0","0","0","0","0","0","0","0","0","0","0","0","0","0","0","0","0","1","0","0","0","0","0","0","0","0","0","0","0","0","0","0","0","0","0","0","0","0","0","0"
"0x7d97cf7afd90","      SEL R12, RZ, 0x10, P2","5","1","5","32768","1048576","1048576","32","32","0","0","0","-","-","-","0","0","0","0","0","0","0","0","-","0","0","0","0","0","0","0","0","0","0","0","0","0","1","0","0","0","0","0","2","0","0","0","2","0","0","0","0","0","0","0","0","0","0","0","0","0","0","0","0","0","1"
"0x7d97cf7afda0","      ISETP.GT.AND P2, PT, R16, 0x80, PT","1","0","1","32768","1048576","1048576","32","32","0","0","0","-","-","-","0","0","0","0","0","0","0","0","-","0","0","0","0","0","0","0","0","0","0","0","0","0","0","0","0","0","0","0","1","0","0","0","0","0","0","0","0","0","0","0","0","0","0","0","0","0","0","0","0","0","0"
"0x7d97cf7afdb0","      IMAD R25, R138, 0x90, R77","19","18","19","32768","1048576","1048576","32","32","0","0","0","-","-","-","0","0","0","0","0","0","0","0","-","0","0","0","0","0","0","0","0","0","0","0","0","17","1","0","0","0","0","0","1","0","0","0","0","0","0","0","0","0","0","17","1","0","0","0","0","0","0","0","0","0","0"
"0x7d97cf7afdc0","      SEL R32, R27, RZ, P2","12","8","12","32768","1048576","1048576","32","32","0","0","0","-","-","-","0","0","0","0","0","0","0","0","-","0","0","0","0","0","0","0","0","0","0","0","0","0","4","0","0","0","0","1","2","0","0","0","5","0","0","0","0","0","0","0","3","0","0","0","0","0","0","0","0","0","5"
"0x7d97cf7afdd0","      SEL R33, R28, RZ, P2","5","3","5","32768","1048576","1048576","32","32","0","0","0","-","-","-","0","0","0","0","0","0","0","0","-","0","0","0","0","0","0","0","0","0","0","0","0","0","0","0","0","0","0","0","2","0","0","0","3","0","0","0","0","0","0","0","0","0","0","0","0","0","0","0","0","0","3"
"0x7d97cf7afde0","      SEL R34, R26, RZ, P2","5","4","5","32768","1048576","1048576","32","32","0","0","0","-","-","-","0","0","0","0","0","0","0","0","-","0","0","0","0","0","0","0","0","0","0","0","0","0","0","0","0","0","0","0","1","0","0","0","4","0","0","0","0","0","0","0","0","0","0","0","0","0","0","0","0","0","4"
"0x7d97cf7afdf0","      SEL R35, R12, RZ, P2","4","1","4","32768","1048576","1048576","32","32","0","0","0","-","-","-","0","0","0","0","0","0","0","0","-","0","0","0","0","0","0","0","0","0","0","0","0","0","0","0","0","0","0","0","3","0","0","0","1","0","0","0","0","0","0","0","0","0","0","0","0","0","0","0","0","0","1"
"0x7d97cf7afe00","      LEA R12, P2, R13, R4, 0x1","3","3","3","32768","1048576","1048576","32","32","0","0","0","-","-","-","0","0","0","0","0","0","0","0","-","0","0","0","0","0","0","0","0","0","0","0","0","0","0","0","0","0","0","0","0","0","0","0","3","0","0","0","0","0","0","0","0","0","0","0","0","0","0","0","0","0","3"
"0x7d97cf7afe10","      IMAD R27, R138, 0xa0, R77","1","0","1","32768","1048576","1048576","32","32","0","0","0","-","-","-","0","0","0","0","0","0","0","0","-","0","0","0","0","0","0","0","0","0","0","0","0","0","0","0","0","0","0","0","1","0","0","0","0","0","0","0","0","0","0","0","0","0","0","0","0","0","0","0","0","0","0"
"0x7d97cf7afe20","      LEA.HI.X.SX32 R13, R13, R5, 0x1, P2","10","4","10","32768","1048576","1048576","32","32","0","0","0","-","-","-","0","0","0","0","0","0","0","0","-","0","0","0","0","0","0","0","0","0","0","0","0","0","7","0","0","0","0","1","0","0","0","0","2","0","0","0","0","0","0","0","3","0","0","0","0","0","0","0","0","0","1"
"0x7d97cf7afe30","      LEA R24, P2, R25, R4, 0x1","4","1","4","32768","1048576","1048576","32","32","0","0","0","-","-","-","0","0","0","0","0","0","0","0","-","0","0","0","0","0","0","0","0","0","0","0","0","0","0","0","0","0","0","0","3","0","0","0","1","0","0","0","0","0","0","0","0","0","0","0","0","0","0","0","0","0","1"
"0x7d97cf7afe40","      IMAD R77, R138, 0xb0, R77","4","0","4","32768","1048576","1048576","32","32","0","0","0","-","-","-","0","0","0","0","0","0","0","0","-","0","0","0","0","0","0","0","0","0","0","0","0","0","0","0","0","0","0","0","4","0","0","0","0","0","0","0","0","0","0","0","0","0","0","0","0","0","0","0","0","0","0"
"0x7d97cf7afe50","      LEA.HI.X.SX32 R25, R25, R5, 0x1, P2","12","3","12","32768","1048576","1048576","32","32","0","0","0","-","-","-","0","0","0","0","0","0","0","0","-","0","0","0","0","0","0","0","0","0","0","0","0","0","2","0","0","0","0","4","3","0","0","0","3","0","0","0","0","0","0","0","2","0","0","0","0","0","0","0","0","0","1"
"0x7d97cf7afe60","      LEA R26, P2, R27, R4, 0x1","4","2","4","32768","1048576","1048576","32","32","0","0","0","-","-","-","0","0","0","0","0","0","0","0","-","0","0","0","0","0","0","0","0","0","0","0","0","0","0","0","0","0","0","0","2","0","0","0","2","0","0","0","0","0","0","0","0","0","0","0","0","0","0","0","0","0","2"
"0x7d97cf7afe70","      IMAD R31, R137, 0x80, R82","0","0","0","32768","1048576","1048576","32","32","0","0","0","-","-","-","0","0","0","0","0","0","0","0","-","0","0","0","0","0","0","0","0","0","0","0","0","0","0","0","0","0","0","0","0","0","0","0","0","0","0","0","0","0","0","0","0","0","0","0","0","0","0","0","0","0","0"
"0x7d97cf7afe80","      LEA.HI.X.SX32 R27, R27, R5, 0x1, P2","11","4","11","32768","1048576","1048576","32","32","0","0","0","-","-","-","0","0","0","0","0","0","0","0","-","0","0","0","0","0","0","0","0","0","0","0","0","0","0","0","0","0","0","2","5","0","0","0","4","0","0","0","0","0","0","0","0","0","0","0","0","0","0","0","0","0","4"
"0x7d97cf7afe90","      LEA R28, P2, R77, R4, 0x1","2","2","2","32768","1048576","1048576","32","32","0","0","0","-","-","-","0","0","0","0","0","0","0","0","-","0","0","0","0","0","0","0","0","0","0","0","0","0","0","0","0","0","0","0","0","0","0","0","2","0","0","0","0","0","0","0","0","0","0","0","0","0","0","0","0","0","2"
"0x7d97cf7afea0","      LEA.HI.X.SX32 R29, R77, R5, 0x1, P2","12","5","12","32768","1048576","1048576","32","32","0","0","0","-","-","-","0","0","0","0","0","0","0","0","-","0","0","0","0","0","0","0","0","0","0","0","0","0","3","0","0","0","0","3","1","0","0","0","5","0","0","0","0","0","0","0","1","0","0","0","0","0","0","0","0","0","4"
"0x7d97cf7afeb0","      LEA R30, P2, R31, R2, 0x1","1","0","1","32768","1048576","1048576","32","32","0","0","0","-","-","-","0","0","0","0","0","0","0","0","-","0","0","0","0","0","0","0","0","0","0","0","0","0","0","0","0","0","0","0","1","0","0","0","0","0","0","0","0","0","0","0","0","0","0","0","0","0","0","0","0","0","0"
"0x7d97cf7afec0","      ISETP.NE.U32.AND P5, PT, R32, RZ, PT","3","2","3","32768","1048576","1048576","32","32","0","0","0","-","-","-","0","0","0","0","0","0","0","0","-","0","0","0","0","0","0","0","0","0","0","0","0","0","0","0","0","0","0","0","1","0","0","0","2","0","0","0","0","0","0","0","0","0","0","0","0","0","0","0","0","0","2"
"0x7d97cf7afed0","      BAR.SYNC.DEFER_BLOCKING 0x0","3","0","3","32768","1048576","1048576","32","32","0","0","0","-","-","-","0","0","0","0","0","0","0","0","-","0","0","0","0","0","0","0","0","0","0","0","0","0","0","0","0","0","0","0","3","0","0","0","0","0","0","0","0","0","0","0","0","0","0","0","0","0","0","0","0","0","0"
"0x7d97cf7afee0","      ISETP.NE.U32.AND P4, PT, R33, RZ, PT","1","0","1","32768","1048576","1048576","32","32","0","0","0","-","-","-","0","0","0","0","0","0","0","0","-","0","0","0","0","0","0","0","0","0","0","0","0","0","0","0","0","0","0","0","1","0","0","0","0","0","0","0","0","0","0","0","0","0","0","0","0","0","0","0","0","0","0"
"0x7d97cf7afef0","      LEA.HI.X.SX32 R31, R31, R3, 0x1, P2","5","4","5","32768","1048576","1048576","32","32","0","0","0","-","-","-","0","0","0","0","0","0","0","0","-","0","0","0","0","0","0","0","0","0","0","0","0","0","0","0","0","0","0","0","1","0","0","0","4","0","0","0","0","0","0","0","0","0","0","0","0","0","0","0","0","0","4"
"0x7d97cf7aff00","      ISETP.NE.U32.AND P3, PT, R34, RZ, PT","4","1","4","32768","1048576","1048576","32","32","0","0","0","-","-","-","0","0","0","0","0","0","0","0","-","0","0","0","0","0","0","0","0","0","0","0","0","0","0","0","0","0","0","0","3","0","0","0","1","0","0","0","0","0","0","0","0","0","0","0","0","0","0","0","0","0","1"
"0x7d97cf7aff10","      ISETP.NE.U32.AND P2, PT, R35, RZ, PT","11","4","11","32768","1048576","1048576","32","32","0","0","0","-","-","-","0","0","0","0","0","0","0","0","-","0","0","0","0","0","0","0","0","0","0","0","0","0","1","0","0","0","0","3","4","0","0","0","3","0","0","0","0","0","0","0","1","0","0","0","0","0","0","0","0","0","3"
"0x7d97cf7aff20","      IMAD R33, R137, 0x90, R82","2","0","2","32768","1048576","1048576","32","32","0","0","0","-","-","-","0","0","0","0","0","0","0","0","-","0","0","0","0","0","0","0","0","0","0","0","0","0","0","0","0","0","0","0","2","0","0","0","0","0","0","0","0","0","0","0","0","0","0","0","0","0","0","0","0","0","0"
"0x7d97cf7aff30","@!PT  LDS RZ, [RZ]","93","65","93","32768","1048576","0","32","0","32","32","0","","Load","32","0","0","0","0","0","0","0","0","-","0","0","0","0","0","0","83","0","0","0","0","0","0","0","0","0","0","0","6","4","0","0","0","0","65","0","0","0","0","0","0","0","0","0","0","0","0","0","0","0","0","0"
"0x7d97cf7aff40","@!PT  LDS RZ, [RZ]","2","0","2","32768","1048576","0","32","0","0","32","0","","Load","32","0","0","0","0","0","0","0","0","-","0","0","0","0","0","0","0","0","0","0","0","0","0","0","0","0","0","0","0","2","0","0","0","0","0","0","0","0","0","0","0","0","0","0","0","0","0","0","0","0","0","0"
"0x7d97cf7aff50","@!PT  LDS RZ, [RZ]","0","0","0","32768","1048576","0","32","0","0","32","0","","Load","32","0","0","0","0","0","0","0","0","-","0","0","0","0","0","0","0","0","0","0","0","0","0","0","0","0","0","0","0","0","0","0","0","0","0","0","0","0","0","0","0","0","0","0","0","0","0","0","0","0","0","0"
"0x7d97cf7aff60","      LDGSTS.E.BYPASS.128 desc[UR20][R12.64], P5, [R151+0x8000]","2","0","2","32768","1048576","1048576","32","32","32","0","0","Global,Shared","Load,Store","128","129024","4","0","131072","131072","0","516096","516096","","0","0","0","0","0","0","0","0","0","0","0","0","0","0","0","0","0","0","0","2","0","0","0","0","0","0","0","0","0","0","0","0","0","0","0","0","0","0","0","0","0","0"
"0x7d97cf7aff70","      LDGSTS.E.BYPASS.128 desc[UR20][R24.64], P4, [R151+0x8800]","6","2","6","32768","1048576","1048576","32","32","0","0","0","Global,Shared","Load,Store","128","129024","4","0","131072","131072","0","516096","516096","","0","0","0","0","0","0","0","0","0","0","0","0","0","0","0","0","0","0","0","2","0","0","0","4","0","0","0","0","0","0","0","0","0","0","0","0","0","0","0","0","0","2"
"0x7d97cf7aff80","      LDGSTS.E.BYPASS.128 desc[UR20][R26.64], P3, [R151+0x9000]","8","6","8","32768","1048576","1048576","32","32","0","0","0","Global,Shared","Load,Store","128","129024","4","0","131072","131072","0","516096","516096","","0","0","0","0","0","0","0","0","0","0","0","0","0","0","0","0","0","0","0","1","0","0","0","7","0","0","0","0","0","0","0","0","0","0","0","0","0","0","0","0","0","6"
"0x7d97cf7aff90","      LDGSTS.E.BYPASS.128 desc[UR20][R28.64], P2, [R151+0x9800]","15","9","15","32768","1048576","1048576","32","32","0","0","0","Global,Shared","Load,Store","128","129024","4","0","131072","131072","0","516096","516096","","0","0","0","0","0","0","0","0","0","0","0","0","0","0","0","6","0","0","1","0","0","0","0","8","0","0","0","0","0","0","0","0","0","6","0","0","0","0","0","0","0","3"
"0x7d97cf7affa0","      IMAD R13, R137, 0xa0, R82","32","24","32","32768","1048576","1048576","32","32","0","0","0","-","-","-","0","0","0","0","0","0","0","0","-","0","0","0","0","0","0","0","0","0","0","0","0","27","0","0","0","0","0","0","5","0","0","0","0","0","0","0","0","0","0","24","0","0","0","0","0","0","0","0","0","0","0"
"0x7d97cf7affb0","      LDGDEPBAR","8","4","8","32768","1048576","1048576","32","32","0","0","0","-","-","-","0","0","0","0","0","0","0","0","-","0","0","0","0","0","0","0","0","0","0","0","0","0","0","0","3","0","0","0","4","0","0","0","1","0","0","0","0","0","0","0","0","0","3","0","0","0","0","0","0","0","1"
"0x7d97cf7affc0","      LDGSTS.E.BYPASS.128 desc[UR20][R30.64], P5, [R151+0x18000]","11","9","11","32768","1048576","1048576","32","32","0","0","0","Global,Shared","Load,Store","128","129024","4","0","131072","131072","0","516096","516096","","0","0","0","0","0","0","0","0","0","0","0","0","0","0","0","0","0","0","0","2","0","0","0","9","0","0","0","0","0","0","0","0","0","0","0","0","0","0","0","0","0","9"
"0x7d97cf7affd0","      LEA R32, P5, R33, R2, 0x1","4","0","4","32768","1048576","1048576","32","32","0","0","0","-","-","-","0","0","0","0","0","0","0","0","-","0","0","0","0","0","0","0","0","0","0","0","0","0","0","0","0","0","0","0","4","0","0","0","0","0","0","0","0","0","0","0","0","0","0","0","0","0","0","0","0","0","0"
"0x7d97cf7affe0","      IMAD R25, R137, 0xb0, R82","23","21","23","32768","1048576","1048576","32","32","0","0","0","-","-","-","0","0","0","0","0","0","0","0","-","0","0","0","0","0","0","0","0","0","0","0","0","22","0","0","0","0","0","0","1","0","0","0","0","0","0","0","0","0","0","21","0","0","0","0","0","0","0","0","0","0","0"
"0x7d97cf7afff0","      LEA.HI.X.SX32 R33, R33, R3, 0x1, P5","12","2","12","32768","1048576","1048576","32","32","0","0","0","-","-","-","0","0","0","0","0","0","0","0","-","0","0","0","0","0","0","0","0","0","0","0","0","0","1","0","0","0","0","1","4","0","0","0","6","0","0","0","0","0","0","0","1","0","0","0","0","0","0","0","0","0","1"
"0x7d97cf7b0000","      LEA R12, P5, R13, R2, 0x1","7","4","7","32768","1048576","1048576","32","32","0","0","0","-","-","-","0","0","0","0","0","0","0","0","-","0","0","0","0","0","0","0","0","1","0","0","0","0","0","0","0","0","0","0","2","0","0","0","4","0","0","1","0","0","0","0","0","0","0","0","0","0","0","0","0","0","3"
"0x7d97cf7b0010","      LDGSTS.E.BYPASS.128 desc[UR20][R32.64], P4, [R151+0x18800]","5","3","5","32768","1048576","1048576","32","32","0","0","0","Global,Shared","Load,Store","128","129024","4","0","131072","131072","0","516096","516096","","0","0","0","0","0","0","0","0","0","0","0","0","0","0","0","0","0","0","0","2","0","0","0","3","0","0","0","0","0","0","0","0","0","0","0","0","0","0","0","0","0","3"
"0x7d97cf7b0020","      LEA.HI.X.SX32 R13, R13, R3, 0x1, P5","4","0","4","32768","1048576","1048576","32","32","0","0","0","-","-","-","0","0","0","0","0","0","0","0","-","0","0","0","0","0","0","0","0","0","0","0","0","0","0","0","0","0","0","0","4","0","0","0","0","0","0","0","0","0","0","0","0","0","0","0","0","0","0","0","0","0","0"
"0x7d97cf7b0030","      LEA R34, P5, R25, R2, 0x1","5","4","5","32768","1048576","1048576","32","32","0","0","0","-","-","-","0","0","0","0","0","0","0","0","-","0","0","0","0","0","0","0","0","0","0","0","0","0","2","0","0","0","0","1","0","0","0","0","2","0","0","0","0","0","0","0","2","0","0","0","0","0","0","0","0","0","2"
"0x7d97cf7b0040","      LDGSTS.E.BYPASS.128 desc[UR20][R12.64], P3, [R151+0x19000]","27","20","27","32768","1048576","1048576","32","32","0","0","0","Global,Shared","Load,Store","128","129024","4","0","131072","131072","0","516096","516096","","0","0","0","0","0","0","0","0","0","0","0","21","0","0","0","0","0","0","0","3","0","0","0","3","0","0","0","0","0","17","0","0","0","0","0","0","0","0","0","0","0","3"
"0x7d97cf7b0050","      LEA.HI.X.SX32 R35, R25, R3, 0x1, P5","4","0","4","32768","1048576","1048576","32","32","0","0","0","-","-","-","0","0","0","0","0","0","0","0","-","0","0","0","0","0","0","0","0","0","0","0","0","0","0","0","0","0","0","0","4","0","0","0","0","0","0","0","0","0","0","0","0","0","0","0","0","0","0","0","0","0","0"
"0x7d97cf7b0060","      LDGSTS.E.BYPASS.128 desc[UR20][R34.64], P2, [R151+0x19800]","32","19","32","32768","1048576","1048576","32","32","0","0","0","Global,Shared","Load,Store","128","129024","4","0","131072","131072","0","516096","516096","","0","0","0","0","0","0","0","0","0","0","0","16","0","0","0","2","0","0","3","3","0","0","0","8","0","0","0","0","0","10","0","0","0","2","0","0","0","0","0","0","0","7"
"0x7d97cf7b0070","      ISETP.GE.AND P2, PT, R16, 0x1, PT","2","0","2","32768","1048576","1048576","32","32","0","0","0","-","-","-","0","0","0","0","0","0","0","0","-","0","0","0","0","0","0","0","0","0","0","0","0","0","0","0","0","0","0","0","2","0","0","0","0","0","0","0","0","0","0","0","0","0","0","0","0","0","0","0","0","0","0"
"0x7d97cf7b0080","      LOP3.LUT R146, R0, 0x3, RZ, 0xc0, !PT","4","2","4","32768","1048576","1048576","32","32","0","0","0","-","-","-","0","0","0","0","0","0","0","0","-","0","0","0","0","0","0","0","0","0","0","0","0","0","0","0","0","0","0","0","2","0","0","0","2","0","0","0","0","0","0","0","0","0","0","0","0","0","0","0","0","0","2"
"0x7d97cf7b0090","      LDGDEPBAR","34","32","34","32768","1048576","1048576","32","32","0","0","0","-","-","-","0","0","0","0","0","0","0","0","-","0","0","0","0","0","0","0","0","0","0","0","20","0","0","0","13","0","0","0","1","0","0","0","0","0","0","0","0","0","19","0","0","0","13","0","0","0","0","0","0","0","0"
"0x7d97cf7b00a0","      SHF.R.U32.HI R24, RZ, 0x5, R0","1","0","1","32768","1048576","1048576","32","32","0","0","0","-","-","-","0","0","0","0","0","0","0","0","-","0","0","0","0","0","0","0","0","0","0","0","0","0","0","0","0","0","0","0","1","0","0","0","0","0","0","0","0","0","0","0","0","0","0","0","0","0","0","0","0","0","0"
"0x7d97cf7b00b0","      USHF.R.S32.HI UR24, URZ, 0x1f, UR22","5","0","5","32768","1048576","1048576","32","32","0","0","0","-","-","-","0","0","0","0","0","0","0","0","-","0","0","0","0","0","0","0","0","0","0","0","0","0","0","0","0","0","0","0","5","0","0","0","0","0","0","0","0","0","0","0","0","0","0","0","0","0","0","0","0","0","0"
"0x7d97cf7b00c0","      IMAD.SHL.U32 R153, R146, 0x2, RZ","3","1","3","32768","1048576","1048576","32","32","0","0","0","-","-","-","0","0","0","0","0","0","0","0","-","0","0","0","0","0","0","0","0","0","0","0","0","0","0","0","0","0","0","0","2","0","0","0","1","0","0","0","0","0","0","0","0","0","0","0","0","0","0","0","0","0","1"
"0x7d97cf7b00d0","      R2UR UR23, R24","1","0","1","32768","1048576","1048576","32","32","0","0","0","-","-","-","0","0","0","0","0","0","0","0","-","0","0","0","0","0","0","0","0","0","0","0","0","0","0","0","0","0","0","0","1","0","0","0","0","0","0","0","0","0","0","0","0","0","0","0","0","0","0","0","0","0","0"
"0x7d97cf7b00e0","@!PT  LDS RZ, [RZ]","10","8","10","32768","1048576","0","32","0","32","32","0","","Load","32","0","0","0","0","0","0","0","0","-","0","0","0","0","0","0","0","0","0","0","0","0","0","0","0","8","0","0","0","2","0","0","0","0","0","0","0","0","0","0","0","0","0","8","0","0","0","0","0","0","0","0"
"0x7d97cf7b00f0","      MEMBAR.ALL.CTA","31","25","31","32768","1048576","1048576","32","32","32","0","0","-","-","-","0","0","0","0","0","0","0","0","-","0","0","0","0","0","0","0","0","0","0","0","5","0","0","0","24","0","0","1","1","0","0","0","0","0","0","0","0","0","4","0","0","0","21","0","0","0","0","0","0","0","0"
"0x7d97cf7b0100","      FENCE.VIEW.ASYNC.S","168","156","168","32768","1048576","1048576","32","32","0","0","0","-","-","-","0","0","0","0","0","0","0","0","-","0","0","0","0","0","0","0","0","0","0","0","0","157","0","0","0","0","0","0","0","0","0","0","11","0","0","0","0","0","0","145","0","0","0","0","0","0","0","0","0","0","11"
"0x7d97cf7b0110","      P2R R169, PR, RZ, 0x40","3","0","3","32768","1048576","1048576","32","32","0","0","0","-","-","-","0","0","0","0","0","0","0","0","-","0","0","0","0","0","0","0","0","0","0","0","0","0","0","0","0","0","0","0","3","0","0","0","0","0","0","0","0","0","0","0","0","0","0","0","0","0","0","0","0","0","0"
"0x7d97cf7b0120","      IMAD.MOV.U32 R147, RZ, RZ, -0x800000","0","0","0","32768","1048576","1048576","32","32","0","0","0","-","-","-","0","0","0","0","0","0","0","0","-","0","0","0","0","0","0","0","0","0","0","0","0","0","0","0","0","0","0","0","0","0","0","0","0","0","0","0","0","0","0","0","0","0","0","0","0","0","0","0","0","0","0"
"0x7d97cf7b0130","      CS2R R24, SRZ","2","0","2","32768","1048576","1048576","32","32","0","0","0","-","-","-","0","0","0","0","0","0","0","0","-","0","0","0","0","0","0","0","0","0","0","0","0","0","0","0","0","0","0","0","2","0","0","0","0","0","0","0","0","0","0","0","0","0","0","0","0","0","0","0","0","0","0"
"0x7d97cf7b0140","      IMAD.MOV.U32 R141, RZ, RZ, RZ","0","0","0","32768","1048576","1048576","32","32","0","0","0","-","-","-","0","0","0","0","0","0","0","0","-","0","0","0","0","0","0","0","0","0","0","0","0","0","0","0","0","0","0","0","0","0","0","0","0","0","0","0","0","0","0","0","0","0","0","0","0","0","0","0","0","0","0"
"0x7d97cf7b0150","      CS2R R26, SRZ","1","0","1","32768","1048576","1048576","32","32","0","0","0","-","-","-","0","0","0","0","0","0","0","0","-","0","0","0","0","0","0","0","0","0","0","0","0","0","0","0","0","0","0","0","1","0","0","0","0","0","0","0","0","0","0","0","0","0","0","0","0","0","0","0","0","0","0"
"0x7d97cf7b0160","      IMAD.MOV.U32 R142, RZ, RZ, RZ","1","0","1","32768","1048576","1048576","32","32","0","0","0","-","-","-","0","0","0","0","0","0","0","0","-","0","0","0","0","0","0","0","0","0","0","0","0","0","0","0","0","0","0","0","1","0","0","0","0","0","0","0","0","0","0","0","0","0","0","0","0","0","0","0","0","0","0"
"0x7d97cf7b0170","      CS2R R28, SRZ","1","0","1","32768","1048576","1048576","32","32","0","0","0","-","-","-","0","0","0","0","0","0","0","0","-","0","0","0","0","0","0","0","0","0","0","0","0","0","0","0","0","0","0","0","1","0","0","0","0","0","0","0","0","0","0","0","0","0","0","0","0","0","0","0","0","0","0"
"0x7d97cf7b0180","      IMAD.MOV.U32 R143, RZ, RZ, -0x800000","1","0","1","32768","1048576","1048576","32","32","0","0","0","-","-","-","0","0","0","0","0","0","0","0","-","0","0","0","0","0","0","0","0","0","0","0","0","0","0","0","0","0","0","0","1","0","0","0","0","0","0","0","0","0","0","0","0","0","0","0","0","0","0","0","0","0","0"
"0x7d97cf7b0190","      CS2R R30, SRZ","1","0","1","32768","1048576","1048576","32","32","0","0","0","-","-","-","0","0","0","0","0","0","0","0","-","0","0","0","0","0","0","0","0","0","0","0","0","0","0","0","0","0","0","0","1","0","0","0","0","0","0","0","0","0","0","0","0","0","0","0","0","0","0","0","0","0","0"
"0x7d97cf7b01a0","      CS2R R32, SRZ","28","11","28","32768","1048576","1048576","32","32","0","0","0","-","-","-","0","0","0","0","0","0","0","0","-","0","0","0","0","0","0","0","0","0","0","0","0","0","14","0","0","0","0","12","1","0","0","0","1","0","0","0","0","0","0","0","10","0","0","0","0","0","0","0","0","0","1"
"0x7d97cf7b01b0","      CS2R R34, SRZ","6","2","6","32768","1048576","1048576","32","32","0","0","0","-","-","-","0","0","0","0","0","0","0","0","-","0","0","0","0","0","0","0","0","0","0","0","0","0","0","0","0","0","0","0","4","0","0","0","2","0","0","0","0","0","0","0","0","0","0","0","0","0","0","0","0","0","2"
"0x7d97cf7b01c0","      CS2R R36, SRZ","3","2","3","32768","1048576","1048576","32","32","0","0","0","-","-","-","0","0","0","0","0","0","0","0","-","0","0","0","0","0","0","0","0","0","0","0","0","0","0","0","0","0","0","0","1","0","0","0","2","0","0","0","0","0","0","0","0","0","0","0","0","0","0","0","0","0","2"
"0x7d97cf7b01d0","      CS2R R38, SRZ","2","2","2","32768","1048576","1048576","32","32","0","0","0","-","-","-","0","0","0","0","0","0","0","0","-","0","0","0","0","0","0","0","0","0","0","0","0","0","0","0","0","0","0","0","0","0","0","0","2","0","0","0","0","0","0","0","0","0","0","0","0","0","0","0","0","0","2"
"0x7d97cf7b01e0","      CS2R R40, SRZ","0","0","0","32768","1048576","1048576","32","32","0","0","0","-","-","-","0","0","0","0","0","0","0","0","-","0","0","0","0","0","0","0","0","0","0","0","0","0","0","0","0","0","0","0","0","0","0","0","0","0","0","0","0","0","0","0","0","0","0","0","0","0","0","0","0","0","0"
"0x7d97cf7b01f0","      CS2R R42, SRZ","3","1","3","32768","1048576","1048576","32","32","0","0","0","-","-","-","0","0","0","0","0","0","0","0","-","0","0","0","0","0","0","0","0","0","0","0","0","0","1","0","0","0","0","0","1","0","0","0","1","0","0","0","0","0","0","0","0","0","0","0","0","0","0","0","0","0","1"
"0x7d97cf7b0200","      CS2R R44, SRZ","21","8","21","32768","1048576","1048576","32","32","0","0","0","-","-","-","0","0","0","0","0","0","0","0","-","0","0","0","0","0","0","0","0","0","0","0","0","0","8","0","0","0","0","12","1","0","0","0","0","0","0","0","0","0","0","0","8","0","0","0","0","0","0","0","0","0","0"
"0x7d97cf7b0210","      CS2R R46, SRZ","7","3","7","32768","1048576","1048576","32","32","0","0","0","-","-","-","0","0","0","0","0","0","0","0","-","0","0","0","0","0","0","0","0","0","0","0","0","0","1","0","0","0","0","0","3","0","0","0","3","0","0","0","0","0","0","0","0","0","0","0","0","0","0","0","0","0","3"
"0x7d97cf7b0220","      CS2R R48, SRZ","5","2","5","32768","1048576","1048576","32","32","0","0","0","-","-","-","0","0","0","0","0","0","0","0","-","0","0","0","0","0","0","0","0","0","0","0","0","0","0","0","0","0","0","0","3","0","0","0","2","0","0","0","0","0","0","0","0","0","0","0","0","0","0","0","0","0","2"
"0x7d97cf7b0230","      CS2R R50, SRZ","5","2","5","32768","1048576","1048576","32","32","0","0","0","-","-","-","0","0","0","0","0","0","0","0","-","0","0","0","0","0","0","0","0","0","0","0","0","0","0","0","0","0","0","0","3","0","0","0","2","0","0","0","0","0","0","0","0","0","0","0","0","0","0","0","0","0","2"
"0x7d97cf7b0240","      CS2R R52, SRZ","6","3","6","32768","1048576","1048576","32","32","0","0","0","-","-","-","0","0","0","0","0","0","0","0","-","0","0","0","0","0","0","0","0","0","0","0","0","0","0","0","0","0","0","2","1","0","0","0","3","0","0","0","0","0","0","0","0","0","0","0","0","0","0","0","0","0","3"
"0x7d97cf7b0250","      CS2R R54, SRZ","5","4","5","32768","1048576","1048576","32","32","0","0","0","-","-","-","0","0","0","0","0","0","0","0","-","0","0","0","0","0","0","0","0","0","0","0","0","0","0","0","0","0","0","0","1","0","0","0","4","0","0","0","0","0","0","0","0","0","0","0","0","0","0","0","0","0","4"
"0x7d97cf7b0260","      CS2R R56, SRZ","27","18","27","32768","1048576","1048576","32","32","0","0","0","-","-","-","0","0","0","0","0","0","0","0","-","0","0","0","0","0","0","0","0","0","0","0","0","0","16","0","0","0","0","9","0","0","0","0","2","0","0","0","0","0","0","0","16","0","0","0","0","0","0","0","0","0","2"
"0x7d97cf7b0270","      CS2R R58, SRZ","4","0","4","32768","1048576","1048576","32","32","0","0","0","-","-","-","0","0","0","0","0","0","0","0","-","0","0","0","0","0","0","0","0","0","0","0","0","0","0","0","0","0","0","0","3","0","0","0","1","0","0","0","0","0","0","0","0","0","0","0","0","0","0","0","0","0","0"
"0x7d97cf7b0280","      CS2R R60, SRZ","1","1","1","32768","1048576","1048576","32","32","0","0","0","-","-","-","0","0","0","0","0","0","0","0","-","0","0","0","0","0","0","0","0","0","0","0","0","0","0","0","0","0","0","0","0","0","0","0","1","0","0","0","0","0","0","0","0","0","0","0","0","0","0","0","0","0","1"
"0x7d97cf7b0290","      CS2R R62, SRZ","6","3","6","32768","1048576","1048576","32","32","0","0","0","-","-","-","0","0","0","0","0","0","0","0","-","0","0","0","0","0","0","0","0","0","0","0","0","0","0","0","0","0","0","0","3","0","0","0","3","0","0","0","0","0","0","0","0","0","0","0","0","0","0","0","0","0","3"
"0x7d97cf7b02a0","      CS2R R64, SRZ","15","3","15","32768","1048576","1048576","32","32","0","0","0","-","-","-","0","0","0","0","0","0","0","0","-","0","0","0","0","0","0","0","0","0","0","0","0","0","9","0","0","0","0","4","0","0","0","0","2","0","0","0","0","0","0","0","1","0","0","0","0","0","0","0","0","0","2"
"0x7d97cf7b02b0","      CS2R R66, SRZ","5","3","5","32768","1048576","1048576","32","32","0","0","0","-","-","-","0","0","0","0","0","0","0","0","-","0","0","0","0","0","0","0","0","0","0","0","0","0","0","0","0","0","0","0","2","0","0","0","3","0","0","0","0","0","0","0","0","0","0","0","0","0","0","0","0","0","3"
"0x7d97cf7b02c0","      CS2R R68, SRZ","26","9","26","32768","1048576","1048576","32","32","0","0","0","-","-","-","0","0","0","0","0","0","0","0","-","0","0","0","0","0","0","0","0","0","0","0","0","0","9","0","0","0","0","13","2","0","0","0","2","0","0","0","0","0","0","0","7","0","0","0","0","0","0","0","0","0","2"
"0x7d97cf7b02d0","      CS2R R70, SRZ","5","1","5","32768","1048576","1048576","32","32","0","0","0","-","-","-","0","0","0","0","0","0","0","0","-","0","0","0","0","0","0","0","0","0","0","0","0","0","0","0","0","0","0","0","3","0","0","0","2","0","0","0","0","0","0","0","0","0","0","0","0","0","0","0","0","0","1"
"0x7d97cf7b02e0","      CS2R R72, SRZ","2","1","2","32768","1048576","1048576","32","32","0","0","0","-","-","-","0","0","0","0","0","0","0","0","-","0","0","0","0","0","0","0","0","0","0","0","0","0","0","0","0","0","0","0","1","0","0","0","1","0","0","0","0","0","0","0","0","0","0","0","0","0","0","0","0","0","1"
"0x7d97cf7b02f0","      CS2R R74, SRZ","6","3","6","32768","1048576","1048576","32","32","0","0","0","-","-","-","0","0","0","0","0","0","0","0","-","0","0","0","0","0","0","0","0","0","0","0","0","0","0","0","0","0","0","0","3","0","0","0","3","0","0","0","0","0","0","0","0","0","0","0","0","0","0","0","0","0","3"
"0x7d97cf7b0300","      CS2R R76, SRZ","13","0","13","32768","1048576","1048576","32","32","0","0","0","-","-","-","0","0","0","0","0","0","0","0","-","0","0","0","0","0","0","0","0","0","0","0","0","0","5","0","0","0","0","7","1","0","0","0","0","0","0","0","0","0","0","0","0","0","0","0","0","0","0","0","0","0","0"
"0x7d97cf7b0310","      CS2R R78, SRZ","4","1","4","32768","1048576","1048576","32","32","0","0","0","-","-","-","0","0","0","0","0","0","0","0","-","0","0","0","0","0","0","0","0","0","0","0","0","0","0","0","0","0","0","0","3","0","0","0","1","0","0","0","0","0","0","0","0","0","0","0","0","0","0","0","0","0","1"
"0x7d97cf7b0320","      CS2R R80, SRZ","14","8","14","32768","1048576","1048576","32","32","0","0","0","-","-","-","0","0","0","0","0","0","0","0","-","0","0","0","0","0","0","0","0","0","0","0","0","0","8","0","0","0","0","5","1","0","0","0","0","0","0","0","0","0","0","0","8","0","0","0","0","0","0","0","0","0","0"
"0x7d97cf7b0330","      CS2R R82, SRZ","4","3","4","32768","1048576","1048576","32","32","0","0","0","-","-","-","0","0","0","0","0","0","0","0","-","0","0","0","0","0","0","0","0","0","0","0","0","0","0","0","0","0","0","0","1","0","0","0","3","0","0","0","0","0","0","0","0","0","0","0","0","0","0","0","0","0","3"
"0x7d97cf7b0340","      CS2R R84, SRZ","6","3","6","32768","1048576","1048576","32","32","0","0","0","-","-","-","0","0","0","0","0","0","0","0","-","0","0","0","0","0","0","0","0","0","0","0","0","0","0","0","0","0","0","0","3","0","0","0","3","0","0","0","0","0","0","0","0","0","0","0","0","0","0","0","0","0","3"
"0x7d97cf7b0350","      CS2R R86, SRZ","4","2","4","32768","1048576","1048576","32","32","0","0","0","-","-","-","0","0","0","0","0","0","0","0","-","0","0","0","0","0","0","0","0","0","0","0","0","0","0","0","0","0","0","0","2","0","0","0","2","0","0","0","0","0","0","0","0","0","0","0","0","0","0","0","0","0","2"
"0x7d97cf7b0360","      VIADD R145, R153, 0x20","1","0","1","32768","1048576","1048576","32","32","0","0","0","-","-","-","0","0","0","0","0","0","0","0","-","0","0","0","0","0","0","0","0","0","0","0","0","0","0","0","0","0","0","0","1","0","0","0","0","0","0","0","0","0","0","0","0","0","0","0","0","0","0","0","0","0","0"
"0x7d97cf7b0370","      VIADD R144, R153, 0x30","6","0","6","32768","1048576","1048576","32","32","0","0","0","-","-","-","0","0","0","0","0","0","0","0","-","0","0","0","0","0","0","0","0","0","0","0","0","0","0","0","0","0","0","0","4","0","0","0","2","0","0","0","0","0","0","0","0","0","0","0","0","0","0","0","0","0","0"
"0x7d97cf7b0380","@!P2  BRA 0x7d97cf7b22d0","4","0","4","32768","1048576","8192","32","0","32","32","0","-","-","-","0","0","0","0","0","0","0","0","-","0","0","0","0","0","0","0","0","0","0","0","0","0","0","0","0","0","0","0","4","0","0","0","0","0","0","0","0","0","0","0","0","0","0","0","0","0","0","0","0","0","0"
"0x7d97cf7b0390","      VIADD R159, R16, 0xffffff40","16","3","16","32512","1040384","1040384","32","32","32","0","0","-","-","-","0","0","0","0","0","0","0","0","-","0","0","0","0","0","0","0","0","0","0","0","0","0","0","0","0","0","0","1","3","0","0","0","12","0","0","0","0","0","0","0","0","0","0","0","0","0","0","0","0","0","3"
"0x7d97cf7b03a0","      SHF.R.U32.HI R163, RZ, 0x4, R0","4","0","4","32512","1040384","1040384","32","32","0","0","0","-","-","-","0","0","0","0","0","0","0","0","-","0","0","0","0","0","0","0","0","0","0","0","0","0","0","0","0","0","0","0","4","0","0","0","0","0","0","0","0","0","0","0","0","0","0","0","0","0","0","0","0","0","0"
"0x7d97cf7b03b0","      VIADD R157, R153, 0x10","3","0","3","32512","1040384","1040384","32","32","0","0","0","-","-","-","0","0","0","0","0","0","0","0","-","0","0","0","0","0","0","0","0","0","0","0","0","0","0","0","0","0","0","0","3","0","0","0","0","0","0","0","0","0","0","0","0","0","0","0","0","0","0","0","0","0","0"
"0x7d97cf7b03c0","      LOP3.LUT R156, R149, 0xf0, RZ, 0xfc, !PT","2","0","2","32512","1040384","1040384","32","32","0","0","0","-","-","-","0","0","0","0","0","0","0","0","-","0","0","0","0","0","0","0","0","0","0","0","0","0","0","0","0","0","0","0","2","0","0","0","0","0","0","0","0","0","0","0","0","0","0","0","0","0","0","0","0","0","0"
"0x7d97cf7b03d0","      IMAD.MOV.U32 R141, RZ, RZ, RZ","2","0","2","32512","1040384","1040384","32","32","0","0","0","-","-","-","0","0","0","0","0","0","0","0","-","0","0","0","0","0","0","0","0","0","0","0","0","0","0","0","0","0","0","0","2","0","0","0","0","0","0","0","0","0","0","0","0","0","0","0","0","0","0","0","0","0","0"
"0x7d97cf7b03e0","      LOP3.LUT R158, R149, 0xe0, RZ, 0xfc, !PT","3","0","3","32512","1040384","1040384","32","32","0","0","0","-","-","-","0","0","0","0","0","0","0","0","-","0","0","0","0","0","0","0","0","0","0","0","0","0","0","0","0","0","0","0","3","0","0","0","0","0","0","0","0","0","0","0","0","0","0","0","0","0","0","0","0","0","0"
"0x7d97cf7b03f0","      IMAD.MOV.U32 R147, RZ, RZ, -0x800000","0","0","0","32512","1040384","1040384","32","32","0","0","0","-","-","-","0","0","0","0","0","0","0","0","-","0","0","0","0","0","0","0","0","0","0","0","0","0","0","0","0","0","0","0","0","0","0","0","0","0","0","0","0","0","0","0","0","0","0","0","0","0","0","0","0","0","0"
"0x7d97cf7b0400","      LOP3.LUT R160, R149, 0xd0, RZ, 0xfc, !PT","4","0","4","32512","1040384","1040384","32","32","0","0","0","-","-","-","0","0","0","0","0","0","0","0","-","0","0","0","0","0","0","0","0","0","0","0","0","0","0","0","0","0","0","0","4","0","0","0","0","0","0","0","0","0","0","0","0","0","0","0","0","0","0","0","0","0","0"
"0x7d97cf7b0410","      IMAD.MOV.U32 R150, RZ, RZ, RZ","2","0","2","32512","1040384","1040384","32","32","0","0","0","-","-","-","0","0","0","0","0","0","0","0","-","0","0","0","0","0","0","0","0","0","0","0","0","0","0","0","0","0","0","0","2","0","0","0","0","0","0","0","0","0","0","0","0","0","0","0","0","0","0","0","0","0","0"
"0x7d97cf7b0420","      LOP3.LUT R154, R149, 0xc0, RZ, 0xfc, !PT","2","0","2","32512","1040384","1040384","32","32","0","0","0","-","-","-","0","0","0","0","0","0","0","0","-","0","0","0","0","0","0","0","0","0","0","0","0","0","0","0","0","0","0","0","2","0","0","0","0","0","0","0","0","0","0","0","0","0","0","0","0","0","0","0","0","0","0"
"0x7d97cf7b0430","      IMAD.MOV.U32 R152, RZ, RZ, RZ","1","0","1","32512","1040384","1040384","32","32","0","0","0","-","-","-","0","0","0","0","0","0","0","0","-","0","0","0","0","0","0","0","0","0","0","0","0","0","0","0","0","0","0","0","1","0","0","0","0","0","0","0","0","0","0","0","0","0","0","0","0","0","0","0","0","0","0"
"0x7d97cf7b0440","      CS2R R24, SRZ","4","0","4","32512","1040384","1040384","32","32","0","0","0","-","-","-","0","0","0","0","0","0","0","0","-","0","0","0","0","0","0","0","0","0","0","0","0","0","0","0","0","0","0","0","4","0","0","0","0","0","0","0","0","0","0","0","0","0","0","0","0","0","0","0","0","0","0"
"0x7d97cf7b0450","      IMAD.MOV.U32 R155, RZ, RZ, RZ","1","0","1","32512","1040384","1040384","32","32","0","0","0","-","-","-","0","0","0","0","0","0","0","0","-","0","0","0","0","0","0","0","0","0","0","0","0","0","0","0","0","0","0","0","1","0","0","0","0","0","0","0","0","0","0","0","0","0","0","0","0","0","0","0","0","0","0"
"0x7d97cf7b0460","      CS2R R26, SRZ","5","0","5","32512","1040384","1040384","32","32","0","0","0","-","-","-","0","0","0","0","0","0","0","0","-","0","0","0","0","0","0","0","0","0","0","0","0","0","0","0","0","0","0","0","5","0","0","0","0","0","0","0","0","0","0","0","0","0","0","0","0","0","0","0","0","0","0"
"0x7d97cf7b0470","      IMAD.MOV.U32 R148, RZ, RZ, RZ","7","0","7","32512","1040384","1040384","32","32","0","0","0","-","-","-","0","0","0","0","0","0","0","0","-","0","0","0","0","0","0","0","0","0","0","0","0","0","0","0","0","0","0","0","7","0","0","0","0","0","0","0","0","0","0","0","0","0","0","0","0","0","0","0","0","0","0"
"0x7d97cf7b0480","      CS2R R28, SRZ","2","0","2","32512","1040384","1040384","32","32","0","0","0","-","-","-","0","0","0","0","0","0","0","0","-","0","0","0","0","0","0","0","0","0","0","0","0","0","0","0","0","0","0","0","2","0","0","0","0","0","0","0","0","0","0","0","0","0","0","0","0","0","0","0","0","0","0"
"0x7d97cf7b0490","      IMAD.MOV.U32 R143, RZ, RZ, -0x800000","2","0","2","32512","1040384","1040384","32","32","0","0","0","-","-","-","0","0","0","0","0","0","0","0","-","0","0","0","0","0","0","0","0","0","0","0","0","0","0","0","0","0","0","0","2","0","0","0","0","0","0","0","0","0","0","0","0","0","0","0","0","0","0","0","0","0","0"
"0x7d97cf7b04a0","      CS2R R30, SRZ","3","0","3","32512","1040384","1040384","32","32","0","0","0","-","-","-","0","0","0","0","0","0","0","0","-","0","0","0","0","0","0","0","0","0","0","0","0","0","0","0","0","0","0","0","3","0","0","0","0","0","0","0","0","0","0","0","0","0","0","0","0","0","0","0","0","0","0"
"0x7d97cf7b04b0","      IMAD.MOV.U32 R142, RZ, RZ, RZ","1","0","1","32512","1040384","1040384","32","32","0","0","0","-","-","-","0","0","0","0","0","0","0","0","-","0","0","0","0","0","0","0","0","0","0","0","0","0","0","0","0","0","0","0","1","0","0","0","0","0","0","0","0","0","0","0","0","0","0","0","0","0","0","0","0","0","0"
"0x7d97cf7b04c0","      CS2R R32, SRZ","0","0","0","32512","1040384","1040384","32","32","0","0","0","-","-","-","0","0","0","0","0","0","0","0","-","0","0","0","0","0","0","0","0","0","0","0","0","0","0","0","0","0","0","0","0","0","0","0","0","0","0","0","0","0","0","0","0","0","0","0","0","0","0","0","0","0","0"
"0x7d97cf7b04d0","      CS2R R34, SRZ","48","22","48","32512","1040384","1040384","32","32","0","0","0","-","-","-","0","0","0","0","0","0","0","0","-","0","0","0","0","0","0","0","0","0","0","0","0","0","18","0","0","0","0","25","1","0","0","0","4","0","0","0","0","0","0","0","18","0","0","0","0","0","0","0","0","0","4"
"0x7d97cf7b04e0","      CS2R R36, SRZ","6","0","6","32512","1040384","1040384","32","32","0","0","0","-","-","-","0","0","0","0","0","0","0","0","-","0","0","0","0","0","0","0","0","0","0","0","0","0","0","0","0","0","0","0","5","0","0","0","1","0","0","0","0","0","0","0","0","0","0","0","0","0","0","0","0","0","0"
"0x7d97cf7b04f0","      CS2R R38, SRZ","1","0","1","32512","1040384","1040384","32","32","0","0","0","-","-","-","0","0","0","0","0","0","0","0","-","0","0","0","0","0","0","0","0","0","0","0","0","0","0","0","0","0","0","0","1","0","0","0","0","0","0","0","0","0","0","0","0","0","0","0","0","0","0","0","0","0","0"
"0x7d97cf7b0500","      CS2R R40, SRZ","2","0","2","32512","1040384","1040384","32","32","0","0","0","-","-","-","0","0","0","0","0","0","0","0","-","0","0","0","0","0","0","0","0","0","0","0","0","0","0","0","0","0","0","0","2","0","0","0","0","0","0","0","0","0","0","0","0","0","0","0","0","0","0","0","0","0","0"
"0x7d97cf7b0510","      CS2R R42, SRZ","28","3","28","32512","1040384","1040384","32","32","0","0","0","-","-","-","0","0","0","0","0","0","0","0","-","0","0","0","0","0","0","0","0","0","0","0","0","0","13","0","0","0","0","11","2","0","0","0","2","0","0","0","0","0","0","0","1","0","0","0","0","0","0","0","0","0","2"
"0x7d97cf7b0520","      CS2R R44, SRZ","3","2","3","32512","1040384","1040384","32","32","0","0","0","-","-","-","0","0","0","0","0","0","0","0","-","0","0","0","0","0","0","0","0","0","0","0","0","0","0","0","0","0","0","0","1","0","0","0","2","0","0","0","0","0","0","0","0","0","0","0","0","0","0","0","0","0","2"
"0x7d97cf7b0530","      CS2R R46, SRZ","17","10","17","32512","1040384","1040384","32","32","0","0","0","-","-","-","0","0","0","0","0","0","0","0","-","0","0","0","0","0","0","0","0","0","0","0","0","0","13","0","0","0","0","4","0","0","0","0","0","0","0","0","0","0","0","0","10","0","0","0","0","0","0","0","0","0","0"
"0x7d97cf7b0540","      CS2R R48, SRZ","0","0","0","32512","1040384","1040384","32","32","0","0","0","-","-","-","0","0","0","0","0","0","0","0","-","0","0","0","0","0","0","0","0","0","0","0","0","0","0","0","0","0","0","0","0","0","0","0","0","0","0","0","0","0","0","0","0","0","0","0","0","0","0","0","0","0","0"
"0x7d97cf7b0550","      CS2R R50, SRZ","3","1","3","32512","1040384","1040384","32","32","0","0","0","-","-","-","0","0","0","0","0","0","0","0","-","0","0","0","0","0","0","0","0","0","0","0","0","0","0","0","0","0","0","0","2","0","0","0","1","0","0","0","0","0","0","0","0","0","0","0","0","0","0","0","0","0","1"
"0x7d97cf7b0560","      CS2R R52, SRZ","8","4","8","32512","1040384","1040384","32","32","0","0","0","-","-","-","0","0","0","0","0","0","0","0","-","0","0","0","0","0","0","0","0","0","0","0","0","0","0","0","0","0","0","0","4","0","0","0","4","0","0","0","0","0","0","0","0","0","0","0","0","0","0","0","0","0","4"
"0x7d97cf7b0570","      CS2R R54, SRZ","3","0","3","32512","1040384","1040384","32","32","0","0","0","-","-","-","0","0","0","0","0","0","0","0","-","0","0","0","0","0","0","0","0","0","0","0","0","0","0","0","0","0","0","0","3","0","0","0","0","0","0","0","0","0","0","0","0","0","0","0","0","0","0","0","0","0","0"
"0x7d97cf7b0580","      CS2R R56, SRZ","6","4","6","32512","1040384","1040384","32","32","0","0","0","-","-","-","0","0","0","0","0","0","0","0","-","0","0","0","0","0","0","0","0","0","0","0","0","0","0","0","0","0","0","0","2","0","0","0","4","0","0","0","0","0","0","0","0","0","0","0","0","0","0","0","0","0","4"
"0x7d97cf7b0590","      CS2R R58, SRZ","21","3","21","32512","1040384","1040384","32","32","0","0","0","-","-","-","0","0","0","0","0","0","0","0","-","0","0","0","0","0","0","0","0","0","0","0","0","0","7","0","0","0","0","8","5","0","0","0","1","0","0","0","0","0","0","0","2","0","0","0","0","0","0","0","0","0","1"
"0x7d97cf7b05a0","      CS2R R60, SRZ","3","2","3","32512","1040384","1040384","32","32","0","0","0","-","-","-","0","0","0","0","0","0","0","0","-","0","0","0","0","0","0","0","0","0","0","0","0","0","0","0","0","0","0","0","1","0","0","0","2","0","0","0","0","0","0","0","0","0","0","0","0","0","0","0","0","0","2"
"0x7d97cf7b05b0","      CS2R R62, SRZ","2","0","2","32512","1040384","1040384","32","32","0","0","0","-","-","-","0","0","0","0","0","0","0","0","-","0","0","0","0","0","0","0","0","0","0","0","0","0","0","0","0","0","0","0","2","0","0","0","0","0","0","0","0","0","0","0","0","0","0","0","0","0","0","0","0","0","0"
"0x7d97cf7b05c0","      CS2R R64, SRZ","3","2","3","32512","1040384","1040384","32","32","0","0","0","-","-","-","0","0","0","0","0","0","0","0","-","0","0","0","0","0","0","0","0","0","0","0","0","0","0","0","0","0","0","0","1","0","0","0","2","0","0","0","0","0","0","0","0","0","0","0","0","0","0","0","0","0","2"
"0x7d97cf7b05d0","      CS2R R66, SRZ","2","1","2","32512","1040384","1040384","32","32","0","0","0","-","-","-","0","0","0","0","0","0","0","0","-","0","0","0","0","0","0","0","0","0","0","0","0","0","0","0","0","0","0","0","1","0","0","0","1","0","0","0","0","0","0","0","0","0","0","0","0","0","0","0","0","0","1"
"0x7d97cf7b05e0","      CS2R R68, SRZ","2","0","2","32512","1040384","1040384","32","32","0","0","0","-","-","-","0","0","0","0","0","0","0","0","-","0","0","0","0","0","0","0","0","0","0","0","0","0","0","0","0","0","0","0","2","0","0","0","0","0","0","0","0","0","0","0","0","0","0","0","0","0","0","0","0","0","0"
"0x7d97cf7b05f0","      CS2R R70, SRZ","22","7","22","32512","1040384","1040384","32","32","0","0","0","-","-","-","0","0","0","0","0","0","0","0","-","0","0","0","0","0","0","0","0","0","0","0","0","0","8","0","0","0","0","10","2","0","0","0","2","0","0","0","0","0","0","0","5","0","0","0","0","0","0","0","0","0","2"
"0x7d97cf7b0600","      CS2R R72, SRZ","3","3","3","32512","1040384","1040384","32","32","0","0","0","-","-","-","0","0","0","0","0","0","0","0","-","0","0","0","0","0","0","0","0","0","0","0","0","0","0","0","0","0","0","0","0","0","0","0","3","0","0","0","0","0","0","0","0","0","0","0","0","0","0","0","0","0","3"
"0x7d97cf7b0610","      CS2R R74, SRZ","3","1","3","32512","1040384","1040384","32","32","0","0","0","-","-","-","0","0","0","0","0","0","0","0","-","0","0","0","0","0","0","0","0","0","0","0","0","0","0","0","0","0","0","0","2","0","0","0","1","0","0","0","0","0","0","0","0","0","0","0","0","0","0","0","0","0","1"
"0x7d97cf7b0620","      CS2R R76, SRZ","3","1","3","32512","1040384","1040384","32","32","0","0","0","-","-","-","0","0","0","0","0","0","0","0","-","0","0","0","0","0","0","0","0","0","0","0","0","0","0","0","0","0","0","0","2","0","0","0","1","0","0","0","0","0","0","0","0","0","0","0","0","0","0","0","0","0","1"
"0x7d97cf7b0630","      CS2R R78, SRZ","2","1","2","32512","1040384","1040384","32","32","0","0","0","-","-","-","0","0","0","0","0","0","0","0","-","0","0","0","0","0","0","0","0","0","0","0","0","0","0","0","0","0","0","0","1","0","0","0","1","0","0","0","0","0","0","0","0","0","0","0","0","0","0","0","0","0","1"
"0x7d97cf7b0640","      CS2R R80, SRZ","4","3","4","32512","1040384","1040384","32","32","0","0","0","-","-","-","0","0","0","0","0","0","0","0","-","0","0","0","0","0","0","0","0","0","0","0","0","0","0","0","0","0","0","0","1","0","0","0","3","0","0","0","0","0","0","0","0","0","0","0","0","0","0","0","0","0","3"
"0x7d97cf7b0650","      CS2R R82, SRZ","12","4","12","32512","1040384","1040384","32","32","0","0","0","-","-","-","0","0","0","0","0","0","0","0","-","0","0","0","0","0","0","0","0","0","0","0","0","0","2","0","0","0","0","3","4","0","0","0","3","0","0","0","0","0","0","0","1","0","0","0","0","0","0","0","0","0","3"
"0x7d97cf7b0660","      CS2R R84, SRZ","3","2","3","32512","1040384","1040384","32","32","0","0","0","-","-","-","0","0","0","0","0","0","0","0","-","0","0","0","0","0","0","0","0","0","0","0","0","0","0","0","0","0","0","0","1","0","0","0","2","0","0","0","0","0","0","0","0","0","0","0","0","0","0","0","0","0","2"
"0x7d97cf7b0670","      CS2R R86, SRZ","3","1","3","32512","1040384","1040384","32","32","0","0","0","-","-","-","0","0","0","0","0","0","0","0","-","0","0","0","0","0","0","0","0","0","0","0","0","0","0","0","0","0","0","0","2","0","0","0","1","0","0","0","0","0","0","0","0","0","0","0","0","0","0","0","0","0","1"
"0x7d97cf7b0680","      LOP3.LUT R163, R163, 0xf, RZ, 0xc0, !PT","2","1","2","32512","1040384","1040384","32","32","0","0","0","-","-","-","0","0","0","0","0","0","0","0","-","0","0","0","0","0","0","0","0","0","0","0","0","0","0","0","0","0","0","0","1","0","0","0","1","0","0","0","0","0","0","0","0","0","0","0","0","0","0","0","0","0","1"
"0x7d97cf7b0690","      UIADD3 UR14, UR12, 0x20000, URZ","1","0","1","32512","1040384","1040384","32","32","0","0","0","-","-","-","0","0","0","0","0","0","0","0","-","0","0","0","0","0","0","0","0","0","0","0","0","0","0","0","0","0","0","0","1","0","0","0","0","0","0","0","0","0","0","0","0","0","0","0","0","0","0","0","0","0","0"
"0x7d97cf7b06a0","      SHF.R.S32.HI R161, RZ, 0x1f, R159","1","0","1","32512","1040384","1040384","32","32","0","0","0","-","-","-","0","0","0","0","0","0","0","0","-","0","0","0","0","0","0","0","0","0","0","0","0","0","0","0","0","0","0","0","1","0","0","0","0","0","0","0","0","0","0","0","0","0","0","0","0","0","0","0","0","0","0"
"0x7d97cf7b06b0","      UMOV UR9, 0x2","4","0","4","32512","1040384","1040384","32","32","0","0","0","-","-","-","0","0","0","0","0","0","0","0","-","0","0","0","0","0","0","0","0","0","0","0","0","0","0","0","0","0","0","0","4","0","0","0","0","0","0","0","0","0","0","0","0","0","0","0","0","0","0","0","0","0","0"
"0x7d97cf7b06c0","      UMOV UR8, 0xffffffff","3","0","3","32512","1040384","1040384","32","32","0","0","0","-","-","-","0","0","0","0","0","0","0","0","-","0","0","0","0","0","0","0","0","0","0","0","0","0","0","0","0","0","0","0","3","0","0","0","0","0","0","0","0","0","0","0","0","0","0","0","0","0","0","0","0","0","0"
"0x7d97cf7b06d0","      ULDC UR15, c[0x0][0x26c]","2","0","2","32512","1040384","1040384","32","32","0","0","0","-","-","-","0","0","0","0","0","0","0","0","-","0","0","0","0","0","0","0","0","0","0","0","0","0","0","0","0","0","0","0","2","0","0","0","0","0","0","0","0","0","0","0","0","0","0","0","0","0","0","0","0","0","0"
"0x7d97cf7b06e0","      DEPBAR.LE SB0, 0x4","3753","1885","3753","4161536","133169152","133169152","32","32","0","0","0","-","-","-","0","0","0","0","0","0","0","0","-","0","0","0","0","0","0","0","770","13","0","0","0","0","0","0","0","0","2277","675","2","0","0","0","16","0","479","0","0","0","0","0","0","0","0","0","1396","0","0","0","0","0","10"
"0x7d97cf7b06f0","      BAR.SYNC.DEFER_BLOCKING 0x0","1175","374","1175","4161536","133169152","133169152","32","32","0","0","0","-","-","-","0","0","0","0","0","0","0","0","-","0","0","0","0","0","0","0","0","0","0","0","0","0","0","0","0","0","0","162","254","0","0","0","759","0","0","0","0","0","0","0","0","0","0","0","0","0","0","0","0","0","374"
"0x7d97cf7b0700","      UIADD3 UR8, UR8, 0x1, URZ","262","5","262","4161536","133169152","133169152","32","32","0","0","0","-","-","-","0","0","0","0","0","0","0","0","-","0","0","0","0","0","0","0","0","0","0","0","0","0","0","0","0","0","5","0","257","0","0","0","0","0","0","0","0","0","0","0","0","0","0","0","5","0","0","0","0","0","0"
"0x7d97cf7b0710","      IMAD R13, R154, R138, R155","295","0","295","4161536","133169152","133169152","32","32","0","0","0","-","-","-","0","0","0","0","0","0","0","0","-","0","0","0","0","0","0","0","0","28","0","0","0","0","0","0","0","0","0","0","267","0","0","0","0","0","0","0","0","0","0","0","0","0","0","0","0","0","0","0","0","0","0"
"0x7d97cf7b0720","      USHF.L.U32 UR4, UR23, 0x7, URZ","295","0","295","4161536","133169152","133169152","32","32","0","0","0","-","-","-","0","0","0","0","0","0","0","0","-","0","0","0","0","0","0","0","0","23","0","0","0","0","0","0","0","0","0","0","272","0","0","0","0","0","0","0","0","0","0","0","0","0","0","0","0","0","0","0","0","0","0"
"0x7d97cf7b0730","      IMAD.IADD R162, R150, 0x1, R163","242","0","242","4161536","133169152","133169152","32","32","0","0","0","-","-","-","0","0","0","0","0","0","0","0","-","0","0","0","0","0","0","0","0","0","0","0","0","0","2","0","0","0","5","10","225","0","0","0","0","0","0","0","0","0","0","0","0","0","0","0","0","0","0","0","0","0","0"
"0x7d97cf7b0740","      UISETP.GT.AND UP0, UPT, UR8, 0x3, UPT","228","0","228","4161536","133169152","133169152","32","32","0","0","0","-","-","-","0","0","0","0","0","0","0","0","-","0","0","0","0","0","0","0","0","0","0","0","0","0","0","0","0","0","0","0","228","0","0","0","0","0","0","0","0","0","0","0","0","0","0","0","0","0","0","0","0","0","0"
"0x7d97cf7b0750","      ISETP.GE.U32.AND P4, PT, R150, R159, PT","240","0","240","4161536","133169152","133169152","32","32","0","0","0","-","-","-","0","0","0","0","0","0","0","0","-","0","0","0","0","0","0","0","0","0","0","0","0","0","0","0","0","0","0","0","240","0","0","0","0","0","0","0","0","0","0","0","0","0","0","0","0","0","0","0","0","0","0"
"0x7d97cf7b0760","      ULOP3.LUT UR4, UR4, 0x200, URZ, 0xc0, !UPT","233","0","233","4161536","133169152","133169152","32","32","0","0","0","-","-","-","0","0","0","0","0","0","0","0","-","0","0","0","0","0","0","0","0","0","0","0","0","0","0","0","0","0","0","0","233","0","0","0","0","0","0","0","0","0","0","0","0","0","0","0","0","0","0","0","0","0","0"
"0x7d97cf7b0770","      LEA R12, P2, R13, R4, 0x1","255","0","255","4161536","133169152","133169152","32","32","0","0","0","-","-","-","0","0","0","0","0","0","0","0","-","0","0","0","0","0","0","0","0","0","0","0","0","0","0","0","0","0","0","0","255","0","0","0","0","0","0","0","0","0","0","0","0","0","0","0","0","0","0","0","0","0","0"
"0x7d97cf7b0780","      USEL UR8, UR8, URZ, !UP0","282","3","282","4161536","133169152","133169152","32","32","0","0","0","-","-","-","0","0","0","0","0","0","0","0","-","0","0","0","0","0","0","0","0","18","0","0","0","0","1","0","0","0","21","0","242","0","0","0","0","0","0","0","0","0","0","0","1","0","0","0","2","0","0","0","0","0","0"
"0x7d97cf7b0790","      ISETP.GE.AND.EX P4, PT, R152, R161, PT, P4","248","0","248","4161536","133169152","133169152","32","32","0","0","0","-","-","-","0","0","0","0","0","0","0","0","-","0","0","0","0","0","0","0","0","0","0","0","0","0","0","0","0","0","0","0","248","0","0","0","0","0","0","0","0","0","0","0","0","0","0","0","0","0","0","0","0","0","0"
"0x7d97cf7b07a0","      ULEA.HI UR4, UR14, UR4, URZ, 0x1c","257","0","257","4161536","133169152","133169152","32","32","0","0","0","-","-","-","0","0","0","0","0","0","0","0","-","0","0","0","0","0","0","0","0","0","0","0","0","0","0","0","0","0","0","0","257","0","0","0","0","0","0","0","0","0","0","0","0","0","0","0","0","0","0","0","0","0","0"
"0x7d97cf7b07b0","      LEA.HI.X.SX32 R13, R13, R5, 0x1, P2","242","0","242","4161536","133169152","133169152","32","32","0","0","0","-","-","-","0","0","0","0","0","0","0","0","-","0","0","0","0","0","0","0","0","0","0","0","0","0","0","0","0","0","0","0","242","0","0","0","0","0","0","0","0","0","0","0","0","0","0","0","0","0","0","0","0","0","0"
"0x7d97cf7b07c0","      ULEA UR10, UR8, UR12, 0xe","241","0","241","4161536","133169152","133169152","32","32","0","0","0","-","-","-","0","0","0","0","0","0","0","0","-","0","0","0","0","0","0","0","0","1","0","0","0","0","0","0","0","0","0","0","240","0","0","0","0","0","0","0","0","0","0","0","0","0","0","0","0","0","0","0","0","0","0"
"0x7d97cf7b07d0","      ULOP3.LUT UR4, UR4, 0x3fff, URZ, 0xc0, !UPT","1117","164","1117","4161536","133169152","133169152","32","32","0","0","0","-","-","-","0","0","0","0","0","0","0","0","-","0","0","0","0","0","0","0","0","0","0","0","0","0","284","0","0","0","0","308","258","0","0","0","267","0","0","0","0","0","0","0","67","0","0","0","0","0","0","0","0","0","97"
"0x7d97cf7b07e0","      USHF.R.U32.HI UR6, URZ, 0x4, UR10","536","258","536","4161536","133169152","133169152","32","32","0","0","0","-","-","-","0","0","0","0","0","0","0","0","-","0","0","0","0","0","0","0","0","0","0","0","0","0","0","0","0","0","0","7","257","0","0","0","272","0","0","0","0","0","0","0","0","0","0","0","0","0","0","0","0","0","258"
"0x7d97cf7b07f0","      UMOV UR5, 0x40000040","2857","1028","2857","4161536","133169152","133169152","32","32","0","0","0","-","-","-","0","0","0","0","0","0","0","0","-","0","0","0","0","0","0","2479","0","2","0","0","0","0","0","0","0","0","0","117","259","0","0","0","0","1028","0","0","0","0","0","0","0","0","0","0","0","0","0","0","0","0","0"
"0x7d97cf7b0800","      UMOV UR7, 0x40000040","328","0","328","4161536","133169152","133169152","32","32","0","0","0","-","-","-","0","0","0","0","0","0","0","0","-","0","0","0","0","0","0","0","0","60","0","0","0","0","0","0","0","0","0","0","268","0","0","0","0","0","0","0","0","0","0","0","0","0","0","0","0","0","0","0","0","0","0"
"0x7d97cf7b0810","      USGXT.U32 UR6, UR6, 0xe","1901","206","1901","4161536","133169152","133169152","32","32","0","0","0","-","-","-","0","0","0","0","0","0","0","0","-","0","0","0","0","0","0","0","0","101","0","0","0","0","419","0","0","0","0","866","265","0","0","0","250","0","0","24","0","0","0","0","182","0","0","0","0","0","0","0","0","0","0"
"0x7d97cf7b0820","      UIADD3 UR10, UR10, 0x10000, URZ","519","261","519","4161536","133169152","133169152","32","32","0","0","0","-","-","-","0","0","0","0","0","0","0","0","-","0","0","0","0","0","0","0","0","29","0","0","0","0","0","0","0","0","0","0","232","0","0","0","258","0","0","29","0","0","0","0","0","0","0","0","0","0","0","0","0","0","232"
"0x7d97cf7b0830","@!PT  LDS RZ, [RZ]","281","0","281","4161536","133169152","0","32","0","32","32","0","","Load","32","0","0","0","0","0","0","0","0","-","0","0","0","0","0","0","0","0","4","0","0","0","0","0","0","0","0","0","0","277","0","0","0","0","0","0","0","0","0","0","0","0","0","0","0","0","0","0","0","0","0","0"
"0x7d97cf7b0840","@!PT  LDS RZ, [RZ]","289","0","289","4161536","133169152","0","32","0","0","32","0","","Load","32","0","0","0","0","0","0","0","0","-","0","0","0","0","0","0","0","0","14","0","0","0","0","0","0","0","0","0","0","275","0","0","0","0","0","0","0","0","0","0","0","0","0","0","0","0","0","0","0","0","0","0"
"0x7d97cf7b0850","@!PT  LDS RZ, [RZ]","242","0","242","4161536","133169152","0","32","0","0","32","0","","Load","32","0","0","0","0","0","0","0","0","-","0","0","0","0","0","0","0","0","0","0","0","0","0","0","0","0","0","0","0","242","0","0","0","0","0","0","0","0","0","0","0","0","0","0","0","0","0","0","0","0","0","0"
"0x7d97cf7b0860","@!PT  LDS RZ, [RZ]","252","0","252","4161536","133169152","0","32","0","0","32","0","","Load","32","0","0","0","0","0","0","0","0","-","0","0","0","0","0","0","0","0","0","0","0","0","0","0","0","0","0","0","0","252","0","0","0","0","0","0","0","0","0","0","0","0","0","0","0","0","0","0","0","0","0","0"
"0x7d97cf7b0870","      MEMBAR.ALL.CTA","281","0","281","4161536","133169152","133169152","32","32","32","0","0","-","-","-","0","0","0","0","0","0","0","0","-","0","0","0","0","0","0","0","0","0","0","0","0","0","0","0","0","0","0","0","281","0","0","0","0","0","0","0","0","0","0","0","0","0","0","0","0","0","0","0","0","0","0"
"0x7d97cf7b0880","      FENCE.VIEW.ASYNC.S","5102","3578","5102","4161536","133169152","133169152","32","32","0","0","0","-","-","-","0","0","0","0","0","0","0","0","-","0","0","0","0","0","0","0","0","0","0","0","0","3569","0","0","0","0","0","0","281","0","0","0","1252","0","0","0","0","0","0","2826","0","0","0","0","0","0","0","0","0","0","752"
"0x7d97cf7b0890","      UIADD3 UR11, UP1, UR6, 0x2, URZ","246","0","246","4161536","133169152","133169152","32","32","0","0","0","-","-","-","0","0","0","0","0","0","0","0","-","0","0","0","0","0","0","0","0","0","0","0","0","0","0","0","0","0","0","0","246","0","0","0","0","0","0","0","0","0","0","0","0","0","0","0","0","0","0","0","0","0","0"
"0x7d97cf7b08a0","      UIADD3 UR9, UR9, 0x1, URZ","488","252","488","4161536","133169152","133169152","32","32","0","0","0","-","-","-","0","0","0","0","0","0","0","0","-","0","0","0","0","0","0","0","0","0","0","0","0","0","0","0","0","0","0","0","236","0","0","0","252","0","0","0","0","0","0","0","0","0","0","0","0","0","0","0","0","0","252"
"0x7d97cf7b08b0","      WARPGROUP.ARRIVE","10758","9687","10758","4161536","133169152","133169152","32","32","0","0","0","-","-","-","0","0","0","0","0","0","0","0","-","0","0","0","0","0","0","0","0","0","0","0","0","10365","0","0","0","0","0","135","258","0","0","0","0","0","0","0","0","0","0","9687","0","0","0","0","0","0","0","0","0","0","0"
"0x7d97cf7b08c0","      HGMMA.64x64x16.F32 R88, gdesc[UR4], RZ, !UPT","3372","2238","3372","4161536","133169152","133169152","32","32","0","0","0","Shared","Load","-","0","8","0","33292288","33292288","0","0","0","-","0","0","0","0","0","0","0","0","0","0","0","0","0","0","0","0","0","0","60","258","0","0","0","1304","0","0","0","0","0","0","0","0","0","0","0","0","0","0","0","0","0","1007"
"0x7d97cf7b08d0","      UIADD3 UR7, UP0, UR4, 0x2, URZ","272","0","272","4161536","133169152","133169152","32","32","0","0","0","-","-","-","0","0","0","0","0","0","0","0","-","0","0","0","0","0","0","0","0","0","0","0","0","0","0","0","0","0","0","0","272","0","0","0","0","0","0","0","0","0","0","0","0","0","0","0","0","0","0","0","0","0","0"
"0x7d97cf7b08e0","      UMOV UR5, URZ","281","0","281","4161536","133169152","133169152","32","32","0","0","0","-","-","-","0","0","0","0","0","0","0","0","-","0","0","0","0","0","0","0","0","0","0","0","0","0","0","0","0","0","0","0","281","0","0","0","0","0","0","0","0","0","0","0","0","0","0","0","0","0","0","0","0","0","0"
"0x7d97cf7b08f0","      UMOV UR4, URZ","653","57","653","4161536","133169152","133169152","32","32","0","0","0","-","-","-","0","0","0","0","0","0","0","0","-","0","0","0","0","0","0","0","0","0","0","0","0","0","0","0","0","0","0","184","224","0","0","0","245","0","0","0","0","0","0","0","0","0","0","0","0","0","0","0","0","0","57"
"0x7d97cf7b0900","      UIADD3.X UR13, UR5, 0x40000040, URZ, UP1, !UPT","243","0","243","4161536","133169152","133169152","32","32","0","0","0","-","-","-","0","0","0","0","0","0","0","0","-","0","0","0","0","0","0","0","0","0","0","0","0","0","0","0","0","0","0","0","243","0","0","0","0","0","0","0","0","0","0","0","0","0","0","0","0","0","0","0","0","0","0"
"0x7d97cf7b0910","      UIADD3.X UR6, UR4, 0x40000040, URZ, UP0, !UPT","514","195","514","4161536","133169152","133169152","32","32","0","0","0","-","-","-","0","0","0","0","0","0","0","0","-","0","0","0","0","0","0","0","0","0","0","0","0","0","15","0","0","0","0","10","235","0","0","0","254","0","0","0","0","0","0","0","12","0","0","0","0","0","0","0","0","0","183"
"0x7d97cf7b0920","      UMOV UR4, UR7","826","438","826","4161536","133169152","133169152","32","32","0","0","0","-","-","-","0","0","0","0","0","0","0","0","-","0","0","0","0","0","0","0","0","0","0","0","0","0","0","0","0","0","0","24","268","0","0","0","534","0","0","0","0","0","0","0","0","0","0","0","0","0","0","0","0","0","438"
"0x7d97cf7b0930","      UMOV UR7, UR13","475","135","475","4161536","133169152","133169152","32","32","0","0","0","-","-","-","0","0","0","0","0","0","0","0","-","0","0","0","0","0","0","0","0","0","0","0","0","0","0","0","0","0","0","10","239","0","0","0","226","0","0","0","0","0","0","0","0","0","0","0","0","0","0","0","0","0","135"
"0x7d97cf7b0940","      UMOV UR5, UR6","683","126","683","4161536","133169152","133169152","32","32","0","0","0","-","-","-","0","0","0","0","0","0","0","0","-","0","0","0","0","0","0","0","0","10","0","0","0","0","0","0","0","0","0","209","212","0","0","0","252","0","0","0","0","0","0","0","0","0","0","0","0","0","0","0","0","0","126"
"0x7d97cf7b0950","      UMOV UR6, UR11","255","0","255","4161536","133169152","133169152","32","32","0","0","0","-","-","-","0","0","0","0","0","0","0","0","-","0","0","0","0","0","0","0","0","1","0","0","0","0","0","0","0","0","0","0","254","0","0","0","0","0","0","0","0","0","0","0","0","0","0","0","0","0","0","0","0","0","0"
"0x7d97cf7b0960","      UIADD3.64 UR16, UR4, 0x2, URZ","257","0","257","4161536","133169152","133169152","32","32","0","0","0","-","-","-","0","0","0","0","0","0","0","0","-","0","0","0","0","0","0","0","0","0","0","0","0","0","0","0","0","0","0","0","257","0","0","0","0","0","0","0","0","0","0","0","0","0","0","0","0","0","0","0","0","0","0"
"0x7d97cf7b0970","      UIADD3.64 UR18, UR6, 0x2, URZ","822","257","822","4161536","133169152","133169152","32","32","0","0","0","-","-","-","0","0","0","0","0","0","0","0","-","0","0","0","0","0","0","0","0","5","0","0","0","0","183","0","0","0","0","181","228","0","0","0","225","0","0","0","0","0","0","0","140","0","0","0","0","0","0","0","0","0","117"
"0x7d97cf7b0980","      HGMMA.64x64x16.F32 R88, gdesc[UR4], R88","741","44","741","4161536","133169152","133169152","32","32","0","0","0","Shared","Load","-","0","8","0","33292288","33292288","0","0","0","-","0","0","0","0","0","0","0","0","78","0","0","0","0","0","0","0","0","0","132","242","0","0","0","289","0","0","2","0","0","0","0","0","0","0","0","0","0","0","0","0","0","42"
"0x7d97cf7b0990","      HGMMA.64x64x16.F32 R88, gdesc[UR16], R88","2005","1045","2005","4161536","133169152","133169152","32","32","0","0","0","Shared","Load","-","0","8","0","33292288","33292288","0","0","0","-","0","0","0","0","0","0","0","0","4","0","0","0","0","0","0","0","0","0","80","279","0","0","0","1642","0","0","4","0","0","0","0","0","0","0","0","0","0","0","0","0","0","1041"
"0x7d97cf7b09a0","      UIADD3.64 UR16, UR4, 0x4, URZ","327","0","327","4161536","133169152","133169152","32","32","0","0","0","-","-","-","0","0","0","0","0","0","0","0","-","0","0","0","0","0","0","0","0","79","0","0","0","0","0","0","0","0","0","0","248","0","0","0","0","0","0","0","0","0","0","0","0","0","0","0","0","0","0","0","0","0","0"
"0x7d97cf7b09b0","      UIADD3.64 UR18, UR6, 0x4, URZ","1585","615","1585","4161536","133169152","133169152","32","32","0","0","0","-","-","-","0","0","0","0","0","0","0","0","-","0","0","0","0","0","0","0","0","137","0","0","0","0","437","0","0","0","0","510","246","0","0","0","255","0","0","137","0","0","0","0","346","0","0","0","0","0","0","0","0","0","132"
"0x7d97cf7b09c0","      HGMMA.64x64x16.F32 R88, gdesc[UR16], R88","3462","2611","3462","4161536","133169152","133169152","32","32","0","0","0","Shared","Load","-","0","8","0","33292288","33292288","0","0","0","-","0","0","0","0","0","0","0","0","0","0","0","0","0","0","0","1009","0","0","5","260","0","0","0","2188","0","0","0","0","0","0","0","0","0","946","0","0","0","0","0","0","0","1665"
"0x7d97cf7b09d0","      UIADD3.64 UR16, UR4, 0x3fe, URZ","258","0","258","4161536","133169152","133169152","32","32","0","0","0","-","-","-","0","0","0","0","0","0","0","0","-","0","0","0","0","0","0","0","0","2","0","0","0","0","0","0","0","0","0","0","256","0","0","0","0","0","0","0","0","0","0","0","0","0","0","0","0","0","0","0","0","0","0"
"0x7d97cf7b09e0","      UIADD3.64 UR18, UR6, 0x1fe, URZ","683","325","683","4161536","133169152","133169152","32","32","0","0","0","-","-","-","0","0","0","0","0","0","0","0","-","0","0","0","0","0","0","0","0","68","0","0","0","0","6","0","0","0","0","7","242","0","0","0","360","0","0","68","0","0","0","0","6","0","0","0","0","0","0","0","0","0","251"
"0x7d97cf7b09f0","      HGMMA.64x64x16.F32 R88, gdesc[UR16], R88","4039","3409","4039","4161536","133169152","133169152","32","32","0","0","0","Shared","Load","-","0","8","0","33292288","33292288","0","0","0","-","0","0","0","0","0","0","0","0","0","0","0","0","0","0","0","1452","0","0","28","218","0","0","0","2341","0","0","0","0","0","0","0","0","0","1347","0","0","0","0","0","0","0","2062"
"0x7d97cf7b0a00","      UIADD3.64 UR16, UR4, 0x400, URZ","271","0","271","4161536","133169152","133169152","32","32","0","0","0","-","-","-","0","0","0","0","0","0","0","0","-","0","0","0","0","0","0","0","0","0","0","0","0","0","0","0","0","0","0","0","271","0","0","0","0","0","0","0","0","0","0","0","0","0","0","0","0","0","0","0","0","0","0"
"0x7d97cf7b0a10","      UIADD3.64 UR18, UR6, 0x200, URZ","1880","975","1880","4161536","133169152","133169152","32","32","0","0","0","-","-","-","0","0","0","0","0","0","0","0","-","0","0","0","0","0","0","0","0","336","0","0","0","0","557","0","0","0","0","484","241","0","0","0","262","0","0","336","0","0","0","0","557","0","0","0","0","0","0","0","0","0","82"
"0x7d97cf7b0a20","      HGMMA.64x64x16.F32 R88, gdesc[UR16], R88","5890","4846","5890","4161536","133169152","133169152","32","32","0","0","0","Shared","Load","-","0","8","0","33292288","33292288","0","0","0","-","0","0","0","0","0","0","0","0","0","0","0","0","0","0","0","3378","0","0","162","200","0","0","0","2150","0","0","0","0","0","0","0","0","0","3241","0","0","0","0","0","0","0","1605"
"0x7d97cf7b0a30","      UIADD3.64 UR16, UR4, 0x402, URZ","237","0","237","4161536","133169152","133169152","32","32","0","0","0","-","-","-","0","0","0","0","0","0","0","0","-","0","0","0","0","0","0","0","0","0","0","0","0","0","0","0","0","0","0","0","237","0","0","0","0","0","0","0","0","0","0","0","0","0","0","0","0","0","0","0","0","0","0"
"0x7d97cf7b0a40","      UIADD3.64 UR18, UR6, 0x202, URZ","666","370","666","4161536","133169152","133169152","32","32","0","0","0","-","-","-","0","0","0","0","0","0","0","0","-","0","0","0","0","0","0","0","0","87","0","0","0","0","18","0","0","0","0","26","266","0","0","0","269","0","0","87","0","0","0","0","18","0","0","0","0","0","0","0","0","0","265"
"0x7d97cf7b0a50","      UIADD3.64 UR4, UR4, 0x404, URZ","646","406","646","4161536","133169152","133169152","32","32","0","0","0","-","-","-","0","0","0","0","0","0","0","0","-","0","0","0","0","0","0","0","0","168","0","0","0","0","0","0","0","0","0","0","238","0","0","0","240","0","0","168","0","0","0","0","0","0","0","0","0","0","0","0","0","0","238"
"0x7d97cf7b0a60","      UIADD3.64 UR6, UR6, 0x204, URZ","537","255","537","4161536","133169152","133169152","32","32","0","0","0","-","-","-","0","0","0","0","0","0","0","0","-","0","0","0","0","0","0","0","0","0","0","0","0","0","10","0","0","0","0","4","271","0","0","0","252","0","0","0","0","0","0","0","10","0","0","0","0","0","0","0","0","0","245"
"0x7d97cf7b0a70","      HGMMA.64x64x16.F32 R88, gdesc[UR16], R88","4553","3833","4553","4161536","133169152","133169152","32","32","0","0","0","Shared","Load","-","0","8","0","33292288","33292288","0","0","0","-","0","0","0","0","0","0","0","0","0","0","0","0","0","0","0","3145","0","0","68","271","0","0","0","1069","0","0","0","0","0","0","0","0","0","2969","0","0","0","0","0","0","0","864"
"0x7d97cf7b0a80","      HGMMA.64x64x16.F32 R88, gdesc[UR4], R88, gsb0","3287","2847","3287","4161536","133169152","133169152","32","32","0","0","0","Shared","Load","-","0","8","0","33292288","33292288","0","0","0","-","0","0","0","0","0","0","0","0","1","0","0","0","0","0","0","2235","0","0","16","256","0","0","0","779","0","0","0","0","0","0","0","0","0","2177","0","0","0","0","0","0","0","670"
"0x7d97cf7b0a90","      USHF.R.U32.HI UR5, URZ, 0x4, UR10","346","0","346","4161536","133169152","133169152","32","32","0","0","0","-","-","-","0","0","0","0","0","0","0","0","-","0","0","0","0","0","0","0","0","95","0","0","0","0","0","0","0","0","0","0","251","0","0","0","0","0","0","0","0","0","0","0","0","0","0","0","0","0","0","0","0","0","0"
"0x7d97cf7b0aa0","      UMOV UR7, 0x40000040","262","0","262","4161536","133169152","133169152","32","32","0","0","0","-","-","-","0","0","0","0","0","0","0","0","-","0","0","0","0","0","0","0","0","0","0","0","0","0","0","0","0","0","0","0","262","0","0","0","0","0","0","0","0","0","0","0","0","0","0","0","0","0","0","0","0","0","0"
"0x7d97cf7b0ab0","      USGXT.U32 UR5, UR5, 0xe","1607","729","1607","4161536","133169152","133169152","32","32","0","0","0","-","-","-","0","0","0","0","0","0","0","0","-","0","0","0","0","0","0","0","0","103","0","0","0","0","374","0","0","0","0","353","260","0","0","0","517","0","0","103","0","0","0","0","372","0","0","0","0","0","0","0","0","0","254"
"0x7d97cf7b0ac0","      ULOP3.LUT UR4, UR5, 0x2000000, URZ, 0xfc, !UPT","1044","653","1044","4161536","133169152","133169152","32","32","0","0","0","-","-","-","0","0","0","0","0","0","0","0","-","0","0","0","0","0","0","0","0","0","0","0","0","0","6","0","0","0","0","2","254","0","0","0","782","0","0","0","0","0","0","0","0","0","0","0","0","0","0","0","0","0","653"
"0x7d97cf7b0ad0","      UMOV UR6, UR4","1737","1215","1737","4161536","133169152","133169152","32","32","0","0","0","-","-","-","0","0","0","0","0","0","0","0","-","0","0","0","0","0","0","0","0","7","0","0","0","0","0","0","0","0","0","0","248","0","0","0","1482","0","0","7","0","0","0","0","0","0","0","0","0","0","0","0","0","0","1208"
"0x7d97cf7b0ae0","      UMOV UR4, URZ","227","0","227","4161536","133169152","133169152","32","32","0","0","0","-","-","-","0","0","0","0","0","0","0","0","-","0","0","0","0","0","0","0","0","0","0","0","0","0","0","0","0","0","0","0","227","0","0","0","0","0","0","0","0","0","0","0","0","0","0","0","0","0","0","0","0","0","0"
"0x7d97cf7b0af0","      WARPGROUP.DEPBAR.LE gsb0, 0x0","88027","76411","88027","4161536","133169152","133169152","32","32","0","0","0","-","-","-","0","0","0","0","0","0","0","0","-","0","0","0","0","0","0","86815","0","0","0","0","0","0","0","0","0","0","0","955","257","0","0","0","0","76411","0","0","0","0","0","0","0","0","0","0","0","0","0","0","0","0","0"
"0x7d97cf7b0b00","      VIADD R120, R162, 0xc0","534","129","534","4161536","133169152","133169152","32","32","0","0","0","-","-","-","0","0","0","0","0","0","0","0","-","0","0","0","0","0","0","0","0","0","0","0","0","0","0","0","0","0","0","1","275","0","0","0","258","0","0","0","0","0","0","0","0","0","0","0","0","0","0","0","0","0","129"
"0x7d97cf7b0b10","      FMUL R92, R92, UR15","736","139","736","4161536","133169152","133169152","32","32","0","0","0","-","-","-","0","0","0","0","0","0","0","0","-","0","0","0","0","0","0","0","0","0","0","0","0","0","0","0","0","0","0","192","265","0","0","0","279","0","0","0","0","0","0","0","0","0","0","0","0","0","0","0","0","0","139"
"0x7d97cf7b0b20","      FMUL R88, R88, UR15","255","0","255","4161536","133169152","133169152","32","32","0","0","0","-","-","-","0","0","0","0","0","0","0","0","-","0","0","0","0","0","0","0","0","0","0","0","0","0","0","0","0","0","0","0","255","0","0","0","0","0","0","0","0","0","0","0","0","0","0","0","0","0","0","0","0","0","0"
"0x7d97cf7b0b30","      FMUL R89, R89, UR15","243","0","243","4161536","133169152","133169152","32","32","0","0","0","-","-","-","0","0","0","0","0","0","0","0","-","0","0","0","0","0","0","0","0","0","0","0","0","0","0","0","0","0","0","0","243","0","0","0","0","0","0","0","0","0","0","0","0","0","0","0","0","0","0","0","0","0","0"
"0x7d97cf7b0b40","      FMUL R90, R90, UR15","230","0","230","4161536","133169152","133169152","32","32","0","0","0","-","-","-","0","0","0","0","0","0","0","0","-","0","0","0","0","0","0","0","0","0","0","0","0","0","0","0","0","0","0","0","230","0","0","0","0","0","0","0","0","0","0","0","0","0","0","0","0","0","0","0","0","0","0"
"0x7d97cf7b0b50","      ISETP.GE.AND P2, PT, R120, UR22, PT","246","0","246","4161536","133169152","133169152","32","32","0","0","0","-","-","-","0","0","0","0","0","0","0","0","-","0","0","0","0","0","0","0","0","0","0","0","0","0","0","0","0","0","0","0","246","0","0","0","0","0","0","0","0","0","0","0","0","0","0","0","0","0","0","0","0","0","0"
"0x7d97cf7b0b60","      FMUL R91, R91, UR15","354","0","354","4161536","133169152","133169152","32","32","0","0","0","-","-","-","0","0","0","0","0","0","0","0","-","0","0","0","0","0","0","0","0","119","0","0","0","0","0","0","0","0","0","0","235","0","0","0","0","0","0","0","0","0","0","0","0","0","0","0","0","0","0","0","0","0","0"
"0x7d97cf7b0b70","      LOP3.LUT R120, R150, R153, RZ, 0xfc, !PT","637","0","637","4161536","133169152","133169152","32","32","0","0","0","-","-","-","0","0","0","0","0","0","0","0","-","0","0","0","0","0","0","0","0","380","0","0","0","0","0","0","0","0","0","0","257","0","0","0","0","0","0","0","0","0","0","0","0","0","0","0","0","0","0","0","0","0","0"
"0x7d97cf7b0b80","      FMUL R93, R93, UR15","265","0","265","4161536","133169152","133169152","32","32","0","0","0","-","-","-","0","0","0","0","0","0","0","0","-","0","0","0","0","0","0","0","0","0","0","0","0","0","0","0","0","0","0","0","265","0","0","0","0","0","0","0","0","0","0","0","0","0","0","0","0","0","0","0","0","0","0"
"0x7d97cf7b0b90","      SEL R164, RZ, 0x10, P2","492","0","492","4161536","133169152","133169152","32","32","0","0","0","-","-","-","0","0","0","0","0","0","0","0","-","0","0","0","0","0","0","0","0","245","0","0","0","0","0","0","0","0","0","0","247","0","0","0","0","0","0","0","0","0","0","0","0","0","0","0","0","0","0","0","0","0","0"
"0x7d97cf7b0ba0","      FMUL R94, R94, UR15","523","0","523","4161536","133169152","133169152","32","32","0","0","0","-","-","-","0","0","0","0","0","0","0","0","-","0","0","0","0","0","0","0","0","268","0","0","0","0","0","0","0","0","0","0","255","0","0","0","0","0","0","0","0","0","0","0","0","0","0","0","0","0","0","0","0","0","0"
"0x7d97cf7b0bb0","      ISETP.GE.U32.AND P2, PT, R120, UR22, PT","246","0","246","4161536","133169152","133169152","32","32","0","0","0","-","-","-","0","0","0","0","0","0","0","0","-","0","0","0","0","0","0","0","0","0","0","0","0","0","0","0","0","0","0","0","246","0","0","0","0","0","0","0","0","0","0","0","0","0","0","0","0","0","0","0","0","0","0"
"0x7d97cf7b0bc0","      FMUL R95, R95, UR15","268","0","268","4161536","133169152","133169152","32","32","0","0","0","-","-","-","0","0","0","0","0","0","0","0","-","0","0","0","0","0","0","0","0","0","0","0","0","0","0","0","0","0","0","0","268","0","0","0","0","0","0","0","0","0","0","0","0","0","0","0","0","0","0","0","0","0","0"
"0x7d97cf7b0bd0","      FMUL R96, R96, UR15","489","0","489","4161536","133169152","133169152","32","32","0","0","0","-","-","-","0","0","0","0","0","0","0","0","-","0","0","0","0","0","0","0","0","226","0","0","0","0","0","0","0","0","0","0","263","0","0","0","0","0","0","0","0","0","0","0","0","0","0","0","0","0","0","0","0","0","0"
"0x7d97cf7b0be0","      FMUL R97, R97, UR15","238","0","238","4161536","133169152","133169152","32","32","0","0","0","-","-","-","0","0","0","0","0","0","0","0","-","0","0","0","0","0","0","0","0","0","0","0","0","0","0","0","0","0","0","0","238","0","0","0","0","0","0","0","0","0","0","0","0","0","0","0","0","0","0","0","0","0","0"
"0x7d97cf7b0bf0","      ISETP.GE.AND.EX P2, PT, R152, UR24, PT, P2","461","0","461","4161536","133169152","133169152","32","32","0","0","0","-","-","-","0","0","0","0","0","0","0","0","-","0","0","0","0","0","0","0","0","230","0","0","0","0","0","0","0","0","0","0","231","0","0","0","0","0","0","0","0","0","0","0","0","0","0","0","0","0","0","0","0","0","0"
"0x7d97cf7b0c00","      FMUL R100, R100, UR15","511","0","511","4161536","133169152","133169152","32","32","0","0","0","-","-","-","0","0","0","0","0","0","0","0","-","0","0","0","0","0","0","0","0","260","0","0","0","0","0","0","0","0","0","0","251","0","0","0","0","0","0","0","0","0","0","0","0","0","0","0","0","0","0","0","0","0","0"
"0x7d97cf7b0c10","      FMUL R101, R101, UR15","269","0","269","4161536","133169152","133169152","32","32","0","0","0","-","-","-","0","0","0","0","0","0","0","0","-","0","0","0","0","0","0","0","0","0","0","0","0","0","0","0","0","0","0","0","269","0","0","0","0","0","0","0","0","0","0","0","0","0","0","0","0","0","0","0","0","0","0"
"0x7d97cf7b0c20","      FMUL R104, R104, UR15","261","0","261","4161536","133169152","133169152","32","32","0","0","0","-","-","-","0","0","0","0","0","0","0","0","-","0","0","0","0","0","0","0","0","0","0","0","0","0","0","0","0","0","0","0","261","0","0","0","0","0","0","0","0","0","0","0","0","0","0","0","0","0","0","0","0","0","0"
"0x7d97cf7b0c30","      FSEL R123, R92, -INF , !P2","497","0","497","4161536","133169152","133169152","32","32","0","0","0","-","-","-","0","0","0","0","0","0","0","0","-","0","0","0","0","0","0","0","0","241","0","0","0","0","0","0","0","0","0","0","256","0","0","0","0","0","0","0","0","0","0","0","0","0","0","0","0","0","0","0","0","0","0"
"0x7d97cf7b0c40","      FMUL R105, R105, UR15","281","0","281","4161536","133169152","133169152","32","32","0","0","0","-","-","-","0","0","0","0","0","0","0","0","-","0","0","0","0","0","0","0","0","0","0","0","0","0","0","0","0","0","0","0","281","0","0","0","0","0","0","0","0","0","0","0","0","0","0","0","0","0","0","0","0","0","0"
"0x7d97cf7b0c50","      LOP3.LUT R92, R150, R157, RZ, 0xfc, !PT","496","0","496","4161536","133169152","133169152","32","32","0","0","0","-","-","-","0","0","0","0","0","0","0","0","-","0","0","0","0","0","0","0","0","233","0","0","0","0","0","0","0","0","0","0","263","0","0","0","0","0","0","0","0","0","0","0","0","0","0","0","0","0","0","0","0","0","0"
"0x7d97cf7b0c60","      FMUL R108, R108, UR15","262","0","262","4161536","133169152","133169152","32","32","0","0","0","-","-","-","0","0","0","0","0","0","0","0","-","0","0","0","0","0","0","0","0","0","0","0","0","0","0","0","0","0","0","0","262","0","0","0","0","0","0","0","0","0","0","0","0","0","0","0","0","0","0","0","0","0","0"
"0x7d97cf7b0c70","      FSEL R121, R88, -INF , !P2","537","0","537","4161536","133169152","133169152","32","32","0","0","0","-","-","-","0","0","0","0","0","0","0","0","-","0","0","0","0","0","0","0","0","281","0","0","0","0","0","0","0","0","0","0","256","0","0","0","0","0","0","0","0","0","0","0","0","0","0","0","0","0","0","0","0","0","0"
"0x7d97cf7b0c80","      FMUL R109, R109, UR15","628","0","628","4161536","133169152","133169152","32","32","0","0","0","-","-","-","0","0","0","0","0","0","0","0","-","0","0","0","0","0","0","0","0","378","0","0","0","0","0","0","0","0","0","0","250","0","0","0","0","0","0","0","0","0","0","0","0","0","0","0","0","0","0","0","0","0","0"
"0x7d97cf7b0c90","      FSEL R120, R89, -INF , !P2","269","0","269","4161536","133169152","133169152","32","32","0","0","0","-","-","-","0","0","0","0","0","0","0","0","-","0","0","0","0","0","0","0","0","0","0","0","0","0","0","0","0","0","0","0","269","0","0","0","0","0","0","0","0","0","0","0","0","0","0","0","0","0","0","0","0","0","0"
"0x7d97cf7b0ca0","      FMUL R112, R112, UR15","503","0","503","4161536","133169152","133169152","32","32","0","0","0","-","-","-","0","0","0","0","0","0","0","0","-","0","0","0","0","0","0","0","0","256","0","0","0","0","0","0","0","0","0","0","247","0","0","0","0","0","0","0","0","0","0","0","0","0","0","0","0","0","0","0","0","0","0"
"0x7d97cf7b0cb0","      FSEL R88, R90, -INF , !P2","659","0","659","4161536","133169152","133169152","32","32","0","0","0","-","-","-","0","0","0","0","0","0","0","0","-","0","0","0","0","0","0","0","0","410","0","0","0","0","0","0","0","0","0","0","249","0","0","0","0","0","0","0","0","0","0","0","0","0","0","0","0","0","0","0","0","0","0"
"0x7d97cf7b0cc0","      FMUL R113, R113, UR15","472","0","472","4161536","133169152","133169152","32","32","0","0","0","-","-","-","0","0","0","0","0","0","0","0","-","0","0","0","0","0","0","0","0","199","0","0","0","0","0","0","0","0","0","0","273","0","0","0","0","0","0","0","0","0","0","0","0","0","0","0","0","0","0","0","0","0","0"
"0x7d97cf7b0cd0","      FSEL R89, R91, -INF , !P2","379","0","379","4161536","133169152","133169152","32","32","0","0","0","-","-","-","0","0","0","0","0","0","0","0","-","0","0","0","0","0","0","0","0","142","0","0","0","0","0","0","0","0","0","0","237","0","0","0","0","0","0","0","0","0","0","0","0","0","0","0","0","0","0","0","0","0","0"
"0x7d97cf7b0ce0","      FMUL R116, R116, UR15","403","0","403","4161536","133169152","133169152","32","32","0","0","0","-","-","-","0","0","0","0","0","0","0","0","-","0","0","0","0","0","0","0","0","130","0","0","0","0","0","0","0","0","0","0","273","0","0","0","0","0","0","0","0","0","0","0","0","0","0","0","0","0","0","0","0","0","0"
"0x7d97cf7b0cf0","      FSEL R125, R93, -INF , !P2","215","0","215","4161536","133169152","133169152","32","32","0","0","0","-","-","-","0","0","0","0","0","0","0","0","-","0","0","0","0","0","0","0","0","0","0","0","0","0","0","0","0","0","0","0","215","0","0","0","0","0","0","0","0","0","0","0","0","0","0","0","0","0","0","0","0","0","0"
"0x7d97cf7b0d00","      FMUL R93, R99, UR15","402","0","402","4161536","133169152","133169152","32","32","0","0","0","-","-","-","0","0","0","0","0","0","0","0","-","0","0","0","0","0","0","0","0","126","0","0","0","0","0","0","0","0","0","3","273","0","0","0","0","0","0","0","0","0","0","0","0","0","0","0","0","0","0","0","0","0","0"
"0x7d97cf7b0d10","      FSEL R90, R94, -INF , !P2","250","0","250","4161536","133169152","133169152","32","32","0","0","0","-","-","-","0","0","0","0","0","0","0","0","-","0","0","0","0","0","0","0","0","0","0","0","0","0","0","0","0","0","0","0","250","0","0","0","0","0","0","0","0","0","0","0","0","0","0","0","0","0","0","0","0","0","0"
"0x7d97cf7b0d20","      FMUL R94, R102, UR15","337","0","337","4161536","133169152","133169152","32","32","0","0","0","-","-","-","0","0","0","0","0","0","0","0","-","0","0","0","0","0","0","0","0","117","0","0","0","0","0","0","0","0","0","0","220","0","0","0","0","0","0","0","0","0","0","0","0","0","0","0","0","0","0","0","0","0","0"
"0x7d97cf7b0d30","      FSEL R91, R95, -INF , !P2","276","0","276","4161536","133169152","133169152","32","32","0","0","0","-","-","-","0","0","0","0","0","0","0","0","-","0","0","0","0","0","0","0","0","0","0","0","0","0","0","0","0","0","0","0","276","0","0","0","0","0","0","0","0","0","0","0","0","0","0","0","0","0","0","0","0","0","0"
"0x7d97cf7b0d40","      FMUL R95, R103, UR15","391","0","391","4161536","133169152","133169152","32","32","0","0","0","-","-","-","0","0","0","0","0","0","0","0","-","0","0","0","0","0","0","0","0","111","0","0","0","0","0","0","0","0","0","0","280","0","0","0","0","0","0","0","0","0","0","0","0","0","0","0","0","0","0","0","0","0","0"
"0x7d97cf7b0d50","      ISETP.GE.U32.AND P2, PT, R92, UR22, PT","438","0","438","4161536","133169152","133169152","32","32","0","0","0","-","-","-","0","0","0","0","0","0","0","0","-","0","0","0","0","0","0","0","0","187","0","0","0","0","0","0","0","0","0","0","251","0","0","0","0","0","0","0","0","0","0","0","0","0","0","0","0","0","0","0","0","0","0"
"0x7d97cf7b0d60","      FMUL R92, R98, UR15","300","0","300","4161536","133169152","133169152","32","32","0","0","0","-","-","-","0","0","0","0","0","0","0","0","-","0","0","0","0","0","0","0","0","0","0","0","0","0","0","0","0","0","0","0","300","0","0","0","0","0","0","0","0","0","0","0","0","0","0","0","0","0","0","0","0","0","0"
"0x7d97cf7b0d70","      FMUL R98, R110, UR15","374","0","374","4161536","133169152","133169152","32","32","0","0","0","-","-","-","0","0","0","0","0","0","0","0","-","0","0","0","0","0","0","0","0","115","0","0","0","0","0","0","0","0","0","0","259","0","0","0","0","0","0","0","0","0","0","0","0","0","0","0","0","0","0","0","0","0","0"
"0x7d97cf7b0d80","      FMUL R99, R111, UR15","247","0","247","4161536","133169152","133169152","32","32","0","0","0","-","-","-","0","0","0","0","0","0","0","0","-","0","0","0","0","0","0","0","0","0","0","0","0","0","0","0","0","0","0","0","247","0","0","0","0","0","0","0","0","0","0","0","0","0","0","0","0","0","0","0","0","0","0"
"0x7d97cf7b0d90","      ISETP.GE.AND.EX P2, PT, R152, UR24, PT, P2","390","0","390","4161536","133169152","133169152","32","32","0","0","0","-","-","-","0","0","0","0","0","0","0","0","-","0","0","0","0","0","0","0","0","138","0","0","0","0","0","0","0","0","0","0","252","0","0","0","0","0","0","0","0","0","0","0","0","0","0","0","0","0","0","0","0","0","0"
"0x7d97cf7b0da0","      FMUL R102, R115, UR15","242","0","242","4161536","133169152","133169152","32","32","0","0","0","-","-","-","0","0","0","0","0","0","0","0","-","0","0","0","0","0","0","0","0","0","0","0","0","0","0","0","0","0","0","0","242","0","0","0","0","0","0","0","0","0","0","0","0","0","0","0","0","0","0","0","0","0","0"
"0x7d97cf7b0db0","      FMUL R103, R119, UR15","433","0","433","4161536","133169152","133169152","32","32","0","0","0","-","-","-","0","0","0","0","0","0","0","0","-","0","0","0","0","0","0","0","0","144","0","0","0","0","0","0","0","0","0","0","289","0","0","0","0","0","0","0","0","0","0","0","0","0","0","0","0","0","0","0","0","0","0"
"0x7d97cf7b0dc0","      FMUL R117, R117, UR15","247","0","247","4161536","133169152","133169152","32","32","0","0","0","-","-","-","0","0","0","0","0","0","0","0","-","0","0","0","0","0","0","0","0","0","0","0","0","0","0","0","0","0","0","0","247","0","0","0","0","0","0","0","0","0","0","0","0","0","0","0","0","0","0","0","0","0","0"
"0x7d97cf7b0dd0","      FSEL R127, R96, -INF , !P2","238","0","238","4161536","133169152","133169152","32","32","0","0","0","-","-","-","0","0","0","0","0","0","0","0","-","0","0","0","0","0","0","0","0","0","0","0","0","0","0","0","0","0","0","0","238","0","0","0","0","0","0","0","0","0","0","0","0","0","0","0","0","0","0","0","0","0","0"
"0x7d97cf7b0de0","      LOP3.LUT R96, R150, R145, RZ, 0xfc, !PT","4053","1536","4053","4161536","133169152","133169152","32","32","0","0","0","-","-","-","0","0","0","0","0","0","0","0","-","0","0","0","0","0","0","0","0","0","0","0","0","0","1789","0","0","0","0","1775","267","0","0","0","222","0","0","0","0","0","0","0","1447","0","0","0","0","0","0","0","0","0","89"
"0x7d97cf7b0df0","      FSEL R129, R97, -INF , !P2","529","114","529","4161536","133169152","133169152","32","32","0","0","0","-","-","-","0","0","0","0","0","0","0","0","-","0","0","0","0","0","0","0","0","0","0","0","0","0","0","0","0","0","0","1","282","0","0","0","246","0","0","0","0","0","0","0","0","0","0","0","0","0","0","0","0","0","114"
"0x7d97cf7b0e00","      FMUL R97, R107, UR15","1026","0","1026","4161536","133169152","133169152","32","32","0","0","0","-","-","-","0","0","0","0","0","0","0","0","-","0","0","0","0","0","0","0","0","0","0","0","0","0","0","0","0","0","40","724","262","0","0","0","0","0","0","0","0","0","0","0","0","0","0","0","0","0","0","0","0","0","0"
"0x7d97cf7b0e10","      FSEL R92, R92, -INF , !P2","259","0","259","4161536","133169152","133169152","32","32","0","0","0","-","-","-","0","0","0","0","0","0","0","0","-","0","0","0","0","0","0","0","0","0","0","0","0","0","0","0","0","0","0","0","259","0","0","0","0","0","0","0","0","0","0","0","0","0","0","0","0","0","0","0","0","0","0"
"0x7d97cf7b0e20","      FSEL R93, R93, -INF , !P2","5445","241","5445","4161536","133169152","133169152","32","32","0","0","0","-","-","-","0","0","0","0","0","0","0","0","-","0","0","0","0","0","0","0","0","0","0","0","0","0","1842","0","0","0","0","3101","256","0","0","0","246","0","0","0","0","0","0","0","105","0","0","0","0","0","0","0","0","0","136"
"0x7d97cf7b0e30","      FSEL R131, R100, -INF , !P2","472","211","472","4161536","133169152","133169152","32","32","0","0","0","-","-","-","0","0","0","0","0","0","0","0","-","0","0","0","0","0","0","0","0","0","0","0","0","0","0","0","0","0","0","0","261","0","0","0","211","0","0","0","0","0","0","0","0","0","0","0","0","0","0","0","0","0","211"
"0x7d97cf7b0e40","      FSEL R133, R101, -INF , !P2","496","252","496","4161536","133169152","133169152","32","32","0","0","0","-","-","-","0","0","0","0","0","0","0","0","-","0","0","0","0","0","0","0","0","0","0","0","0","0","0","0","0","0","0","0","244","0","0","0","252","0","0","0","0","0","0","0","0","0","0","0","0","0","0","0","0","0","252"
"0x7d97cf7b0e50","      FMUL R101, R114, UR15","256","0","256","4161536","133169152","133169152","32","32","0","0","0","-","-","-","0","0","0","0","0","0","0","0","-","0","0","0","0","0","0","0","0","0","0","0","0","0","0","0","0","0","0","0","256","0","0","0","0","0","0","0","0","0","0","0","0","0","0","0","0","0","0","0","0","0","0"
"0x7d97cf7b0e60","      FSEL R94, R94, -INF , !P2","257","0","257","4161536","133169152","133169152","32","32","0","0","0","-","-","-","0","0","0","0","0","0","0","0","-","0","0","0","0","0","0","0","0","0","0","0","0","0","0","0","0","0","0","0","257","0","0","0","0","0","0","0","0","0","0","0","0","0","0","0","0","0","0","0","0","0","0"
"0x7d97cf7b0e70","      FSEL R95, R95, -INF , !P2","2282","1201","2282","4161536","133169152","133169152","32","32","0","0","0","-","-","-","0","0","0","0","0","0","0","0","-","0","0","0","0","0","0","0","0","0","0","0","0","0","920","0","0","0","0","837","243","0","0","0","282","0","0","0","0","0","0","0","919","0","0","0","0","0","0","0","0","0","282"
"0x7d97cf7b0e80","      ISETP.GE.U32.AND P2, PT, R96, UR22, PT","515","253","515","4161536","133169152","133169152","32","32","0","0","0","-","-","-","0","0","0","0","0","0","0","0","-","0","0","0","0","0","0","0","0","0","0","0","0","0","0","0","0","0","0","0","262","0","0","0","253","0","0","0","0","0","0","0","0","0","0","0","0","0","0","0","0","0","253"
"0x7d97cf7b0e90","      FMUL R96, R106, UR15","248","0","248","4161536","133169152","133169152","32","32","0","0","0","-","-","-","0","0","0","0","0","0","0","0","-","0","0","0","0","0","0","0","0","0","0","0","0","0","0","0","0","0","0","0","248","0","0","0","0","0","0","0","0","0","0","0","0","0","0","0","0","0","0","0","0","0","0"
"0x7d97cf7b0ea0","      LOP3.LUT R100, R150, R144, RZ, 0xfc, !PT","249","0","249","4161536","133169152","133169152","32","32","0","0","0","-","-","-","0","0","0","0","0","0","0","0","-","0","0","0","0","0","0","0","0","0","0","0","0","0","0","0","0","0","0","0","249","0","0","0","0","0","0","0","0","0","0","0","0","0","0","0","0","0","0","0","0","0","0"
"0x7d97cf7b0eb0","      ISETP.GE.AND.EX P2, PT, R152, UR24, PT, P2","486","259","486","4161536","133169152","133169152","32","32","0","0","0","-","-","-","0","0","0","0","0","0","0","0","-","0","0","0","0","0","0","0","0","0","0","0","0","0","0","0","0","0","0","0","227","0","0","0","259","0","0","0","0","0","0","0","0","0","0","0","0","0","0","0","0","0","259"
"0x7d97cf7b0ec0","      SEL R164, R164, RZ, !P4","550","284","550","4161536","133169152","133169152","32","32","0","0","0","-","-","-","0","0","0","0","0","0","0","0","-","0","0","0","0","0","0","0","0","0","0","0","0","0","0","0","0","0","0","0","266","0","0","0","284","0","0","0","0","0","0","0","0","0","0","0","0","0","0","0","0","0","284"
"0x7d97cf7b0ed0","      FSEL R111, R104, -INF , !P2","500","256","500","4161536","133169152","133169152","32","32","0","0","0","-","-","-","0","0","0","0","0","0","0","0","-","0","0","0","0","0","0","0","0","0","0","0","0","0","0","0","0","0","0","0","244","0","0","0","256","0","0","0","0","0","0","0","0","0","0","0","0","0","0","0","0","0","256"
"0x7d97cf7b0ee0","      FMUL R104, R118, UR15","258","0","258","4161536","133169152","133169152","32","32","0","0","0","-","-","-","0","0","0","0","0","0","0","0","-","0","0","0","0","0","0","0","0","0","0","0","0","0","0","0","0","0","0","0","258","0","0","0","0","0","0","0","0","0","0","0","0","0","0","0","0","0","0","0","0","0","0"
"0x7d97cf7b0ef0","      FSEL R135, R105, -INF , !P2","260","0","260","4161536","133169152","133169152","32","32","0","0","0","-","-","-","0","0","0","0","0","0","0","0","-","0","0","0","0","0","0","0","0","0","0","0","0","0","0","0","0","0","0","0","260","0","0","0","0","0","0","0","0","0","0","0","0","0","0","0","0","0","0","0","0","0","0"
"0x7d97cf7b0f00","      FSEL R96, R96, -INF , !P2","3227","1495","3227","4161536","133169152","133169152","32","32","0","0","0","-","-","-","0","0","0","0","0","0","0","0","-","0","0","0","0","0","0","0","0","0","0","0","0","0","1311","0","0","0","0","1350","284","0","0","0","282","0","0","0","0","0","0","0","1213","0","0","0","0","0","0","0","0","0","282"
"0x7d97cf7b0f10","      FSEL R97, R97, -INF , !P2","523","254","523","4161536","133169152","133169152","32","32","0","0","0","-","-","-","0","0","0","0","0","0","0","0","-","0","0","0","0","0","0","0","0","0","0","0","0","0","0","0","0","0","0","0","269","0","0","0","254","0","0","0","0","0","0","0","0","0","0","0","0","0","0","0","0","0","254"
"0x7d97cf7b0f20","      FSEL R171, R108, -INF , !P2","492","223","492","4161536","133169152","133169152","32","32","0","0","0","-","-","-","0","0","0","0","0","0","0","0","-","0","0","0","0","0","0","0","0","0","0","0","0","0","0","0","0","0","0","0","269","0","0","0","223","0","0","0","0","0","0","0","0","0","0","0","0","0","0","0","0","0","223"
"0x7d97cf7b0f30","      FSEL R173, R109, -INF , !P2","532","275","532","4161536","133169152","133169152","32","32","0","0","0","-","-","-","0","0","0","0","0","0","0","0","-","0","0","0","0","0","0","0","0","0","0","0","0","0","0","0","0","0","0","0","257","0","0","0","275","0","0","0","0","0","0","0","0","0","0","0","0","0","0","0","0","0","275"
"0x7d97cf7b0f40","      FSEL R98, R98, -INF , !P2","535","292","535","4161536","133169152","133169152","32","32","0","0","0","-","-","-","0","0","0","0","0","0","0","0","-","0","0","0","0","0","0","0","0","0","0","0","0","0","0","0","0","0","0","0","243","0","0","0","292","0","0","0","0","0","0","0","0","0","0","0","0","0","0","0","0","0","292"
"0x7d97cf7b0f50","      FSEL R99, R99, -INF , !P2","543","274","543","4161536","133169152","133169152","32","32","0","0","0","-","-","-","0","0","0","0","0","0","0","0","-","0","0","0","0","0","0","0","0","0","0","0","0","0","0","0","0","0","0","0","269","0","0","0","274","0","0","0","0","0","0","0","0","0","0","0","0","0","0","0","0","0","274"
"0x7d97cf7b0f60","      ISETP.GE.U32.AND P2, PT, R100, UR22, PT","3507","1561","3507","4161536","133169152","133169152","32","32","0","0","0","-","-","-","0","0","0","0","0","0","0","0","-","0","0","0","0","0","0","0","0","0","0","0","0","0","1513","0","0","0","0","1478","242","0","0","0","274","0","0","0","0","0","0","0","1287","0","0","0","0","0","0","0","0","0","274"
"0x7d97cf7b0f70","      FMNMX R100, R121, R120, !PT","491","250","491","4161536","133169152","133169152","32","32","0","0","0","-","-","-","0","0","0","0","0","0","0","0","-","0","0","0","0","0","0","0","0","0","0","0","0","0","0","0","0","0","0","0","241","0","0","0","250","0","0","0","0","0","0","0","0","0","0","0","0","0","0","0","0","0","250"
"0x7d97cf7b0f80","      ISETP.GE.AND.EX P2, PT, R152, UR24, PT, P2","472","233","472","4161536","133169152","133169152","32","32","0","0","0","-","-","-","0","0","0","0","0","0","0","0","-","0","0","0","0","0","0","0","0","0","0","0","0","0","0","0","0","0","0","0","239","0","0","0","233","0","0","0","0","0","0","0","0","0","0","0","0","0","0","0","0","0","233"
"0x7d97cf7b0f90","      FMNMX R100, R123, R100, !PT","527","256","527","4161536","133169152","133169152","32","32","0","0","0","-","-","-","0","0","0","0","0","0","0","0","-","0","0","0","0","0","0","0","0","0","0","0","0","0","0","0","0","0","0","0","271","0","0","0","256","0","0","0","0","0","0","0","0","0","0","0","0","0","0","0","0","0","256"
"0x7d97cf7b0fa0","      FSEL R115, R112, -INF , !P2","529","277","529","4161536","133169152","133169152","32","32","0","0","0","-","-","-","0","0","0","0","0","0","0","0","-","0","0","0","0","0","0","0","0","0","0","0","0","0","0","0","0","0","0","0","252","0","0","0","277","0","0","0","0","0","0","0","0","0","0","0","0","0","0","0","0","0","277"
"0x7d97cf7b0fb0","      FMNMX R100, R125, R100, !PT","507","253","507","4161536","133169152","133169152","32","32","0","0","0","-","-","-","0","0","0","0","0","0","0","0","-","0","0","0","0","0","0","0","0","0","0","0","0","0","0","0","0","0","0","0","254","0","0","0","253","0","0","0","0","0","0","0","0","0","0","0","0","0","0","0","0","0","253"
"0x7d97cf7b0fc0","      FSEL R119, R113, -INF , !P2","3432","1516","3432","4161536","133169152","133169152","32","32","0","0","0","-","-","-","0","0","0","0","0","0","0","0","-","0","0","0","0","0","0","0","0","0","0","0","0","0","1417","0","0","0","0","1476","263","0","0","0","276","0","0","0","0","0","0","0","1240","0","0","0","0","0","0","0","0","0","276"
"0x7d97cf7b0fd0","      FMNMX R100, R127, R100, !PT","492","225","492","4161536","133169152","133169152","32","32","0","0","0","-","-","-","0","0","0","0","0","0","0","0","-","0","0","0","0","0","0","0","0","0","0","0","0","0","0","0","0","0","0","0","267","0","0","0","225","0","0","0","0","0","0","0","0","0","0","0","0","0","0","0","0","0","225"
"0x7d97cf7b0fe0","      FSEL R175, R116, -INF , !P2","504","255","504","4161536","133169152","133169152","32","32","0","0","0","-","-","-","0","0","0","0","0","0","0","0","-","0","0","0","0","0","0","0","0","0","0","0","0","0","0","0","0","0","0","0","249","0","0","0","255","0","0","0","0","0","0","0","0","0","0","0","0","0","0","0","0","0","255"
"0x7d97cf7b0ff0","      FMNMX R100, R129, R100, !PT","481","230","481","4161536","133169152","133169152","32","32","0","0","0","-","-","-","0","0","0","0","0","0","0","0","-","0","0","0","0","0","0","0","0","0","0","0","0","0","0","0","0","0","0","0","251","0","0","0","230","0","0","0","0","0","0","0","0","0","0","0","0","0","0","0","0","0","230"
"0x7d97cf7b1000","      FSEL R117, R117, -INF , !P2","499","254","499","4161536","133169152","133169152","32","32","0","0","0","-","-","-","0","0","0","0","0","0","0","0","-","0","0","0","0","0","0","0","0","0","0","0","0","0","0","0","0","0","0","0","245","0","0","0","254","0","0","0","0","0","0","0","0","0","0","0","0","0","0","0","0","0","254"
"0x7d97cf7b1010","      FMNMX R100, R131, R100, !PT","486","243","486","4161536","133169152","133169152","32","32","0","0","0","-","-","-","0","0","0","0","0","0","0","0","-","0","0","0","0","0","0","0","0","0","0","0","0","0","0","0","0","0","0","0","243","0","0","0","243","0","0","0","0","0","0","0","0","0","0","0","0","0","0","0","0","0","243"
"0x7d97cf7b1020","      FMNMX R105, R88, R89, !PT","2180","1080","2180","4161536","133169152","133169152","32","32","0","0","0","-","-","-","0","0","0","0","0","0","0","0","-","0","0","0","0","0","0","0","0","0","0","0","0","0","832","0","0","0","0","862","238","0","0","0","248","0","0","0","0","0","0","0","832","0","0","0","0","0","0","0","0","0","248"
"0x7d97cf7b1030","      FMNMX R100, R133, R100, !PT","505","256","505","4161536","133169152","133169152","32","32","0","0","0","-","-","-","0","0","0","0","0","0","0","0","-","0","0","0","0","0","0","0","0","0","0","0","0","0","0","0","0","0","0","0","249","0","0","0","256","0","0","0","0","0","0","0","0","0","0","0","0","0","0","0","0","0","256"
"0x7d97cf7b1040","      FSEL R101, R101, -INF , !P2","517","270","517","4161536","133169152","133169152","32","32","0","0","0","-","-","-","0","0","0","0","0","0","0","0","-","0","0","0","0","0","0","0","0","0","0","0","0","0","0","0","0","0","0","0","247","0","0","0","270","0","0","0","0","0","0","0","0","0","0","0","0","0","0","0","0","0","270"
"0x7d97cf7b1050","      FMNMX R100, R111, R100, !PT","497","258","497","4161536","133169152","133169152","32","32","0","0","0","-","-","-","0","0","0","0","0","0","0","0","-","0","0","0","0","0","0","0","0","0","0","0","0","0","0","0","0","0","0","0","239","0","0","0","258","0","0","0","0","0","0","0","0","0","0","0","0","0","0","0","0","0","258"
"0x7d97cf7b1060","      FSEL R102, R102, -INF , !P2","500","247","500","4161536","133169152","133169152","32","32","0","0","0","-","-","-","0","0","0","0","0","0","0","0","-","0","0","0","0","0","0","0","0","0","0","0","0","0","0","0","0","0","0","0","253","0","0","0","247","0","0","0","0","0","0","0","0","0","0","0","0","0","0","0","0","0","247"
"0x7d97cf7b1070","      FMNMX R100, R135, R100, !PT","506","240","506","4161536","133169152","133169152","32","32","0","0","0","-","-","-","0","0","0","0","0","0","0","0","-","0","0","0","0","0","0","0","0","0","0","0","0","0","0","0","0","0","0","0","266","0","0","0","240","0","0","0","0","0","0","0","0","0","0","0","0","0","0","0","0","0","240"
"0x7d97cf7b1080","      FSEL R104, R104, -INF , !P2","2370","1194","2370","4161536","133169152","133169152","32","32","0","0","0","-","-","-","0","0","0","0","0","0","0","0","-","0","0","0","0","0","0","0","0","0","0","0","0","0","914","0","0","0","0","918","258","0","0","0","280","0","0","0","0","0","0","0","914","0","0","0","0","0","0","0","0","0","280"
"0x7d97cf7b1090","      FMNMX R100, R171, R100, !PT","483","239","483","4161536","133169152","133169152","32","32","0","0","0","-","-","-","0","0","0","0","0","0","0","0","-","0","0","0","0","0","0","0","0","0","0","0","0","0","0","0","0","0","0","0","244","0","0","0","239","0","0","0","0","0","0","0","0","0","0","0","0","0","0","0","0","0","239"
"0x7d97cf7b10a0","      FSEL R103, R103, -INF , !P2","502","253","502","4161536","133169152","133169152","32","32","0","0","0","-","-","-","0","0","0","0","0","0","0","0","-","0","0","0","0","0","0","0","0","0","0","0","0","0","0","0","0","0","0","0","249","0","0","0","253","0","0","0","0","0","0","0","0","0","0","0","0","0","0","0","0","0","253"
"0x7d97cf7b10b0","      FMNMX R100, R173, R100, !PT","518","278","518","4161536","133169152","133169152","32","32","0","0","0","-","-","-","0","0","0","0","0","0","0","0","-","0","0","0","0","0","0","0","0","0","0","0","0","0","0","0","0","0","0","0","240","0","0","0","278","0","0","0","0","0","0","0","0","0","0","0","0","0","0","0","0","0","278"
"0x7d97cf7b10c0","      ISETP.NE.U32.AND P3, PT, R164, RZ, PT","497","257","497","4161536","133169152","133169152","32","32","0","0","0","-","-","-","0","0","0","0","0","0","0","0","-","0","0","0","0","0","0","0","0","0","0","0","0","0","0","0","0","0","0","0","240","0","0","0","257","0","0","0","0","0","0","0","0","0","0","0","0","0","0","0","0","0","257"
"0x7d97cf7b10d0","      FMNMX R100, R115, R100, !PT","493","249","493","4161536","133169152","133169152","32","32","0","0","0","-","-","-","0","0","0","0","0","0","0","0","-","0","0","0","0","0","0","0","0","0","0","0","0","0","0","0","0","0","0","0","244","0","0","0","249","0","0","0","0","0","0","0","0","0","0","0","0","0","0","0","0","0","249"
"0x7d97cf7b10e0","      FMNMX R100, R119, R100, !PT","2682","1352","2682","4161536","133169152","133169152","32","32","0","0","0","-","-","-","0","0","0","0","0","0","0","0","-","0","0","0","0","0","0","0","0","0","0","0","0","0","819","0","0","0","0","837","245","0","0","0","781","0","0","0","0","0","0","0","819","0","0","0","0","0","0","0","0","0","533"
"0x7d97cf7b10f0","      FMNMX R100, R175, R100, !PT","2277","1139","2277","4161536","133169152","133169152","32","32","0","0","0","-","-","-","0","0","0","0","0","0","0","0","-","0","0","0","0","0","0","0","0","0","0","0","0","0","609","0","0","0","0","616","292","0","0","0","760","0","0","0","0","0","0","0","609","0","0","0","0","0","0","0","0","0","530"
"0x7d97cf7b1100","      FMNMX R107, R117, R100, !PT","1875","1041","1875","4161536","133169152","133169152","32","32","0","0","0","-","-","-","0","0","0","0","0","0","0","0","-","0","0","0","0","0","0","0","0","0","0","0","0","0","427","0","0","0","0","442","227","0","0","0","779","0","0","0","0","0","0","0","427","0","0","0","0","0","0","0","0","0","614"
"0x7d97cf7b1110","      SHFL.BFLY PT, R100, R107, 0x2, 0x1f","1340","929","1340","4161536","133169152","133169152","32","32","0","0","0","-","-","-","0","0","0","0","0","0","0","0","-","0","0","0","0","0","0","0","0","0","0","0","0","0","0","0","0","0","0","0","271","0","0","0","1069","0","0","0","0","0","0","0","0","0","0","0","0","0","0","0","0","0","929"
"0x7d97cf7b1120","      FMNMX R108, R107, R100, !PT","6651","5462","6651","4161536","133169152","133169152","32","32","0","0","0","-","-","-","0","0","0","0","0","0","0","0","-","0","0","0","0","0","0","0","0","0","0","0","0","0","131","0","0","0","0","20","269","5948","0","0","283","0","0","0","0","0","0","0","131","0","0","0","0","0","0","5182","0","0","149"
"0x7d97cf7b1130","      FMNMX R100, R90, R105, !PT","503","257","503","4161536","133169152","133169152","32","32","0","0","0","-","-","-","0","0","0","0","0","0","0","0","-","0","0","0","0","0","0","0","0","0","0","0","0","0","0","0","0","0","0","2","244","0","0","0","257","0","0","0","0","0","0","0","0","0","0","0","0","0","0","0","0","0","257"
"0x7d97cf7b1140","      SHFL.BFLY PT, R109, R108, 0x1, 0x1f","714","353","714","4161536","133169152","133169152","32","32","0","0","0","-","-","-","0","0","0","0","0","0","0","0","-","0","0","0","0","0","0","0","0","0","0","0","0","0","0","0","0","0","0","0","246","0","0","0","468","0","0","0","0","0","0","0","0","0","0","0","0","0","0","0","0","0","353"
"0x7d97cf7b1150","      FMNMX R105, R91, R100, !PT","260","0","260","4161536","133169152","133169152","32","32","0","0","0","-","-","-","0","0","0","0","0","0","0","0","-","0","0","0","0","0","0","0","0","0","0","0","0","0","0","0","0","0","0","0","260","0","0","0","0","0","0","0","0","0","0","0","0","0","0","0","0","0","0","0","0","0","0"
"0x7d97cf7b1160","      FMNMX R106, R92, R105, !PT","1089","628","1089","4161536","133169152","133169152","32","32","0","0","0","-","-","-","0","0","0","0","0","0","0","0","-","0","0","0","0","0","0","0","0","0","0","0","0","0","41","0","0","0","0","34","253","0","0","0","761","0","0","0","0","0","0","0","41","0","0","0","0","0","0","0","0","0","587"
"0x7d97cf7b1170","      FMNMX R105, R93, R106, !PT","1189","554","1189","4161536","133169152","133169152","32","32","0","0","0","-","-","-","0","0","0","0","0","0","0","0","-","0","0","0","0","0","0","0","0","0","0","0","0","0","98","0","0","0","0","86","257","0","0","0","748","0","0","0","0","0","0","0","98","0","0","0","0","0","0","0","0","0","456"
"0x7d97cf7b1180","      FMNMX R106, R94, R105, !PT","1795","809","1795","4161536","133169152","133169152","32","32","0","0","0","-","-","-","0","0","0","0","0","0","0","0","-","0","0","0","0","0","0","0","0","0","0","0","0","0","359","0","0","0","0","387","244","0","0","0","805","0","0","0","0","0","0","0","359","0","0","0","0","0","0","0","0","0","450"
"0x7d97cf7b1190","      FMNMX R105, R95, R106, !PT","3490","466","3490","4161536","133169152","133169152","32","32","0","0","0","-","-","-","0","0","0","0","0","0","0","0","-","0","0","0","0","0","0","0","0","182","0","0","0","0","451","0","0","0","0","1817","265","0","0","0","775","0","0","0","0","0","0","0","121","0","0","0","0","0","0","0","0","0","345"
"0x7d97cf7b11a0","      FMNMX R106, R96, R105, !PT","1953","639","1953","4161536","133169152","133169152","32","32","0","0","0","-","-","-","0","0","0","0","0","0","0","0","-","0","0","0","0","0","0","0","0","74","0","0","0","0","155","0","0","0","0","635","226","0","0","0","863","0","0","0","0","0","0","0","4","0","0","0","0","0","0","0","0","0","635"
"0x7d97cf7b11b0","      FMNMX R100, R108, R109, !PT","597","294","597","4161536","133169152","133169152","32","32","0","0","0","-","-","-","0","0","0","0","0","0","0","0","-","0","0","0","0","0","0","0","0","39","0","0","0","0","5","0","0","0","0","34","263","0","0","0","256","0","0","38","0","0","0","0","0","0","0","0","0","0","0","0","0","0","256"
"0x7d97cf7b11c0","      FMNMX R105, R97, R106, !PT","526","172","526","4161536","133169152","133169152","32","32","0","0","0","-","-","-","0","0","0","0","0","0","0","0","-","0","0","0","0","0","0","0","0","2","0","0","0","0","0","0","0","0","0","0","263","0","0","0","261","0","0","2","0","0","0","0","0","0","0","0","0","0","0","0","0","0","170"
"0x7d97cf7b11d0","      FMNMX R100, R100, R147, !PT","504","246","504","4161536","133169152","133169152","32","32","0","0","0","-","-","-","0","0","0","0","0","0","0","0","-","0","0","0","0","0","0","0","0","0","0","0","0","0","0","0","0","0","0","0","258","0","0","0","246","0","0","0","0","0","0","0","0","0","0","0","0","0","0","0","0","0","246"
"0x7d97cf7b11e0","      FMNMX R106, R98, R105, !PT","500","211","500","4161536","133169152","133169152","32","32","0","0","0","-","-","-","0","0","0","0","0","0","0","0","-","0","0","0","0","0","0","0","0","0","0","0","0","0","0","0","0","0","0","0","262","0","0","0","238","0","0","0","0","0","0","0","0","0","0","0","0","0","0","0","0","0","211"
"0x7d97cf7b11f0","      FADD R121, R121, -R100","780","394","780","4161536","133169152","133169152","32","32","0","0","0","-","-","-","0","0","0","0","0","0","0","0","-","0","0","0","0","0","0","0","0","0","0","0","0","0","0","0","0","0","0","1","260","0","0","0","519","0","0","0","0","0","0","0","0","0","0","0","0","0","0","0","0","0","394"
"0x7d97cf7b1200","      FMNMX R106, R99, R106, !PT","263","0","263","4161536","133169152","133169152","32","32","0","0","0","-","-","-","0","0","0","0","0","0","0","0","-","0","0","0","0","0","0","0","0","0","0","0","0","0","0","0","0","0","0","0","263","0","0","0","0","0","0","0","0","0","0","0","0","0","0","0","0","0","0","0","0","0","0"
"0x7d97cf7b1210","      FADD R120, R120, -R100","262","0","262","4161536","133169152","133169152","32","32","0","0","0","-","-","-","0","0","0","0","0","0","0","0","-","0","0","0","0","0","0","0","0","0","0","0","0","0","0","0","0","0","0","0","262","0","0","0","0","0","0","0","0","0","0","0","0","0","0","0","0","0","0","0","0","0","0"
"0x7d97cf7b1220","      FADD R114, R115, -R100","255","0","255","4161536","133169152","133169152","32","32","0","0","0","-","-","-","0","0","0","0","0","0","0","0","-","0","0","0","0","0","0","0","0","0","0","0","0","0","0","0","0","0","0","0","255","0","0","0","0","0","0","0","0","0","0","0","0","0","0","0","0","0","0","0","0","0","0"
"0x7d97cf7b1230","      MUFU.EX2 R122, R121","258","0","258","4161536","133169152","133169152","32","32","0","0","0","-","-","-","0","0","0","0","0","0","0","0","-","0","0","0","0","0","0","0","0","0","0","0","0","0","0","0","0","0","0","0","258","0","0","0","0","0","0","0","0","0","0","0","0","0","0","0","0","0","0","0","0","0","0"
"0x7d97cf7b1240","      FMNMX R107, R101, R106, !PT","259","0","259","4161536","133169152","133169152","32","32","0","0","0","-","-","-","0","0","0","0","0","0","0","0","-","0","0","0","0","0","0","0","0","0","0","0","0","0","0","0","0","0","0","0","259","0","0","0","0","0","0","0","0","0","0","0","0","0","0","0","0","0","0","0","0","0","0"
"0x7d97cf7b1250","      FADD R115, R119, -R100","230","0","230","4161536","133169152","133169152","32","32","0","0","0","-","-","-","0","0","0","0","0","0","0","0","-","0","0","0","0","0","0","0","0","0","0","0","0","0","0","0","0","0","0","0","230","0","0","0","0","0","0","0","0","0","0","0","0","0","0","0","0","0","0","0","0","0","0"
"0x7d97cf7b1260","      FADD R172, -R100, R147","508","0","508","4161536","133169152","133169152","32","32","0","0","0","-","-","-","0","0","0","0","0","0","0","0","-","0","0","0","0","0","0","0","0","246","0","0","0","0","0","0","0","0","0","0","262","0","0","0","0","0","0","0","0","0","0","0","0","0","0","0","0","0","0","0","0","0","0"
"0x7d97cf7b1270","      FADD R105, R125, -R100","279","0","279","4161536","133169152","133169152","32","32","0","0","0","-","-","-","0","0","0","0","0","0","0","0","-","0","0","0","0","0","0","0","0","0","0","0","0","0","0","0","0","0","0","0","279","0","0","0","0","0","0","0","0","0","0","0","0","0","0","0","0","0","0","0","0","0","0"
"0x7d97cf7b1280","      FMNMX R107, R102, R107, !PT","254","0","254","4161536","133169152","133169152","32","32","0","0","0","-","-","-","0","0","0","0","0","0","0","0","-","0","0","0","0","0","0","0","0","0","0","0","0","0","0","0","0","0","0","0","254","0","0","0","0","0","0","0","0","0","0","0","0","0","0","0","0","0","0","0","0","0","0"
"0x7d97cf7b1290","      FADD R110, R111, -R100","255","0","255","4161536","133169152","133169152","32","32","0","0","0","-","-","-","0","0","0","0","0","0","0","0","-","0","0","0","0","0","0","0","0","0","0","0","0","0","0","0","0","0","0","0","255","0","0","0","0","0","0","0","0","0","0","0","0","0","0","0","0","0","0","0","0","0","0"
"0x7d97cf7b12a0","      FADD R106, R127, -R100","521","0","521","4161536","133169152","133169152","32","32","0","0","0","-","-","-","0","0","0","0","0","0","0","0","-","0","0","0","0","0","0","0","0","266","0","0","0","0","0","0","0","0","0","0","255","0","0","0","0","0","0","0","0","0","0","0","0","0","0","0","0","0","0","0","0","0","0"
"0x7d97cf7b12b0","      MUFU.EX2 R177, R120","269","0","269","4161536","133169152","133169152","32","32","0","0","0","-","-","-","0","0","0","0","0","0","0","0","-","0","0","0","0","0","0","0","0","0","0","0","0","0","0","0","0","0","0","0","269","0","0","0","0","0","0","0","0","0","0","0","0","0","0","0","0","0","0","0","0","0","0"
"0x7d97cf7b12c0","      FMNMX R108, R104, R107, !PT","243","0","243","4161536","133169152","133169152","32","32","0","0","0","-","-","-","0","0","0","0","0","0","0","0","-","0","0","0","0","0","0","0","0","0","0","0","0","0","0","0","0","0","0","0","243","0","0","0","0","0","0","0","0","0","0","0","0","0","0","0","0","0","0","0","0","0","0"
"0x7d97cf7b12d0","      FADD R107, R129, -R100","218","0","218","4161536","133169152","133169152","32","32","0","0","0","-","-","-","0","0","0","0","0","0","0","0","-","0","0","0","0","0","0","0","0","0","0","0","0","0","0","0","0","0","0","0","218","0","0","0","0","0","0","0","0","0","0","0","0","0","0","0","0","0","0","0","0","0","0"
"0x7d97cf7b12e0","      FADD R109, R133, -R100","269","0","269","4161536","133169152","133169152","32","32","0","0","0","-","-","-","0","0","0","0","0","0","0","0","-","0","0","0","0","0","0","0","0","0","0","0","0","0","0","0","0","0","0","0","269","0","0","0","0","0","0","0","0","0","0","0","0","0","0","0","0","0","0","0","0","0","0"
"0x7d97cf7b12f0","      FADD R111, R135, -R100","254","0","254","4161536","133169152","133169152","32","32","0","0","0","-","-","-","0","0","0","0","0","0","0","0","-","0","0","0","0","0","0","0","0","0","0","0","0","0","0","0","0","0","0","0","254","0","0","0","0","0","0","0","0","0","0","0","0","0","0","0","0","0","0","0","0","0","0"
"0x7d97cf7b1300","      FMNMX R112, R103, R108, !PT","270","1","270","4161536","133169152","133169152","32","32","0","0","0","-","-","-","0","0","0","0","0","0","0","0","-","0","0","0","0","0","0","0","0","0","0","0","0","0","1","0","0","0","0","0","269","0","0","0","0","0","0","0","0","0","0","0","1","0","0","0","0","0","0","0","0","0","0"
"0x7d97cf7b1310","      FADD R108, R131, -R100","232","0","232","4161536","133169152","133169152","32","32","0","0","0","-","-","-","0","0","0","0","0","0","0","0","-","0","0","0","0","0","0","0","0","0","0","0","0","0","0","0","0","0","0","0","232","0","0","0","0","0","0","0","0","0","0","0","0","0","0","0","0","0","0","0","0","0","0"
"0x7d97cf7b1320","      FADD R171, R171, -R100","230","0","230","4161536","133169152","133169152","32","32","0","0","0","-","-","-","0","0","0","0","0","0","0","0","-","0","0","0","0","0","0","0","0","0","0","0","0","0","0","0","0","0","0","0","230","0","0","0","0","0","0","0","0","0","0","0","0","0","0","0","0","0","0","0","0","0","0"
"0x7d97cf7b1330","      FADD R116, R175, -R100","264","0","264","4161536","133169152","133169152","32","32","0","0","0","-","-","-","0","0","0","0","0","0","0","0","-","0","0","0","0","0","0","0","0","0","0","0","0","0","0","0","0","0","0","0","264","0","0","0","0","0","0","0","0","0","0","0","0","0","0","0","0","0","0","0","0","0","0"
"0x7d97cf7b1340","      FADD R117, R117, -R100","225","0","225","4161536","133169152","133169152","32","32","0","0","0","-","-","-","0","0","0","0","0","0","0","0","-","0","0","0","0","0","0","0","0","0","0","0","0","0","0","0","0","0","0","0","225","0","0","0","0","0","0","0","0","0","0","0","0","0","0","0","0","0","0","0","0","0","0"
"0x7d97cf7b1350","      SHFL.BFLY PT, R113, R112, 0x2, 0x1f","229","0","229","4161536","133169152","133169152","32","32","0","0","0","-","-","-","0","0","0","0","0","0","0","0","-","0","0","0","0","0","0","0","0","0","0","0","0","0","0","0","0","0","0","0","229","0","0","0","0","0","0","0","0","0","0","0","0","0","0","0","0","0","0","0","0","0","0"
"0x7d97cf7b1360","      FADD R123, R123, -R100","247","0","247","4161536","133169152","133169152","32","32","0","0","0","-","-","-","0","0","0","0","0","0","0","0","-","0","0","0","0","0","0","0","0","0","0","0","0","0","0","0","0","0","0","0","247","0","0","0","0","0","0","0","0","0","0","0","0","0","0","0","0","0","0","0","0","0","0"
"0x7d97cf7b1370","      MUFU.EX2 R172, R172","272","0","272","4161536","133169152","133169152","32","32","0","0","0","-","-","-","0","0","0","0","0","0","0","0","-","0","0","0","0","0","0","0","0","0","0","0","0","0","0","0","0","0","0","0","272","0","0","0","0","0","0","0","0","0","0","0","0","0","0","0","0","0","0","0","0","0","0"
"0x7d97cf7b1380","      MUFU.EX2 R124, R123","2926","1097","2926","4161536","133169152","133169152","32","32","0","0","0","-","-","-","0","0","0","0","0","0","0","0","-","0","0","0","0","0","0","0","0","0","0","0","0","0","0","0","631","0","0","4","240","0","0","0","2051","0","0","0","0","0","0","0","0","0","474","0","0","0","0","0","0","0","623"
"0x7d97cf7b1390","      MUFU.EX2 R105, R105","9424","1577","9424","4161536","133169152","133169152","32","32","0","0","0","-","-","-","0","0","0","0","0","0","0","0","-","0","0","0","0","0","0","0","0","189","0","0","0","0","0","0","3966","0","0","3189","252","0","0","0","1828","0","0","0","0","0","0","0","0","0","238","0","0","0","0","0","0","0","1339"
"0x7d97cf7b13a0","      FMUL R24, R24, R172","254","0","254","4161536","133169152","133169152","32","32","0","0","0","-","-","-","0","0","0","0","0","0","0","0","-","0","0","0","0","0","0","0","0","0","0","0","0","0","0","0","0","0","0","0","254","0","0","0","0","0","0","0","0","0","0","0","0","0","0","0","0","0","0","0","0","0","0"
"0x7d97cf7b13b0","      FMUL R25, R25, R172","374","0","374","4161536","133169152","133169152","32","32","0","0","0","-","-","-","0","0","0","0","0","0","0","0","-","0","0","0","0","0","0","0","0","119","0","0","0","0","0","0","0","0","0","0","255","0","0","0","0","0","0","0","0","0","0","0","0","0","0","0","0","0","0","0","0","0","0"
"0x7d97cf7b13c0","      FMUL R28, R28, R172","248","0","248","4161536","133169152","133169152","32","32","0","0","0","-","-","-","0","0","0","0","0","0","0","0","-","0","0","0","0","0","0","0","0","0","0","0","0","0","0","0","0","0","0","0","248","0","0","0","0","0","0","0","0","0","0","0","0","0","0","0","0","0","0","0","0","0","0"
"0x7d97cf7b13d0","      FMUL R29, R29, R172","267","0","267","4161536","133169152","133169152","32","32","0","0","0","-","-","-","0","0","0","0","0","0","0","0","-","0","0","0","0","0","0","0","0","0","0","0","0","0","0","0","0","0","0","0","267","0","0","0","0","0","0","0","0","0","0","0","0","0","0","0","0","0","0","0","0","0","0"
"0x7d97cf7b13e0","      FMUL R32, R32, R172","227","0","227","4161536","133169152","133169152","32","32","0","0","0","-","-","-","0","0","0","0","0","0","0","0","-","0","0","0","0","0","0","0","0","0","0","0","0","0","0","0","0","0","0","0","227","0","0","0","0","0","0","0","0","0","0","0","0","0","0","0","0","0","0","0","0","0","0"
"0x7d97cf7b13f0","      FMNMX R118, R112, R113, !PT","289","0","289","4161536","133169152","133169152","32","32","0","0","0","-","-","-","0","0","0","0","0","0","0","0","-","0","0","0","0","0","0","0","0","0","0","0","0","0","0","0","0","0","0","0","289","0","0","0","0","0","0","0","0","0","0","0","0","0","0","0","0","0","0","0","0","0","0"
"0x7d97cf7b1400","      FADD R113, R173, -R100","284","0","284","4161536","133169152","133169152","32","32","0","0","0","-","-","-","0","0","0","0","0","0","0","0","-","0","0","0","0","0","0","0","0","0","0","0","0","0","0","0","0","0","0","0","284","0","0","0","0","0","0","0","0","0","0","0","0","0","0","0","0","0","0","0","0","0","0"
"0x7d97cf7b1410","      MUFU.EX2 R112, R171","1876","1486","1876","4161536","133169152","133169152","32","32","0","0","0","-","-","-","0","0","0","0","0","0","0","0","-","0","0","0","0","0","0","0","0","0","0","0","0","0","0","0","1496","0","0","117","263","0","0","0","0","0","0","0","0","0","0","0","0","0","1486","0","0","0","0","0","0","0","0"
"0x7d97cf7b1420","      FMUL R33, R33, R172","261","0","261","4161536","133169152","133169152","32","32","0","0","0","-","-","-","0","0","0","0","0","0","0","0","-","0","0","0","0","0","0","0","0","0","0","0","0","0","0","0","0","0","0","0","261","0","0","0","0","0","0","0","0","0","0","0","0","0","0","0","0","0","0","0","0","0","0"
"0x7d97cf7b1430","      FMUL R36, R36, R172","241","0","241","4161536","133169152","133169152","32","32","0","0","0","-","-","-","0","0","0","0","0","0","0","0","-","0","0","0","0","0","0","0","0","0","0","0","0","0","0","0","0","0","0","0","241","0","0","0","0","0","0","0","0","0","0","0","0","0","0","0","0","0","0","0","0","0","0"
"0x7d97cf7b1440","      SHFL.BFLY PT, R121, R118, 0x1, 0x1f","250","0","250","4161536","133169152","133169152","32","32","0","0","0","-","-","-","0","0","0","0","0","0","0","0","-","0","0","0","0","0","0","0","0","0","0","0","0","0","0","0","0","0","0","0","250","0","0","0","0","0","0","0","0","0","0","0","0","0","0","0","0","0","0","0","0","0","0"
"0x7d97cf7b1450","      FMUL R37, R37, R172","217","0","217","4161536","133169152","133169152","32","32","0","0","0","-","-","-","0","0","0","0","0","0","0","0","-","0","0","0","0","0","0","0","0","0","0","0","0","0","0","0","0","0","0","0","217","0","0","0","0","0","0","0","0","0","0","0","0","0","0","0","0","0","0","0","0","0","0"
"0x7d97cf7b1460","      FMUL R40, R40, R172","237","0","237","4161536","133169152","133169152","32","32","0","0","0","-","-","-","0","0","0","0","0","0","0","0","-","0","0","0","0","0","0","0","0","0","0","0","0","0","0","0","0","0","0","0","237","0","0","0","0","0","0","0","0","0","0","0","0","0","0","0","0","0","0","0","0","0","0"
"0x7d97cf7b1470","      FMUL R41, R41, R172","268","0","268","4161536","133169152","133169152","32","32","0","0","0","-","-","-","0","0","0","0","0","0","0","0","-","0","0","0","0","0","0","0","0","0","0","0","0","0","0","0","0","0","0","0","268","0","0","0","0","0","0","0","0","0","0","0","0","0","0","0","0","0","0","0","0","0","0"
"0x7d97cf7b1480","      FMUL R44, R44, R172","277","0","277","4161536","133169152","133169152","32","32","0","0","0","-","-","-","0","0","0","0","0","0","0","0","-","0","0","0","0","0","0","0","0","0","0","0","0","0","0","0","0","0","0","0","277","0","0","0","0","0","0","0","0","0","0","0","0","0","0","0","0","0","0","0","0","0","0"
"0x7d97cf7b1490","      MUFU.EX2 R106, R106","256","0","256","4161536","133169152","133169152","32","32","0","0","0","-","-","-","0","0","0","0","0","0","0","0","-","0","0","0","0","0","0","0","0","0","0","0","0","0","0","0","0","0","0","0","256","0","0","0","0","0","0","0","0","0","0","0","0","0","0","0","0","0","0","0","0","0","0"
"0x7d97cf7b14a0","      FMUL R45, R45, R172","230","0","230","4161536","133169152","133169152","32","32","0","0","0","-","-","-","0","0","0","0","0","0","0","0","-","0","0","0","0","0","0","0","0","0","0","0","0","0","0","0","0","0","0","0","230","0","0","0","0","0","0","0","0","0","0","0","0","0","0","0","0","0","0","0","0","0","0"
"0x7d97cf7b14b0","      FMUL R48, R48, R172","263","0","263","4161536","133169152","133169152","32","32","0","0","0","-","-","-","0","0","0","0","0","0","0","0","-","0","0","0","0","0","0","0","0","0","0","0","0","0","0","0","0","0","0","0","263","0","0","0","0","0","0","0","0","0","0","0","0","0","0","0","0","0","0","0","0","0","0"
"0x7d97cf7b14c0","      FMUL R49, R49, R172","264","0","264","4161536","133169152","133169152","32","32","0","0","0","-","-","-","0","0","0","0","0","0","0","0","-","0","0","0","0","0","0","0","0","0","0","0","0","0","0","0","0","0","0","0","264","0","0","0","0","0","0","0","0","0","0","0","0","0","0","0","0","0","0","0","0","0","0"
"0x7d97cf7b14d0","      FMUL R52, R52, R172","258","0","258","4161536","133169152","133169152","32","32","0","0","0","-","-","-","0","0","0","0","0","0","0","0","-","0","0","0","0","0","0","0","0","0","0","0","0","0","0","0","0","0","0","0","258","0","0","0","0","0","0","0","0","0","0","0","0","0","0","0","0","0","0","0","0","0","0"
"0x7d97cf7b14e0","      FMUL R53, R53, R172","275","0","275","4161536","133169152","133169152","32","32","0","0","0","-","-","-","0","0","0","0","0","0","0","0","-","0","0","0","0","0","0","0","0","0","0","0","0","0","0","0","0","0","0","0","275","0","0","0","0","0","0","0","0","0","0","0","0","0","0","0","0","0","0","0","0","0","0"
"0x7d97cf7b14f0","      FMUL R56, R56, R172","239","0","239","4161536","133169152","133169152","32","32","0","0","0","-","-","-","0","0","0","0","0","0","0","0","-","0","0","0","0","0","0","0","0","0","0","0","0","0","0","0","0","0","0","0","239","0","0","0","0","0","0","0","0","0","0","0","0","0","0","0","0","0","0","0","0","0","0"
"0x7d97cf7b1500","      FMUL R57, R57, R172","239","0","239","4161536","133169152","133169152","32","32","0","0","0","-","-","-","0","0","0","0","0","0","0","0","-","0","0","0","0","0","0","0","0","0","0","0","0","0","0","0","0","0","0","0","239","0","0","0","0","0","0","0","0","0","0","0","0","0","0","0","0","0","0","0","0","0","0"
"0x7d97cf7b1510","      MUFU.EX2 R107, R107","2817","105","2817","4161536","133169152","133169152","32","32","0","0","0","-","-","-","0","0","0","0","0","0","0","0","-","0","0","0","0","0","0","0","0","0","0","0","0","0","0","0","2237","0","0","341","239","0","0","0","0","0","0","0","0","0","0","0","0","0","105","0","0","0","0","0","0","0","0"
"0x7d97cf7b1520","      FMUL R60, R60, R172","262","0","262","4161536","133169152","133169152","32","32","0","0","0","-","-","-","0","0","0","0","0","0","0","0","-","0","0","0","0","0","0","0","0","3","0","0","0","0","0","0","0","0","0","0","259","0","0","0","0","0","0","0","0","0","0","0","0","0","0","0","0","0","0","0","0","0","0"
"0x7d97cf7b1530","      FMUL R61, R61, R172","246","0","246","4161536","133169152","133169152","32","32","0","0","0","-","-","-","0","0","0","0","0","0","0","0","-","0","0","0","0","0","0","0","0","0","0","0","0","0","0","0","0","0","0","0","246","0","0","0","0","0","0","0","0","0","0","0","0","0","0","0","0","0","0","0","0","0","0"
"0x7d97cf7b1540","      FMUL R64, R64, R172","246","0","246","4161536","133169152","133169152","32","32","0","0","0","-","-","-","0","0","0","0","0","0","0","0","-","0","0","0","0","0","0","0","0","0","0","0","0","0","0","0","0","0","0","0","246","0","0","0","0","0","0","0","0","0","0","0","0","0","0","0","0","0","0","0","0","0","0"
"0x7d97cf7b1550","      FMUL R65, R65, R172","246","0","246","4161536","133169152","133169152","32","32","0","0","0","-","-","-","0","0","0","0","0","0","0","0","-","0","0","0","0","0","0","0","0","0","0","0","0","0","0","0","0","0","0","0","246","0","0","0","0","0","0","0","0","0","0","0","0","0","0","0","0","0","0","0","0","0","0"
"0x7d97cf7b1560","      FMUL R68, R68, R172","229","0","229","4161536","133169152","133169152","32","32","0","0","0","-","-","-","0","0","0","0","0","0","0","0","-","0","0","0","0","0","0","0","0","0","0","0","0","0","0","0","0","0","0","0","229","0","0","0","0","0","0","0","0","0","0","0","0","0","0","0","0","0","0","0","0","0","0"
"0x7d97cf7b1570","      FMUL R69, R69, R172","263","0","263","4161536","133169152","133169152","32","32","0","0","0","-","-","-","0","0","0","0","0","0","0","0","-","0","0","0","0","0","0","0","0","0","0","0","0","0","0","0","0","0","0","0","263","0","0","0","0","0","0","0","0","0","0","0","0","0","0","0","0","0","0","0","0","0","0"
"0x7d97cf7b1580","      FMUL R72, R72, R172","330","48","330","4161536","133169152","133169152","32","32","0","0","0","-","-","-","0","0","0","0","0","0","0","0","-","0","0","0","0","0","0","0","0","0","0","0","0","0","0","0","0","0","49","6","275","0","0","0","0","0","0","0","0","0","0","0","0","0","0","0","48","0","0","0","0","0","0"
"0x7d97cf7b1590","      MUFU.EX2 R108, R108","2732","287","2732","4161536","133169152","133169152","32","32","0","0","0","-","-","-","0","0","0","0","0","0","0","0","-","0","0","0","0","0","0","0","0","0","0","0","0","0","0","0","2164","0","0","313","255","0","0","0","0","0","0","0","0","0","0","0","0","0","287","0","0","0","0","0","0","0","0"
"0x7d97cf7b15a0","      FMUL R73, R73, R172","240","0","240","4161536","133169152","133169152","32","32","0","0","0","-","-","-","0","0","0","0","0","0","0","0","-","0","0","0","0","0","0","0","0","0","0","0","0","0","0","0","0","0","0","0","240","0","0","0","0","0","0","0","0","0","0","0","0","0","0","0","0","0","0","0","0","0","0"
"0x7d97cf7b15b0","      FMUL R76, R76, R172","241","0","241","4161536","133169152","133169152","32","32","0","0","0","-","-","-","0","0","0","0","0","0","0","0","-","0","0","0","0","0","0","0","0","0","0","0","0","0","0","0","0","0","0","0","241","0","0","0","0","0","0","0","0","0","0","0","0","0","0","0","0","0","0","0","0","0","0"
"0x7d97cf7b15c0","      FMNMX R120, R118, R121, !PT","634","131","634","4161536","133169152","133169152","32","32","0","0","0","-","-","-","0","0","0","0","0","0","0","0","-","0","0","0","0","0","0","0","0","29","0","0","0","0","41","0","0","0","0","174","236","154","0","0","0","0","0","0","0","0","0","0","41","0","0","0","0","0","0","90","0","0","0"
"0x7d97cf7b15d0","      FMUL R77, R77, R172","296","0","296","4161536","133169152","133169152","32","32","0","0","0","-","-","-","0","0","0","0","0","0","0","0","-","0","0","0","0","0","0","0","0","0","0","0","0","0","0","0","0","0","0","0","296","0","0","0","0","0","0","0","0","0","0","0","0","0","0","0","0","0","0","0","0","0","0"
"0x7d97cf7b15e0","      FMUL R80, R80, R172","279","0","279","4161536","133169152","133169152","32","32","0","0","0","-","-","-","0","0","0","0","0","0","0","0","-","0","0","0","0","0","0","0","0","0","0","0","0","0","0","0","0","0","0","0","279","0","0","0","0","0","0","0","0","0","0","0","0","0","0","0","0","0","0","0","0","0","0"
"0x7d97cf7b15f0","      FMUL R81, R81, R172","249","0","249","4161536","133169152","133169152","32","32","0","0","0","-","-","-","0","0","0","0","0","0","0","0","-","0","0","0","0","0","0","0","0","0","0","0","0","0","0","0","0","0","0","0","249","0","0","0","0","0","0","0","0","0","0","0","0","0","0","0","0","0","0","0","0","0","0"
"0x7d97cf7b1600","      FMNMX R118, R120, R143, !PT","232","0","232","4161536","133169152","133169152","32","32","0","0","0","-","-","-","0","0","0","0","0","0","0","0","-","0","0","0","0","0","0","0","0","0","0","0","0","0","0","0","0","0","0","0","232","0","0","0","0","0","0","0","0","0","0","0","0","0","0","0","0","0","0","0","0","0","0"
"0x7d97cf7b1610","      MUFU.EX2 R109, R109","1089","176","1089","4161536","133169152","133169152","32","32","0","0","0","-","-","-","0","0","0","0","0","0","0","0","-","0","0","0","0","0","0","0","0","2","0","0","0","0","0","0","354","0","0","478","255","0","0","0","0","0","0","0","0","0","0","0","0","0","176","0","0","0","0","0","0","0","0"
"0x7d97cf7b1620","      F2FP.F16.F32.PACK_AB R120, R177, R122","281","0","281","4161536","133169152","133169152","32","32","0","0","0","-","-","-","0","0","0","0","0","0","0","0","-","0","0","0","0","0","0","0","0","0","0","0","0","0","0","0","0","0","0","0","281","0","0","0","0","0","0","0","0","0","0","0","0","0","0","0","0","0","0","0","0","0","0"
"0x7d97cf7b1630","      FMUL R84, R84, R172","271","0","271","4161536","133169152","133169152","32","32","0","0","0","-","-","-","0","0","0","0","0","0","0","0","-","0","0","0","0","0","0","0","0","0","0","0","0","0","0","0","0","0","0","0","271","0","0","0","0","0","0","0","0","0","0","0","0","0","0","0","0","0","0","0","0","0","0"
"0x7d97cf7b1640","      FMUL R85, R85, R172","289","0","289","4161536","133169152","133169152","32","32","0","0","0","-","-","-","0","0","0","0","0","0","0","0","-","0","0","0","0","0","0","0","0","0","0","0","0","0","0","0","0","0","0","0","289","0","0","0","0","0","0","0","0","0","0","0","0","0","0","0","0","0","0","0","0","0","0"
"0x7d97cf7b1650","      FADD R88, R88, -R118","238","0","238","4161536","133169152","133169152","32","32","0","0","0","-","-","-","0","0","0","0","0","0","0","0","-","0","0","0","0","0","0","0","0","0","0","0","0","0","0","0","0","0","0","0","238","0","0","0","0","0","0","0","0","0","0","0","0","0","0","0","0","0","0","0","0","0","0"
"0x7d97cf7b1660","      FADD R94, R94, -R118","256","0","256","4161536","133169152","133169152","32","32","0","0","0","-","-","-","0","0","0","0","0","0","0","0","-","0","0","0","0","0","0","0","0","0","0","0","0","0","0","0","0","0","0","0","256","0","0","0","0","0","0","0","0","0","0","0","0","0","0","0","0","0","0","0","0","0","0"
"0x7d97cf7b1670","      FADD R95, R95, -R118","244","0","244","4161536","133169152","133169152","32","32","0","0","0","-","-","-","0","0","0","0","0","0","0","0","-","0","0","0","0","0","0","0","0","0","0","0","0","0","0","0","0","0","0","0","244","0","0","0","0","0","0","0","0","0","0","0","0","0","0","0","0","0","0","0","0","0","0"
"0x7d97cf7b1680","      FADD R96, R96, -R118","221","0","221","4161536","133169152","133169152","32","32","0","0","0","-","-","-","0","0","0","0","0","0","0","0","-","0","0","0","0","0","0","0","0","0","0","0","0","0","0","0","0","0","0","0","221","0","0","0","0","0","0","0","0","0","0","0","0","0","0","0","0","0","0","0","0","0","0"
"0x7d97cf7b1690","      MUFU.EX2 R119, R88","4349","684","4349","4161536","133169152","133169152","32","32","0","0","0","-","-","-","0","0","0","0","0","0","0","0","-","0","0","0","0","0","0","0","0","2","0","0","0","0","0","0","3576","0","0","527","244","0","0","0","0","0","0","0","0","0","0","0","0","0","684","0","0","0","0","0","0","0","0"
"0x7d97cf7b16a0","      FADD R97, R97, -R118","244","0","244","4161536","133169152","133169152","32","32","0","0","0","-","-","-","0","0","0","0","0","0","0","0","-","0","0","0","0","0","0","0","0","0","0","0","0","0","0","0","0","0","0","0","244","0","0","0","0","0","0","0","0","0","0","0","0","0","0","0","0","0","0","0","0","0","0"
"0x7d97cf7b16b0","      FADD R98, R98, -R118","400","0","400","4161536","133169152","133169152","32","32","0","0","0","-","-","-","0","0","0","0","0","0","0","0","-","0","0","0","0","0","0","0","0","150","0","0","0","0","0","0","0","0","0","0","250","0","0","0","0","0","0","0","0","0","0","0","0","0","0","0","0","0","0","0","0","0","0"
"0x7d97cf7b16c0","      FADD R99, R99, -R118","263","0","263","4161536","133169152","133169152","32","32","0","0","0","-","-","-","0","0","0","0","0","0","0","0","-","0","0","0","0","0","0","0","0","0","0","0","0","0","0","0","0","0","0","0","263","0","0","0","0","0","0","0","0","0","0","0","0","0","0","0","0","0","0","0","0","0","0"
"0x7d97cf7b16d0","      FADD R101, R101, -R118","251","0","251","4161536","133169152","133169152","32","32","0","0","0","-","-","-","0","0","0","0","0","0","0","0","-","0","0","0","0","0","0","0","0","0","0","0","0","0","0","0","0","0","0","0","251","0","0","0","0","0","0","0","0","0","0","0","0","0","0","0","0","0","0","0","0","0","0"
"0x7d97cf7b16e0","      FADD R102, R102, -R118","239","0","239","4161536","133169152","133169152","32","32","0","0","0","-","-","-","0","0","0","0","0","0","0","0","-","0","0","0","0","0","0","0","0","0","0","0","0","0","0","0","0","0","0","0","239","0","0","0","0","0","0","0","0","0","0","0","0","0","0","0","0","0","0","0","0","0","0"
"0x7d97cf7b16f0","      FADD R104, R104, -R118","262","0","262","4161536","133169152","133169152","32","32","0","0","0","-","-","-","0","0","0","0","0","0","0","0","-","0","0","0","0","0","0","0","0","0","0","0","0","0","0","0","0","0","0","0","262","0","0","0","0","0","0","0","0","0","0","0","0","0","0","0","0","0","0","0","0","0","0"
"0x7d97cf7b1700","      FADD R103, R103, -R118","259","0","259","4161536","133169152","133169152","32","32","0","0","0","-","-","-","0","0","0","0","0","0","0","0","-","0","0","0","0","0","0","0","0","0","0","0","0","0","0","0","0","0","0","0","259","0","0","0","0","0","0","0","0","0","0","0","0","0","0","0","0","0","0","0","0","0","0"
"0x7d97cf7b1710","      FADD R89, R89, -R118","256","0","256","4161536","133169152","133169152","32","32","0","0","0","-","-","-","0","0","0","0","0","0","0","0","-","0","0","0","0","0","0","0","0","0","0","0","0","0","0","0","0","0","0","0","256","0","0","0","0","0","0","0","0","0","0","0","0","0","0","0","0","0","0","0","0","0","0"
"0x7d97cf7b1720","      FADD R88, -R118, R143","4019","222","4019","4161536","133169152","133169152","32","32","0","0","0","-","-","-","0","0","0","0","0","0","0","0","-","0","0","0","0","0","0","0","0","0","0","0","0","0","0","0","0","0","0","1645","253","2121","0","0","0","0","0","0","0","0","0","0","0","0","0","0","0","0","0","222","0","0","0"
"0x7d97cf7b1730","      FADD R90, R90, -R118","258","0","258","4161536","133169152","133169152","32","32","0","0","0","-","-","-","0","0","0","0","0","0","0","0","-","0","0","0","0","0","0","0","0","0","0","0","0","0","0","0","0","0","0","0","258","0","0","0","0","0","0","0","0","0","0","0","0","0","0","0","0","0","0","0","0","0","0"
"0x7d97cf7b1740","      FADD R91, R91, -R118","250","0","250","4161536","133169152","133169152","32","32","0","0","0","-","-","-","0","0","0","0","0","0","0","0","-","0","0","0","0","0","0","0","0","0","0","0","0","0","0","0","0","0","0","0","250","0","0","0","0","0","0","0","0","0","0","0","0","0","0","0","0","0","0","0","0","0","0"
"0x7d97cf7b1750","      FADD R92, R92, -R118","244","0","244","4161536","133169152","133169152","32","32","0","0","0","-","-","-","0","0","0","0","0","0","0","0","-","0","0","0","0","0","0","0","0","0","0","0","0","0","0","0","0","0","0","0","244","0","0","0","0","0","0","0","0","0","0","0","0","0","0","0","0","0","0","0","0","0","0"
"0x7d97cf7b1760","      FADD R93, R93, -R118","259","0","259","4161536","133169152","133169152","32","32","0","0","0","-","-","-","0","0","0","0","0","0","0","0","-","0","0","0","0","0","0","0","0","0","0","0","0","0","0","0","0","0","0","0","259","0","0","0","0","0","0","0","0","0","0","0","0","0","0","0","0","0","0","0","0","0","0"
"0x7d97cf7b1770","      MUFU.EX2 R143, R88","443","83","443","4161536","133169152","133169152","32","32","0","0","0","-","-","-","0","0","0","0","0","0","0","0","-","0","0","0","0","0","0","0","0","0","0","0","0","0","0","0","168","0","0","0","275","0","0","0","0","0","0","0","0","0","0","0","0","0","83","0","0","0","0","0","0","0","0"
"0x7d97cf7b1780","      F2FP.F16.F32.PACK_AB R126, R109, R108","308","0","308","4161536","133169152","133169152","32","32","0","0","0","-","-","-","0","0","0","0","0","0","0","0","-","0","0","0","0","0","0","0","0","57","0","0","0","0","0","0","0","0","0","0","251","0","0","0","0","0","0","0","0","0","0","0","0","0","0","0","0","0","0","0","0","0","0"
"0x7d97cf7b1790","      MUFU.EX2 R110, R110","4071","1089","4071","4161536","133169152","133169152","32","32","0","0","0","-","-","-","0","0","0","0","0","0","0","0","-","0","0","0","0","0","0","0","0","36","0","0","0","0","0","0","1926","0","0","245","260","0","0","0","1604","0","0","0","0","0","0","0","0","0","344","0","0","0","0","0","0","0","745"
"0x7d97cf7b17a0","      VIADD R88, R162, 0xd0","966","618","966","4161536","133169152","133169152","32","32","0","0","0","-","-","-","0","0","0","0","0","0","0","0","-","0","0","0","0","0","0","0","0","0","0","0","0","0","0","0","0","0","0","0","270","696","0","0","0","0","0","0","0","0","0","0","0","0","0","0","0","0","0","618","0","0","0"
"0x7d97cf7b17b0","      ISETP.GE.AND P2, PT, R88, UR22, PT","1279","918","1279","4161536","133169152","133169152","32","32","0","0","0","-","-","-","0","0","0","0","0","0","0","0","-","0","0","0","0","0","0","0","0","0","0","0","0","0","1","0","0","0","0","6","257","0","0","0","1015","0","0","0","0","0","0","0","0","0","0","0","0","0","0","0","0","0","918"
"0x7d97cf7b17c0","      MUFU.EX2 R111, R111","824","252","824","4161536","133169152","133169152","32","32","0","0","0","-","-","-","0","0","0","0","0","0","0","0","-","0","0","0","0","0","0","0","0","1","0","0","0","0","0","0","137","0","0","186","233","0","0","0","267","0","0","0","0","0","0","0","0","0","19","0","0","0","0","0","0","0","233"
"0x7d97cf7b17d0","      FMUL R26, R26, R143","250","0","250","4161536","133169152","133169152","32","32","0","0","0","-","-","-","0","0","0","0","0","0","0","0","-","0","0","0","0","0","0","0","0","0","0","0","0","0","0","0","0","0","0","0","250","0","0","0","0","0","0","0","0","0","0","0","0","0","0","0","0","0","0","0","0","0","0"
"0x7d97cf7b17e0","      FMUL R27, R27, R143","258","0","258","4161536","133169152","133169152","32","32","0","0","0","-","-","-","0","0","0","0","0","0","0","0","-","0","0","0","0","0","0","0","0","1","0","0","0","0","0","0","0","0","0","0","257","0","0","0","0","0","0","0","0","0","0","0","0","0","0","0","0","0","0","0","0","0","0"
"0x7d97cf7b17f0","      FMUL R30, R30, R143","245","0","245","4161536","133169152","133169152","32","32","0","0","0","-","-","-","0","0","0","0","0","0","0","0","-","0","0","0","0","0","0","0","0","0","0","0","0","0","0","0","0","0","0","0","245","0","0","0","0","0","0","0","0","0","0","0","0","0","0","0","0","0","0","0","0","0","0"
"0x7d97cf7b1800","      FMUL R31, R31, R143","261","0","261","4161536","133169152","133169152","32","32","0","0","0","-","-","-","0","0","0","0","0","0","0","0","-","0","0","0","0","0","0","0","0","0","0","0","0","0","0","0","0","0","0","0","261","0","0","0","0","0","0","0","0","0","0","0","0","0","0","0","0","0","0","0","0","0","0"
"0x7d97cf7b1810","      FMUL R34, R34, R143","238","0","238","4161536","133169152","133169152","32","32","0","0","0","-","-","-","0","0","0","0","0","0","0","0","-","0","0","0","0","0","0","0","0","0","0","0","0","0","0","0","0","0","0","0","238","0","0","0","0","0","0","0","0","0","0","0","0","0","0","0","0","0","0","0","0","0","0"
"0x7d97cf7b1820","      FMUL R35, R35, R143","240","0","240","4161536","133169152","133169152","32","32","0","0","0","-","-","-","0","0","0","0","0","0","0","0","-","0","0","0","0","0","0","0","0","0","0","0","0","0","0","0","0","0","0","0","240","0","0","0","0","0","0","0","0","0","0","0","0","0","0","0","0","0","0","0","0","0","0"
"0x7d97cf7b1830","      FMUL R38, R38, R143","215","0","215","4161536","133169152","133169152","32","32","0","0","0","-","-","-","0","0","0","0","0","0","0","0","-","0","0","0","0","0","0","0","0","0","0","0","0","0","0","0","0","0","0","0","215","0","0","0","0","0","0","0","0","0","0","0","0","0","0","0","0","0","0","0","0","0","0"
"0x7d97cf7b1840","      MUFU.EX2 R113, R113","362","105","362","4161536","133169152","133169152","32","32","0","0","0","-","-","-","0","0","0","0","0","0","0","0","-","0","0","0","0","0","0","0","0","0","0","0","0","0","0","0","105","0","0","0","257","0","0","0","0","0","0","0","0","0","0","0","0","0","105","0","0","0","0","0","0","0","0"
"0x7d97cf7b1850","      FMUL R39, R39, R143","263","0","263","4161536","133169152","133169152","32","32","0","0","0","-","-","-","0","0","0","0","0","0","0","0","-","0","0","0","0","0","0","0","0","0","0","0","0","0","0","0","0","0","0","0","263","0","0","0","0","0","0","0","0","0","0","0","0","0","0","0","0","0","0","0","0","0","0"
"0x7d97cf7b1860","      FMUL R42, R42, R143","268","0","268","4161536","133169152","133169152","32","32","0","0","0","-","-","-","0","0","0","0","0","0","0","0","-","0","0","0","0","0","0","0","0","0","0","0","0","0","0","0","0","0","0","0","268","0","0","0","0","0","0","0","0","0","0","0","0","0","0","0","0","0","0","0","0","0","0"
"0x7d97cf7b1870","      FMUL R43, R43, R143","250","0","250","4161536","133169152","133169152","32","32","0","0","0","-","-","-","0","0","0","0","0","0","0","0","-","0","0","0","0","0","0","0","0","0","0","0","0","0","0","0","0","0","0","0","250","0","0","0","0","0","0","0","0","0","0","0","0","0","0","0","0","0","0","0","0","0","0"
"0x7d97cf7b1880","      FMUL R46, R46, R143","267","0","267","4161536","133169152","133169152","32","32","0","0","0","-","-","-","0","0","0","0","0","0","0","0","-","0","0","0","0","0","0","0","0","0","0","0","0","0","0","0","0","0","0","0","267","0","0","0","0","0","0","0","0","0","0","0","0","0","0","0","0","0","0","0","0","0","0"
"0x7d97cf7b1890","      FMUL R47, R47, R143","272","0","272","4161536","133169152","133169152","32","32","0","0","0","-","-","-","0","0","0","0","0","0","0","0","-","0","0","0","0","0","0","0","0","0","0","0","0","0","0","0","0","0","0","0","272","0","0","0","0","0","0","0","0","0","0","0","0","0","0","0","0","0","0","0","0","0","0"
"0x7d97cf7b18a0","      FMUL R50, R50, R143","248","0","248","4161536","133169152","133169152","32","32","0","0","0","-","-","-","0","0","0","0","0","0","0","0","-","0","0","0","0","0","0","0","0","0","0","0","0","0","0","0","0","0","0","0","248","0","0","0","0","0","0","0","0","0","0","0","0","0","0","0","0","0","0","0","0","0","0"
"0x7d97cf7b18b0","      FMUL R51, R51, R143","269","0","269","4161536","133169152","133169152","32","32","0","0","0","-","-","-","0","0","0","0","0","0","0","0","-","0","0","0","0","0","0","0","0","0","0","0","0","0","0","0","0","0","0","0","269","0","0","0","0","0","0","0","0","0","0","0","0","0","0","0","0","0","0","0","0","0","0"
"0x7d97cf7b18c0","      MUFU.EX2 R114, R114","258","3","258","4161536","133169152","133169152","32","32","0","0","0","-","-","-","0","0","0","0","0","0","0","0","-","0","0","0","0","0","0","0","0","0","0","0","0","0","0","0","3","0","0","1","254","0","0","0","0","0","0","0","0","0","0","0","0","0","3","0","0","0","0","0","0","0","0"
"0x7d97cf7b18d0","      FMUL R54, R54, R143","257","0","257","4161536","133169152","133169152","32","32","0","0","0","-","-","-","0","0","0","0","0","0","0","0","-","0","0","0","0","0","0","0","0","0","0","0","0","0","0","0","0","0","0","0","257","0","0","0","0","0","0","0","0","0","0","0","0","0","0","0","0","0","0","0","0","0","0"
"0x7d97cf7b18e0","      FMUL R55, R55, R143","267","0","267","4161536","133169152","133169152","32","32","0","0","0","-","-","-","0","0","0","0","0","0","0","0","-","0","0","0","0","0","0","0","0","0","0","0","0","0","0","0","0","0","0","0","267","0","0","0","0","0","0","0","0","0","0","0","0","0","0","0","0","0","0","0","0","0","0"
"0x7d97cf7b18f0","      FMUL R58, R58, R143","228","0","228","4161536","133169152","133169152","32","32","0","0","0","-","-","-","0","0","0","0","0","0","0","0","-","0","0","0","0","0","0","0","0","0","0","0","0","0","0","0","0","0","0","0","228","0","0","0","0","0","0","0","0","0","0","0","0","0","0","0","0","0","0","0","0","0","0"
"0x7d97cf7b1900","      FMUL R59, R59, R143","256","4","256","4161536","133169152","133169152","32","32","0","0","0","-","-","-","0","0","0","0","0","0","0","0","-","0","0","0","0","0","0","0","0","0","0","0","0","0","0","0","0","0","4","0","252","0","0","0","0","0","0","0","0","0","0","0","0","0","0","0","4","0","0","0","0","0","0"
"0x7d97cf7b1910","      FMUL R62, R62, R143","260","0","260","4161536","133169152","133169152","32","32","0","0","0","-","-","-","0","0","0","0","0","0","0","0","-","0","0","0","0","0","0","0","0","0","0","0","0","0","0","0","0","0","0","0","260","0","0","0","0","0","0","0","0","0","0","0","0","0","0","0","0","0","0","0","0","0","0"
"0x7d97cf7b1920","      FMUL R63, R63, R143","283","0","283","4161536","133169152","133169152","32","32","0","0","0","-","-","-","0","0","0","0","0","0","0","0","-","0","0","0","0","0","0","0","0","0","0","0","0","0","0","0","0","0","0","0","283","0","0","0","0","0","0","0","0","0","0","0","0","0","0","0","0","0","0","0","0","0","0"
"0x7d97cf7b1930","      FMUL R66, R66, R143","260","0","260","4161536","133169152","133169152","32","32","0","0","0","-","-","-","0","0","0","0","0","0","0","0","-","0","0","0","0","0","0","0","0","0","0","0","0","0","0","0","0","0","0","0","260","0","0","0","0","0","0","0","0","0","0","0","0","0","0","0","0","0","0","0","0","0","0"
"0x7d97cf7b1940","      MUFU.EX2 R115, R115","298","26","298","4161536","133169152","133169152","32","32","0","0","0","-","-","-","0","0","0","0","0","0","0","0","-","0","0","0","0","0","0","0","0","0","0","0","0","0","0","0","50","0","0","7","241","0","0","0","0","0","0","0","0","0","0","0","0","0","26","0","0","0","0","0","0","0","0"
"0x7d97cf7b1950","      FMUL R67, R67, R143","258","0","258","4161536","133169152","133169152","32","32","0","0","0","-","-","-","0","0","0","0","0","0","0","0","-","0","0","0","0","0","0","0","0","0","0","0","0","0","0","0","0","0","0","0","258","0","0","0","0","0","0","0","0","0","0","0","0","0","0","0","0","0","0","0","0","0","0"
"0x7d97cf7b1960","      FMUL R70, R70, R143","254","0","254","4161536","133169152","133169152","32","32","0","0","0","-","-","-","0","0","0","0","0","0","0","0","-","0","0","0","0","0","0","0","0","0","0","0","0","0","0","0","0","0","0","0","254","0","0","0","0","0","0","0","0","0","0","0","0","0","0","0","0","0","0","0","0","0","0"
"0x7d97cf7b1970","      FMUL R71, R71, R143","234","0","234","4161536","133169152","133169152","32","32","0","0","0","-","-","-","0","0","0","0","0","0","0","0","-","0","0","0","0","0","0","0","0","0","0","0","0","0","0","0","0","0","0","0","234","0","0","0","0","0","0","0","0","0","0","0","0","0","0","0","0","0","0","0","0","0","0"
"0x7d97cf7b1980","      FMUL R74, R74, R143","248","1","248","4161536","133169152","133169152","32","32","0","0","0","-","-","-","0","0","0","0","0","0","0","0","-","0","0","0","0","0","0","0","0","0","0","0","0","0","0","0","0","0","1","0","247","0","0","0","0","0","0","0","0","0","0","0","0","0","0","0","1","0","0","0","0","0","0"
"0x7d97cf7b1990","      FMUL R75, R75, R143","246","0","246","4161536","133169152","133169152","32","32","0","0","0","-","-","-","0","0","0","0","0","0","0","0","-","0","0","0","0","0","0","0","0","0","0","0","0","0","0","0","0","0","0","0","246","0","0","0","0","0","0","0","0","0","0","0","0","0","0","0","0","0","0","0","0","0","0"
"0x7d97cf7b19a0","      FMUL R78, R78, R143","263","0","263","4161536","133169152","133169152","32","32","0","0","0","-","-","-","0","0","0","0","0","0","0","0","-","0","0","0","0","0","0","0","0","0","0","0","0","0","0","0","0","0","0","0","263","0","0","0","0","0","0","0","0","0","0","0","0","0","0","0","0","0","0","0","0","0","0"
"0x7d97cf7b19b0","      FMUL R79, R79, R143","234","0","234","4161536","133169152","133169152","32","32","0","0","0","-","-","-","0","0","0","0","0","0","0","0","-","0","0","0","0","0","0","0","0","0","0","0","0","0","0","0","0","0","0","0","234","0","0","0","0","0","0","0","0","0","0","0","0","0","0","0","0","0","0","0","0","0","0"
"0x7d97cf7b19c0","      MUFU.EX2 R116, R116","4735","1326","4735","4161536","133169152","133169152","32","32","0","0","0","-","-","-","0","0","0","0","0","0","0","0","-","0","0","0","0","0","0","0","0","2","0","0","0","0","0","0","3847","0","0","623","263","0","0","0","0","0","0","0","0","0","0","0","0","0","1326","0","0","0","0","0","0","0","0"
"0x7d97cf7b19d0","      FMUL R82, R82, R143","275","0","275","4161536","133169152","133169152","32","32","0","0","0","-","-","-","0","0","0","0","0","0","0","0","-","0","0","0","0","0","0","0","0","0","0","0","0","0","0","0","0","0","0","0","275","0","0","0","0","0","0","0","0","0","0","0","0","0","0","0","0","0","0","0","0","0","0"
"0x7d97cf7b19e0","      FMUL R83, R83, R143","283","0","283","4161536","133169152","133169152","32","32","0","0","0","-","-","-","0","0","0","0","0","0","0","0","-","0","0","0","0","0","0","0","0","0","0","0","0","0","0","0","0","0","0","0","283","0","0","0","0","0","0","0","0","0","0","0","0","0","0","0","0","0","0","0","0","0","0"
"0x7d97cf7b19f0","      FMUL R86, R86, R143","264","0","264","4161536","133169152","133169152","32","32","0","0","0","-","-","-","0","0","0","0","0","0","0","0","-","0","0","0","0","0","0","0","0","0","0","0","0","0","0","0","0","0","0","0","264","0","0","0","0","0","0","0","0","0","0","0","0","0","0","0","0","0","0","0","0","0","0"
"0x7d97cf7b1a00","      FMUL R87, R87, R143","256","2","256","4161536","133169152","133169152","32","32","0","0","0","-","-","-","0","0","0","0","0","0","0","0","-","0","0","0","0","0","0","0","0","0","0","0","0","0","0","0","0","0","2","0","254","0","0","0","0","0","0","0","0","0","0","0","0","0","0","0","2","0","0","0","0","0","0"
"0x7d97cf7b1a10","      F2FP.F16.F32.PACK_AB R128, R111, R110","217","0","217","4161536","133169152","133169152","32","32","0","0","0","-","-","-","0","0","0","0","0","0","0","0","-","0","0","0","0","0","0","0","0","0","0","0","0","0","0","0","0","0","0","0","217","0","0","0","0","0","0","0","0","0","0","0","0","0","0","0","0","0","0","0","0","0","0"
"0x7d97cf7b1a20","      F2FP.F16.F32.PACK_AB R130, R113, R112","489","139","489","4161536","133169152","133169152","32","32","0","0","0","-","-","-","0","0","0","0","0","0","0","0","-","0","0","0","0","0","0","0","0","0","0","0","0","0","1","0","0","0","0","22","232","0","0","0","234","0","0","0","0","0","0","0","0","0","0","0","0","0","0","0","0","0","139"
"0x7d97cf7b1a30","      MUFU.EX2 R117, R117","306","17","306","4161536","133169152","133169152","32","32","0","0","0","-","-","-","0","0","0","0","0","0","0","0","-","0","0","0","0","0","0","0","0","0","0","0","0","0","0","0","51","0","0","4","251","0","0","0","0","0","0","0","0","0","0","0","0","0","17","0","0","0","0","0","0","0","0"
"0x7d97cf7b1a40","      F2FP.F16.F32.PACK_AB R132, R115, R114","247","1","247","4161536","133169152","133169152","32","32","0","0","0","-","-","-","0","0","0","0","0","0","0","0","-","0","0","0","0","0","0","0","0","1","0","0","0","0","0","0","0","0","0","0","245","1","0","0","0","0","0","0","0","0","0","0","0","0","0","0","0","0","0","1","0","0","0"
"0x7d97cf7b1a50","      SEL R88, RZ, 0x10, P2","1140","82","1140","4161536","133169152","133169152","32","32","0","0","0","-","-","-","0","0","0","0","0","0","0","0","-","0","0","0","0","0","0","0","0","0","0","0","0","0","111","0","0","0","0","532","233","0","0","0","264","0","0","0","0","0","0","0","0","0","0","0","0","0","0","0","0","0","82"
"0x7d97cf7b1a60","      SEL R88, R88, RZ, !P4","1658","558","1658","4161536","133169152","133169152","32","32","0","0","0","-","-","-","0","0","0","0","0","0","0","0","-","0","0","0","0","0","0","0","0","0","0","0","0","0","343","0","0","0","0","279","275","0","0","0","761","0","0","0","0","0","0","0","84","0","0","0","0","0","0","0","0","0","474"
"0x7d97cf7b1a70","      MUFU.EX2 R174, R89","2603","1765","2603","4161536","133169152","133169152","32","32","0","0","0","-","-","-","0","0","0","0","0","0","0","0","-","0","0","0","0","0","0","0","0","1","0","0","0","0","0","0","2121","0","0","211","270","0","0","0","0","0","0","0","0","0","0","0","0","0","1765","0","0","0","0","0","0","0","0"
"0x7d97cf7b1a80","      ISETP.NE.U32.AND P2, PT, R88, RZ, PT","1112","369","1112","4161536","133169152","133169152","32","32","0","0","0","-","-","-","0","0","0","0","0","0","0","0","-","0","0","0","0","0","0","0","0","0","0","0","0","0","127","0","0","0","0","139","293","0","0","0","553","0","0","0","0","0","0","0","31","0","0","0","0","0","0","0","0","0","338"
"0x7d97cf7b1a90","      MUFU.EX2 R147, R90","6039","1831","6039","4161536","133169152","133169152","32","32","0","0","0","-","-","-","0","0","0","0","0","0","0","0","-","0","0","0","0","0","0","0","0","0","0","0","0","0","0","0","4297","0","0","486","237","0","0","0","1019","0","0","0","0","0","0","0","0","0","1144","0","0","0","0","0","0","0","687"
"0x7d97cf7b1aa0","      FADD R89, R122, R177","537","247","537","4161536","133169152","133169152","32","32","0","0","0","-","-","-","0","0","0","0","0","0","0","0","-","0","0","0","0","0","0","0","0","0","0","0","0","0","0","0","0","0","0","8","253","276","0","0","0","0","0","0","0","0","0","0","0","0","0","0","0","0","0","247","0","0","0"
"0x7d97cf7b1ab0","      F2FP.F16.F32.PACK_AB R122, R105, R124","264","0","264","4161536","133169152","133169152","32","32","0","0","0","-","-","-","0","0","0","0","0","0","0","0","-","0","0","0","0","0","0","0","0","0","0","0","0","0","0","0","0","0","0","0","264","0","0","0","0","0","0","0","0","0","0","0","0","0","0","0","0","0","0","0","0","0","0"
"0x7d97cf7b1ac0","      F2FP.F16.F32.PACK_AB R134, R117, R116","555","140","555","4161536","133169152","133169152","32","32","0","0","0","-","-","-","0","0","0","0","0","0","0","0","-","0","0","0","0","0","0","0","0","0","0","0","0","0","22","0","0","0","0","31","244","0","0","0","258","0","0","0","0","0","0","0","0","0","0","0","0","0","0","0","0","0","140"
"0x7d97cf7b1ad0","      FADD R180, R124, R89","268","0","268","4161536","133169152","133169152","32","32","0","0","0","-","-","-","0","0","0","0","0","0","0","0","-","0","0","0","0","0","0","0","0","0","0","0","0","0","0","0","0","0","0","0","268","0","0","0","0","0","0","0","0","0","0","0","0","0","0","0","0","0","0","0","0","0","0"
"0x7d97cf7b1ae0","      F2FP.F16.F32.PACK_AB R124, R107, R106","262","0","262","4161536","133169152","133169152","32","32","0","0","0","-","-","-","0","0","0","0","0","0","0","0","-","0","0","0","0","0","0","0","0","0","0","0","0","0","0","0","0","0","0","0","262","0","0","0","0","0","0","0","0","0","0","0","0","0","0","0","0","0","0","0","0","0","0"
"0x7d97cf7b1af0","      IMAD R89, R160, R138, R155","300","0","300","4161536","133169152","133169152","32","32","0","0","0","-","-","-","0","0","0","0","0","0","0","0","-","0","0","0","0","0","0","0","0","34","0","0","0","0","0","0","0","0","0","0","266","0","0","0","0","0","0","0","0","0","0","0","0","0","0","0","0","0","0","0","0","0","0"
"0x7d97cf7b1b00","      MUFU.EX2 R176, R91","253","1","253","4161536","133169152","133169152","32","32","0","0","0","-","-","-","0","0","0","0","0","0","0","0","-","0","0","0","0","0","0","0","0","0","0","0","0","0","0","0","1","0","0","0","252","0","0","0","0","0","0","0","0","0","0","0","0","0","1","0","0","0","0","0","0","0","0"
"0x7d97cf7b1b10","      F2FP.F16.F32.PACK_AB R121, R174, R119","242","0","242","4161536","133169152","133169152","32","32","0","0","0","-","-","-","0","0","0","0","0","0","0","0","-","0","0","0","0","0","0","0","0","0","0","0","0","0","0","0","0","0","0","0","242","0","0","0","0","0","0","0","0","0","0","0","0","0","0","0","0","0","0","0","0","0","0"
"0x7d97cf7b1b20","      VIADD R90, R162, 0xe0","2698","1063","2698","4161536","133169152","133169152","32","32","0","0","0","-","-","-","0","0","0","0","0","0","0","0","-","0","0","0","0","0","0","0","0","0","0","0","0","0","319","0","0","0","0","645","232","1502","0","0","0","0","0","0","0","0","0","0","134","0","0","0","0","0","0","929","0","0","0"
"0x7d97cf7b1b30","      FADD R174, R119, R174","920","2","920","4161536","133169152","133169152","32","32","0","0","0","-","-","-","0","0","0","0","0","0","0","0","-","0","0","0","0","0","0","0","0","3","0","0","0","0","0","0","0","0","0","424","251","0","0","0","242","0","0","0","0","0","0","0","0","0","0","0","0","0","0","0","0","0","2"
"0x7d97cf7b1b40","      VIADD R162, R162, 0xf0","264","2","264","4161536","133169152","133169152","32","32","0","0","0","-","-","-","0","0","0","0","0","0","0","0","-","0","0","0","0","0","0","0","0","0","0","0","0","0","3","0","0","0","0","8","253","0","0","0","0","0","0","0","0","0","0","0","2","0","0","0","0","0","0","0","0","0","0"
"0x7d97cf7b1b50","      LEA R88, P5, R89, R4, 0x1","270","0","270","4161536","133169152","133169152","32","32","0","0","0","-","-","-","0","0","0","0","0","0","0","0","-","0","0","0","0","0","0","0","0","0","0","0","0","0","0","0","0","0","0","0","270","0","0","0","0","0","0","0","0","0","0","0","0","0","0","0","0","0","0","0","0","0","0"
"0x7d97cf7b1b60","      FADD R105, R105, R180","282","0","282","4161536","133169152","133169152","32","32","0","0","0","-","-","-","0","0","0","0","0","0","0","0","-","0","0","0","0","0","0","0","0","36","0","0","0","0","0","0","0","0","0","0","246","0","0","0","0","0","0","0","0","0","0","0","0","0","0","0","0","0","0","0","0","0","0"
"0x7d97cf7b1b70","      MUFU.EX2 R171, R92","672","255","672","4161536","133169152","133169152","32","32","0","0","0","-","-","-","0","0","0","0","0","0","0","0","-","0","0","0","0","0","0","0","0","0","0","0","0","0","0","0","422","0","0","0","250","0","0","0","0","0","0","0","0","0","0","0","0","0","255","0","0","0","0","0","0","0","0"
"0x7d97cf7b1b80","      ISETP.GE.AND P6, PT, R162, UR22, PT","552","192","552","4161536","133169152","133169152","32","32","0","0","0","-","-","-","0","0","0","0","0","0","0","0","-","0","0","0","0","0","0","0","0","20","0","0","0","0","3","0","0","0","0","1","249","0","0","0","279","0","0","20","0","0","0","0","2","0","0","0","0","0","0","0","0","0","170"
"0x7d97cf7b1b90","      FADD R106, R106, R105","255","0","255","4161536","133169152","133169152","32","32","0","0","0","-","-","-","0","0","0","0","0","0","0","0","-","0","0","0","0","0","0","0","0","0","0","0","0","0","0","0","0","0","0","0","255","0","0","0","0","0","0","0","0","0","0","0","0","0","0","0","0","0","0","0","0","0","0"
"0x7d97cf7b1ba0","      LEA.HI.X.SX32 R89, R89, R5, 0x1, P5","266","0","266","4161536","133169152","133169152","32","32","0","0","0","-","-","-","0","0","0","0","0","0","0","0","-","0","0","0","0","0","0","0","0","0","0","0","0","0","0","0","0","0","0","0","266","0","0","0","0","0","0","0","0","0","0","0","0","0","0","0","0","0","0","0","0","0","0"
"0x7d97cf7b1bb0","      IMAD R91, R154, R137, R148","450","97","450","4161536","133169152","133169152","32","32","0","0","0","-","-","-","0","0","0","0","0","0","0","0","-","0","0","0","0","0","0","0","0","0","0","0","0","0","0","0","0","0","0","60","255","135","0","0","0","0","0","0","0","0","0","0","0","0","0","0","0","0","0","97","0","0","0"
"0x7d97cf7b1bc0","      ISETP.GE.AND P5, PT, R90, UR22, PT","288","0","288","4161536","133169152","133169152","32","32","0","0","0","-","-","-","0","0","0","0","0","0","0","0","-","0","0","0","0","0","0","0","0","0","0","0","0","0","0","0","0","0","0","0","288","0","0","0","0","0","0","0","0","0","0","0","0","0","0","0","0","0","0","0","0","0","0"
"0x7d97cf7b1bd0","      FADD R107, R107, R106","250","0","250","4161536","133169152","133169152","32","32","0","0","0","-","-","-","0","0","0","0","0","0","0","0","-","0","0","0","0","0","0","0","0","32","0","0","0","0","0","0","0","0","0","0","218","0","0","0","0","0","0","0","0","0","0","0","0","0","0","0","0","0","0","0","0","0","0"
"0x7d97cf7b1be0","      MUFU.EX2 R178, R93","3043","1334","3043","4161536","133169152","133169152","32","32","0","0","0","-","-","-","0","0","0","0","0","0","0","0","-","0","0","0","0","0","0","0","0","144","0","0","0","0","0","0","2174","0","0","473","252","0","0","0","0","0","0","0","0","0","0","0","0","0","1334","0","0","0","0","0","0","0","0"
"0x7d97cf7b1bf0","      F2FP.F16.F32.PACK_AB R123, R176, R147","261","0","261","4161536","133169152","133169152","32","32","0","0","0","-","-","-","0","0","0","0","0","0","0","0","-","0","0","0","0","0","0","0","0","0","0","0","0","0","0","0","0","0","0","0","261","0","0","0","0","0","0","0","0","0","0","0","0","0","0","0","0","0","0","0","0","0","0"
"0x7d97cf7b1c00","      FADD R147, R147, R174","243","0","243","4161536","133169152","133169152","32","32","0","0","0","-","-","-","0","0","0","0","0","0","0","0","-","0","0","0","0","0","0","0","0","0","0","0","0","0","0","0","0","0","0","0","243","0","0","0","0","0","0","0","0","0","0","0","0","0","0","0","0","0","0","0","0","0","0"
"0x7d97cf7b1c10","      FADD R108, R108, R107","226","0","226","4161536","133169152","133169152","32","32","0","0","0","-","-","-","0","0","0","0","0","0","0","0","-","0","0","0","0","0","0","0","0","0","0","0","0","0","0","0","0","0","0","0","226","0","0","0","0","0","0","0","0","0","0","0","0","0","0","0","0","0","0","0","0","0","0"
"0x7d97cf7b1c20","      FADD R176, R176, R147","760","393","760","4161536","133169152","133169152","32","32","0","0","0","-","-","-","0","0","0","0","0","0","0","0","-","0","0","0","0","0","0","0","0","0","0","0","0","0","0","0","0","0","0","42","220","0","0","0","498","0","0","0","0","0","0","0","0","0","0","0","0","0","0","0","0","0","393"
"0x7d97cf7b1c30","      FADD R109, R109, R108","254","0","254","4161536","133169152","133169152","32","32","0","0","0","-","-","-","0","0","0","0","0","0","0","0","-","0","0","0","0","0","0","0","0","0","0","0","0","0","0","0","0","0","0","0","254","0","0","0","0","0","0","0","0","0","0","0","0","0","0","0","0","0","0","0","0","0","0"
"0x7d97cf7b1c40","      MUFU.EX2 R94, R94","1657","395","1657","4161536","133169152","133169152","32","32","0","0","0","-","-","-","0","0","0","0","0","0","0","0","-","0","0","0","0","0","0","0","0","91","0","0","0","0","0","0","955","0","0","363","248","0","0","0","0","0","0","0","0","0","0","0","0","0","395","0","0","0","0","0","0","0","0"
"0x7d97cf7b1c50","      IMAD R93, R160, R137, R148","2042","1261","2042","4161536","133169152","133169152","32","32","0","0","0","-","-","-","0","0","0","0","0","0","0","0","-","0","0","0","0","0","0","0","0","0","0","0","0","0","0","0","0","0","0","351","250","1441","0","0","0","0","0","0","0","0","0","0","0","0","0","0","0","0","0","1261","0","0","0"
"0x7d97cf7b1c60","      FADD R110, R110, R109","1082","104","1082","4161536","133169152","133169152","32","32","0","0","0","-","-","-","0","0","0","0","0","0","0","0","-","0","0","0","0","0","0","0","0","82","0","0","0","0","0","0","0","0","0","482","249","0","0","0","269","0","0","0","0","0","0","0","0","0","0","0","0","0","0","0","0","0","104"
"0x7d97cf7b1c70","      IMAD.MOV.U32 R147, RZ, RZ, R100","294","32","294","4161536","133169152","133169152","32","32","0","0","0","-","-","-","0","0","0","0","0","0","0","0","-","0","0","0","0","0","0","0","0","0","0","0","0","0","32","0","0","0","0","0","262","0","0","0","0","0","0","0","0","0","0","0","32","0","0","0","0","0","0","0","0","0","0"
"0x7d97cf7b1c80","      FADD R111, R111, R110","996","406","996","4161536","133169152","133169152","32","32","0","0","0","-","-","-","0","0","0","0","0","0","0","0","-","0","0","0","0","0","0","0","0","0","0","0","0","0","0","0","0","0","0","246","252","0","0","0","498","0","0","0","0","0","0","0","0","0","0","0","0","0","0","0","0","0","406"
"0x7d97cf7b1c90","      MUFU.EX2 R95, R95","1132","774","1132","4161536","133169152","133169152","32","32","0","0","0","-","-","-","0","0","0","0","0","0","0","0","-","0","0","0","0","0","0","0","0","0","0","0","0","0","0","0","859","0","0","26","247","0","0","0","0","0","0","0","0","0","0","0","0","0","774","0","0","0","0","0","0","0","0"
"0x7d97cf7b1ca0","      F2FP.F16.F32.PACK_AB R125, R178, R171","285","0","285","4161536","133169152","133169152","32","32","0","0","0","-","-","-","0","0","0","0","0","0","0","0","-","0","0","0","0","0","0","0","0","23","0","0","0","0","0","0","0","0","0","0","262","0","0","0","0","0","0","0","0","0","0","0","0","0","0","0","0","0","0","0","0","0","0"
"0x7d97cf7b1cb0","      FADD R171, R171, R176","284","0","284","4161536","133169152","133169152","32","32","0","0","0","-","-","-","0","0","0","0","0","0","0","0","-","0","0","0","0","0","0","0","0","0","0","0","0","0","0","0","0","0","0","0","284","0","0","0","0","0","0","0","0","0","0","0","0","0","0","0","0","0","0","0","0","0","0"
"0x7d97cf7b1cc0","      FADD R112, R112, R111","254","0","254","4161536","133169152","133169152","32","32","0","0","0","-","-","-","0","0","0","0","0","0","0","0","-","0","0","0","0","0","0","0","0","0","0","0","0","0","0","0","0","0","0","0","254","0","0","0","0","0","0","0","0","0","0","0","0","0","0","0","0","0","0","0","0","0","0"
"0x7d97cf7b1cd0","      FADD R171, R178, R171","809","446","809","4161536","133169152","133169152","32","32","0","0","0","-","-","-","0","0","0","0","0","0","0","0","-","0","0","0","0","0","0","0","0","0","0","0","0","0","0","0","0","0","0","9","249","0","0","0","551","0","0","0","0","0","0","0","0","0","0","0","0","0","0","0","0","0","446"
"0x7d97cf7b1ce0","      FADD R113, R113, R112","232","0","232","4161536","133169152","133169152","32","32","0","0","0","-","-","-","0","0","0","0","0","0","0","0","-","0","0","0","0","0","0","0","0","0","0","0","0","0","0","0","0","0","0","0","232","0","0","0","0","0","0","0","0","0","0","0","0","0","0","0","0","0","0","0","0","0","0"
"0x7d97cf7b1cf0","      MUFU.EX2 R96, R96","349","4","349","4161536","133169152","133169152","32","32","0","0","0","-","-","-","0","0","0","0","0","0","0","0","-","0","0","0","0","0","0","0","0","33","0","0","0","0","0","0","25","0","0","6","285","0","0","0","0","0","0","0","0","0","0","0","0","0","4","0","0","0","0","0","0","0","0"
"0x7d97cf7b1d00","      FADD R114, R114, R113","958","332","958","4161536","133169152","133169152","32","32","0","0","0","-","-","-","0","0","0","0","0","0","0","0","-","0","0","0","0","0","0","0","0","0","0","0","0","0","0","0","0","0","0","198","257","0","0","0","503","0","0","0","0","0","0","0","0","0","0","0","0","0","0","0","0","0","332"
"0x7d97cf7b1d10","      FADD R115, R115, R114","1042","622","1042","4161536","133169152","133169152","32","32","0","0","0","-","-","-","0","0","0","0","0","0","0","0","-","0","0","0","0","0","0","0","0","0","0","0","0","0","0","0","0","0","0","46","247","0","0","0","749","0","0","0","0","0","0","0","0","0","0","0","0","0","0","0","0","0","622"
"0x7d97cf7b1d20","      MUFU.EX2 R97, R97","1112","196","1112","4161536","133169152","133169152","32","32","0","0","0","-","-","-","0","0","0","0","0","0","0","0","-","0","0","0","0","0","0","0","0","0","0","0","0","0","0","0","841","0","0","3","268","0","0","0","0","0","0","0","0","0","0","0","0","0","196","0","0","0","0","0","0","0","0"
"0x7d97cf7b1d30","      F2FP.F16.F32.PACK_AB R127, R95, R94","751","399","751","4161536","133169152","133169152","32","32","0","0","0","-","-","-","0","0","0","0","0","0","0","0","-","0","0","0","0","0","0","0","0","90","0","0","0","0","0","0","0","0","0","0","262","399","0","0","0","0","0","0","0","0","0","0","0","0","0","0","0","0","0","399","0","0","0"
"0x7d97cf7b1d40","      FADD R94, R94, R171","252","0","252","4161536","133169152","133169152","32","32","0","0","0","-","-","-","0","0","0","0","0","0","0","0","-","0","0","0","0","0","0","0","0","0","0","0","0","0","0","0","0","0","0","0","252","0","0","0","0","0","0","0","0","0","0","0","0","0","0","0","0","0","0","0","0","0","0"
"0x7d97cf7b1d50","      FADD R116, R116, R115","259","0","259","4161536","133169152","133169152","32","32","0","0","0","-","-","-","0","0","0","0","0","0","0","0","-","0","0","0","0","0","0","0","0","0","0","0","0","0","0","0","0","0","0","0","259","0","0","0","0","0","0","0","0","0","0","0","0","0","0","0","0","0","0","0","0","0","0"
"0x7d97cf7b1d60","      FADD R95, R95, R94","1005","350","1005","4161536","133169152","133169152","32","32","0","0","0","-","-","-","0","0","0","0","0","0","0","0","-","0","0","0","0","0","0","0","0","0","0","0","0","0","0","0","0","0","0","229","265","0","0","0","511","0","0","0","0","0","0","0","0","0","0","0","0","0","0","0","0","0","350"
"0x7d97cf7b1d70","      FADD R116, R117, R116","232","0","232","4161536","133169152","133169152","32","32","0","0","0","-","-","-","0","0","0","0","0","0","0","0","-","0","0","0","0","0","0","0","0","0","0","0","0","0","0","0","0","0","0","0","232","0","0","0","0","0","0","0","0","0","0","0","0","0","0","0","0","0","0","0","0","0","0"
"0x7d97cf7b1d80","      MUFU.EX2 R98, R98","1716","975","1716","4161536","133169152","133169152","32","32","0","0","0","-","-","-","0","0","0","0","0","0","0","0","-","0","0","0","0","0","0","0","0","91","0","0","0","0","0","0","1210","0","0","127","288","0","0","0","0","0","0","0","0","0","0","0","0","0","975","0","0","0","0","0","0","0","0"
"0x7d97cf7b1d90","      MUFU.EX2 R99, R99","5140","3236","5140","4161536","133169152","133169152","32","32","0","0","0","-","-","-","0","0","0","0","0","0","0","0","-","0","0","0","0","0","0","0","0","0","0","0","0","0","0","0","2800","0","0","352","243","0","0","0","1745","0","0","0","0","0","0","0","0","0","1660","0","0","0","0","0","0","0","1576"
"0x7d97cf7b1da0","      F2FP.F16.F32.PACK_AB R129, R97, R96","249","0","249","4161536","133169152","133169152","32","32","0","0","0","-","-","-","0","0","0","0","0","0","0","0","-","0","0","0","0","0","0","0","0","0","0","0","0","0","0","0","0","0","0","0","249","0","0","0","0","0","0","0","0","0","0","0","0","0","0","0","0","0","0","0","0","0","0"
"0x7d97cf7b1db0","      FADD R96, R96, R95","257","0","257","4161536","133169152","133169152","32","32","0","0","0","-","-","-","0","0","0","0","0","0","0","0","-","0","0","0","0","0","0","0","0","0","0","0","0","0","0","0","0","0","0","0","257","0","0","0","0","0","0","0","0","0","0","0","0","0","0","0","0","0","0","0","0","0","0"
"0x7d97cf7b1dc0","      FADD R97, R97, R96","1135","485","1135","4161536","133169152","133169152","32","32","0","0","0","-","-","-","0","0","0","0","0","0","0","0","-","0","0","0","0","0","0","0","0","0","0","0","0","0","0","0","0","0","0","114","266","0","0","0","755","0","0","0","0","0","0","0","0","0","0","0","0","0","0","0","0","0","485"
"0x7d97cf7b1dd0","      MUFU.EX2 R101, R101","1024","605","1024","4161536","133169152","133169152","32","32","0","0","0","-","-","-","0","0","0","0","0","0","0","0","-","0","0","0","0","0","0","0","0","1","0","0","0","0","0","0","469","0","0","57","250","0","0","0","247","0","0","0","0","0","0","0","0","0","359","0","0","0","0","0","0","0","246"
"0x7d97cf7b1de0","      MUFU.EX2 R102, R102","4559","2641","4559","4161536","133169152","133169152","32","32","0","0","0","-","-","-","0","0","0","0","0","0","0","0","-","0","0","0","0","0","0","0","0","0","0","0","0","0","0","0","2119","0","0","275","249","0","0","0","1916","0","0","0","0","0","0","0","0","0","1206","0","0","0","0","0","0","0","1435"
"0x7d97cf7b1df0","      F2FP.F16.F32.PACK_AB R131, R99, R98","414","94","414","4161536","133169152","133169152","32","32","0","0","0","-","-","-","0","0","0","0","0","0","0","0","-","0","0","0","0","0","0","0","0","0","0","0","0","0","0","0","0","0","0","0","245","169","0","0","0","0","0","0","0","0","0","0","0","0","0","0","0","0","0","94","0","0","0"
"0x7d97cf7b1e00","      FADD R98, R98, R97","257","0","257","4161536","133169152","133169152","32","32","0","0","0","-","-","-","0","0","0","0","0","0","0","0","-","0","0","0","0","0","0","0","0","0","0","0","0","0","0","0","0","0","0","0","257","0","0","0","0","0","0","0","0","0","0","0","0","0","0","0","0","0","0","0","0","0","0"
"0x7d97cf7b1e10","      FADD R98, R99, R98","1035","519","1035","4161536","133169152","133169152","32","32","0","0","0","-","-","-","0","0","0","0","0","0","0","0","-","0","0","0","0","0","0","0","0","2","0","0","0","0","0","0","0","0","0","4","270","0","0","0","759","0","0","0","0","0","0","0","0","0","0","0","0","0","0","0","0","0","519"
"0x7d97cf7b1e20","      MUFU.EX2 R104, R104","919","377","919","4161536","133169152","133169152","32","32","0","0","0","-","-","-","0","0","0","0","0","0","0","0","-","0","0","0","0","0","0","0","0","0","0","0","0","0","0","0","213","0","0","58","251","0","0","0","397","0","0","0","0","0","0","0","0","0","123","0","0","0","0","0","0","0","254"
"0x7d97cf7b1e30","      MUFU.EX2 R103, R103","2832","2245","2832","4161536","133169152","133169152","32","32","0","0","0","-","-","-","0","0","0","0","0","0","0","0","-","0","0","0","0","0","0","0","0","0","0","0","0","0","0","0","670","0","0","58","266","0","0","0","1838","0","0","0","0","0","0","0","0","0","667","0","0","0","0","0","0","0","1578"
"0x7d97cf7b1e40","      F2FP.F16.F32.PACK_AB R133, R102, R101","277","44","277","4161536","133169152","133169152","32","32","0","0","0","-","-","-","0","0","0","0","0","0","0","0","-","0","0","0","0","0","0","0","0","0","0","0","0","0","0","0","0","0","0","0","228","49","0","0","0","0","0","0","0","0","0","0","0","0","0","0","0","0","0","44","0","0","0"
"0x7d97cf7b1e50","      FADD R101, R101, R98","249","0","249","4161536","133169152","133169152","32","32","0","0","0","-","-","-","0","0","0","0","0","0","0","0","-","0","0","0","0","0","0","0","0","0","0","0","0","0","0","0","0","0","0","0","249","0","0","0","0","0","0","0","0","0","0","0","0","0","0","0","0","0","0","0","0","0","0"
"0x7d97cf7b1e60","      FADD R101, R102, R101","1067","534","1067","4161536","133169152","133169152","32","32","0","0","0","-","-","-","0","0","0","0","0","0","0","0","-","0","0","0","0","0","0","0","0","0","0","0","0","0","0","0","0","0","0","30","250","0","0","0","787","0","0","0","0","0","0","0","0","0","0","0","0","0","0","0","0","0","534"
"0x7d97cf7b1e70","      F2FP.F16.F32.PACK_AB R135, R103, R104","3313","1991","3313","4161536","133169152","133169152","32","32","0","0","0","-","-","-","0","0","0","0","0","0","0","0","-","0","0","0","0","0","0","0","0","0","0","0","0","0","0","0","0","0","0","42","248","3023","0","0","0","0","0","0","0","0","0","0","0","0","0","0","0","0","0","1991","0","0","0"
"0x7d97cf7b1e80","      FADD R104, R104, R101","774","375","774","4161536","133169152","133169152","32","32","0","0","0","-","-","-","0","0","0","0","0","0","0","0","-","0","0","0","0","0","0","0","0","3","0","0","0","0","0","0","0","0","0","4","269","0","0","0","498","0","0","0","0","0","0","0","0","0","0","0","0","0","0","0","0","0","375"
"0x7d97cf7b1e90","      WARPGROUP.ARRIVE","245","0","245","4161536","133169152","133169152","32","32","0","0","0","-","-","-","0","0","0","0","0","0","0","0","-","0","0","0","0","0","0","0","0","0","0","0","0","0","0","0","0","0","0","0","245","0","0","0","0","0","0","0","0","0","0","0","0","0","0","0","0","0","0","0","0","0","0"
"0x7d97cf7b1ea0","      FADD R104, R103, R104","815","284","815","4161536","133169152","133169152","32","32","0","0","0","-","-","-","0","0","0","0","0","0","0","0","-","0","0","0","0","0","0","0","0","0","0","0","0","0","0","0","0","0","0","30","261","0","0","0","524","0","0","0","0","0","0","0","0","0","0","0","0","0","0","0","0","0","284"
"0x7d97cf7b1eb0","      HGMMA.64x128x16.F32 R24, R120, gdesc[UR4].tnspB, R24","3538","2295","3538","4161536","133169152","133169152","32","32","0","0","0","Shared","Load","-","0","8","0","33292288","33292288","0","0","0","-","0","0","0","0","0","0","0","0","2","0","0","0","0","0","0","0","0","0","22","253","0","0","0","433","0","0","2","0","0","0","0","0","0","0","0","0","0","0","0","0","0","154"
"0x7d97cf7b1ec0","      UIADD3 UR6, UP0, UR5, 0x2000080, URZ","265","0","265","4161536","133169152","133169152","32","32","0","0","0","-","-","-","0","0","0","0","0","0","0","0","-","0","0","0","0","0","0","0","0","9","0","0","0","0","0","0","0","0","0","0","256","0","0","0","0","0","0","0","0","0","0","0","0","0","0","0","0","0","0","0","0","0","0"
"0x7d97cf7b1ed0","      UIADD3.X UR7, UR4, 0x40000040, URZ, UP0, !UPT","1106","533","1106","4161536","133169152","133169152","32","32","0","0","0","-","-","-","0","0","0","0","0","0","0","0","-","0","0","0","0","0","0","0","0","7","0","0","0","0","3","0","0","0","0","40","279","0","0","0","777","0","0","7","0","0","0","0","3","0","0","0","0","0","0","0","0","0","523"
"0x7d97cf7b1ee0","      UISETP.GT.AND UP0, UPT, UR9, 0x3, UPT","527","250","527","4161536","133169152","133169152","32","32","0","0","0","-","-","-","0","0","0","0","0","0","0","0","-","0","0","0","0","0","0","0","0","25","0","0","0","0","0","0","0","0","0","2","239","0","0","0","261","0","0","25","0","0","0","0","0","0","0","0","0","0","0","0","0","0","225"
"0x7d97cf7b1ef0","      UIADD3.64 UR10, UR6, 0x80, URZ","523","219","523","4161536","133169152","133169152","32","32","0","0","0","-","-","-","0","0","0","0","0","0","0","0","-","0","0","0","0","0","0","0","0","2","0","0","0","0","0","0","0","0","0","0","263","0","0","0","258","0","0","2","0","0","0","0","0","0","0","0","0","0","0","0","0","0","217"
"0x7d97cf7b1f00","      USEL UR9, UR9, URZ, !UP0","518","264","518","4161536","133169152","133169152","32","32","0","0","0","-","-","-","0","0","0","0","0","0","0","0","-","0","0","0","0","0","0","0","0","28","0","0","0","0","0","0","0","0","0","5","243","0","0","0","242","0","0","28","0","0","0","0","0","0","0","0","0","0","0","0","0","0","236"
"0x7d97cf7b1f10","      ULEA UR4, UR9, UR12, 0xe","1141","711","1141","4161536","133169152","133169152","32","32","0","0","0","-","-","-","0","0","0","0","0","0","0","0","-","0","0","0","0","0","0","0","0","1","0","0","0","0","8","0","0","0","0","91","253","0","0","0","788","0","0","1","0","0","0","0","8","0","0","0","0","0","0","0","0","0","702"
"0x7d97cf7b1f20","      VIADD R173, R140, UR4","1524","917","1524","4161536","133169152","133169152","32","32","0","0","0","-","-","-","0","0","0","0","0","0","0","0","-","0","0","0","0","0","0","0","0","0","0","0","0","0","0","0","0","0","0","13","245","0","0","0","1266","0","0","0","0","0","0","0","0","0","0","0","0","0","0","0","0","0","917"
"0x7d97cf7b1f30","      HGMMA.64x128x16.F32 R24, R124, gdesc[UR4].tnspB, R24","808","400","808","4161536","133169152","133169152","32","32","0","0","0","Shared","Load","-","0","8","0","33292288","33292288","0","0","0","-","0","0","0","0","0","0","0","0","2","0","0","0","0","0","0","0","0","0","33","274","0","0","0","499","0","0","0","0","0","0","0","0","0","0","0","0","0","0","0","0","0","400"
"0x7d97cf7b1f40","      UIADD3.64 UR6, UR6, 0x100, URZ","262","0","262","4161536","133169152","133169152","32","32","0","0","0","-","-","-","0","0","0","0","0","0","0","0","-","0","0","0","0","0","0","0","0","0","0","0","0","0","0","0","0","0","0","0","262","0","0","0","0","0","0","0","0","0","0","0","0","0","0","0","0","0","0","0","0","0","0"
"0x7d97cf7b1f50","      HGMMA.64x128x16.F32 R24, R128, gdesc[UR8].tnspB, R24","3195","2441","3195","4161536","133169152","133169152","32","32","0","0","0","Shared","Load","-","0","8","0","33292288","33292288","0","0","0","-","0","0","0","0","0","0","0","0","4","0","0","0","0","0","0","0","0","0","27","284","0","0","0","2880","0","0","2","0","0","0","0","0","0","0","0","0","0","0","0","0","0","2439"
"0x7d97cf7b1f60","      HGMMA.64x128x16.F32 R24, R132, gdesc[UR4].tnspB, R24, gsb0","3156","2312","3156","4161536","133169152","133169152","32","32","0","0","0","Shared","Load","-","0","8","0","33292288","33292288","0","0","0","-","0","0","0","0","0","0","0","0","0","0","0","0","0","0","0","16","0","0","3","279","0","0","0","2858","0","0","0","0","0","0","0","0","0","16","0","0","0","0","0","0","0","2296"
"0x7d97cf7b1f70","      BAR.SYNC.DEFER_BLOCKING 0x0","252","0","252","4161536","133169152","133169152","32","32","0","0","0","-","-","-","0","0","0","0","0","0","0","0","-","0","0","0","0","0","0","0","0","0","0","0","0","0","0","0","0","0","0","0","252","0","0","0","0","0","0","0","0","0","0","0","0","0","0","0","0","0","0","0","0","0","0"
"0x7d97cf7b1f80","@!PT  LDS RZ, [RZ]","9951","8226","9951","4161536","133169152","0","32","0","32","32","0","","Load","32","0","0","0","0","0","0","0","0","-","0","0","0","0","0","0","8019","0","0","0","0","0","0","0","0","0","0","0","549","257","0","0","0","1126","7280","0","0","0","0","0","0","0","0","0","0","0","0","0","0","0","0","946"
"0x7d97cf7b1f90","@!PT  LDS RZ, [RZ]","263","0","263","4161536","133169152","0","32","0","0","32","0","","Load","32","0","0","0","0","0","0","0","0","-","0","0","0","0","0","0","0","0","0","0","0","0","0","0","0","0","0","0","0","263","0","0","0","0","0","0","0","0","0","0","0","0","0","0","0","0","0","0","0","0","0","0"
"0x7d97cf7b1fa0","@!PT  LDS RZ, [RZ]","229","0","229","4161536","133169152","0","32","0","0","32","0","","Load","32","0","0","0","0","0","0","0","0","-","0","0","0","0","0","0","0","0","0","0","0","0","0","0","0","0","0","0","0","229","0","0","0","0","0","0","0","0","0","0","0","0","0","0","0","0","0","0","0","0","0","0"
"0x7d97cf7b1fb0","      LDGSTS.E.BYPASS.128 desc[UR20][R12.64], P3, [R173]","265","0","265","4161536","133169152","133169152","32","32","32","0","0","Global,Shared","Load,Store","128","16257024","4","0","16646144","16646144","0","65028096","65028096","","0","0","0","0","0","0","0","0","0","0","0","0","0","0","0","0","0","0","0","265","0","0","0","0","0","0","0","0","0","0","0","0","0","0","0","0","0","0","0","0","0","0"
"0x7d97cf7b1fc0","      LDGSTS.E.BYPASS.128 desc[UR20][R88.64], P2, [R173+0x800]","1176","283","1176","4161536","133169152","133169152","32","32","0","0","0","Global,Shared","Load,Store","128","16257024","4","0","16646144","16646144","0","65028096","65028096","","0","0","0","0","0","0","0","0","0","0","0","0","0","0","0","0","0","0","109","228","0","0","0","839","0","0","0","0","0","0","0","0","0","0","0","0","0","0","0","0","0","283"
"0x7d97cf7b1fd0","      SEL R13, RZ, 0x10, P6","8212","7205","8212","4161536","133169152","133169152","32","32","0","0","0","-","-","-","0","0","0","0","0","0","0","0","-","0","0","0","0","0","0","0","0","0","0","0","0","7944","0","0","0","0","0","0","268","0","0","0","0","0","0","0","0","0","0","7205","0","0","0","0","0","0","0","0","0","0","0"
"0x7d97cf7b1fe0","      SEL R12, RZ, 0x10, P5","490","253","490","4161536","133169152","133169152","32","32","0","0","0","-","-","-","0","0","0","0","0","0","0","0","-","0","0","0","0","0","0","0","0","0","0","0","0","0","0","0","0","0","0","0","237","0","0","0","253","0","0","0","0","0","0","0","0","0","0","0","0","0","0","0","0","0","253"
"0x7d97cf7b1ff0","      SEL R13, R13, RZ, !P4","518","245","518","4161536","133169152","133169152","32","32","0","0","0","-","-","-","0","0","0","0","0","0","0","0","-","0","0","0","0","0","0","0","0","0","0","0","0","0","0","0","0","0","0","0","273","0","0","0","245","0","0","0","0","0","0","0","0","0","0","0","0","0","0","0","0","0","245"
"0x7d97cf7b2000","      IMAD R89, R156, R138, R155","9023","5983","9023","4161536","133169152","133169152","32","32","0","0","0","-","-","-","0","0","0","0","0","0","0","0","-","0","0","0","0","0","0","0","0","203","0","0","0","8533","0","0","0","0","0","0","287","0","0","0","0","0","0","3","0","0","0","5980","0","0","0","0","0","0","0","0","0","0","0"
"0x7d97cf7b2010","      SEL R12, R12, RZ, !P4","267","0","267","4161536","133169152","133169152","32","32","0","0","0","-","-","-","0","0","0","0","0","0","0","0","-","0","0","0","0","0","0","0","0","1","0","0","0","0","0","0","0","0","0","0","266","0","0","0","0","0","0","0","0","0","0","0","0","0","0","0","0","0","0","0","0","0","0"
"0x7d97cf7b2020","      ISETP.NE.U32.AND P4, PT, R13, RZ, PT","550","282","550","4161536","133169152","133169152","32","32","0","0","0","-","-","-","0","0","0","0","0","0","0","0","-","0","0","0","0","0","0","0","0","1","0","0","0","0","6","0","0","0","0","2","255","0","0","0","286","0","0","1","0","0","0","0","2","0","0","0","0","0","0","0","0","0","279"
"0x7d97cf7b2030","      IMAD R13, R158, R138, R155","387","0","387","4161536","133169152","133169152","32","32","0","0","0","-","-","-","0","0","0","0","0","0","0","0","-","0","0","0","0","0","0","0","0","142","0","0","0","0","0","0","0","0","0","0","245","0","0","0","0","0","0","0","0","0","0","0","0","0","0","0","0","0","0","0","0","0","0"
"0x7d97cf7b2040","      ISETP.NE.U32.AND P5, PT, R12, RZ, PT","831","0","831","4161536","133169152","133169152","32","32","0","0","0","-","-","-","0","0","0","0","0","0","0","0","-","0","0","0","0","0","0","0","0","590","0","0","0","0","0","0","0","0","0","0","241","0","0","0","0","0","0","0","0","0","0","0","0","0","0","0","0","0","0","0","0","0","0"
"0x7d97cf7b2050","      IMAD R155, R138, 0x40, R155","1060","0","1060","4161536","133169152","133169152","32","32","0","0","0","-","-","-","0","0","0","0","0","0","0","0","-","0","0","0","0","0","0","0","0","787","0","0","0","0","0","0","0","0","0","0","273","0","0","0","0","0","0","0","0","0","0","0","0","0","0","0","0","0","0","0","0","0","0"
"0x7d97cf7b2060","      LEA R12, P6, R13, R4, 0x1","1724","712","1724","4161536","133169152","133169152","32","32","0","0","0","-","-","-","0","0","0","0","0","0","0","0","-","0","0","0","0","0","0","0","0","229","0","0","0","0","582","0","0","0","0","129","280","0","0","0","504","0","0","229","0","0","0","0","101","0","0","0","0","0","0","0","0","0","382"
"0x7d97cf7b2070","      LEA.HI.X.SX32 R13, R13, R5, 0x1, P6","3528","361","3528","4161536","133169152","133169152","32","32","0","0","0","-","-","-","0","0","0","0","0","0","0","0","-","0","0","0","0","0","0","0","0","371","0","0","0","0","1359","0","0","0","0","362","269","0","0","0","1167","0","0","0","0","0","0","0","105","0","0","0","0","0","0","0","0","0","256"
"0x7d97cf7b2080","      LEA R88, P6, R89, R4, 0x1","1436","400","1436","4161536","133169152","133169152","32","32","0","0","0","-","-","-","0","0","0","0","0","0","0","0","-","0","0","0","0","0","0","0","0","127","0","0","0","0","397","0","0","0","0","127","258","0","0","0","527","0","0","127","0","0","0","0","133","0","0","0","0","0","0","0","0","0","140"
"0x7d97cf7b2090","      LDGSTS.E.BYPASS.128 desc[UR20][R12.64], P5, [R173+0x1000]","2252","997","2252","4161536","133169152","133169152","32","32","0","0","0","Global,Shared","Load,Store","128","16257024","4","0","16646144","16646144","0","65028096","65028096","","0","0","0","0","0","0","0","0","772","0","0","0","0","0","0","0","0","0","2","235","0","0","0","1243","0","0","767","0","0","0","0","0","0","0","0","0","0","0","0","0","0","230"
"0x7d97cf7b20a0","      LEA.HI.X.SX32 R89, R89, R5, 0x1, P6","280","0","280","4161536","133169152","133169152","32","32","0","0","0","-","-","-","0","0","0","0","0","0","0","0","-","0","0","0","0","0","0","0","0","0","0","0","0","0","0","0","0","0","0","0","280","0","0","0","0","0","0","0","0","0","0","0","0","0","0","0","0","0","0","0","0","0","0"
"0x7d97cf7b20b0","      LEA R90, P6, R91, R2, 0x1","1127","249","1127","4161536","133169152","133169152","32","32","0","0","0","-","-","-","0","0","0","0","0","0","0","0","-","0","0","0","0","0","0","0","0","3","0","0","0","0","132","0","0","0","0","107","249","0","0","0","636","0","0","3","0","0","0","0","132","0","0","0","0","0","0","0","0","0","114"
"0x7d97cf7b20c0","      LDGSTS.E.BYPASS.128 desc[UR20][R88.64], P4, [R173+0x1800]","2352","248","2352","4161536","133169152","133169152","32","32","0","0","0","Global,Shared","Load,Store","128","16257024","4","0","16646144","16646144","0","65028096","65028096","","0","0","0","0","0","0","0","0","549","0","0","0","0","0","0","0","0","0","147","252","0","0","0","1404","0","0","0","0","0","0","0","0","0","0","0","0","0","0","0","0","0","248"
"0x7d97cf7b20d0","      LEA.HI.X.SX32 R91, R91, R3, 0x1, P6","517","0","517","4161536","133169152","133169152","32","32","0","0","0","-","-","-","0","0","0","0","0","0","0","0","-","0","0","0","0","0","0","0","0","257","0","0","0","0","0","0","0","0","0","0","260","0","0","0","0","0","0","0","0","0","0","0","0","0","0","0","0","0","0","0","0","0","0"
"0x7d97cf7b20e0","      LDGDEPBAR","2109","516","2109","4161536","133169152","133169152","32","32","0","0","0","-","-","-","0","0","0","0","0","0","0","0","-","0","0","0","0","0","0","0","0","655","0","0","0","0","0","0","0","0","0","147","268","0","0","0","1039","0","0","0","0","0","0","0","0","0","0","0","0","0","0","0","0","0","516"
"0x7d97cf7b20f0","      LDGSTS.E.BYPASS.128 desc[UR20][R90.64], P3, [R173+0x10000]","2831","1152","2831","4161536","133169152","133169152","32","32","0","0","0","Global,Shared","Load,Store","128","16257024","4","0","16646144","16646144","0","65028096","65028096","","0","0","0","0","0","0","0","0","472","0","0","0","0","0","0","0","0","0","108","254","0","0","0","1997","0","0","0","0","0","0","0","0","0","0","0","0","0","0","0","0","0","1152"
"0x7d97cf7b2100","      LEA R12, P3, R93, R2, 0x1","265","0","265","4161536","133169152","133169152","32","32","0","0","0","-","-","-","0","0","0","0","0","0","0","0","-","0","0","0","0","0","0","0","0","0","0","0","0","0","0","0","0","0","0","0","265","0","0","0","0","0","0","0","0","0","0","0","0","0","0","0","0","0","0","0","0","0","0"
"0x7d97cf7b2110","      LEA.HI.X.SX32 R13, R93, R3, 0x1, P3","3397","1254","3397","4161536","133169152","133169152","32","32","0","0","0","-","-","-","0","0","0","0","0","0","0","0","-","0","0","0","0","0","0","0","0","338","0","0","0","0","356","0","0","0","0","141","246","0","0","0","2316","0","0","338","0","0","0","0","125","0","0","0","0","0","0","0","0","0","791"
"0x7d97cf7b2120","      IMAD R93, R158, R137, R148","517","0","517","4161536","133169152","133169152","32","32","0","0","0","-","-","-","0","0","0","0","0","0","0","0","-","0","0","0","0","0","0","0","0","268","0","0","0","0","0","0","0","0","0","0","249","0","0","0","0","0","0","0","0","0","0","0","0","0","0","0","0","0","0","0","0","0","0"
"0x7d97cf7b2130","      LDGSTS.E.BYPASS.128 desc[UR20][R12.64], P2, [R173+0x10800]","1956","1173","1956","4161536","133169152","133169152","32","32","0","0","0","Global,Shared","Load,Store","128","16257024","4","0","16646144","16646144","0","65028096","65028096","","0","0","0","0","0","0","0","0","526","0","0","0","0","0","0","0","0","0","3","254","0","0","0","1173","0","0","520","0","0","0","0","0","0","0","0","0","0","0","0","0","0","653"
"0x7d97cf7b2140","      LEA R88, P2, R93, R2, 0x1","1064","22","1064","4161536","133169152","133169152","32","32","0","0","0","-","-","-","0","0","0","0","0","0","0","0","-","0","0","0","0","0","0","0","0","748","0","0","0","42","0","0","0","0","0","0","274","0","0","0","0","0","0","1","0","0","0","21","0","0","0","0","0","0","0","0","0","0","0"
"0x7d97cf7b2150","      LEA.HI.X.SX32 R89, R93, R3, 0x1, P2","1503","675","1503","4161536","133169152","133169152","32","32","0","0","0","-","-","-","0","0","0","0","0","0","0","0","-","0","0","0","0","0","0","0","0","0","0","0","0","0","0","0","0","0","0","0","240","0","0","0","1263","0","0","0","0","0","0","0","0","0","0","0","0","0","0","0","0","0","675"
"0x7d97cf7b2160","      IMAD R93, R156, R137, R148","882","0","882","4161536","133169152","133169152","32","32","0","0","0","-","-","-","0","0","0","0","0","0","0","0","-","0","0","0","0","0","0","0","0","621","0","0","0","0","0","0","0","0","0","0","261","0","0","0","0","0","0","0","0","0","0","0","0","0","0","0","0","0","0","0","0","0","0"
"0x7d97cf7b2170","      IMAD R148, R137, 0x40, R148","725","8","725","4161536","133169152","133169152","32","32","0","0","0","-","-","-","0","0","0","0","0","0","0","0","-","0","0","0","0","0","0","0","0","8","0","0","0","0","0","0","0","0","0","235","225","0","0","0","257","0","0","0","0","0","0","0","0","0","0","0","0","0","0","0","0","0","8"
"0x7d97cf7b2180","      LDGSTS.E.BYPASS.128 desc[UR20][R88.64], P5, [R173+0x11000]","2012","486","2012","4161536","133169152","133169152","32","32","0","0","0","Global,Shared","Load,Store","128","16257024","4","0","16646144","16646144","0","65028096","65028096","","0","0","0","0","0","0","0","0","691","0","0","0","0","0","0","0","0","0","0","257","0","0","0","1064","0","0","355","0","0","0","0","0","0","0","0","0","0","0","0","0","0","131"
"0x7d97cf7b2190","      LEA R92, P2, R93, R2, 0x1","286","0","286","4161536","133169152","133169152","32","32","0","0","0","-","-","-","0","0","0","0","0","0","0","0","-","0","0","0","0","0","0","0","0","37","0","0","0","0","0","0","0","0","0","0","249","0","0","0","0","0","0","0","0","0","0","0","0","0","0","0","0","0","0","0","0","0","0"
"0x7d97cf7b21a0","      SHFL.BFLY PT, R13, R116, 0x2, 0x1f","9028","5042","9028","4161536","133169152","133169152","32","32","0","0","0","-","-","-","0","0","0","0","0","0","0","0","-","0","0","0","0","0","0","0","0","316","0","0","0","6442","0","0","0","0","0","89","269","0","0","0","1912","0","0","0","0","0","0","4387","0","0","0","0","0","0","0","0","0","0","655"
"0x7d97cf7b21b0","      LEA.HI.X.SX32 R93, R93, R3, 0x1, P2","299","0","299","4161536","133169152","133169152","32","32","0","0","0","-","-","-","0","0","0","0","0","0","0","0","-","0","0","0","0","0","0","0","0","16","0","0","0","0","0","0","0","0","0","0","283","0","0","0","0","0","0","0","0","0","0","0","0","0","0","0","0","0","0","0","0","0","0"
"0x7d97cf7b21c0","      IADD3 R150, P2, R150, 0x40, RZ","566","136","566","4161536","133169152","133169152","32","32","0","0","0","-","-","-","0","0","0","0","0","0","0","0","-","0","0","0","0","0","0","0","0","80","0","0","0","0","0","0","0","0","0","0","239","0","0","0","247","0","0","0","0","0","0","0","0","0","0","0","0","0","0","0","0","0","136"
"0x7d97cf7b21d0","      LDGSTS.E.BYPASS.128 desc[UR20][R92.64], P4, [R173+0x11800]","2051","890","2051","4161536","133169152","133169152","32","32","0","0","0","Global,Shared","Load,Store","128","16257024","4","0","16646144","16646144","0","65028096","65028096","","0","0","0","0","0","0","0","0","800","0","0","0","0","0","0","0","0","0","2","242","0","0","0","1007","0","0","507","0","0","0","0","0","0","0","0","0","0","0","0","0","0","383"
"0x7d97cf7b21e0","      IMAD.X R152, RZ, RZ, R152, P2","1305","548","1305","4161536","133169152","133169152","32","32","0","0","0","-","-","-","0","0","0","0","0","0","0","0","-","0","0","0","0","0","0","0","0","266","0","0","0","0","0","0","0","0","0","0","286","0","0","0","753","0","0","266","0","0","0","0","0","0","0","0","0","0","0","0","0","0","282"
"0x7d97cf7b21f0","      ISETP.GE.U32.AND P2, PT, R150, R16, PT","256","0","256","4161536","133169152","133169152","32","32","0","0","0","-","-","-","0","0","0","0","0","0","0","0","-","0","0","0","0","0","0","0","0","1","0","0","0","0","0","0","0","0","0","0","255","0","0","0","0","0","0","0","0","0","0","0","0","0","0","0","0","0","0","0","0","0","0"
"0x7d97cf7b2200","      SHFL.BFLY PT, R89, R104, 0x2, 0x1f","2241","1755","2241","4161536","133169152","133169152","32","32","0","0","0","-","-","-","0","0","0","0","0","0","0","0","-","0","0","0","0","0","0","0","0","2","0","0","0","1994","0","0","0","0","0","0","245","0","0","0","0","0","0","0","0","0","0","1755","0","0","0","0","0","0","0","0","0","0","0"
"0x7d97cf7b2210","      ISETP.GE.U32.AND.EX P2, PT, R152, RZ, PT, P2","808","450","808","4161536","133169152","133169152","32","32","0","0","0","-","-","-","0","0","0","0","0","0","0","0","-","0","0","0","0","0","0","0","0","0","0","0","0","0","0","0","0","0","0","0","258","0","0","0","550","0","0","0","0","0","0","0","0","0","0","0","0","0","0","0","0","0","450"
"0x7d97cf7b2220","      LDGDEPBAR","304","0","304","4161536","133169152","133169152","32","32","0","0","0","-","-","-","0","0","0","0","0","0","0","0","-","0","0","0","0","0","0","0","0","56","0","0","0","0","0","0","0","0","0","0","248","0","0","0","0","0","0","0","0","0","0","0","0","0","0","0","0","0","0","0","0","0","0"
"0x7d97cf7b2230","      FADD R13, R116, R13","11567","9397","11567","4161536","133169152","133169152","32","32","0","0","0","-","-","-","0","0","0","0","0","0","0","0","-","0","0","0","0","0","0","0","0","22","0","0","0","0","0","0","0","0","0","2","252","11291","0","0","0","0","0","19","0","0","0","0","0","0","0","0","0","0","0","9378","0","0","0"
"0x7d97cf7b2240","      SHFL.BFLY PT, R12, R13, 0x1, 0x1f","2028","1597","2028","4161536","133169152","133169152","32","32","0","0","0","-","-","-","0","0","0","0","0","0","0","0","-","0","0","0","0","0","0","0","0","488","0","0","0","0","0","0","0","0","0","2","272","0","0","0","1266","0","0","488","0","0","0","0","0","0","0","0","0","0","0","0","0","0","1109"
"0x7d97cf7b2250","      FADD R88, R104, R89","5883","5496","5883","4161536","133169152","133169152","32","32","0","0","0","-","-","-","0","0","0","0","0","0","0","0","-","0","0","0","0","0","0","0","0","0","0","0","0","0","0","0","0","0","0","0","241","5642","0","0","0","0","0","0","0","0","0","0","0","0","0","0","0","0","0","5496","0","0","0"
"0x7d97cf7b2260","      SHFL.BFLY PT, R91, R88, 0x1, 0x1f","1276","1033","1276","4161536","133169152","133169152","32","32","0","0","0","-","-","-","0","0","0","0","0","0","0","0","-","0","0","0","0","0","0","0","0","0","0","0","0","0","0","0","0","0","0","0","241","0","0","0","1035","0","0","0","0","0","0","0","0","0","0","0","0","0","0","0","0","0","1033"
"0x7d97cf7b2270","      FADD R89, R13, R12","10451","8942","10451","4161536","133169152","133169152","32","32","0","0","0","-","-","-","0","0","0","0","0","0","0","0","-","0","0","0","0","0","0","0","0","1","0","0","0","0","0","0","0","0","0","2","268","10180","0","0","0","0","0","1","0","0","0","0","0","0","0","0","0","0","0","8941","0","0","0"
"0x7d97cf7b2280","      FFMA R141, R172, R141, R89","1070","802","1070","4161536","133169152","133169152","32","32","0","0","0","-","-","-","0","0","0","0","0","0","0","0","-","0","0","0","0","0","0","0","0","0","0","0","0","0","0","0","0","0","0","0","266","0","0","0","804","0","0","0","0","0","0","0","0","0","0","0","0","0","0","0","0","0","802"
"0x7d97cf7b2290","      FADD R12, R88, R91","2683","2439","2683","4161536","133169152","133169152","32","32","0","0","0","-","-","-","0","0","0","0","0","0","0","0","-","0","0","0","0","0","0","0","0","31","0","0","0","0","0","0","0","0","0","2","237","2413","0","0","0","0","0","31","0","0","0","0","0","0","0","0","0","0","0","2408","0","0","0"
"0x7d97cf7b22a0","      FFMA R142, R143, R142, R12","997","677","997","4161536","133169152","133169152","32","32","0","0","0","-","-","-","0","0","0","0","0","0","0","0","-","0","0","0","0","0","0","0","0","4","0","0","0","0","0","0","0","0","0","17","235","0","0","0","741","0","0","4","0","0","0","0","0","0","0","0","0","0","0","0","0","0","673"
"0x7d97cf7b22b0","      IMAD.MOV.U32 R143, RZ, RZ, R118","257","0","257","4161536","133169152","133169152","32","32","0","0","0","-","-","-","0","0","0","0","0","0","0","0","-","0","0","0","0","0","0","0","0","5","0","0","0","0","0","0","0","0","0","0","252","0","0","0","0","0","0","0","0","0","0","0","0","0","0","0","0","0","0","0","0","0","0"
"0x7d97cf7b22c0","@!P2  BRA 0x7d97cf7b06e0","281","0","281","4161536","133169152","132128768","32","31","1","1","0","-","-","-","0","0","0","0","0","0","0","0","-","0","0","0","0","0","0","0","0","0","0","0","0","0","0","0","0","0","0","0","281","0","0","0","0","0","0","0","0","0","0","0","0","0","0","0","0","0","0","0","0","0","0"
"0x7d97cf7b22d0","      IMAD R12, R19, R137, RZ","2095","1332","2095","32768","1048576","1048576","32","32","1","0","0","-","-","-","0","0","0","0","0","0","0","0","-","0","0","0","0","0","0","0","397","1","0","0","0","0","7","0","0","0","0","4","245","0","0","0","1441","0","234","1","0","0","0","0","1","0","0","0","0","0","0","0","0","0","1096"
"0x7d97cf7b22e0","      WARPGROUP.DEPBAR.LE gsb0, 0x0","5","0","5","32768","1048576","1048576","32","32","0","0","0","-","-","-","0","0","0","0","0","0","0","0","-","0","0","0","0","0","0","0","0","0","0","0","0","0","0","0","0","0","0","0","5","0","0","0","0","0","0","0","0","0","0","0","0","0","0","0","0","0","0","0","0","0","0"
"0x7d97cf7b22f0","      VIADD R116, R16, 0x40","16","2","16","32768","1048576","1048576","32","32","0","0","0","-","-","-","0","0","0","0","0","0","0","0","-","0","0","0","0","0","0","0","0","3","0","0","0","0","3","0","0","0","0","6","3","0","0","0","1","0","0","1","0","0","0","0","1","0","0","0","0","0","0","0","0","0","0"
"0x7d97cf7b2300","      DEPBAR.LE SB0, 0x0","1","0","1","32768","1048576","1048576","32","32","0","0","0","-","-","-","0","0","0","0","0","0","0","0","-","0","0","0","0","0","0","0","0","0","0","0","0","0","0","0","0","0","0","0","1","0","0","0","0","0","0","0","0","0","0","0","0","0","0","0","0","0","0","0","0","0","0"
"0x7d97cf7b2310","      IMAD.SHL.U32 R96, R12, 0x2, RZ","12","1","12","32768","1048576","1048576","32","32","0","0","0","-","-","-","0","0","0","0","0","0","0","0","-","0","0","0","0","0","0","0","0","0","0","0","0","0","2","0","0","0","0","0","4","0","0","0","6","0","0","0","0","0","0","0","0","0","0","0","0","0","0","0","0","0","1"
"0x7d97cf7b2320","      LOP3.LUT R115, R116, R149, RZ, 0xfc, !PT","2","0","2","32768","1048576","1048576","32","32","0","0","0","-","-","-","0","0","0","0","0","0","0","0","-","0","0","0","0","0","0","0","0","0","0","0","0","0","0","0","0","0","0","0","2","0","0","0","0","0","0","0","0","0","0","0","0","0","0","0","0","0","0","0","0","0","0"
"0x7d97cf7b2330","      IMAD.HI R13, R12, 0x2, RZ","3","0","3","32768","1048576","1048576","32","32","0","0","0","-","-","-","0","0","0","0","0","0","0","0","-","0","0","0","0","0","0","0","0","0","0","0","0","0","0","0","0","0","0","0","3","0","0","0","0","0","0","0","0","0","0","0","0","0","0","0","0","0","0","0","0","0","0"
"0x7d97cf7b2340","      LOP3.LUT R117, R116, 0x10, R149, 0xfe, !PT","2","0","2","32768","1048576","1048576","32","32","0","0","0","-","-","-","0","0","0","0","0","0","0","0","-","0","0","0","0","0","0","0","0","1","0","0","0","0","0","0","0","0","0","0","1","0","0","0","0","0","0","0","0","0","0","0","0","0","0","0","0","0","0","0","0","0","0"
"0x7d97cf7b2350","      BAR.SYNC.DEFER_BLOCKING 0x0","0","0","0","32768","1048576","1048576","32","32","0","0","0","-","-","-","0","0","0","0","0","0","0","0","-","0","0","0","0","0","0","0","0","0","0","0","0","0","0","0","0","0","0","0","0","0","0","0","0","0","0","0","0","0","0","0","0","0","0","0","0","0","0","0","0","0","0"
"0x7d97cf7b2360","      IADD3 R96, P2, P3, R139, R96, R10","0","0","0","32768","1048576","1048576","32","32","0","0","0","-","-","-","0","0","0","0","0","0","0","0","-","0","0","0","0","0","0","0","0","0","0","0","0","0","0","0","0","0","0","0","0","0","0","0","0","0","0","0","0","0","0","0","0","0","0","0","0","0","0","0","0","0","0"
"0x7d97cf7b2370","      IMAD R12, R20, R137, RZ","1","0","1","32768","1048576","1048576","32","32","0","0","0","-","-","-","0","0","0","0","0","0","0","0","-","0","0","0","0","0","0","0","0","0","0","0","0","0","0","0","0","0","0","0","1","0","0","0","0","0","0","0","0","0","0","0","0","0","0","0","0","0","0","0","0","0","0"
"0x7d97cf7b2380","      LOP3.LUT R118, R116, 0x20, R149, 0xfe, !PT","5","0","5","32768","1048576","1048576","32","32","0","0","0","-","-","-","0","0","0","0","0","0","0","0","-","0","0","0","0","0","0","0","0","5","0","0","0","0","0","0","0","0","0","0","0","0","0","0","0","0","0","0","0","0","0","0","0","0","0","0","0","0","0","0","0","0","0"
"0x7d97cf7b2390","      IMAD R88, R117, R137, RZ","1","0","1","32768","1048576","1048576","32","32","0","0","0","-","-","-","0","0","0","0","0","0","0","0","-","0","0","0","0","0","0","0","0","0","0","0","0","0","0","0","0","0","0","0","1","0","0","0","0","0","0","0","0","0","0","0","0","0","0","0","0","0","0","0","0","0","0"
"0x7d97cf7b23a0","      IADD3.X R97, RZ, R13, R11, P2, P3","4","0","4","32768","1048576","1048576","32","32","0","0","0","-","-","-","0","0","0","0","0","0","0","0","-","0","0","0","0","0","0","0","0","0","0","0","0","0","0","0","0","0","0","0","4","0","0","0","0","0","0","0","0","0","0","0","0","0","0","0","0","0","0","0","0","0","0"
"0x7d97cf7b23b0","      IMAD.SHL.U32 R100, R12, 0x2, RZ","3","0","3","32768","1048576","1048576","32","32","0","0","0","-","-","-","0","0","0","0","0","0","0","0","-","0","0","0","0","0","0","0","0","0","0","0","0","0","0","0","0","0","0","0","3","0","0","0","0","0","0","0","0","0","0","0","0","0","0","0","0","0","0","0","0","0","0"
"0x7d97cf7b23c0","      LOP3.LUT R119, R116, 0x30, R149, 0xfe, !PT","2","0","2","32768","1048576","1048576","32","32","0","0","0","-","-","-","0","0","0","0","0","0","0","0","-","0","0","0","0","0","0","0","0","0","0","0","0","0","0","0","0","0","0","0","2","0","0","0","0","0","0","0","0","0","0","0","0","0","0","0","0","0","0","0","0","0","0"
"0x7d97cf7b23d0","      IMAD.HI R13, R12, 0x2, RZ","1","0","1","32768","1048576","1048576","32","32","0","0","0","-","-","-","0","0","0","0","0","0","0","0","-","0","0","0","0","0","0","0","0","0","0","0","0","0","0","0","0","0","0","0","1","0","0","0","0","0","0","0","0","0","0","0","0","0","0","0","0","0","0","0","0","0","0"
"0x7d97cf7b23e0","      IADD3 R100, P2, P3, R139, R100, R10","25","8","25","32768","1048576","1048576","32","32","0","0","0","-","-","-","0","0","0","0","0","0","0","0","-","0","0","0","0","0","0","0","0","3","0","0","0","0","9","0","0","0","0","5","2","0","0","0","6","0","0","2","0","0","0","0","5","0","0","0","0","0","0","0","0","0","1"
"0x7d97cf7b23f0","      IMAD R12, R115, R137, RZ","5","0","5","32768","1048576","1048576","32","32","0","0","0","-","-","-","0","0","0","0","0","0","0","0","-","0","0","0","0","0","0","0","0","2","0","0","0","0","0","0","0","0","0","0","3","0","0","0","0","0","0","0","0","0","0","0","0","0","0","0","0","0","0","0","0","0","0"
"0x7d97cf7b2400","      IMAD.SHL.U32 R94, R88, 0x2, RZ","16","6","16","32768","1048576","1048576","32","32","0","0","0","-","-","-","0","0","0","0","0","0","0","0","-","0","0","0","0","0","0","0","0","0","0","0","0","0","4","0","0","0","0","6","2","0","0","0","4","0","0","0","0","0","0","0","4","0","0","0","0","0","0","0","0","0","2"
"0x7d97cf7b2410","      IADD3.X R101, RZ, R13, R11, P2, P3","2","0","2","32768","1048576","1048576","32","32","0","0","0","-","-","-","0","0","0","0","0","0","0","0","-","0","0","0","0","0","0","0","0","0","0","0","0","0","0","0","0","0","0","0","2","0","0","0","0","0","0","0","0","0","0","0","0","0","0","0","0","0","0","0","0","0","0"
"0x7d97cf7b2420","      IMAD.SHL.U32 R13, R12, 0x2, RZ","1","0","1","32768","1048576","1048576","32","32","0","0","0","-","-","-","0","0","0","0","0","0","0","0","-","0","0","0","0","0","0","0","0","0","0","0","0","0","0","0","0","0","0","0","1","0","0","0","0","0","0","0","0","0","0","0","0","0","0","0","0","0","0","0","0","0","0"
"0x7d97cf7b2430","      IMAD.HI R89, R12, 0x2, RZ","9","1","9","32768","1048576","1048576","32","32","0","0","0","-","-","-","0","0","0","0","0","0","0","0","-","0","0","0","0","0","0","0","0","0","0","0","0","0","1","0","0","0","0","2","4","0","0","0","2","0","0","0","0","0","0","0","0","0","0","0","0","0","0","0","0","0","1"
"0x7d97cf7b2440","      IADD3 R12, P2, P3, R139, R13, R10","15","2","15","32768","1048576","1048576","32","32","0","0","0","-","-","-","0","0","0","0","0","0","0","0","-","0","0","0","0","0","0","0","0","2","0","0","0","0","2","0","0","0","0","4","4","0","0","0","3","0","0","0","0","0","0","0","0","0","0","0","0","0","0","0","0","0","2"
"0x7d97cf7b2450","      VIADD R114, R16, 0x80","5","0","5","32768","1048576","1048576","32","32","0","0","0","-","-","-","0","0","0","0","0","0","0","0","-","0","0","0","0","0","0","0","0","3","0","0","0","0","0","0","0","0","0","0","2","0","0","0","0","0","0","0","0","0","0","0","0","0","0","0","0","0","0","0","0","0","0"
"0x7d97cf7b2460","      IADD3.X R13, RZ, R89, R11, P2, P3","16","1","16","32768","1048576","1048576","32","32","0","0","0","-","-","-","0","0","0","0","0","0","0","0","-","0","0","0","0","0","0","0","0","1","0","0","0","0","2","0","0","0","0","2","3","0","0","0","8","0","0","0","0","0","0","0","0","0","0","0","0","0","0","0","0","0","1"
"0x7d97cf7b2470","      IMAD.HI R89, R88, 0x2, RZ","2","0","2","32768","1048576","1048576","32","32","0","0","0","-","-","-","0","0","0","0","0","0","0","0","-","0","0","0","0","0","0","0","0","0","0","0","0","0","0","0","0","0","0","0","2","0","0","0","0","0","0","0","0","0","0","0","0","0","0","0","0","0","0","0","0","0","0"
"0x7d97cf7b2480","      IADD3 R94, P2, P3, R139, R94, R10","0","0","0","32768","1048576","1048576","32","32","0","0","0","-","-","-","0","0","0","0","0","0","0","0","-","0","0","0","0","0","0","0","0","0","0","0","0","0","0","0","0","0","0","0","0","0","0","0","0","0","0","0","0","0","0","0","0","0","0","0","0","0","0","0","0","0","0"
"0x7d97cf7b2490","      LOP3.LUT R148, R114, R149, RZ, 0xfc, !PT","9","3","9","32768","1048576","1048576","32","32","0","0","0","-","-","-","0","0","0","0","0","0","0","0","-","0","0","0","0","0","0","0","0","4","0","0","0","0","1","0","0","0","0","3","0","0","0","0","1","0","0","3","0","0","0","0","0","0","0","0","0","0","0","0","0","0","0"
"0x7d97cf7b24a0","      IMAD R88, R118, R137, RZ","2","0","2","32768","1048576","1048576","32","32","0","0","0","-","-","-","0","0","0","0","0","0","0","0","-","0","0","0","0","0","0","0","0","1","0","0","0","0","0","0","0","0","0","0","1","0","0","0","0","0","0","0","0","0","0","0","0","0","0","0","0","0","0","0","0","0","0"
"0x7d97cf7b24b0","      IADD3.X R95, RZ, R89, R11, P2, P3","5","0","5","32768","1048576","1048576","32","32","0","0","0","-","-","-","0","0","0","0","0","0","0","0","-","0","0","0","0","0","0","0","0","4","0","0","0","0","0","0","0","0","0","0","1","0","0","0","0","0","0","0","0","0","0","0","0","0","0","0","0","0","0","0","0","0","0"
"0x7d97cf7b24c0","      LOP3.LUT R150, R114, 0x10, R149, 0xfe, !PT","6","3","6","32768","1048576","1048576","32","32","0","0","0","-","-","-","0","0","0","0","0","0","0","0","-","0","0","0","0","0","0","0","0","0","0","0","0","0","0","0","0","0","0","0","3","0","0","0","3","0","0","0","0","0","0","0","0","0","0","0","0","0","0","0","0","0","3"
"0x7d97cf7b24d0","      IMAD.SHL.U32 R98, R88, 0x2, RZ","2","0","2","32768","1048576","1048576","32","32","0","0","0","-","-","-","0","0","0","0","0","0","0","0","-","0","0","0","0","0","0","0","0","0","0","0","0","0","0","0","0","0","0","0","2","0","0","0","0","0","0","0","0","0","0","0","0","0","0","0","0","0","0","0","0","0","0"
"0x7d97cf7b24e0","      LOP3.LUT R152, R114, 0x20, R149, 0xfe, !PT","5","0","5","32768","1048576","1048576","32","32","0","0","0","-","-","-","0","0","0","0","0","0","0","0","-","0","0","0","0","0","0","0","0","0","0","0","0","0","0","0","0","0","0","0","5","0","0","0","0","0","0","0","0","0","0","0","0","0","0","0","0","0","0","0","0","0","0"
"0x7d97cf7b24f0","      IMAD.HI R89, R88, 0x2, RZ","1","0","1","32768","1048576","1048576","32","32","0","0","0","-","-","-","0","0","0","0","0","0","0","0","-","0","0","0","0","0","0","0","0","0","0","0","0","0","0","0","0","0","0","0","1","0","0","0","0","0","0","0","0","0","0","0","0","0","0","0","0","0","0","0","0","0","0"
"0x7d97cf7b2500","      LOP3.LUT R154, R114, 0x30, R149, 0xfe, !PT","1","0","1","32768","1048576","1048576","32","32","0","0","0","-","-","-","0","0","0","0","0","0","0","0","-","0","0","0","0","0","0","0","0","0","0","0","0","0","0","0","0","0","0","0","1","0","0","0","0","0","0","0","0","0","0","0","0","0","0","0","0","0","0","0","0","0","0"
"0x7d97cf7b2510","      IADD3 R98, P2, P3, R139, R98, R10","14","6","14","32768","1048576","1048576","32","32","0","0","0","-","-","-","0","0","0","0","0","0","0","0","-","0","0","0","0","0","0","0","0","3","0","0","0","0","1","0","0","0","0","3","1","0","0","0","6","0","0","0","0","0","0","0","0","0","0","0","0","0","0","0","0","0","6"
"0x7d97cf7b2520","      IMAD R88, R119, R137, RZ","2","0","2","32768","1048576","1048576","32","32","0","0","0","-","-","-","0","0","0","0","0","0","0","0","-","0","0","0","0","0","0","0","0","0","0","0","0","0","0","0","0","0","0","0","2","0","0","0","0","0","0","0","0","0","0","0","0","0","0","0","0","0","0","0","0","0","0"
"0x7d97cf7b2530","      IMAD R104, R154, R137, RZ","7","1","7","32768","1048576","1048576","32","32","0","0","0","-","-","-","0","0","0","0","0","0","0","0","-","0","0","0","0","0","0","0","0","0","0","0","0","0","4","0","0","0","0","1","1","0","0","0","1","0","0","0","0","0","0","0","1","0","0","0","0","0","0","0","0","0","0"
"0x7d97cf7b2540","      IADD3.X R99, RZ, R89, R11, P2, P3","1","0","1","32768","1048576","1048576","32","32","0","0","0","-","-","-","0","0","0","0","0","0","0","0","-","0","0","0","0","0","0","0","0","0","0","0","0","0","0","0","0","0","0","0","1","0","0","0","0","0","0","0","0","0","0","0","0","0","0","0","0","0","0","0","0","0","0"
"0x7d97cf7b2550","      IMAD.SHL.U32 R102, R88, 0x2, RZ","2","0","2","32768","1048576","1048576","32","32","0","0","0","-","-","-","0","0","0","0","0","0","0","0","-","0","0","0","0","0","0","0","0","0","0","0","0","0","0","0","0","0","0","0","2","0","0","0","0","0","0","0","0","0","0","0","0","0","0","0","0","0","0","0","0","0","0"
"0x7d97cf7b2560","      IMAD.HI R89, R88, 0x2, RZ","6","2","6","32768","1048576","1048576","32","32","0","0","0","-","-","-","0","0","0","0","0","0","0","0","-","0","0","0","0","0","0","0","0","0","0","0","0","0","1","0","0","0","0","1","1","0","0","0","3","0","0","0","0","0","0","0","1","0","0","0","0","0","0","0","0","0","1"
"0x7d97cf7b2570","      IADD3 R102, P2, P3, R139, R102, R10","21","8","21","32768","1048576","1048576","32","32","0","0","0","-","-","-","0","0","0","0","0","0","0","0","-","0","0","0","0","0","0","0","0","8","0","0","0","0","4","0","0","0","0","2","2","0","0","0","5","0","0","5","0","0","0","0","2","0","0","0","0","0","0","0","0","0","1"
"0x7d97cf7b2580","      IMAD R88, R148, R137, RZ","1","0","1","32768","1048576","1048576","32","32","0","0","0","-","-","-","0","0","0","0","0","0","0","0","-","0","0","0","0","0","0","0","0","0","0","0","0","0","0","0","0","0","0","0","1","0","0","0","0","0","0","0","0","0","0","0","0","0","0","0","0","0","0","0","0","0","0"
"0x7d97cf7b2590","      IMAD.HI R107, R104, 0x2, RZ","8","4","8","32768","1048576","1048576","32","32","0","0","0","-","-","-","0","0","0","0","0","0","0","0","-","0","0","0","0","0","0","0","0","1","0","0","0","0","0","0","0","0","0","1","1","0","0","0","5","0","0","0","0","0","0","0","0","0","0","0","0","0","0","0","0","0","4"
"0x7d97cf7b25a0","      IADD3.X R103, RZ, R89, R11, P2, P3","2","0","2","32768","1048576","1048576","32","32","0","0","0","-","-","-","0","0","0","0","0","0","0","0","-","0","0","0","0","0","0","0","0","0","0","0","0","0","0","0","0","0","0","0","2","0","0","0","0","0","0","0","0","0","0","0","0","0","0","0","0","0","0","0","0","0","0"
"0x7d97cf7b25b0","      IMAD.SHL.U32 R92, R88, 0x2, RZ","10","1","10","32768","1048576","1048576","32","32","0","0","0","-","-","-","0","0","0","0","0","0","0","0","-","0","0","0","0","0","0","0","0","0","0","0","0","0","3","0","0","0","0","0","3","0","0","0","4","0","0","0","0","0","0","0","0","0","0","0","0","0","0","0","0","0","1"
"0x7d97cf7b25c0","      IMAD.HI R89, R88, 0x2, RZ","13","1","13","32768","1048576","1048576","32","32","0","0","0","-","-","-","0","0","0","0","0","0","0","0","-","0","0","0","0","0","0","0","0","0","0","0","0","0","9","0","0","0","0","0","0","0","0","0","4","0","0","0","0","0","0","0","1","0","0","0","0","0","0","0","0","0","0"
"0x7d97cf7b25d0","      IADD3 R92, P2, P3, R139, R92, R10","27","7","27","32768","1048576","1048576","32","32","0","0","0","-","-","-","0","0","0","0","0","0","0","0","-","0","0","0","0","0","0","0","0","9","0","0","0","0","5","0","0","0","0","5","3","0","0","0","5","0","0","3","0","0","0","0","2","0","0","0","0","0","0","0","0","0","2"
"0x7d97cf7b25e0","      IMAD R88, R150, R137, RZ","3","0","3","32768","1048576","1048576","32","32","0","0","0","-","-","-","0","0","0","0","0","0","0","0","-","0","0","0","0","0","0","0","0","0","0","0","0","0","0","0","0","0","0","0","3","0","0","0","0","0","0","0","0","0","0","0","0","0","0","0","0","0","0","0","0","0","0"
"0x7d97cf7b25f0","      IADD3.X R93, RZ, R89, R11, P2, P3","13","6","13","32768","1048576","1048576","32","32","0","0","0","-","-","-","0","0","0","0","0","0","0","0","-","0","0","0","0","0","0","0","0","0","0","0","0","0","0","0","0","0","0","0","1","0","0","0","12","0","0","0","0","0","0","0","0","0","0","0","0","0","0","0","0","0","6"
"0x7d97cf7b2600","      IMAD.SHL.U32 R90, R88, 0x2, RZ","3","0","3","32768","1048576","1048576","32","32","0","0","0","-","-","-","0","0","0","0","0","0","0","0","-","0","0","0","0","0","0","0","0","0","0","0","0","0","0","0","0","0","0","0","3","0","0","0","0","0","0","0","0","0","0","0","0","0","0","0","0","0","0","0","0","0","0"
"0x7d97cf7b2610","      IMAD.HI R89, R88, 0x2, RZ","6","2","6","32768","1048576","1048576","32","32","0","0","0","-","-","-","0","0","0","0","0","0","0","0","-","0","0","0","0","0","0","0","0","0","0","0","0","0","1","0","0","0","0","1","1","0","0","0","3","0","0","0","0","0","0","0","0","0","0","0","0","0","0","0","0","0","2"
"0x7d97cf7b2620","      IADD3 R90, P2, P3, R139, R90, R10","6","2","6","32768","1048576","1048576","32","32","0","0","0","-","-","-","0","0","0","0","0","0","0","0","-","0","0","0","0","0","0","0","0","0","0","0","0","0","0","0","0","0","0","0","1","0","0","0","5","0","0","0","0","0","0","0","0","0","0","0","0","0","0","0","0","0","2"
"0x7d97cf7b2630","      IMAD R88, R152, R137, RZ","2","0","2","32768","1048576","1048576","32","32","0","0","0","-","-","-","0","0","0","0","0","0","0","0","-","0","0","0","0","0","0","0","0","0","0","0","0","0","0","0","0","0","0","0","2","0","0","0","0","0","0","0","0","0","0","0","0","0","0","0","0","0","0","0","0","0","0"
"0x7d97cf7b2640","      IADD3.X R91, RZ, R89, R11, P2, P3","8","1","8","32768","1048576","1048576","32","32","0","0","0","-","-","-","0","0","0","0","0","0","0","0","-","0","0","0","0","0","0","0","0","0","0","0","0","0","0","0","0","0","0","0","1","0","0","0","7","0","0","0","0","0","0","0","0","0","0","0","0","0","0","0","0","0","1"
"0x7d97cf7b2650","      IMAD.SHL.U32 R89, R88, 0x2, RZ","2","0","2","32768","1048576","1048576","32","32","0","0","0","-","-","-","0","0","0","0","0","0","0","0","-","0","0","0","0","0","0","0","0","0","0","0","0","0","0","0","0","0","0","0","2","0","0","0","0","0","0","0","0","0","0","0","0","0","0","0","0","0","0","0","0","0","0"
"0x7d97cf7b2660","      IMAD.HI R105, R88, 0x2, RZ","16","1","16","32768","1048576","1048576","32","32","0","0","0","-","-","-","0","0","0","0","0","0","0","0","-","0","0","0","0","0","0","0","0","0","0","0","0","0","4","0","0","0","0","5","2","0","0","0","5","0","0","0","0","0","0","0","1","0","0","0","0","0","0","0","0","0","0"
"0x7d97cf7b2670","      IADD3 R88, P2, P3, R139, R89, R10","17","4","17","32768","1048576","1048576","32","32","0","0","0","-","-","-","0","0","0","0","0","0","0","0","-","0","0","0","0","0","0","0","0","2","0","0","0","0","0","0","0","0","0","3","5","0","0","0","7","0","0","0","0","0","0","0","0","0","0","0","0","0","0","0","0","0","4"
"0x7d97cf7b2680","      IADD3.X R89, RZ, R105, R11, P2, P3","14","4","14","32768","1048576","1048576","32","32","0","0","0","-","-","-","0","0","0","0","0","0","0","0","-","0","0","0","0","0","0","0","0","0","0","0","0","0","0","0","0","0","0","0","3","0","0","0","11","0","0","0","0","0","0","0","0","0","0","0","0","0","0","0","0","0","4"
"0x7d97cf7b2690","      IMAD.SHL.U32 R105, R104, 0x2, RZ","1","0","1","32768","1048576","1048576","32","32","0","0","0","-","-","-","0","0","0","0","0","0","0","0","-","0","0","0","0","0","0","0","0","0","0","0","0","0","0","0","0","0","0","0","1","0","0","0","0","0","0","0","0","0","0","0","0","0","0","0","0","0","0","0","0","0","0"
"0x7d97cf7b26a0","      IADD3 R104, P2, P3, R139, R105, R10","8","5","8","32768","1048576","1048576","32","32","0","0","0","-","-","-","0","0","0","0","0","0","0","0","-","0","0","0","0","0","0","0","0","0","0","0","0","0","0","0","0","0","0","0","0","0","0","0","8","0","0","0","0","0","0","0","0","0","0","0","0","0","0","0","0","0","5"
"0x7d97cf7b26b0","      IADD3.X R105, RZ, R107, R11, P2, P3","2","0","2","32768","1048576","1048576","32","32","0","0","0","-","-","-","0","0","0","0","0","0","0","0","-","0","0","0","0","0","0","0","0","0","0","0","0","0","0","0","0","0","0","0","1","0","0","0","1","0","0","0","0","0","0","0","0","0","0","0","0","0","0","0","0","0","0"
"0x7d97cf7b26c0","      IMAD R11, R17, R138, RZ","1","0","1","32768","1048576","1048576","32","32","0","0","0","-","-","-","0","0","0","0","0","0","0","0","-","0","0","0","0","0","0","0","0","0","0","0","0","0","0","0","0","0","0","0","1","0","0","0","0","0","0","0","0","0","0","0","0","0","0","0","0","0","0","0","0","0","0"
"0x7d97cf7b26d0","      LEA R106, P2, R11, R4, 0x1","8","6","8","32768","1048576","1048576","32","32","0","0","0","-","-","-","0","0","0","0","0","0","0","0","-","0","0","0","0","0","0","0","0","0","0","0","0","0","0","0","0","0","0","1","1","0","0","0","6","0","0","0","0","0","0","0","0","0","0","0","0","0","0","0","0","0","6"
"0x7d97cf7b26e0","      LEA.HI.X.SX32 R107, R11, R5, 0x1, P2","10","5","10","32768","1048576","1048576","32","32","0","0","0","-","-","-","0","0","0","0","0","0","0","0","-","0","0","0","0","0","0","0","0","0","0","0","0","0","1","0","0","0","0","1","1","0","0","0","7","0","0","0","0","0","0","0","1","0","0","0","0","0","0","0","0","0","4"
"0x7d97cf7b26f0","      IMAD R11, R18, R138, RZ","1","0","1","32768","1048576","1048576","32","32","0","0","0","-","-","-","0","0","0","0","0","0","0","0","-","0","0","0","0","0","0","0","0","0","0","0","0","0","0","0","0","0","0","0","1","0","0","0","0","0","0","0","0","0","0","0","0","0","0","0","0","0","0","0","0","0","0"
"0x7d97cf7b2700","      LEA R108, P2, R11, R4, 0x1","14","5","14","32768","1048576","1048576","32","32","0","0","0","-","-","-","0","0","0","0","0","0","0","0","-","0","0","0","0","0","0","0","0","0","0","0","0","0","3","0","0","0","0","1","5","0","0","0","5","0","0","0","0","0","0","0","3","0","0","0","0","0","0","0","0","0","2"
"0x7d97cf7b2710","      LEA.HI.X.SX32 R109, R11, R5, 0x1, P2","6","4","6","32768","1048576","1048576","32","32","0","0","0","-","-","-","0","0","0","0","0","0","0","0","-","0","0","0","0","0","0","0","0","0","0","0","0","0","0","0","0","0","0","0","0","0","0","0","6","0","0","0","0","0","0","0","0","0","0","0","0","0","0","0","0","0","4"
"0x7d97cf7b2720","      IMAD R11, R19, R138, RZ","0","0","0","32768","1048576","1048576","32","32","0","0","0","-","-","-","0","0","0","0","0","0","0","0","-","0","0","0","0","0","0","0","0","0","0","0","0","0","0","0","0","0","0","0","0","0","0","0","0","0","0","0","0","0","0","0","0","0","0","0","0","0","0","0","0","0","0"
"0x7d97cf7b2730","      LEA R110, P2, R11, R4, 0x1","9","5","9","32768","1048576","1048576","32","32","0","0","0","-","-","-","0","0","0","0","0","0","0","0","-","0","0","0","0","0","0","0","0","0","0","0","0","0","2","0","0","0","0","2","1","0","0","0","4","0","0","0","0","0","0","0","2","0","0","0","0","0","0","0","0","0","3"
"0x7d97cf7b2740","      LEA.HI.X.SX32 R111, R11, R5, 0x1, P2","9","5","9","32768","1048576","1048576","32","32","0","0","0","-","-","-","0","0","0","0","0","0","0","0","-","0","0","0","0","0","0","0","0","0","0","0","0","0","3","0","0","0","0","1","1","0","0","0","4","0","0","0","0","0","0","0","3","0","0","0","0","0","0","0","0","0","2"
"0x7d97cf7b2750","      IMAD R11, R20, R138, RZ","1","0","1","32768","1048576","1048576","32","32","0","0","0","-","-","-","0","0","0","0","0","0","0","0","-","0","0","0","0","0","0","0","0","0","0","0","0","0","0","0","0","0","0","0","1","0","0","0","0","0","0","0","0","0","0","0","0","0","0","0","0","0","0","0","0","0","0"
"0x7d97cf7b2760","      LEA R112, P2, R11, R4, 0x1","18","10","18","32768","1048576","1048576","32","32","0","0","0","-","-","-","0","0","0","0","0","0","0","0","-","0","0","0","0","0","0","0","0","0","0","0","0","0","0","0","0","0","0","1","2","0","0","0","15","0","0","0","0","0","0","0","0","0","0","0","0","0","0","0","0","0","10"
"0x7d97cf7b2770","      LEA.HI.X.SX32 R113, R11, R5, 0x1, P2","10","2","10","32768","1048576","1048576","32","32","0","0","0","-","-","-","0","0","0","0","0","0","0","0","-","0","0","0","0","0","0","0","0","0","0","0","0","0","0","0","0","0","0","2","1","0","0","0","7","0","0","0","0","0","0","0","0","0","0","0","0","0","0","0","0","0","2"
"0x7d97cf7b2780","      VIMNMX R11, R114, UR22, PT","7","5","7","32768","1048576","1048576","32","32","0","0","0","-","-","-","0","0","0","0","0","0","0","0","-","0","0","0","0","0","0","0","0","0","0","0","0","0","0","0","0","0","0","0","2","0","0","0","5","0","0","0","0","0","0","0","0","0","0","0","0","0","0","0","0","0","5"
"0x7d97cf7b2790","      ISETP.GE.AND P2, PT, R16, R11, PT","10","6","10","32768","1048576","1048576","32","32","0","0","0","-","-","-","0","0","0","0","0","0","0","0","-","0","0","0","0","0","0","0","0","0","0","0","0","0","1","0","0","0","0","0","1","0","0","0","8","0","0","0","0","0","0","0","1","0","0","0","0","0","0","0","0","0","5"
"0x7d97cf7b27a0","      SEL R10, RZ, 0x10, P2","9","9","9","32768","1048576","1048576","32","32","0","0","0","-","-","-","0","0","0","0","0","0","0","0","-","0","0","0","0","0","0","0","0","0","0","0","0","0","0","0","0","0","0","0","0","0","0","0","9","0","0","0","0","0","0","0","0","0","0","0","0","0","0","0","0","0","9"
"0x7d97cf7b27b0","      ISETP.GE.AND P2, PT, R17, UR22, PT","7","3","7","32768","1048576","1048576","32","32","0","0","0","-","-","-","0","0","0","0","0","0","0","0","-","0","0","0","0","0","0","0","0","0","0","0","0","0","0","0","0","0","0","0","3","0","0","0","4","0","0","0","0","0","0","0","0","0","0","0","0","0","0","0","0","0","3"
"0x7d97cf7b27c0","      SEL R114, R10, RZ, !P2","9","6","9","32768","1048576","1048576","32","32","0","0","0","-","-","-","0","0","0","0","0","0","0","0","-","0","0","0","0","0","0","0","0","0","0","0","0","0","2","0","0","0","0","1","0","0","0","0","6","0","0","0","0","0","0","0","2","0","0","0","0","0","0","0","0","0","4"
"0x7d97cf7b27d0","      ISETP.GE.AND P2, PT, R18, UR22, PT","4","0","4","32768","1048576","1048576","32","32","0","0","0","-","-","-","0","0","0","0","0","0","0","0","-","0","0","0","0","0","0","0","0","0","0","0","0","0","0","0","0","0","0","1","1","0","0","0","2","0","0","0","0","0","0","0","0","0","0","0","0","0","0","0","0","0","0"
"0x7d97cf7b27e0","      SEL R155, R10, RZ, !P2","7","2","7","32768","1048576","1048576","32","32","0","0","0","-","-","-","0","0","0","0","0","0","0","0","-","0","0","0","0","0","0","0","0","0","0","0","0","0","0","0","0","0","0","0","2","0","0","0","5","0","0","0","0","0","0","0","0","0","0","0","0","0","0","0","0","0","2"
"0x7d97cf7b27f0","      ISETP.GE.AND P2, PT, R19, UR22, PT","2","0","2","32768","1048576","1048576","32","32","0","0","0","-","-","-","0","0","0","0","0","0","0","0","-","0","0","0","0","0","0","0","0","0","0","0","0","0","0","0","0","0","0","0","2","0","0","0","0","0","0","0","0","0","0","0","0","0","0","0","0","0","0","0","0","0","0"
"0x7d97cf7b2800","      ISETP.NE.U32.AND P3, PT, R155, RZ, PT","3","3","3","32768","1048576","1048576","32","32","0","0","0","-","-","-","0","0","0","0","0","0","0","0","-","0","0","0","0","0","0","0","0","0","0","0","0","0","0","0","0","0","0","0","0","0","0","0","3","0","0","0","0","0","0","0","0","0","0","0","0","0","0","0","0","0","3"
"0x7d97cf7b2810","      SEL R156, R10, RZ, !P2","1","1","1","32768","1048576","1048576","32","32","0","0","0","-","-","-","0","0","0","0","0","0","0","0","-","0","0","0","0","0","0","0","0","0","0","0","0","0","0","0","0","0","0","0","0","0","0","0","1","0","0","0","0","0","0","0","0","0","0","0","0","0","0","0","0","0","1"
"0x7d97cf7b2820","      ISETP.GE.AND P2, PT, R20, UR22, PT","6","2","6","32768","1048576","1048576","32","32","0","0","0","-","-","-","0","0","0","0","0","0","0","0","-","0","0","0","0","0","0","0","0","0","0","0","0","0","1","0","0","0","0","0","3","0","0","0","2","0","0","0","0","0","0","0","0","0","0","0","0","0","0","0","0","0","2"
"0x7d97cf7b2830","      ISETP.NE.U32.AND P4, PT, R156, RZ, PT","10","4","10","32768","1048576","1048576","32","32","0","0","0","-","-","-","0","0","0","0","0","0","0","0","-","0","0","0","0","0","0","0","0","0","0","0","0","0","0","0","0","0","0","1","5","0","0","0","4","0","0","0","0","0","0","0","0","0","0","0","0","0","0","0","0","0","4"
"0x7d97cf7b2840","      SEL R10, R10, RZ, !P2","9","4","9","32768","1048576","1048576","32","32","0","0","0","-","-","-","0","0","0","0","0","0","0","0","-","0","0","0","0","0","0","0","0","0","0","0","0","0","3","0","0","0","0","2","3","0","0","0","1","0","0","0","0","0","0","0","3","0","0","0","0","0","0","0","0","0","1"
"0x7d97cf7b2850","      ISETP.NE.U32.AND P2, PT, R114, RZ, PT","4","1","4","32768","1048576","1048576","32","32","0","0","0","-","-","-","0","0","0","0","0","0","0","0","-","0","0","0","0","0","0","0","0","0","0","0","0","0","0","0","0","0","0","1","2","0","0","0","1","0","0","0","0","0","0","0","0","0","0","0","0","0","0","0","0","0","1"
"0x7d97cf7b2860","      ISETP.NE.U32.AND P5, PT, R10, RZ, PT","4","1","4","32768","1048576","1048576","32","32","0","0","0","-","-","-","0","0","0","0","0","0","0","0","-","0","0","0","0","0","0","0","0","0","0","0","0","0","0","0","0","0","0","0","3","0","0","0","1","0","0","0","0","0","0","0","0","0","0","0","0","0","0","0","0","0","1"
"0x7d97cf7b2870","@!PT  LDS RZ, [RZ]","25","14","25","32768","1048576","0","32","0","32","32","0","","Load","32","0","0","0","0","0","0","0","0","-","0","0","0","0","0","0","0","0","0","0","0","0","0","0","0","0","0","0","0","1","0","0","0","24","0","0","0","0","0","0","0","0","0","0","0","0","0","0","0","0","0","14"
"0x7d97cf7b2880","@!PT  LDS RZ, [RZ]","3","0","3","32768","1048576","0","32","0","0","32","0","","Load","32","0","0","0","0","0","0","0","0","-","0","0","0","0","0","0","0","0","0","0","0","0","0","0","0","0","0","0","0","3","0","0","0","0","0","0","0","0","0","0","0","0","0","0","0","0","0","0","0","0","0","0"
"0x7d97cf7b2890","@!PT  LDS RZ, [RZ]","2","0","2","32768","1048576","0","32","0","0","32","0","","Load","32","0","0","0","0","0","0","0","0","-","0","0","0","0","0","0","0","0","0","0","0","0","0","0","0","0","0","0","0","2","0","0","0","0","0","0","0","0","0","0","0","0","0","0","0","0","0","0","0","0","0","0"
"0x7d97cf7b28a0","      LDGSTS.E.BYPASS.128 desc[UR20][R106.64], P2, [R151]","5","0","5","32768","1048576","1048576","32","32","32","0","0","Global,Shared","Load,Store","128","131072","4","0","131072","131072","0","524288","524288","","0","0","0","0","0","0","0","0","0","0","0","0","0","0","0","0","0","0","0","5","0","0","0","0","0","0","0","0","0","0","0","0","0","0","0","0","0","0","0","0","0","0"
"0x7d97cf7b28b0","      LDGSTS.E.BYPASS.128 desc[UR20][R108.64], P3, [R151+0x800]","6","3","6","32768","1048576","1048576","32","32","0","0","0","Global,Shared","Load,Store","128","131072","4","0","131072","131072","0","524288","524288","","0","0","0","0","0","0","0","0","0","0","0","0","0","0","0","0","0","0","0","1","0","0","0","5","0","0","0","0","0","0","0","0","0","0","0","0","0","0","0","0","0","3"
"0x7d97cf7b28c0","      LDGSTS.E.BYPASS.128 desc[UR20][R110.64], P4, [R151+0x1000]","12","5","12","32768","1048576","1048576","32","32","0","0","0","Global,Shared","Load,Store","128","131072","4","0","131072","131072","0","524288","524288","","0","0","0","0","0","0","0","0","0","0","0","0","0","0","0","0","0","0","0","3","0","0","0","9","0","0","0","0","0","0","0","0","0","0","0","0","0","0","0","0","0","5"
"0x7d97cf7b28d0","      IMAD R107, R115, R138, RZ","52","24","52","32768","1048576","1048576","32","32","0","0","0","-","-","-","0","0","0","0","0","0","0","0","-","0","0","0","0","0","0","0","0","0","0","0","0","46","0","0","0","0","0","2","4","0","0","0","0","0","0","0","0","0","0","24","0","0","0","0","0","0","0","0","0","0","0"
"0x7d97cf7b28e0","      LDGSTS.E.BYPASS.128 desc[UR20][R112.64], P5, [R151+0x1800]","15","7","15","32768","1048576","1048576","32","32","0","0","0","Global,Shared","Load,Store","128","131072","4","0","131072","131072","0","524288","524288","","0","0","0","0","0","0","0","0","0","0","0","0","0","0","0","0","0","0","1","5","0","0","0","9","0","0","0","0","0","0","0","0","0","0","0","0","0","0","0","0","0","7"
"0x7d97cf7b28f0","      IMAD R109, R117, R138, RZ","10","7","10","32768","1048576","1048576","32","32","0","0","0","-","-","-","0","0","0","0","0","0","0","0","-","0","0","0","0","0","0","0","0","0","0","0","0","7","0","0","0","0","0","1","2","0","0","0","0","0","0","0","0","0","0","7","0","0","0","0","0","0","0","0","0","0","0"
"0x7d97cf7b2900","      LDGDEPBAR","5","3","5","32768","1048576","1048576","32","32","0","0","0","-","-","-","0","0","0","0","0","0","0","0","-","0","0","0","0","0","0","0","0","0","0","0","0","0","0","0","0","0","0","0","2","0","0","0","3","0","0","0","0","0","0","0","0","0","0","0","0","0","0","0","0","0","3"
"0x7d97cf7b2910","      IMAD R111, R118, R138, RZ","23","19","23","32768","1048576","1048576","32","32","0","0","0","-","-","-","0","0","0","0","0","0","0","0","-","0","0","0","0","0","0","0","0","0","0","0","0","19","0","0","0","0","0","0","4","0","0","0","0","0","0","0","0","0","0","19","0","0","0","0","0","0","0","0","0","0","0"
"0x7d97cf7b2920","      LDGSTS.E.BYPASS.128 desc[UR20][R6.64], P2, [R151+0x10000]","7","6","7","32768","1048576","1048576","32","32","0","0","0","Global,Shared","Load,Store","128","131072","4","0","131072","131072","0","524288","524288","","0","0","0","0","0","0","0","0","0","0","0","0","0","0","0","0","0","0","0","1","0","0","0","6","0","0","0","0","0","0","0","0","0","0","0","0","0","0","0","0","0","6"
"0x7d97cf7b2930","      LEA R106, P2, R107, R4, 0x1","4","0","4","32768","1048576","1048576","32","32","0","0","0","-","-","-","0","0","0","0","0","0","0","0","-","0","0","0","0","0","0","0","0","0","0","0","0","0","0","0","0","0","0","0","4","0","0","0","0","0","0","0","0","0","0","0","0","0","0","0","0","0","0","0","0","0","0"
"0x7d97cf7b2940","      LDGSTS.E.BYPASS.128 desc[UR20][R8.64], P3, [R151+0x10800]","6","6","6","32768","1048576","1048576","32","32","0","0","0","Global,Shared","Load,Store","128","131072","4","0","131072","131072","0","524288","524288","","0","0","0","0","0","0","0","0","0","0","0","0","0","0","0","0","0","0","0","0","0","0","0","6","0","0","0","0","0","0","0","0","0","0","0","0","0","0","0","0","0","6"
"0x7d97cf7b2950","      LEA.HI.X.SX32 R107, R107, R5, 0x1, P2","0","0","0","32768","1048576","1048576","32","32","0","0","0","-","-","-","0","0","0","0","0","0","0","0","-","0","0","0","0","0","0","0","0","0","0","0","0","0","0","0","0","0","0","0","0","0","0","0","0","0","0","0","0","0","0","0","0","0","0","0","0","0","0","0","0","0","0"
"0x7d97cf7b2960","      LEA R108, P2, R109, R4, 0x1","4","1","4","32768","1048576","1048576","32","32","0","0","0","-","-","-","0","0","0","0","0","0","0","0","-","0","0","0","0","0","0","0","0","0","0","0","0","0","0","0","0","0","0","0","3","0","0","0","1","0","0","0","0","0","0","0","0","0","0","0","0","0","0","0","0","0","1"
"0x7d97cf7b2970","      LDGSTS.E.BYPASS.128 desc[UR20][R96.64], P4, [R151+0x11000]","3","0","3","32768","1048576","1048576","32","32","0","0","0","Global,Shared","Load,Store","128","131072","4","0","131072","131072","0","524288","524288","","0","0","0","0","0","0","0","0","0","0","0","0","0","0","0","0","0","0","0","3","0","0","0","0","0","0","0","0","0","0","0","0","0","0","0","0","0","0","0","0","0","0"
"0x7d97cf7b2980","      LEA.HI.X.SX32 R109, R109, R5, 0x1, P2","4","3","4","32768","1048576","1048576","32","32","0","0","0","-","-","-","0","0","0","0","0","0","0","0","-","0","0","0","0","0","0","0","0","0","0","0","0","0","0","0","0","0","0","1","0","0","0","0","3","0","0","0","0","0","0","0","0","0","0","0","0","0","0","0","0","0","3"
"0x7d97cf7b2990","      LDGSTS.E.BYPASS.128 desc[UR20][R100.64], P5, [R151+0x11800]","3","1","3","32768","1048576","1048576","32","32","0","0","0","Global,Shared","Load,Store","128","131072","4","0","131072","131072","0","524288","524288","","0","0","0","0","0","0","0","0","0","0","0","1","0","0","0","0","0","0","0","2","0","0","0","0","0","0","0","0","0","1","0","0","0","0","0","0","0","0","0","0","0","0"
"0x7d97cf7b29a0","      LEA R6, P2, R111, R4, 0x1","65","46","65","32768","1048576","1048576","32","32","0","0","0","-","-","-","0","0","0","0","0","0","0","0","-","0","0","0","0","0","0","0","0","0","0","0","0","62","1","0","0","0","0","1","1","0","0","0","0","0","0","0","0","0","0","46","0","0","0","0","0","0","0","0","0","0","0"
"0x7d97cf7b29b0","      IMAD R9, R119, R138, RZ","24","16","24","32768","1048576","1048576","32","32","0","0","0","-","-","-","0","0","0","0","0","0","0","0","-","0","0","0","0","0","0","0","0","0","0","0","0","17","0","0","0","0","0","0","7","0","0","0","0","0","0","0","0","0","0","16","0","0","0","0","0","0","0","0","0","0","0"
"0x7d97cf7b29c0","      LEA.HI.X.SX32 R7, R111, R5, 0x1, P2","7","6","7","32768","1048576","1048576","32","32","0","0","0","-","-","-","0","0","0","0","0","0","0","0","-","0","0","0","0","0","0","0","0","1","0","0","0","0","0","0","0","0","0","0","1","0","0","0","5","0","0","1","0","0","0","0","0","0","0","0","0","0","0","0","0","0","5"
"0x7d97cf7b29d0","      LDGDEPBAR","1","0","1","32768","1048576","1048576","32","32","0","0","0","-","-","-","0","0","0","0","0","0","0","0","-","0","0","0","0","0","0","0","0","0","0","0","0","0","0","0","0","0","0","0","1","0","0","0","0","0","0","0","0","0","0","0","0","0","0","0","0","0","0","0","0","0","0"
"0x7d97cf7b29e0","      BAR.SYNC.DEFER_BLOCKING 0x0","1","0","1","32768","1048576","1048576","32","32","0","0","0","-","-","-","0","0","0","0","0","0","0","0","-","0","0","0","0","0","0","0","0","0","0","0","0","0","0","0","0","0","0","0","1","0","0","0","0","0","0","0","0","0","0","0","0","0","0","0","0","0","0","0","0","0","0"
"0x7d97cf7b29f0","      LEA R8, P2, R9, R4, 0x1","4","0","4","32768","1048576","1048576","32","32","0","0","0","-","-","-","0","0","0","0","0","0","0","0","-","0","0","0","0","0","0","0","0","0","0","0","0","0","0","0","0","0","0","0","4","0","0","0","0","0","0","0","0","0","0","0","0","0","0","0","0","0","0","0","0","0","0"
"0x7d97cf7b2a00","      LEA.HI.X.SX32 R9, R9, R5, 0x1, P2","7","4","7","32768","1048576","1048576","32","32","0","0","0","-","-","-","0","0","0","0","0","0","0","0","-","0","0","0","0","0","0","0","0","0","0","0","0","0","0","0","0","0","0","0","2","0","0","0","5","0","0","0","0","0","0","0","0","0","0","0","0","0","0","0","0","0","4"
"0x7d97cf7b2a10","      ISETP.GE.AND P2, PT, R116, R11, PT","5","4","5","32768","1048576","1048576","32","32","0","0","0","-","-","-","0","0","0","0","0","0","0","0","-","0","0","0","0","0","0","0","0","0","0","0","0","0","0","0","0","0","0","0","1","0","0","0","4","0","0","0","0","0","0","0","0","0","0","0","0","0","0","0","0","0","4"
"0x7d97cf7b2a20","      SEL R10, RZ, 0x10, P2","11","7","11","32768","1048576","1048576","32","32","0","0","0","-","-","-","0","0","0","0","0","0","0","0","-","0","0","0","0","0","0","0","0","0","0","0","0","0","0","0","0","0","0","0","3","0","0","0","8","0","0","0","0","0","0","0","0","0","0","0","0","0","0","0","0","0","7"
"0x7d97cf7b2a30","      ISETP.GE.AND P2, PT, R115, UR22, PT","5","4","5","32768","1048576","1048576","32","32","0","0","0","-","-","-","0","0","0","0","0","0","0","0","-","0","0","0","0","0","0","0","0","0","0","0","0","0","0","0","0","0","0","0","1","0","0","0","4","0","0","0","0","0","0","0","0","0","0","0","0","0","0","0","0","0","4"
"0x7d97cf7b2a40","      SEL R96, R10, RZ, !P2","5","3","5","32768","1048576","1048576","32","32","0","0","0","-","-","-","0","0","0","0","0","0","0","0","-","0","0","0","0","0","0","0","0","0","0","0","0","0","0","0","0","0","0","0","2","0","0","0","3","0","0","0","0","0","0","0","0","0","0","0","0","0","0","0","0","0","3"
"0x7d97cf7b2a50","      ISETP.GE.AND P2, PT, R117, UR22, PT","5","1","5","32768","1048576","1048576","32","32","0","0","0","-","-","-","0","0","0","0","0","0","0","0","-","0","0","0","0","0","0","0","0","0","0","0","0","0","0","0","0","0","0","0","4","0","0","0","1","0","0","0","0","0","0","0","0","0","0","0","0","0","0","0","0","0","1"
"0x7d97cf7b2a60","      SEL R97, R10, RZ, !P2","9","5","9","32768","1048576","1048576","32","32","0","0","0","-","-","-","0","0","0","0","0","0","0","0","-","0","0","0","0","0","0","0","0","0","0","0","0","0","0","0","0","0","0","0","3","0","0","0","6","0","0","0","0","0","0","0","0","0","0","0","0","0","0","0","0","0","5"
"0x7d97cf7b2a70","      ISETP.GE.AND P2, PT, R118, UR22, PT","5","3","5","32768","1048576","1048576","32","32","0","0","0","-","-","-","0","0","0","0","0","0","0","0","-","0","0","0","0","0","0","0","0","0","0","0","0","0","0","0","0","0","0","1","1","0","0","0","3","0","0","0","0","0","0","0","0","0","0","0","0","0","0","0","0","0","3"
"0x7d97cf7b2a80","      ISETP.NE.U32.AND P3, PT, R97, RZ, PT","6","2","6","32768","1048576","1048576","32","32","0","0","0","-","-","-","0","0","0","0","0","0","0","0","-","0","0","0","0","0","0","0","0","0","0","0","0","0","0","0","0","0","0","0","4","0","0","0","2","0","0","0","0","0","0","0","0","0","0","0","0","0","0","0","0","0","2"
"0x7d97cf7b2a90","      IMAD R97, R148, R138, RZ","0","0","0","32768","1048576","1048576","32","32","0","0","0","-","-","-","0","0","0","0","0","0","0","0","-","0","0","0","0","0","0","0","0","0","0","0","0","0","0","0","0","0","0","0","0","0","0","0","0","0","0","0","0","0","0","0","0","0","0","0","0","0","0","0","0","0","0"
"0x7d97cf7b2aa0","      SEL R100, R10, RZ, !P2","1","0","1","32768","1048576","1048576","32","32","0","0","0","-","-","-","0","0","0","0","0","0","0","0","-","0","0","0","0","0","0","0","0","0","0","0","0","0","0","0","0","0","0","0","1","0","0","0","0","0","0","0","0","0","0","0","0","0","0","0","0","0","0","0","0","0","0"
"0x7d97cf7b2ab0","      ISETP.GE.AND P2, PT, R119, UR22, PT","7","2","7","32768","1048576","1048576","32","32","0","0","0","-","-","-","0","0","0","0","0","0","0","0","-","0","0","0","0","0","0","0","0","0","0","0","0","0","0","0","0","0","0","0","3","0","0","0","4","0","0","0","0","0","0","0","0","0","0","0","0","0","0","0","0","0","2"
"0x7d97cf7b2ac0","      ISETP.NE.U32.AND P4, PT, R100, RZ, PT","10","4","10","32768","1048576","1048576","32","32","0","0","0","-","-","-","0","0","0","0","0","0","0","0","-","0","0","0","0","0","0","0","0","0","0","0","0","0","0","0","0","0","0","0","6","0","0","0","4","0","0","0","0","0","0","0","0","0","0","0","0","0","0","0","0","0","4"
"0x7d97cf7b2ad0","      SEL R10, R10, RZ, !P2","5","0","5","32768","1048576","1048576","32","32","0","0","0","-","-","-","0","0","0","0","0","0","0","0","-","0","0","0","0","0","0","0","0","0","0","0","0","0","0","0","0","0","0","0","4","0","0","0","1","0","0","0","0","0","0","0","0","0","0","0","0","0","0","0","0","0","0"
"0x7d97cf7b2ae0","      ISETP.NE.U32.AND P2, PT, R96, RZ, PT","3","1","3","32768","1048576","1048576","32","32","0","0","0","-","-","-","0","0","0","0","0","0","0","0","-","0","0","0","0","0","0","0","0","0","0","0","0","0","0","0","0","0","0","0","2","0","0","0","1","0","0","0","0","0","0","0","0","0","0","0","0","0","0","0","0","0","1"
"0x7d97cf7b2af0","      ISETP.NE.U32.AND P5, PT, R10, RZ, PT","4","1","4","32768","1048576","1048576","32","32","0","0","0","-","-","-","0","0","0","0","0","0","0","0","-","0","0","0","0","0","0","0","0","0","0","0","0","0","1","0","0","0","0","0","2","0","0","0","1","0","0","0","0","0","0","0","1","0","0","0","0","0","0","0","0","0","0"
"0x7d97cf7b2b00","@!PT  LDS RZ, [RZ]","120","94","120","32768","1048576","0","32","0","32","32","0","","Load","32","0","0","0","0","0","0","0","0","-","0","0","0","0","0","0","116","0","0","0","0","0","0","0","0","0","0","0","0","3","0","0","0","1","94","0","0","0","0","0","0","0","0","0","0","0","0","0","0","0","0","0"
"0x7d97cf7b2b10","@!PT  LDS RZ, [RZ]","1","0","1","32768","1048576","0","32","0","0","32","0","","Load","32","0","0","0","0","0","0","0","0","-","0","0","0","0","0","0","0","0","0","0","0","0","0","0","0","0","0","0","0","1","0","0","0","0","0","0","0","0","0","0","0","0","0","0","0","0","0","0","0","0","0","0"
"0x7d97cf7b2b20","@!PT  LDS RZ, [RZ]","1","0","1","32768","1048576","0","32","0","0","32","0","","Load","32","0","0","0","0","0","0","0","0","-","0","0","0","0","0","0","0","0","0","0","0","0","0","0","0","0","0","0","0","1","0","0","0","0","0","0","0","0","0","0","0","0","0","0","0","0","0","0","0","0","0","0"
"0x7d97cf7b2b30","      LDGSTS.E.BYPASS.128 desc[UR20][R106.64], P2, [R151+0x4000]","4","0","4","32768","1048576","1048576","32","32","32","0","0","Global,Shared","Load,Store","128","131072","4","0","131072","131072","0","524288","524288","","0","0","0","0","0","0","0","0","0","0","0","0","0","0","0","0","0","0","0","4","0","0","0","0","0","0","0","0","0","0","0","0","0","0","0","0","0","0","0","0","0","0"
"0x7d97cf7b2b40","      LDGSTS.E.BYPASS.128 desc[UR20][R108.64], P3, [R151+0x4800]","5","2","5","32768","1048576","1048576","32","32","0","0","0","Global,Shared","Load,Store","128","131072","4","0","131072","131072","0","524288","524288","","0","0","0","0","0","0","0","0","0","0","0","0","0","0","0","0","0","0","0","1","0","0","0","4","0","0","0","0","0","0","0","0","0","0","0","0","0","0","0","0","0","2"
"0x7d97cf7b2b50","      LDGSTS.E.BYPASS.128 desc[UR20][R6.64], P4, [R151+0x5000]","12","4","12","32768","1048576","1048576","32","32","0","0","0","Global,Shared","Load,Store","128","131072","4","0","131072","131072","0","524288","524288","","0","0","0","0","0","0","0","0","0","0","0","0","0","0","0","0","0","0","0","5","0","0","0","7","0","0","0","0","0","0","0","0","0","0","0","0","0","0","0","0","0","4"
"0x7d97cf7b2b60","      LDGSTS.E.BYPASS.128 desc[UR20][R8.64], P5, [R151+0x5800]","21","13","21","32768","1048576","1048576","32","32","0","0","0","Global,Shared","Load,Store","128","131072","4","0","131072","131072","0","524288","524288","","0","0","0","0","0","0","0","0","0","0","0","0","0","0","0","12","0","0","1","5","0","0","0","3","0","0","0","0","0","0","0","0","0","11","0","0","0","0","0","0","0","2"
"0x7d97cf7b2b70","      LDGDEPBAR","23","15","23","32768","1048576","1048576","32","32","0","0","0","-","-","-","0","0","0","0","0","0","0","0","-","0","0","0","0","0","0","0","0","0","0","0","0","0","0","0","13","0","0","4","0","0","0","0","6","0","0","0","0","0","0","0","0","0","12","0","0","0","0","0","0","0","3"
"0x7d97cf7b2b80","      LDGSTS.E.BYPASS.128 desc[UR20][R12.64], P2, [R151+0x14000]","12","10","12","32768","1048576","1048576","32","32","0","0","0","Global,Shared","Load,Store","128","131072","4","0","131072","131072","0","524288","524288","","0","0","0","0","0","0","0","0","0","0","0","5","0","0","0","4","0","0","0","2","0","0","0","1","0","0","0","0","0","5","0","0","0","4","0","0","0","0","0","0","0","1"
"0x7d97cf7b2b90","      LEA R96, P2, R97, R4, 0x1","1","0","1","32768","1048576","1048576","32","32","0","0","0","-","-","-","0","0","0","0","0","0","0","0","-","0","0","0","0","0","0","0","0","0","0","0","0","0","0","0","0","0","0","0","1","0","0","0","0","0","0","0","0","0","0","0","0","0","0","0","0","0","0","0","0","0","0"
"0x7d97cf7b2ba0","      IMAD R7, R150, R138, RZ","59","51","59","32768","1048576","1048576","32","32","0","0","0","-","-","-","0","0","0","0","0","0","0","0","-","0","0","0","0","0","0","0","0","0","0","0","0","56","0","0","0","0","0","0","3","0","0","0","0","0","0","0","0","0","0","51","0","0","0","0","0","0","0","0","0","0","0"
"0x7d97cf7b2bb0","      LDGSTS.E.BYPASS.128 desc[UR20][R94.64], P3, [R151+0x14800]","8","4","8","32768","1048576","1048576","32","32","0","0","0","Global,Shared","Load,Store","128","131072","4","0","131072","131072","0","524288","524288","","0","0","0","0","0","0","0","0","0","0","0","0","0","0","0","2","0","0","0","2","0","0","0","4","0","0","0","0","0","0","0","0","0","2","0","0","0","0","0","0","0","2"
"0x7d97cf7b2bc0","      LEA.HI.X.SX32 R97, R97, R5, 0x1, P2","4","0","4","32768","1048576","1048576","32","32","0","0","0","-","-","-","0","0","0","0","0","0","0","0","-","0","0","0","0","0","0","0","0","0","0","0","0","0","0","0","0","0","0","0","4","0","0","0","0","0","0","0","0","0","0","0","0","0","0","0","0","0","0","0","0","0","0"
"0x7d97cf7b2bd0","      IMAD R9, R152, R138, RZ","33","30","33","32768","1048576","1048576","32","32","0","0","0","-","-","-","0","0","0","0","0","0","0","0","-","0","0","0","0","0","0","0","0","0","0","0","0","33","0","0","0","0","0","0","0","0","0","0","0","0","0","0","0","0","0","30","0","0","0","0","0","0","0","0","0","0","0"
"0x7d97cf7b2be0","      LEA R6, P2, R7, R4, 0x1","2","0","2","32768","1048576","1048576","32","32","0","0","0","-","-","-","0","0","0","0","0","0","0","0","-","0","0","0","0","0","0","0","0","0","0","0","0","0","0","0","0","0","0","0","2","0","0","0","0","0","0","0","0","0","0","0","0","0","0","0","0","0","0","0","0","0","0"
"0x7d97cf7b2bf0","      LDGSTS.E.BYPASS.128 desc[UR20][R98.64], P4, [R151+0x15000]","2","0","2","32768","1048576","1048576","32","32","0","0","0","Global,Shared","Load,Store","128","131072","4","0","131072","131072","0","524288","524288","","0","0","0","0","0","0","0","0","0","0","0","0","0","0","0","0","0","0","0","2","0","0","0","0","0","0","0","0","0","0","0","0","0","0","0","0","0","0","0","0","0","0"
"0x7d97cf7b2c00","      LEA.HI.X.SX32 R7, R7, R5, 0x1, P2","9","4","9","32768","1048576","1048576","32","32","0","0","0","-","-","-","0","0","0","0","0","0","0","0","-","0","0","0","0","0","0","0","0","0","0","0","0","0","0","0","0","0","0","0","5","0","0","0","4","0","0","0","0","0","0","0","0","0","0","0","0","0","0","0","0","0","4"
"0x7d97cf7b2c10","      LDGSTS.E.BYPASS.128 desc[UR20][R102.64], P5, [R151+0x15800]","1","0","1","32768","1048576","1048576","32","32","0","0","0","Global,Shared","Load,Store","128","131072","4","0","131072","131072","0","524288","524288","","0","0","0","0","0","0","0","0","0","0","0","0","0","0","0","0","0","0","0","1","0","0","0","0","0","0","0","0","0","0","0","0","0","0","0","0","0","0","0","0","0","0"
"0x7d97cf7b2c20","      LEA R8, P2, R9, R4, 0x1","0","0","0","32768","1048576","1048576","32","32","0","0","0","-","-","-","0","0","0","0","0","0","0","0","-","0","0","0","0","0","0","0","0","0","0","0","0","0","0","0","0","0","0","0","0","0","0","0","0","0","0","0","0","0","0","0","0","0","0","0","0","0","0","0","0","0","0"
"0x7d97cf7b2c30","      IMAD R13, R154, R138, RZ","49","38","49","32768","1048576","1048576","32","32","0","0","0","-","-","-","0","0","0","0","0","0","0","0","-","0","0","0","0","0","0","0","0","0","0","0","0","45","0","0","0","0","0","2","2","0","0","0","0","0","0","0","0","0","0","38","0","0","0","0","0","0","0","0","0","0","0"
"0x7d97cf7b2c40","      LDGDEPBAR","7","5","7","32768","1048576","1048576","32","32","0","0","0","-","-","-","0","0","0","0","0","0","0","0","-","0","0","0","0","0","0","0","0","0","0","0","0","0","0","0","3","0","0","0","2","0","0","0","2","0","0","0","0","0","0","0","0","0","3","0","0","0","0","0","0","0","2"
"0x7d97cf7b2c50","      LEA.HI.X.SX32 R9, R9, R5, 0x1, P2","3","0","3","32768","1048576","1048576","32","32","0","0","0","-","-","-","0","0","0","0","0","0","0","0","-","0","0","0","0","0","0","0","0","0","0","0","0","0","0","0","0","0","0","0","3","0","0","0","0","0","0","0","0","0","0","0","0","0","0","0","0","0","0","0","0","0","0"
"0x7d97cf7b2c60","      BAR.SYNC.DEFER_BLOCKING 0x0","0","0","0","32768","1048576","1048576","32","32","0","0","0","-","-","-","0","0","0","0","0","0","0","0","-","0","0","0","0","0","0","0","0","0","0","0","0","0","0","0","0","0","0","0","0","0","0","0","0","0","0","0","0","0","0","0","0","0","0","0","0","0","0","0","0","0","0"
"0x7d97cf7b2c70","      LEA R12, P2, R13, R4, 0x1","3","0","3","32768","1048576","1048576","32","32","0","0","0","-","-","-","0","0","0","0","0","0","0","0","-","0","0","0","0","0","0","0","0","0","0","0","0","0","0","0","0","0","0","0","3","0","0","0","0","0","0","0","0","0","0","0","0","0","0","0","0","0","0","0","0","0","0"
"0x7d97cf7b2c80","      LEA.HI.X.SX32 R13, R13, R5, 0x1, P2","9","8","9","32768","1048576","1048576","32","32","0","0","0","-","-","-","0","0","0","0","0","0","0","0","-","0","0","0","0","0","0","0","0","0","0","0","0","0","0","0","0","0","0","0","1","0","0","0","8","0","0","0","0","0","0","0","0","0","0","0","0","0","0","0","0","0","8"
"0x7d97cf7b2c90","      ISETP.GE.AND P2, PT, R16, R11, PT","8","3","8","32768","1048576","1048576","32","32","0","0","0","-","-","-","0","0","0","0","0","0","0","0","-","0","0","0","0","0","0","0","0","0","0","0","0","0","0","0","0","0","0","0","4","0","0","0","4","0","0","0","0","0","0","0","0","0","0","0","0","0","0","0","0","0","3"
"0x7d97cf7b2ca0","@!PT  LDS RZ, [RZ]","178","161","178","32768","1048576","0","32","0","32","32","0","","Load","32","0","0","0","0","0","0","0","0","-","0","0","0","0","0","0","170","0","0","0","0","0","0","0","0","0","0","0","6","2","0","0","0","0","161","0","0","0","0","0","0","0","0","0","0","0","0","0","0","0","0","0"
"0x7d97cf7b2cb0","@!PT  LDS RZ, [RZ]","3","2","3","32768","1048576","0","32","0","0","32","0","","Load","32","0","0","0","0","0","0","0","0","-","0","0","0","0","0","0","0","0","0","0","0","0","0","0","0","2","0","0","0","1","0","0","0","0","0","0","0","0","0","0","0","0","0","2","0","0","0","0","0","0","0","0"
"0x7d97cf7b2cc0","@!PT  LDS RZ, [RZ]","9","2","9","32768","1048576","0","32","0","0","32","0","","Load","32","0","0","0","0","0","0","0","0","-","0","0","0","0","0","0","0","0","0","0","0","0","0","0","0","2","0","0","1","6","0","0","0","0","0","0","0","0","0","0","0","0","0","2","0","0","0","0","0","0","0","0"
"0x7d97cf7b2cd0","      LDGSTS.E.BYPASS.128 desc[UR20][R96.64], !PT, [R151+0x8000]","8","6","8","32768","1048576","1048576","32","32","32","0","0","Global,Shared","Load,Store","128","0","4","0","131072","131072","0","0","0","","0","0","0","0","0","0","0","0","0","0","0","0","0","0","0","6","0","0","0","2","0","0","0","0","0","0","0","0","0","0","0","0","0","6","0","0","0","0","0","0","0","0"
"0x7d97cf7b2ce0","      LDGSTS.E.BYPASS.128 desc[UR20][R6.64], !PT, [R151+0x8800]","23","16","23","32768","1048576","1048576","32","32","0","0","0","Global,Shared","Load,Store","128","0","4","0","131072","131072","0","0","0","","0","0","0","0","0","0","0","0","0","0","0","0","0","0","0","15","0","0","1","1","0","0","0","6","0","0","0","0","0","0","0","0","0","15","0","0","0","0","0","0","0","1"
"0x7d97cf7b2cf0","      LDGSTS.E.BYPASS.128 desc[UR20][R8.64], !PT, [R151+0x9000]","44","38","44","32768","1048576","1048576","32","32","0","0","0","Global,Shared","Load,Store","128","0","4","0","131072","131072","0","0","0","","0","0","0","0","0","0","0","0","0","0","0","0","0","0","0","35","0","0","4","1","0","0","0","4","0","0","0","0","0","0","0","0","0","35","0","0","0","0","0","0","0","3"
"0x7d97cf7b2d00","      LDGSTS.E.BYPASS.128 desc[UR20][R12.64], !PT, [R151+0x9800]","58","56","58","32768","1048576","1048576","32","32","0","0","0","Global,Shared","Load,Store","128","0","4","0","131072","131072","0","0","0","","0","0","0","0","0","0","0","0","0","0","0","18","0","0","0","33","0","0","0","2","0","0","0","5","0","0","0","0","0","18","0","0","0","33","0","0","0","0","0","0","0","5"
"0x7d97cf7b2d10","      LDGDEPBAR","118","114","118","32768","1048576","1048576","32","32","0","0","0","-","-","-","0","0","0","0","0","0","0","0","-","0","0","0","0","0","0","0","0","0","0","0","79","0","0","0","29","0","0","1","3","0","0","0","6","0","0","0","0","0","79","0","0","0","29","0","0","0","0","0","0","0","6"
"0x7d97cf7b2d20","      LDGSTS.E.BYPASS.128 desc[UR20][R92.64], !PT, [R151+0x18000]","98","90","98","32768","1048576","1048576","32","32","0","0","0","Global,Shared","Load,Store","128","0","4","0","131072","131072","0","0","0","","0","0","0","0","0","0","0","0","0","0","0","66","0","0","0","15","0","0","6","2","0","0","0","9","0","0","0","0","0","66","0","0","0","15","0","0","0","0","0","0","0","9"
"0x7d97cf7b2d30","      LDGSTS.E.BYPASS.128 desc[UR20][R90.64], !PT, [R151+0x18800]","59","56","59","32768","1048576","1048576","32","32","0","0","0","Global,Shared","Load,Store","128","0","4","0","131072","131072","0","0","0","","0","0","0","0","0","0","0","0","0","0","0","16","0","0","0","30","0","0","1","2","0","0","0","10","0","0","0","0","0","16","0","0","0","30","0","0","0","0","0","0","0","10"
"0x7d97cf7b2d40","      LDGSTS.E.BYPASS.128 desc[UR20][R88.64], !PT, [R151+0x19000]","87","81","87","32768","1048576","1048576","32","32","0","0","0","Global,Shared","Load,Store","128","0","4","0","131072","131072","0","0","0","","0","0","0","0","0","0","0","0","0","0","0","38","0","0","0","34","0","0","1","5","0","0","0","9","0","0","0","0","0","38","0","0","0","34","0","0","0","0","0","0","0","9"
"0x7d97cf7b2d50","      LDGSTS.E.BYPASS.128 desc[UR20][R104.64], !PT, [R151+0x19800]","112","110","112","32768","1048576","1048576","32","32","0","0","0","Global,Shared","Load,Store","128","0","4","0","131072","131072","0","0","0","","0","0","0","0","0","0","0","0","0","0","0","79","0","0","0","26","0","0","1","1","0","0","0","5","0","0","0","0","0","79","0","0","0","26","0","0","0","0","0","0","0","5"
"0x7d97cf7b2d60","      LDGDEPBAR","93","93","93","32768","1048576","1048576","32","32","0","0","0","-","-","-","0","0","0","0","0","0","0","0","-","0","0","0","0","0","0","0","0","0","0","0","71","0","0","0","18","0","0","0","0","0","0","0","4","0","0","0","0","0","71","0","0","0","18","0","0","0","0","0","0","0","4"
"0x7d97cf7b2d70","@!PT  LDS RZ, [RZ]","45","43","45","32768","1048576","0","32","0","32","32","0","","Load","32","0","0","0","0","0","0","0","0","-","0","0","0","0","0","0","0","0","0","0","0","0","0","0","0","43","0","0","0","2","0","0","0","0","0","0","0","0","0","0","0","0","0","43","0","0","0","0","0","0","0","0"
"0x7d97cf7b2d80","      MEMBAR.ALL.CTA","65","62","65","32768","1048576","1048576","32","32","32","0","0","-","-","-","0","0","0","0","0","0","0","0","-","0","0","0","0","0","0","0","0","0","0","0","6","0","0","0","56","0","0","2","1","0","0","0","0","0","0","0","0","0","6","0","0","0","56","0","0","0","0","0","0","0","0"
"0x7d97cf7b2d90","      FENCE.VIEW.ASYNC.S","247","203","247","32768","1048576","1048576","32","32","0","0","0","-","-","-","0","0","0","0","0","0","0","0","-","0","0","0","0","0","0","0","0","0","0","0","0","235","0","0","0","0","0","4","0","0","0","0","8","0","0","0","0","0","0","195","0","0","0","0","0","0","0","0","0","0","8"
"0x7d97cf7b2da0","@P2   BRA 0x7d97cf7b52a0","6","0","6","32768","1048576","0","32","0","32","32","0","-","-","-","0","0","0","0","0","0","0","0","-","0","0","0","0","0","0","0","0","0","0","0","0","0","0","0","0","0","0","0","6","0","0","0","0","0","0","0","0","0","0","0","0","0","0","0","0","0","0","0","0","0","0"
"0x7d97cf7b2db0","      SHF.R.U32.HI R7, RZ, 0x2, R0","6","4","6","32768","1048576","1048576","32","32","32","0","0","-","-","-","0","0","0","0","0","0","0","0","-","0","0","0","0","0","0","0","0","0","0","0","0","0","0","0","0","0","0","0","2","0","0","0","4","0","0","0","0","0","0","0","0","0","0","0","0","0","0","0","0","0","4"
"0x7d97cf7b2dc0","      VIADD R12, R11, 0xffffff40","1","0","1","32768","1048576","1048576","32","32","0","0","0","-","-","-","0","0","0","0","0","0","0","0","-","0","0","0","0","0","0","0","0","0","0","0","0","0","0","0","0","0","0","0","1","0","0","0","0","0","0","0","0","0","0","0","0","0","0","0","0","0","0","0","0","0","0"
"0x7d97cf7b2dd0","      SHF.R.U32.HI R6, RZ, 0x1, R0","0","0","0","32768","1048576","1048576","32","32","0","0","0","-","-","-","0","0","0","0","0","0","0","0","-","0","0","0","0","0","0","0","0","0","0","0","0","0","0","0","0","0","0","0","0","0","0","0","0","0","0","0","0","0","0","0","0","0","0","0","0","0","0","0","0","0","0"
"0x7d97cf7b2de0","      IMAD.IADD R149, R16, 0x1, R149","2","0","2","32768","1048576","1048576","32","32","0","0","0","-","-","-","0","0","0","0","0","0","0","0","-","0","0","0","0","0","0","0","0","0","0","0","0","0","0","0","0","0","0","0","2","0","0","0","0","0","0","0","0","0","0","0","0","0","0","0","0","0","0","0","0","0","0"
"0x7d97cf7b2df0","      SGXT.U32 R7, R7, 0x3","1","0","1","32768","1048576","1048576","32","32","0","0","0","-","-","-","0","0","0","0","0","0","0","0","-","0","0","0","0","0","0","0","0","0","0","0","0","0","0","0","0","0","0","0","1","0","0","0","0","0","0","0","0","0","0","0","0","0","0","0","0","0","0","0","0","0","0"
"0x7d97cf7b2e00","      CS2R R8, SRZ","3","1","3","32768","1048576","1048576","32","32","0","0","0","-","-","-","0","0","0","0","0","0","0","0","-","0","0","0","0","0","0","0","0","0","0","0","0","0","0","0","0","0","0","0","2","0","0","0","1","0","0","0","0","0","0","0","0","0","0","0","0","0","0","0","0","0","1"
"0x7d97cf7b2e10","      SHF.R.S32.HI R159, RZ, 0x1f, R16","5","3","5","32768","1048576","1048576","32","32","0","0","0","-","-","-","0","0","0","0","0","0","0","0","-","0","0","0","0","0","0","0","0","0","0","0","0","0","0","0","0","0","0","0","2","0","0","0","3","0","0","0","0","0","0","0","0","0","0","0","0","0","0","0","0","0","3"
"0x7d97cf7b2e20","      VIADD R155, R149, 0xf0","4","0","4","32768","1048576","1048576","32","32","0","0","0","-","-","-","0","0","0","0","0","0","0","0","-","0","0","0","0","0","0","0","0","0","0","0","0","0","0","0","0","0","0","0","4","0","0","0","0","0","0","0","0","0","0","0","0","0","0","0","0","0","0","0","0","0","0"
"0x7d97cf7b2e30","      LOP3.LUT R7, R7, 0x70, R6, 0xf8, !PT","1","0","1","32768","1048576","1048576","32","32","0","0","0","-","-","-","0","0","0","0","0","0","0","0","-","0","0","0","0","0","0","0","0","0","0","0","0","0","0","0","0","0","0","0","1","0","0","0","0","0","0","0","0","0","0","0","0","0","0","0","0","0","0","0","0","0","0"
"0x7d97cf7b2e40","      VIADD R154, R149, 0xe0","4","0","4","32768","1048576","1048576","32","32","0","0","0","-","-","-","0","0","0","0","0","0","0","0","-","0","0","0","0","0","0","0","0","0","0","0","0","0","0","0","0","0","0","0","4","0","0","0","0","0","0","0","0","0","0","0","0","0","0","0","0","0","0","0","0","0","0"
"0x7d97cf7b2e50","      IADD3 R153, P2, R16, R153, RZ","1","0","1","32768","1048576","1048576","32","32","0","0","0","-","-","-","0","0","0","0","0","0","0","0","-","0","0","0","0","0","0","0","0","0","0","0","0","0","0","0","0","0","0","0","1","0","0","0","0","0","0","0","0","0","0","0","0","0","0","0","0","0","0","0","0","0","0"
"0x7d97cf7b2e60","      VIADD R151, R149, 0xd0","2","0","2","32768","1048576","1048576","32","32","0","0","0","-","-","-","0","0","0","0","0","0","0","0","-","0","0","0","0","0","0","0","0","0","0","0","0","0","0","0","0","0","0","0","2","0","0","0","0","0","0","0","0","0","0","0","0","0","0","0","0","0","0","0","0","0","0"
"0x7d97cf7b2e70","      LOP3.LUT R157, R7, R16, RZ, 0xfc, !PT","3","0","3","32768","1048576","1048576","32","32","0","0","0","-","-","-","0","0","0","0","0","0","0","0","-","0","0","0","0","0","0","0","0","0","0","0","0","0","0","0","0","0","0","0","3","0","0","0","0","0","0","0","0","0","0","0","0","0","0","0","0","0","0","0","0","0","0"
"0x7d97cf7b2e80","      VIADD R150, R149, 0xc0","1","0","1","32768","1048576","1048576","32","32","0","0","0","-","-","-","0","0","0","0","0","0","0","0","-","0","0","0","0","0","0","0","0","0","0","0","0","0","0","0","0","0","0","0","1","0","0","0","0","0","0","0","0","0","0","0","0","0","0","0","0","0","0","0","0","0","0"
"0x7d97cf7b2e90","      SHF.R.S32.HI R10, RZ, 0x1f, R11","0","0","0","32768","1048576","1048576","32","32","0","0","0","-","-","-","0","0","0","0","0","0","0","0","-","0","0","0","0","0","0","0","0","0","0","0","0","0","0","0","0","0","0","0","0","0","0","0","0","0","0","0","0","0","0","0","0","0","0","0","0","0","0","0","0","0","0"
"0x7d97cf7b2ea0","      IMAD.X R160, RZ, RZ, R159, P2","4","0","4","32768","1048576","1048576","32","32","0","0","0","-","-","-","0","0","0","0","0","0","0","0","-","0","0","0","0","0","0","0","0","1","0","0","0","0","0","0","0","0","0","0","3","0","0","0","0","0","0","0","0","0","0","0","0","0","0","0","0","0","0","0","0","0","0"
"0x7d97cf7b2eb0","      LOP3.LUT R152, R157, 0x8, RZ, 0xfc, !PT","5","0","5","32768","1048576","1048576","32","32","0","0","0","-","-","-","0","0","0","0","0","0","0","0","-","0","0","0","0","0","0","0","0","0","0","0","0","0","0","0","0","0","0","0","5","0","0","0","0","0","0","0","0","0","0","0","0","0","0","0","0","0","0","0","0","0","0"
"0x7d97cf7b2ec0","      UIADD3 UR25, UR12, 0x20000, URZ","2","0","2","32768","1048576","1048576","32","32","0","0","0","-","-","-","0","0","0","0","0","0","0","0","-","0","0","0","0","0","0","0","0","0","0","0","0","0","0","0","0","0","0","0","2","0","0","0","0","0","0","0","0","0","0","0","0","0","0","0","0","0","0","0","0","0","0"
"0x7d97cf7b2ed0","      SHF.R.S32.HI R156, RZ, 0x1f, R12","3","0","3","32768","1048576","1048576","32","32","0","0","0","-","-","-","0","0","0","0","0","0","0","0","-","0","0","0","0","0","0","0","0","0","0","0","0","0","0","0","0","0","0","0","3","0","0","0","0","0","0","0","0","0","0","0","0","0","0","0","0","0","0","0","0","0","0"
"0x7d97cf7b2ee0","      UMOV UR13, 0x2","2","0","2","32768","1048576","1048576","32","32","0","0","0","-","-","-","0","0","0","0","0","0","0","0","-","0","0","0","0","0","0","0","0","0","0","0","0","0","0","0","0","0","0","0","2","0","0","0","0","0","0","0","0","0","0","0","0","0","0","0","0","0","0","0","0","0","0"
"0x7d97cf7b2ef0","      SHF.R.S32.HI R148, RZ, 0x1f, R157","2","0","2","32768","1048576","1048576","32","32","0","0","0","-","-","-","0","0","0","0","0","0","0","0","-","0","0","0","0","0","0","0","0","0","0","0","0","0","0","0","0","0","0","0","2","0","0","0","0","0","0","0","0","0","0","0","0","0","0","0","0","0","0","0","0","0","0"
"0x7d97cf7b2f00","      UMOV UR14, 0xffffffff","1","0","1","32768","1048576","1048576","32","32","0","0","0","-","-","-","0","0","0","0","0","0","0","0","-","0","0","0","0","0","0","0","0","0","0","0","0","0","0","0","0","0","0","0","1","0","0","0","0","0","0","0","0","0","0","0","0","0","0","0","0","0","0","0","0","0","0"
"0x7d97cf7b2f10","      SHF.R.S32.HI R13, RZ, 0x1f, R152","1","0","1","32768","1048576","1048576","32","32","0","0","0","-","-","-","0","0","0","0","0","0","0","0","-","0","0","0","0","0","0","0","0","0","0","0","0","0","0","0","0","0","0","0","1","0","0","0","0","0","0","0","0","0","0","0","0","0","0","0","0","0","0","0","0","0","0"
"0x7d97cf7b2f20","      UMOV UR5, URZ","4","0","4","32768","1048576","1048576","32","32","0","0","0","-","-","-","0","0","0","0","0","0","0","0","-","0","0","0","0","0","0","0","0","0","0","0","0","0","0","0","0","0","0","0","4","0","0","0","0","0","0","0","0","0","0","0","0","0","0","0","0","0","0","0","0","0","0"
"0x7d97cf7b2f30","      UMOV UR4, URZ","2","0","2","32768","1048576","1048576","32","32","0","0","0","-","-","-","0","0","0","0","0","0","0","0","-","0","0","0","0","0","0","0","0","0","0","0","0","0","0","0","0","0","0","0","2","0","0","0","0","0","0","0","0","0","0","0","0","0","0","0","0","0","0","0","0","0","0"
"0x7d97cf7b2f40","      ULDC UR26, c[0x0][0x26c]","0","0","0","32768","1048576","1048576","32","32","0","0","0","-","-","-","0","0","0","0","0","0","0","0","-","0","0","0","0","0","0","0","0","0","0","0","0","0","0","0","0","0","0","0","0","0","0","0","0","0","0","0","0","0","0","0","0","0","0","0","0","0","0","0","0","0","0"
"0x7d97cf7b2f50","      DEPBAR.LE SB0, 0x4","42","26","42","65536","2097152","2097152","32","32","0","0","0","-","-","-","0","0","0","0","0","0","0","0","-","0","0","0","0","0","0","0","8","0","0","0","0","0","0","0","0","0","17","5","3","0","0","0","9","0","8","0","0","0","0","0","0","0","0","0","10","0","0","0","0","0","8"
"0x7d97cf7b2f60","      BAR.SYNC.DEFER_BLOCKING 0x0","156","99","156","65536","2097152","2097152","32","32","0","0","0","-","-","-","0","0","0","0","0","0","0","0","-","0","0","0","0","0","0","0","0","0","0","0","0","138","0","0","0","0","0","2","6","0","0","0","10","0","0","0","0","0","0","92","0","0","0","0","0","0","0","0","0","0","7"
"0x7d97cf7b2f70","      UIADD3 UR14, UR14, 0x1, URZ","2","0","2","65536","2097152","2097152","32","32","0","0","0","-","-","-","0","0","0","0","0","0","0","0","-","0","0","0","0","0","0","0","0","0","0","0","0","0","0","0","0","0","0","0","2","0","0","0","0","0","0","0","0","0","0","0","0","0","0","0","0","0","0","0","0","0","0"
"0x7d97cf7b2f80","      IADD3 R162, P2, R153, UR5, RZ","7","1","7","65536","2097152","2097152","32","32","0","0","0","-","-","-","0","0","0","0","0","0","0","0","-","0","0","0","0","0","0","0","0","0","0","0","0","0","0","0","0","0","1","0","6","0","0","0","0","0","0","0","0","0","0","0","0","0","0","0","1","0","0","0","0","0","0"
"0x7d97cf7b2f90","      USHF.L.U32 UR6, UR23, 0x7, URZ","4","0","4","65536","2097152","2097152","32","32","0","0","0","-","-","-","0","0","0","0","0","0","0","0","-","0","0","0","0","0","0","0","0","0","0","0","0","0","0","0","0","0","0","0","4","0","0","0","0","0","0","0","0","0","0","0","0","0","0","0","0","0","0","0","0","0","0"
"0x7d97cf7b2fa0","      IMAD R7, R150, R138, R9","6","0","6","65536","2097152","2097152","32","32","0","0","0","-","-","-","0","0","0","0","0","0","0","0","-","0","0","0","0","0","0","0","0","0","0","0","0","0","0","0","0","0","0","0","6","0","0","0","0","0","0","0","0","0","0","0","0","0","0","0","0","0","0","0","0","0","0"
"0x7d97cf7b2fb0","      UISETP.GT.AND UP0, UPT, UR14, 0x3, UPT","2","0","2","65536","2097152","2097152","32","32","0","0","0","-","-","-","0","0","0","0","0","0","0","0","-","0","0","0","0","0","0","0","0","0","0","0","0","0","0","0","0","0","0","0","2","0","0","0","0","0","0","0","0","0","0","0","0","0","0","0","0","0","0","0","0","0","0"
"0x7d97cf7b2fc0","      IADD3.X R163, R160, UR4, RZ, P2, !PT","5","0","5","65536","2097152","2097152","32","32","0","0","0","-","-","-","0","0","0","0","0","0","0","0","-","0","0","0","0","0","0","0","0","0","0","0","0","0","0","0","0","0","0","0","5","0","0","0","0","0","0","0","0","0","0","0","0","0","0","0","0","0","0","0","0","0","0"
"0x7d97cf7b2fd0","      ULOP3.LUT UR6, UR6, 0x200, URZ, 0xc0, !UPT","4","0","4","65536","2097152","2097152","32","32","0","0","0","-","-","-","0","0","0","0","0","0","0","0","-","0","0","0","0","0","0","0","0","0","0","0","0","0","0","0","0","0","0","0","4","0","0","0","0","0","0","0","0","0","0","0","0","0","0","0","0","0","0","0","0","0","0"
"0x7d97cf7b2fe0","      ISETP.LE.U32.AND P3, PT, R162, R157, PT","5","0","5","65536","2097152","2097152","32","32","0","0","0","-","-","-","0","0","0","0","0","0","0","0","-","0","0","0","0","0","0","0","0","0","0","0","0","0","0","0","0","0","0","0","5","0","0","0","0","0","0","0","0","0","0","0","0","0","0","0","0","0","0","0","0","0","0"
"0x7d97cf7b2ff0","      USEL UR14, UR14, URZ, !UP0","2","0","2","65536","2097152","2097152","32","32","0","0","0","-","-","-","0","0","0","0","0","0","0","0","-","0","0","0","0","0","0","0","0","0","0","0","0","0","0","0","0","0","0","0","2","0","0","0","0","0","0","0","0","0","0","0","0","0","0","0","0","0","0","0","0","0","0"
"0x7d97cf7b3000","      LEA R6, P2, R7, R4, 0x1","7","0","7","65536","2097152","2097152","32","32","0","0","0","-","-","-","0","0","0","0","0","0","0","0","-","0","0","0","0","0","0","0","0","0","0","0","0","0","1","0","0","0","1","1","4","0","0","0","0","0","0","0","0","0","0","0","0","0","0","0","0","0","0","0","0","0","0"
"0x7d97cf7b3010","      ULEA.HI UR6, UR25, UR6, URZ, 0x1c","4","0","4","65536","2097152","2097152","32","32","0","0","0","-","-","-","0","0","0","0","0","0","0","0","-","0","0","0","0","0","0","0","0","0","0","0","0","0","0","0","0","0","0","0","4","0","0","0","0","0","0","0","0","0","0","0","0","0","0","0","0","0","0","0","0","0","0"
"0x7d97cf7b3020","      ULEA UR15, UR14, UR12, 0xe","12","4","12","65536","2097152","2097152","32","32","0","0","0","-","-","-","0","0","0","0","0","0","0","0","-","0","0","0","0","0","0","0","0","0","0","0","0","0","3","0","0","0","0","2","3","0","0","0","4","0","0","0","0","0","0","0","0","0","0","0","0","0","0","0","0","0","4"
"0x7d97cf7b3030","      LEA.HI.X.SX32 R7, R7, R5, 0x1, P2","5","0","5","65536","2097152","2097152","32","32","0","0","0","-","-","-","0","0","0","0","0","0","0","0","-","0","0","0","0","0","0","0","0","0","0","0","0","0","0","0","0","0","0","0","5","0","0","0","0","0","0","0","0","0","0","0","0","0","0","0","0","0","0","0","0","0","0"
"0x7d97cf7b3040","      ULOP3.LUT UR8, UR6, 0x3fff, URZ, 0xc0, !UPT","4","0","4","65536","2097152","2097152","32","32","0","0","0","-","-","-","0","0","0","0","0","0","0","0","-","0","0","0","0","0","0","0","0","0","0","0","0","0","0","0","0","0","0","0","4","0","0","0","0","0","0","0","0","0","0","0","0","0","0","0","0","0","0","0","0","0","0"
"0x7d97cf7b3050","      USHF.R.U32.HI UR10, URZ, 0x4, UR15","24","5","24","65536","2097152","2097152","32","32","0","0","0","-","-","-","0","0","0","0","0","0","0","0","-","0","0","0","0","0","0","0","0","0","0","0","0","0","6","0","0","0","0","8","4","0","0","0","6","0","0","0","0","0","0","0","1","0","0","0","0","0","0","0","0","0","4"
"0x7d97cf7b3060","      UMOV UR9, 0x40000040","31","17","31","65536","2097152","2097152","32","32","0","0","0","-","-","-","0","0","0","0","0","0","0","0","-","0","0","0","0","0","0","24","0","0","0","0","0","0","0","0","0","0","0","3","4","0","0","0","0","17","0","0","0","0","0","0","0","0","0","0","0","0","0","0","0","0","0"
"0x7d97cf7b3070","      UMOV UR11, 0x40000040","4","0","4","65536","2097152","2097152","32","32","0","0","0","-","-","-","0","0","0","0","0","0","0","0","-","0","0","0","0","0","0","0","0","0","0","0","0","0","0","0","0","0","0","0","4","0","0","0","0","0","0","0","0","0","0","0","0","0","0","0","0","0","0","0","0","0","0"
"0x7d97cf7b3080","      USGXT.U32 UR10, UR10, 0xe","28","0","28","65536","2097152","2097152","32","32","0","0","0","-","-","-","0","0","0","0","0","0","0","0","-","0","0","0","0","0","0","0","0","3","0","0","0","0","4","0","0","0","0","12","5","0","0","0","4","0","0","0","0","0","0","0","0","0","0","0","0","0","0","0","0","0","0"
"0x7d97cf7b3090","      UMOV UR7, URZ","8","0","8","65536","2097152","2097152","32","32","0","0","0","-","-","-","0","0","0","0","0","0","0","0","-","0","0","0","0","0","0","0","0","1","0","0","0","0","0","0","0","0","0","0","7","0","0","0","0","0","0","0","0","0","0","0","0","0","0","0","0","0","0","0","0","0","0"
"0x7d97cf7b30a0","@!PT  LDS RZ, [RZ]","4","0","4","65536","2097152","0","32","0","32","32","0","","Load","32","0","0","0","0","0","0","0","0","-","0","0","0","0","0","0","0","0","1","0","0","0","0","0","0","0","0","0","0","3","0","0","0","0","0","0","0","0","0","0","0","0","0","0","0","0","0","0","0","0","0","0"
"0x7d97cf7b30b0","@!PT  LDS RZ, [RZ]","6","0","6","65536","2097152","0","32","0","0","32","0","","Load","32","0","0","0","0","0","0","0","0","-","0","0","0","0","0","0","0","0","2","0","0","0","0","0","0","0","0","0","0","4","0","0","0","0","0","0","0","0","0","0","0","0","0","0","0","0","0","0","0","0","0","0"
"0x7d97cf7b30c0","@!PT  LDS RZ, [RZ]","9","0","9","65536","2097152","0","32","0","0","32","0","","Load","32","0","0","0","0","0","0","0","0","-","0","0","0","0","0","0","0","0","2","0","0","0","0","0","0","0","0","0","0","7","0","0","0","0","0","0","0","0","0","0","0","0","0","0","0","0","0","0","0","0","0","0"
"0x7d97cf7b30d0","@!PT  LDS RZ, [RZ]","3","0","3","65536","2097152","0","32","0","0","32","0","","Load","32","0","0","0","0","0","0","0","0","-","0","0","0","0","0","0","0","0","0","0","0","0","0","0","0","0","0","0","0","3","0","0","0","0","0","0","0","0","0","0","0","0","0","0","0","0","0","0","0","0","0","0"
"0x7d97cf7b30e0","      MEMBAR.ALL.CTA","5","0","5","65536","2097152","2097152","32","32","32","0","0","-","-","-","0","0","0","0","0","0","0","0","-","0","0","0","0","0","0","0","0","0","0","0","0","0","0","0","0","0","0","0","5","0","0","0","0","0","0","0","0","0","0","0","0","0","0","0","0","0","0","0","0","0","0"
"0x7d97cf7b30f0","      FENCE.VIEW.ASYNC.S","90","59","90","65536","2097152","2097152","32","32","0","0","0","-","-","-","0","0","0","0","0","0","0","0","-","0","0","0","0","0","0","0","0","0","0","0","0","61","0","0","0","0","0","0","2","0","0","0","27","0","0","0","0","0","0","44","0","0","0","0","0","0","0","0","0","0","15"
"0x7d97cf7b3100","      UMOV UR6, URZ","2","0","2","65536","2097152","2097152","32","32","0","0","0","-","-","-","0","0","0","0","0","0","0","0","-","0","0","0","0","0","0","0","0","0","0","0","0","0","0","0","0","0","0","0","2","0","0","0","0","0","0","0","0","0","0","0","0","0","0","0","0","0","0","0","0","0","0"
"0x7d97cf7b3110","      UIADD3 UR15, UR15, 0x10000, URZ","2","0","2","65536","2097152","2097152","32","32","0","0","0","-","-","-","0","0","0","0","0","0","0","0","-","0","0","0","0","0","0","0","0","0","0","0","0","0","0","0","0","0","0","0","2","0","0","0","0","0","0","0","0","0","0","0","0","0","0","0","0","0","0","0","0","0","0"
"0x7d97cf7b3120","      UIADD3 UR13, UR13, 0x1, URZ","7","3","7","65536","2097152","2097152","32","32","0","0","0","-","-","-","0","0","0","0","0","0","0","0","-","0","0","0","0","0","0","0","0","0","0","0","0","0","0","0","0","0","0","0","4","0","0","0","3","0","0","0","0","0","0","0","0","0","0","0","0","0","0","0","0","0","3"
"0x7d97cf7b3130","      WARPGROUP.ARRIVE","165","153","165","65536","2097152","2097152","32","32","0","0","0","-","-","-","0","0","0","0","0","0","0","0","-","0","0","0","0","0","0","0","0","0","0","0","0","162","0","0","0","0","0","1","2","0","0","0","0","0","0","0","0","0","0","153","0","0","0","0","0","0","0","0","0","0","0"
"0x7d97cf7b3140","      HGMMA.64x64x16.F32 R88, gdesc[UR8], RZ, !UPT","72","60","72","65536","2097152","2097152","32","32","0","0","0","Shared","Load","-","0","8","0","524288","524288","0","0","0","-","0","0","0","0","0","0","0","0","0","0","0","0","0","0","0","0","0","0","1","3","0","0","0","17","0","0","0","0","0","0","0","0","0","0","0","0","0","0","0","0","0","14"
"0x7d97cf7b3150","      UIADD3 UR8, UP1, UR8, 0x2, URZ","6","0","6","65536","2097152","2097152","32","32","0","0","0","-","-","-","0","0","0","0","0","0","0","0","-","0","0","0","0","0","0","0","0","0","0","0","0","0","0","0","0","0","0","0","6","0","0","0","0","0","0","0","0","0","0","0","0","0","0","0","0","0","0","0","0","0","0"
"0x7d97cf7b3160","      UIADD3 UR10, UP0, UR10, 0x2, URZ","10","8","10","65536","2097152","2097152","32","32","0","0","0","-","-","-","0","0","0","0","0","0","0","0","-","0","0","0","0","0","0","0","0","0","0","0","0","0","4","0","0","0","0","0","2","0","0","0","4","0","0","0","0","0","0","0","4","0","0","0","0","0","0","0","0","0","4"
"0x7d97cf7b3170","      UIADD3.X UR9, UR7, 0x40000040, URZ, UP1, !UPT","13","4","13","65536","2097152","2097152","32","32","0","0","0","-","-","-","0","0","0","0","0","0","0","0","-","0","0","0","0","0","0","0","0","0","0","0","0","0","2","0","0","0","0","5","4","0","0","0","2","0","0","0","0","0","0","0","2","0","0","0","0","0","0","0","0","0","2"
"0x7d97cf7b3180","      UIADD3.X UR11, UR6, 0x40000040, URZ, UP0, !UPT","17","9","17","65536","2097152","2097152","32","32","0","0","0","-","-","-","0","0","0","0","0","0","0","0","-","0","0","0","0","0","0","0","0","0","0","0","0","0","6","0","0","0","0","4","4","0","0","0","3","0","0","0","0","0","0","0","6","0","0","0","0","0","0","0","0","0","3"
"0x7d97cf7b3190","      UIADD3 UR16, UP0, UR8, 0x2, URZ","10","6","10","65536","2097152","2097152","32","32","0","0","0","-","-","-","0","0","0","0","0","0","0","0","-","0","0","0","0","0","0","0","0","0","0","0","0","0","3","0","0","0","0","1","3","0","0","0","3","0","0","0","0","0","0","0","3","0","0","0","0","0","0","0","0","0","3"
"0x7d97cf7b31a0","      UIADD3.64 UR18, UR10, 0x2, URZ","6","5","6","65536","2097152","2097152","32","32","0","0","0","-","-","-","0","0","0","0","0","0","0","0","-","0","0","0","0","0","0","0","0","0","0","0","0","0","0","0","0","0","0","0","1","0","0","0","5","0","0","0","0","0","0","0","0","0","0","0","0","0","0","0","0","0","5"
"0x7d97cf7b31b0","      UIADD3.X UR17, UR9, URZ, URZ, UP0, !UPT","32","16","32","65536","2097152","2097152","32","32","0","0","0","-","-","-","0","0","0","0","0","0","0","0","-","0","0","0","0","0","0","0","0","0","0","0","0","0","12","0","0","0","0","12","3","0","0","0","5","0","0","0","0","0","0","0","11","0","0","0","0","0","0","0","0","0","5"
"0x7d97cf7b31c0","      USHF.R.U32.HI UR6, URZ, 0x4, UR15","6","0","6","65536","2097152","2097152","32","32","0","0","0","-","-","-","0","0","0","0","0","0","0","0","-","0","0","0","0","0","0","0","0","0","0","0","0","0","0","0","0","0","0","0","6","0","0","0","0","0","0","0","0","0","0","0","0","0","0","0","0","0","0","0","0","0","0"
"0x7d97cf7b31d0","      USGXT.U32 UR6, UR6, 0xe","18","7","18","65536","2097152","2097152","32","32","0","0","0","-","-","-","0","0","0","0","0","0","0","0","-","0","0","0","0","0","0","0","0","0","0","0","0","0","1","0","0","0","0","2","4","0","0","0","11","0","0","0","0","0","0","0","1","0","0","0","0","0","0","0","0","0","6"
"0x7d97cf7b31e0","      HGMMA.64x64x16.F32 R88, gdesc[UR8], R88","5","0","5","65536","2097152","2097152","32","32","0","0","0","Shared","Load","-","0","8","0","524288","524288","0","0","0","-","0","0","0","0","0","0","0","0","0","0","0","0","0","0","0","0","0","0","0","5","0","0","0","0","0","0","0","0","0","0","0","0","0","0","0","0","0","0","0","0","0","0"
"0x7d97cf7b31f0","      HGMMA.64x64x16.F32 R88, gdesc[UR16], R88","14","4","14","65536","2097152","2097152","32","32","0","0","0","Shared","Load","-","0","8","0","524288","524288","0","0","0","-","0","0","0","0","0","0","0","0","0","0","0","0","0","0","0","0","0","0","0","3","0","0","0","11","0","0","0","0","0","0","0","0","0","0","0","0","0","0","0","0","0","4"
"0x7d97cf7b3200","      UIADD3 UR16, UP0, UR8, 0x4, URZ","1","0","1","65536","2097152","2097152","32","32","0","0","0","-","-","-","0","0","0","0","0","0","0","0","-","0","0","0","0","0","0","0","0","0","0","0","0","0","0","0","0","0","0","0","1","0","0","0","0","0","0","0","0","0","0","0","0","0","0","0","0","0","0","0","0","0","0"
"0x7d97cf7b3210","      UIADD3.64 UR18, UR10, 0x4, URZ","16","11","16","65536","2097152","2097152","32","32","0","0","0","-","-","-","0","0","0","0","0","0","0","0","-","0","0","0","0","0","0","0","0","4","0","0","0","0","6","0","0","0","0","3","1","0","0","0","2","0","0","4","0","0","0","0","6","0","0","0","0","0","0","0","0","0","1"
"0x7d97cf7b3220","      UIADD3.X UR17, UR9, URZ, URZ, UP0, !UPT","6","4","6","65536","2097152","2097152","32","32","0","0","0","-","-","-","0","0","0","0","0","0","0","0","-","0","0","0","0","0","0","0","0","2","0","0","0","0","0","0","0","0","0","0","2","0","0","0","2","0","0","2","0","0","0","0","0","0","0","0","0","0","0","0","0","0","2"
"0x7d97cf7b3230","      HGMMA.64x64x16.F32 R88, gdesc[UR16], R88","34","18","34","65536","2097152","2097152","32","32","0","0","0","Shared","Load","-","0","8","0","524288","524288","0","0","0","-","0","0","0","0","0","0","0","0","0","0","0","0","0","0","0","0","0","0","0","4","0","0","0","30","0","0","0","0","0","0","0","0","0","0","0","0","0","0","0","0","0","18"
"0x7d97cf7b3240","      UIADD3 UR16, UP0, UR8, 0x3fe, URZ","2","0","2","65536","2097152","2097152","32","32","0","0","0","-","-","-","0","0","0","0","0","0","0","0","-","0","0","0","0","0","0","0","0","0","0","0","0","0","0","0","0","0","0","0","2","0","0","0","0","0","0","0","0","0","0","0","0","0","0","0","0","0","0","0","0","0","0"
"0x7d97cf7b3250","      UIADD3.64 UR18, UR10, 0x1fe, URZ","7","4","7","65536","2097152","2097152","32","32","0","0","0","-","-","-","0","0","0","0","0","0","0","0","-","0","0","0","0","0","0","0","0","0","0","0","0","0","0","0","0","0","0","0","3","0","0","0","4","0","0","0","0","0","0","0","0","0","0","0","0","0","0","0","0","0","4"
"0x7d97cf7b3260","      UIADD3.X UR17, UR9, URZ, URZ, UP0, !UPT","21","10","21","65536","2097152","2097152","32","32","0","0","0","-","-","-","0","0","0","0","0","0","0","0","-","0","0","0","0","0","0","0","0","0","0","0","0","0","7","0","0","0","0","6","3","0","0","0","5","0","0","0","0","0","0","0","7","0","0","0","0","0","0","0","0","0","3"
"0x7d97cf7b3270","      HGMMA.64x64x16.F32 R88, gdesc[UR16], R88","81","72","81","65536","2097152","2097152","32","32","0","0","0","Shared","Load","-","0","8","0","524288","524288","0","0","0","-","0","0","0","0","0","0","0","0","0","0","0","0","0","0","0","33","0","0","2","2","0","0","0","44","0","0","0","0","0","0","0","0","0","32","0","0","0","0","0","0","0","40"
"0x7d97cf7b3280","      UIADD3 UR16, UP0, UR8, 0x400, URZ","5","0","5","65536","2097152","2097152","32","32","0","0","0","-","-","-","0","0","0","0","0","0","0","0","-","0","0","0","0","0","0","0","0","0","0","0","0","0","0","0","0","0","0","0","5","0","0","0","0","0","0","0","0","0","0","0","0","0","0","0","0","0","0","0","0","0","0"
"0x7d97cf7b3290","      UIADD3.64 UR18, UR10, 0x200, URZ","18","12","18","65536","2097152","2097152","32","32","0","0","0","-","-","-","0","0","0","0","0","0","0","0","-","0","0","0","0","0","0","0","0","2","0","0","0","0","5","0","0","0","0","2","3","0","0","0","6","0","0","2","0","0","0","0","5","0","0","0","0","0","0","0","0","0","5"
"0x7d97cf7b32a0","      UIADD3.X UR17, UR9, URZ, URZ, UP0, !UPT","4","2","4","65536","2097152","2097152","32","32","0","0","0","-","-","-","0","0","0","0","0","0","0","0","-","0","0","0","0","0","0","0","0","0","0","0","0","0","0","0","0","0","0","0","2","0","0","0","2","0","0","0","0","0","0","0","0","0","0","0","0","0","0","0","0","0","2"
"0x7d97cf7b32b0","      HGMMA.64x64x16.F32 R88, gdesc[UR16], R88","86","77","86","65536","2097152","2097152","32","32","0","0","0","Shared","Load","-","0","8","0","524288","524288","0","0","0","-","0","0","0","0","0","0","0","0","0","0","0","0","0","0","0","46","0","0","0","3","0","0","0","37","0","0","0","0","0","0","0","0","0","45","0","0","0","0","0","0","0","32"
"0x7d97cf7b32c0","      UIADD3 UR16, UP0, UR8, 0x402, URZ","7","0","7","65536","2097152","2097152","32","32","0","0","0","-","-","-","0","0","0","0","0","0","0","0","-","0","0","0","0","0","0","0","0","0","0","0","0","0","0","0","0","0","0","0","7","0","0","0","0","0","0","0","0","0","0","0","0","0","0","0","0","0","0","0","0","0","0"
"0x7d97cf7b32d0","      UIADD3.64 UR18, UR10, 0x202, URZ","1","1","1","65536","2097152","2097152","32","32","0","0","0","-","-","-","0","0","0","0","0","0","0","0","-","0","0","0","0","0","0","0","0","0","0","0","0","0","0","0","0","0","0","0","0","0","0","0","1","0","0","0","0","0","0","0","0","0","0","0","0","0","0","0","0","0","1"
"0x7d97cf7b32e0","      UIADD3.X UR17, UR9, URZ, URZ, UP0, !UPT","24","8","24","65536","2097152","2097152","32","32","0","0","0","-","-","-","0","0","0","0","0","0","0","0","-","0","0","0","0","0","0","0","0","0","0","0","0","0","8","0","0","0","0","10","5","0","0","0","1","0","0","0","0","0","0","0","8","0","0","0","0","0","0","0","0","0","0"
"0x7d97cf7b32f0","      UIADD3 UR8, UP0, UR8, 0x404, URZ","11","6","11","65536","2097152","2097152","32","32","0","0","0","-","-","-","0","0","0","0","0","0","0","0","-","0","0","0","0","0","0","0","0","0","0","0","0","0","0","0","0","0","0","0","3","0","0","0","8","0","0","0","0","0","0","0","0","0","0","0","0","0","0","0","0","0","6"
"0x7d97cf7b3300","      UIADD3.64 UR10, UR10, 0x204, URZ","8","4","8","65536","2097152","2097152","32","32","0","0","0","-","-","-","0","0","0","0","0","0","0","0","-","0","0","0","0","0","0","0","0","0","0","0","0","0","0","0","0","0","0","0","4","0","0","0","4","0","0","0","0","0","0","0","0","0","0","0","0","0","0","0","0","0","4"
"0x7d97cf7b3310","      UIADD3.X UR9, UR9, URZ, URZ, UP0, !UPT","12","6","12","65536","2097152","2097152","32","32","0","0","0","-","-","-","0","0","0","0","0","0","0","0","-","0","0","0","0","0","0","0","0","3","0","0","0","0","0","0","0","0","0","0","6","0","0","0","3","0","0","3","0","0","0","0","0","0","0","0","0","0","0","0","0","0","3"
"0x7d97cf7b3320","      HGMMA.64x64x16.F32 R88, gdesc[UR16], R88","69","52","69","65536","2097152","2097152","32","32","0","0","0","Shared","Load","-","0","8","0","524288","524288","0","0","0","-","0","0","0","0","0","0","0","0","0","0","0","0","0","0","0","54","0","0","3","4","0","0","0","8","0","0","0","0","0","0","0","0","0","47","0","0","0","0","0","0","0","5"
"0x7d97cf7b3330","      HGMMA.64x64x16.F32 R88, gdesc[UR8], R88, gsb0","84","68","84","65536","2097152","2097152","32","32","0","0","0","Shared","Load","-","0","8","0","524288","524288","0","0","0","-","0","0","0","0","0","0","0","0","0","0","0","0","0","0","0","44","0","0","3","4","0","0","0","33","0","0","0","0","0","0","0","0","0","44","0","0","0","0","0","0","0","24"
"0x7d97cf7b3340","      ULOP3.LUT UR8, UR6, 0x2000000, URZ, 0xfc, !UPT","2","0","2","65536","2097152","2097152","32","32","0","0","0","-","-","-","0","0","0","0","0","0","0","0","-","0","0","0","0","0","0","0","0","0","0","0","0","0","0","0","0","0","0","0","2","0","0","0","0","0","0","0","0","0","0","0","0","0","0","0","0","0","0","0","0","0","0"
"0x7d97cf7b3350","      UMOV UR11, 0x40000040","3","0","3","65536","2097152","2097152","32","32","0","0","0","-","-","-","0","0","0","0","0","0","0","0","-","0","0","0","0","0","0","0","0","0","0","0","0","0","0","0","0","0","0","0","3","0","0","0","0","0","0","0","0","0","0","0","0","0","0","0","0","0","0","0","0","0","0"
"0x7d97cf7b3360","      UMOV UR10, UR8","37","19","37","65536","2097152","2097152","32","32","0","0","0","-","-","-","0","0","0","0","0","0","0","0","-","0","0","0","0","0","0","0","0","2","0","0","0","0","0","0","0","0","0","0","8","0","0","0","27","0","0","2","0","0","0","0","0","0","0","0","0","0","0","0","0","0","17"
"0x7d97cf7b3370","      UIADD3 UR8, UP0, UR6, 0x2000080, URZ","2","0","2","65536","2097152","2097152","32","32","0","0","0","-","-","-","0","0","0","0","0","0","0","0","-","0","0","0","0","0","0","0","0","0","0","0","0","0","0","0","0","0","0","0","2","0","0","0","0","0","0","0","0","0","0","0","0","0","0","0","0","0","0","0","0","0","0"
"0x7d97cf7b3380","      UMOV UR6, URZ","13","2","13","65536","2097152","2097152","32","32","0","0","0","-","-","-","0","0","0","0","0","0","0","0","-","0","0","0","0","0","0","0","0","0","0","0","0","0","0","0","0","0","0","3","4","0","0","0","6","0","0","0","0","0","0","0","0","0","0","0","0","0","0","0","0","0","2"
"0x7d97cf7b3390","      UIADD3.X UR9, UR6, 0x40000040, URZ, UP0, !UPT","4","4","4","65536","2097152","2097152","32","32","0","0","0","-","-","-","0","0","0","0","0","0","0","0","-","0","0","0","0","0","0","0","0","0","0","0","0","0","0","0","0","0","0","0","0","0","0","0","4","0","0","0","0","0","0","0","0","0","0","0","0","0","0","0","0","0","4"
"0x7d97cf7b33a0","      UISETP.GT.AND UP0, UPT, UR13, 0x3, UPT","5","4","5","65536","2097152","2097152","32","32","0","0","0","-","-","-","0","0","0","0","0","0","0","0","-","0","0","0","0","0","0","0","0","0","0","0","0","0","0","0","0","0","0","0","1","0","0","0","4","0","0","0","0","0","0","0","0","0","0","0","0","0","0","0","0","0","4"
"0x7d97cf7b33b0","      UMOV UR6, UR8","6","0","6","65536","2097152","2097152","32","32","0","0","0","-","-","-","0","0","0","0","0","0","0","0","-","0","0","0","0","0","0","0","0","0","0","0","0","0","0","0","0","0","0","0","6","0","0","0","0","0","0","0","0","0","0","0","0","0","0","0","0","0","0","0","0","0","0"
"0x7d97cf7b33c0","      USEL UR13, UR13, URZ, !UP0","19","6","19","65536","2097152","2097152","32","32","0","0","0","-","-","-","0","0","0","0","0","0","0","0","-","0","0","0","0","0","0","0","0","0","0","0","0","0","2","0","0","0","0","0","3","0","0","0","14","0","0","0","0","0","0","0","2","0","0","0","0","0","0","0","0","0","4"
"0x7d97cf7b33d0","      UMOV UR7, UR9","5","0","5","65536","2097152","2097152","32","32","0","0","0","-","-","-","0","0","0","0","0","0","0","0","-","0","0","0","0","0","0","0","0","0","0","0","0","0","0","0","0","0","0","0","5","0","0","0","0","0","0","0","0","0","0","0","0","0","0","0","0","0","0","0","0","0","0"
"0x7d97cf7b33e0","      WARPGROUP.DEPBAR.LE gsb0, 0x0","1388","1247","1388","65536","2097152","2097152","32","32","0","0","0","-","-","-","0","0","0","0","0","0","0","0","-","0","0","0","0","0","0","1355","0","0","0","0","0","0","0","0","0","0","0","33","0","0","0","0","0","1247","0","0","0","0","0","0","0","0","0","0","0","0","0","0","0","0","0"
"0x7d97cf7b33f0","      IADD3 R122, P2, R162, 0x11, RZ","12","4","12","65536","2097152","2097152","32","32","0","0","0","-","-","-","0","0","0","0","0","0","0","0","-","0","0","0","0","0","0","0","0","0","0","0","0","0","4","0","0","0","0","5","1","0","0","0","2","0","0","0","0","0","0","0","2","0","0","0","0","0","0","0","0","0","2"
"0x7d97cf7b3400","      FMUL R97, R97, UR26","4","0","4","65536","2097152","2097152","32","32","0","0","0","-","-","-","0","0","0","0","0","0","0","0","-","0","0","0","0","0","0","0","0","0","0","0","0","0","0","0","0","0","0","0","4","0","0","0","0","0","0","0","0","0","0","0","0","0","0","0","0","0","0","0","0","0","0"
"0x7d97cf7b3410","      FMUL R99, R99, UR26","4","0","4","65536","2097152","2097152","32","32","0","0","0","-","-","-","0","0","0","0","0","0","0","0","-","0","0","0","0","0","0","0","0","0","0","0","0","0","0","0","0","0","0","0","4","0","0","0","0","0","0","0","0","0","0","0","0","0","0","0","0","0","0","0","0","0","0"
"0x7d97cf7b3420","      FMUL R100, R100, UR26","4","0","4","65536","2097152","2097152","32","32","0","0","0","-","-","-","0","0","0","0","0","0","0","0","-","0","0","0","0","0","0","0","0","0","0","0","0","0","0","0","0","0","0","0","4","0","0","0","0","0","0","0","0","0","0","0","0","0","0","0","0","0","0","0","0","0","0"
"0x7d97cf7b3430","      FMUL R102, R102, UR26","10","0","10","65536","2097152","2097152","32","32","0","0","0","-","-","-","0","0","0","0","0","0","0","0","-","0","0","0","0","0","0","0","0","0","0","0","0","0","0","0","0","0","0","0","10","0","0","0","0","0","0","0","0","0","0","0","0","0","0","0","0","0","0","0","0","0","0"
"0x7d97cf7b3440","      IMAD.X R123, RZ, RZ, R163, P2","11","6","11","65536","2097152","2097152","32","32","0","0","0","-","-","-","0","0","0","0","0","0","0","0","-","0","0","0","0","0","0","0","0","3","0","0","0","0","5","0","0","0","0","1","2","0","0","0","0","0","0","3","0","0","0","0","3","0","0","0","0","0","0","0","0","0","0"
"0x7d97cf7b3450","      IADD3 R124, P2, R162, 0x18, RZ","7","0","7","65536","2097152","2097152","32","32","0","0","0","-","-","-","0","0","0","0","0","0","0","0","-","0","0","0","0","0","0","0","0","5","0","0","0","0","0","0","0","0","0","0","2","0","0","0","0","0","0","0","0","0","0","0","0","0","0","0","0","0","0","0","0","0","0"
"0x7d97cf7b3460","      FMUL R101, R101, UR26","2","0","2","65536","2097152","2097152","32","32","0","0","0","-","-","-","0","0","0","0","0","0","0","0","-","0","0","0","0","0","0","0","0","0","0","0","0","0","0","0","0","0","0","0","2","0","0","0","0","0","0","0","0","0","0","0","0","0","0","0","0","0","0","0","0","0","0"
"0x7d97cf7b3470","      FMUL R103, R103, UR26","9","0","9","65536","2097152","2097152","32","32","0","0","0","-","-","-","0","0","0","0","0","0","0","0","-","0","0","0","0","0","0","0","0","6","0","0","0","0","0","0","0","0","0","0","3","0","0","0","0","0","0","0","0","0","0","0","0","0","0","0","0","0","0","0","0","0","0"
"0x7d97cf7b3480","      FMUL R96, R96, UR26","7","0","7","65536","2097152","2097152","32","32","0","0","0","-","-","-","0","0","0","0","0","0","0","0","-","0","0","0","0","0","0","0","0","0","0","0","0","0","0","0","0","0","0","0","7","0","0","0","0","0","0","0","0","0","0","0","0","0","0","0","0","0","0","0","0","0","0"
"0x7d97cf7b3490","      FMUL R98, R98, UR26","7","0","7","65536","2097152","2097152","32","32","0","0","0","-","-","-","0","0","0","0","0","0","0","0","-","0","0","0","0","0","0","0","0","6","0","0","0","0","0","0","0","0","0","0","1","0","0","0","0","0","0","0","0","0","0","0","0","0","0","0","0","0","0","0","0","0","0"
"0x7d97cf7b34a0","      IMAD.X R125, RZ, RZ, R163, P2","10","7","10","65536","2097152","2097152","32","32","0","0","0","-","-","-","0","0","0","0","0","0","0","0","-","0","0","0","0","0","0","0","0","4","0","0","0","0","4","0","0","0","0","0","2","0","0","0","0","0","0","4","0","0","0","0","3","0","0","0","0","0","0","0","0","0","0"
"0x7d97cf7b34b0","      ISETP.GT.U32.AND P2, PT, R122, R157, PT","11","0","11","65536","2097152","2097152","32","32","0","0","0","-","-","-","0","0","0","0","0","0","0","0","-","0","0","0","0","0","0","0","0","9","0","0","0","0","0","0","0","0","0","0","2","0","0","0","0","0","0","0","0","0","0","0","0","0","0","0","0","0","0","0","0","0","0"
"0x7d97cf7b34c0","      FMUL R93, R93, UR26","8","0","8","65536","2097152","2097152","32","32","0","0","0","-","-","-","0","0","0","0","0","0","0","0","-","0","0","0","0","0","0","0","0","1","0","0","0","0","0","0","0","0","0","0","7","0","0","0","0","0","0","0","0","0","0","0","0","0","0","0","0","0","0","0","0","0","0"
"0x7d97cf7b34d0","      FMUL R95, R95, UR26","11","0","11","65536","2097152","2097152","32","32","0","0","0","-","-","-","0","0","0","0","0","0","0","0","-","0","0","0","0","0","0","0","0","5","0","0","0","0","0","0","0","0","0","0","6","0","0","0","0","0","0","0","0","0","0","0","0","0","0","0","0","0","0","0","0","0","0"
"0x7d97cf7b34e0","      FMUL R92, R92, UR26","4","0","4","65536","2097152","2097152","32","32","0","0","0","-","-","-","0","0","0","0","0","0","0","0","-","0","0","0","0","0","0","0","0","0","0","0","0","0","0","0","0","0","0","0","4","0","0","0","0","0","0","0","0","0","0","0","0","0","0","0","0","0","0","0","0","0","0"
"0x7d97cf7b34f0","      ISETP.GT.AND.EX P2, PT, R123, R148, PT, P2","6","0","6","65536","2097152","2097152","32","32","0","0","0","-","-","-","0","0","0","0","0","0","0","0","-","0","0","0","0","0","0","0","0","3","0","0","0","0","0","0","0","0","0","0","3","0","0","0","0","0","0","0","0","0","0","0","0","0","0","0","0","0","0","0","0","0","0"
"0x7d97cf7b3500","      FMUL R105, R105, UR26","6","0","6","65536","2097152","2097152","32","32","0","0","0","-","-","-","0","0","0","0","0","0","0","0","-","0","0","0","0","0","0","0","0","0","0","0","0","0","0","0","0","0","0","0","6","0","0","0","0","0","0","0","0","0","0","0","0","0","0","0","0","0","0","0","0","0","0"
"0x7d97cf7b3510","      FMUL R107, R107, UR26","7","0","7","65536","2097152","2097152","32","32","0","0","0","-","-","-","0","0","0","0","0","0","0","0","-","0","0","0","0","0","0","0","0","3","0","0","0","0","0","0","0","0","0","0","4","0","0","0","0","0","0","0","0","0","0","0","0","0","0","0","0","0","0","0","0","0","0"
"0x7d97cf7b3520","      FMUL R108, R108, UR26","8","0","8","65536","2097152","2097152","32","32","0","0","0","-","-","-","0","0","0","0","0","0","0","0","-","0","0","0","0","0","0","0","0","3","0","0","0","0","0","0","0","0","0","0","5","0","0","0","0","0","0","0","0","0","0","0","0","0","0","0","0","0","0","0","0","0","0"
"0x7d97cf7b3530","      FSEL R120, R97, -INF , !P2","4","0","4","65536","2097152","2097152","32","32","0","0","0","-","-","-","0","0","0","0","0","0","0","0","-","0","0","0","0","0","0","0","0","0","0","0","0","0","0","0","0","0","0","0","4","0","0","0","0","0","0","0","0","0","0","0","0","0","0","0","0","0","0","0","0","0","0"
"0x7d97cf7b3540","      FMUL R110, R110, UR26","6","0","6","65536","2097152","2097152","32","32","0","0","0","-","-","-","0","0","0","0","0","0","0","0","-","0","0","0","0","0","0","0","0","2","0","0","0","0","0","0","0","0","0","0","4","0","0","0","0","0","0","0","0","0","0","0","0","0","0","0","0","0","0","0","0","0","0"
"0x7d97cf7b3550","      IADD3 R97, P2, R162, 0x19, RZ","1","0","1","65536","2097152","2097152","32","32","0","0","0","-","-","-","0","0","0","0","0","0","0","0","-","0","0","0","0","0","0","0","0","0","0","0","0","0","0","0","0","0","0","0","1","0","0","0","0","0","0","0","0","0","0","0","0","0","0","0","0","0","0","0","0","0","0"
"0x7d97cf7b3560","      FMUL R109, R109, UR26","9","0","9","65536","2097152","2097152","32","32","0","0","0","-","-","-","0","0","0","0","0","0","0","0","-","0","0","0","0","0","0","0","0","6","0","0","0","0","0","0","0","0","0","0","3","0","0","0","0","0","0","0","0","0","0","0","0","0","0","0","0","0","0","0","0","0","0"
"0x7d97cf7b3570","      FMUL R111, R111, UR26","0","0","0","65536","2097152","2097152","32","32","0","0","0","-","-","-","0","0","0","0","0","0","0","0","-","0","0","0","0","0","0","0","0","0","0","0","0","0","0","0","0","0","0","0","0","0","0","0","0","0","0","0","0","0","0","0","0","0","0","0","0","0","0","0","0","0","0"
"0x7d97cf7b3580","      FMUL R113, R113, UR26","6","0","6","65536","2097152","2097152","32","32","0","0","0","-","-","-","0","0","0","0","0","0","0","0","-","0","0","0","0","0","0","0","0","2","0","0","0","0","0","0","0","0","0","0","4","0","0","0","0","0","0","0","0","0","0","0","0","0","0","0","0","0","0","0","0","0","0"
"0x7d97cf7b3590","      FMUL R115, R115, UR26","9","0","9","65536","2097152","2097152","32","32","0","0","0","-","-","-","0","0","0","0","0","0","0","0","-","0","0","0","0","0","0","0","0","0","0","0","0","0","0","0","0","0","0","0","9","0","0","0","0","0","0","0","0","0","0","0","0","0","0","0","0","0","0","0","0","0","0"
"0x7d97cf7b35a0","      IMAD.X R121, RZ, RZ, R163, P2","16","8","16","65536","2097152","2097152","32","32","0","0","0","-","-","-","0","0","0","0","0","0","0","0","-","0","0","0","0","0","0","0","0","0","0","0","0","0","12","0","0","0","0","0","4","0","0","0","0","0","0","0","0","0","0","0","8","0","0","0","0","0","0","0","0","0","0"
"0x7d97cf7b35b0","      ISETP.GT.U32.AND P2, PT, R122, R152, PT","5","0","5","65536","2097152","2097152","32","32","0","0","0","-","-","-","0","0","0","0","0","0","0","0","-","0","0","0","0","0","0","0","0","0","0","0","0","0","0","0","0","0","0","0","5","0","0","0","0","0","0","0","0","0","0","0","0","0","0","0","0","0","0","0","0","0","0"
"0x7d97cf7b35c0","      FMUL R116, R116, UR26","4","0","4","65536","2097152","2097152","32","32","0","0","0","-","-","-","0","0","0","0","0","0","0","0","-","0","0","0","0","0","0","0","0","0","0","0","0","0","0","0","0","0","0","0","4","0","0","0","0","0","0","0","0","0","0","0","0","0","0","0","0","0","0","0","0","0","0"
"0x7d97cf7b35d0","      FMUL R118, R118, UR26","6","0","6","65536","2097152","2097152","32","32","0","0","0","-","-","-","0","0","0","0","0","0","0","0","-","0","0","0","0","0","0","0","0","0","0","0","0","0","0","0","0","0","0","0","6","0","0","0","0","0","0","0","0","0","0","0","0","0","0","0","0","0","0","0","0","0","0"
"0x7d97cf7b35e0","      FMUL R117, R117, UR26","7","0","7","65536","2097152","2097152","32","32","0","0","0","-","-","-","0","0","0","0","0","0","0","0","-","0","0","0","0","0","0","0","0","0","0","0","0","0","0","0","0","0","0","0","7","0","0","0","0","0","0","0","0","0","0","0","0","0","0","0","0","0","0","0","0","0","0"
"0x7d97cf7b35f0","      ISETP.GT.AND.EX P2, PT, R123, R13, PT, P2","5","0","5","65536","2097152","2097152","32","32","0","0","0","-","-","-","0","0","0","0","0","0","0","0","-","0","0","0","0","0","0","0","0","0","0","0","0","0","0","0","0","0","0","0","5","0","0","0","0","0","0","0","0","0","0","0","0","0","0","0","0","0","0","0","0","0","0"
"0x7d97cf7b3600","      FMUL R119, R119, UR26","3","0","3","65536","2097152","2097152","32","32","0","0","0","-","-","-","0","0","0","0","0","0","0","0","-","0","0","0","0","0","0","0","0","0","0","0","0","0","0","0","0","0","0","0","3","0","0","0","0","0","0","0","0","0","0","0","0","0","0","0","0","0","0","0","0","0","0"
"0x7d97cf7b3610","      FMUL R89, R89, UR26","3","0","3","65536","2097152","2097152","32","32","0","0","0","-","-","-","0","0","0","0","0","0","0","0","-","0","0","0","0","0","0","0","0","0","0","0","0","0","0","0","0","0","0","0","3","0","0","0","0","0","0","0","0","0","0","0","0","0","0","0","0","0","0","0","0","0","0"
"0x7d97cf7b3620","      FMUL R90, R90, UR26","2","0","2","65536","2097152","2097152","32","32","0","0","0","-","-","-","0","0","0","0","0","0","0","0","-","0","0","0","0","0","0","0","0","0","0","0","0","0","0","0","0","0","0","0","2","0","0","0","0","0","0","0","0","0","0","0","0","0","0","0","0","0","0","0","0","0","0"
"0x7d97cf7b3630","      FSEL R122, R99, -INF , !P2","12","0","12","65536","2097152","2097152","32","32","0","0","0","-","-","-","0","0","0","0","0","0","0","0","-","0","0","0","0","0","0","0","0","0","0","0","0","0","0","0","0","0","0","0","12","0","0","0","0","0","0","0","0","0","0","0","0","0","0","0","0","0","0","0","0","0","0"
"0x7d97cf7b3640","      FMUL R91, R91, UR26","5","0","5","65536","2097152","2097152","32","32","0","0","0","-","-","-","0","0","0","0","0","0","0","0","-","0","0","0","0","0","0","0","0","0","0","0","0","0","0","0","0","0","0","0","5","0","0","0","0","0","0","0","0","0","0","0","0","0","0","0","0","0","0","0","0","0","0"
"0x7d97cf7b3650","      ISETP.GT.U32.AND P2, PT, R124, R157, PT","5","0","5","65536","2097152","2097152","32","32","0","0","0","-","-","-","0","0","0","0","0","0","0","0","-","0","0","0","0","0","0","0","0","0","0","0","0","0","0","0","0","0","0","0","5","0","0","0","0","0","0","0","0","0","0","0","0","0","0","0","0","0","0","0","0","0","0"
"0x7d97cf7b3660","      FMUL R88, R88, UR26","6","0","6","65536","2097152","2097152","32","32","0","0","0","-","-","-","0","0","0","0","0","0","0","0","-","0","0","0","0","0","0","0","0","0","0","0","0","0","0","0","0","0","0","0","6","0","0","0","0","0","0","0","0","0","0","0","0","0","0","0","0","0","0","0","0","0","0"
"0x7d97cf7b3670","      FMUL R114, R114, UR26","2","0","2","65536","2097152","2097152","32","32","0","0","0","-","-","-","0","0","0","0","0","0","0","0","-","0","0","0","0","0","0","0","0","0","0","0","0","0","0","0","0","0","0","0","2","0","0","0","0","0","0","0","0","0","0","0","0","0","0","0","0","0","0","0","0","0","0"
"0x7d97cf7b3680","      FMUL R112, R112, UR26","6","0","6","65536","2097152","2097152","32","32","0","0","0","-","-","-","0","0","0","0","0","0","0","0","-","0","0","0","0","0","0","0","0","0","0","0","0","0","0","0","0","0","2","1","3","0","0","0","0","0","0","0","0","0","0","0","0","0","0","0","0","0","0","0","0","0","0"
"0x7d97cf7b3690","      ISETP.GT.AND.EX P2, PT, R125, R148, PT, P2","4","0","4","65536","2097152","2097152","32","32","0","0","0","-","-","-","0","0","0","0","0","0","0","0","-","0","0","0","0","0","0","0","0","0","0","0","0","0","0","0","0","0","0","0","4","0","0","0","0","0","0","0","0","0","0","0","0","0","0","0","0","0","0","0","0","0","0"
"0x7d97cf7b36a0","      FMUL R106, R106, UR26","4","0","4","65536","2097152","2097152","32","32","0","0","0","-","-","-","0","0","0","0","0","0","0","0","-","0","0","0","0","0","0","0","0","0","0","0","0","0","0","0","0","0","0","0","4","0","0","0","0","0","0","0","0","0","0","0","0","0","0","0","0","0","0","0","0","0","0"
"0x7d97cf7b36b0","      FMUL R104, R104, UR26","6","0","6","65536","2097152","2097152","32","32","0","0","0","-","-","-","0","0","0","0","0","0","0","0","-","0","0","0","0","0","0","0","0","0","0","0","0","0","0","0","0","0","0","0","6","0","0","0","0","0","0","0","0","0","0","0","0","0","0","0","0","0","0","0","0","0","0"
"0x7d97cf7b36c0","      FSEL R123, R100, -INF , !P2","18","4","18","65536","2097152","2097152","32","32","0","0","0","-","-","-","0","0","0","0","0","0","0","0","-","0","0","0","0","0","0","0","0","0","0","0","0","0","2","0","0","0","0","7","4","0","0","0","5","0","0","0","0","0","0","0","1","0","0","0","0","0","0","0","0","0","3"
"0x7d97cf7b36d0","      IADD3 R158, P2, R162, 0x10, RZ","17","3","17","65536","2097152","2097152","32","32","0","0","0","-","-","-","0","0","0","0","0","0","0","0","-","0","0","0","0","0","0","0","0","0","0","0","0","0","1","0","0","0","0","8","5","0","0","0","3","0","0","0","0","0","0","0","0","0","0","0","0","0","0","0","0","0","3"
"0x7d97cf7b36e0","      IMAD.X R161, RZ, RZ, R163, P2","102","12","102","65536","2097152","2097152","32","32","0","0","0","-","-","-","0","0","0","0","0","0","0","0","-","0","0","0","0","0","0","0","0","0","0","0","0","0","25","0","0","0","0","58","6","0","0","0","13","0","0","0","0","0","0","0","10","0","0","0","0","0","0","0","0","0","2"
"0x7d97cf7b36f0","      ISETP.GT.U32.AND P2, PT, R124, R152, PT","1","0","1","65536","2097152","2097152","32","32","0","0","0","-","-","-","0","0","0","0","0","0","0","0","-","0","0","0","0","0","0","0","0","0","0","0","0","0","0","0","0","0","0","0","1","0","0","0","0","0","0","0","0","0","0","0","0","0","0","0","0","0","0","0","0","0","0"
"0x7d97cf7b3700","      ISETP.GT.AND.EX P2, PT, R125, R13, PT, P2","21","11","21","65536","2097152","2097152","32","32","0","0","0","-","-","-","0","0","0","0","0","0","0","0","-","0","0","0","0","0","0","0","0","0","0","0","0","0","4","0","0","0","0","3","5","0","0","0","9","0","0","0","0","0","0","0","4","0","0","0","0","0","0","0","0","0","7"
"0x7d97cf7b3710","      FSEL R125, R102, -INF , !P2","30","19","30","65536","2097152","2097152","32","32","0","0","0","-","-","-","0","0","0","0","0","0","0","0","-","0","0","0","0","0","0","0","0","0","0","0","0","0","5","0","0","0","0","1","4","0","0","0","20","0","0","0","0","0","0","0","5","0","0","0","0","0","0","0","0","0","14"
"0x7d97cf7b3720","      ISETP.GT.U32.AND P2, PT, R97, R157, PT","7","5","7","65536","2097152","2097152","32","32","0","0","0","-","-","-","0","0","0","0","0","0","0","0","-","0","0","0","0","0","0","0","0","0","0","0","0","0","0","0","0","0","0","0","2","0","0","0","5","0","0","0","0","0","0","0","0","0","0","0","0","0","0","0","0","0","5"
"0x7d97cf7b3730","      ISETP.GT.AND.EX P2, PT, R121, R148, PT, P2","15","7","15","65536","2097152","2097152","32","32","0","0","0","-","-","-","0","0","0","0","0","0","0","0","-","0","0","0","0","0","0","0","0","0","0","0","0","0","2","0","0","0","0","1","1","0","0","0","11","0","0","0","0","0","0","0","2","0","0","0","0","0","0","0","0","0","5"
"0x7d97cf7b3740","      FSEL R124, R101, -INF , !P2","18","7","18","65536","2097152","2097152","32","32","0","0","0","-","-","-","0","0","0","0","0","0","0","0","-","0","0","0","0","0","0","0","0","0","0","0","0","0","2","0","0","0","0","5","5","0","0","0","6","0","0","0","0","0","0","0","2","0","0","0","0","0","0","0","0","0","5"
"0x7d97cf7b3750","      IADD3 R99, P2, R162, 0x9, RZ","5","4","5","65536","2097152","2097152","32","32","0","0","0","-","-","-","0","0","0","0","0","0","0","0","-","0","0","0","0","0","0","0","0","0","0","0","0","0","0","0","0","0","0","0","1","0","0","0","4","0","0","0","0","0","0","0","0","0","0","0","0","0","0","0","0","0","4"
"0x7d97cf7b3760","      IMAD.X R100, RZ, RZ, R163, P2","35","19","35","65536","2097152","2097152","32","32","0","0","0","-","-","-","0","0","0","0","0","0","0","0","-","0","0","0","0","0","0","0","0","0","0","0","0","0","0","0","0","0","0","0","7","0","0","0","28","0","0","0","0","0","0","0","0","0","0","0","0","0","0","0","0","0","19"
"0x7d97cf7b3770","      ISETP.GT.U32.AND P2, PT, R97, R152, PT","5","0","5","65536","2097152","2097152","32","32","0","0","0","-","-","-","0","0","0","0","0","0","0","0","-","0","0","0","0","0","0","0","0","0","0","0","0","0","0","0","0","0","0","0","5","0","0","0","0","0","0","0","0","0","0","0","0","0","0","0","0","0","0","0","0","0","0"
"0x7d97cf7b3780","      ISETP.GT.AND.EX P2, PT, R121, R13, PT, P2","23","9","23","65536","2097152","2097152","32","32","0","0","0","-","-","-","0","0","0","0","0","0","0","0","-","0","0","0","0","0","0","0","0","0","0","0","0","0","4","0","0","0","0","4","6","0","0","0","9","0","0","0","0","0","0","0","4","0","0","0","0","0","0","0","0","0","5"
"0x7d97cf7b3790","      FSEL R126, R103, -INF , !P2","21","9","21","65536","2097152","2097152","32","32","0","0","0","-","-","-","0","0","0","0","0","0","0","0","-","0","0","0","0","0","0","0","0","0","0","0","0","0","4","0","0","0","0","3","4","0","0","0","10","0","0","0","0","0","0","0","4","0","0","0","0","0","0","0","0","0","5"
"0x7d97cf7b37a0","      ISETP.GT.U32.AND P2, PT, R158, R157, PT","14","6","14","65536","2097152","2097152","32","32","0","0","0","-","-","-","0","0","0","0","0","0","0","0","-","0","0","0","0","0","0","0","0","0","0","0","0","0","0","0","0","0","0","0","8","0","0","0","6","0","0","0","0","0","0","0","0","0","0","0","0","0","0","0","0","0","6"
"0x7d97cf7b37b0","      ISETP.GT.AND.EX P2, PT, R161, R148, PT, P2","17","7","17","65536","2097152","2097152","32","32","0","0","0","-","-","-","0","0","0","0","0","0","0","0","-","0","0","0","0","0","0","0","0","0","0","0","0","0","1","0","0","0","0","0","2","0","0","0","14","0","0","0","0","0","0","0","1","0","0","0","0","0","0","0","0","0","6"
"0x7d97cf7b37c0","      FSEL R96, R96, -INF , !P2","24","14","24","65536","2097152","2097152","32","32","0","0","0","-","-","-","0","0","0","0","0","0","0","0","-","0","0","0","0","0","0","0","0","0","0","0","0","0","2","0","0","0","0","3","4","0","0","0","15","0","0","0","0","0","0","0","2","0","0","0","0","0","0","0","0","0","12"
"0x7d97cf7b37d0","      ISETP.GT.U32.AND P2, PT, R158, R152, PT","6","4","6","65536","2097152","2097152","32","32","0","0","0","-","-","-","0","0","0","0","0","0","0","0","-","0","0","0","0","0","0","0","0","0","0","0","0","0","0","0","0","0","0","0","2","0","0","0","4","0","0","0","0","0","0","0","0","0","0","0","0","0","0","0","0","0","4"
"0x7d97cf7b37e0","      ISETP.GT.AND.EX P2, PT, R161, R13, PT, P2","10","4","10","65536","2097152","2097152","32","32","0","0","0","-","-","-","0","0","0","0","0","0","0","0","-","0","0","0","0","0","0","0","0","0","0","0","0","0","1","0","0","0","0","1","0","0","0","0","8","0","0","0","0","0","0","0","1","0","0","0","0","0","0","0","0","0","3"
"0x7d97cf7b37f0","      FSEL R121, R98, -INF , !P2","25","13","25","65536","2097152","2097152","32","32","0","0","0","-","-","-","0","0","0","0","0","0","0","0","-","0","0","0","0","0","0","0","0","0","0","0","0","0","2","0","0","0","0","2","5","0","0","0","16","0","0","0","0","0","0","0","2","0","0","0","0","0","0","0","0","0","11"
"0x7d97cf7b3800","      ISETP.GT.U32.AND P2, PT, R99, R157, PT","8","3","8","65536","2097152","2097152","32","32","0","0","0","-","-","-","0","0","0","0","0","0","0","0","-","0","0","0","0","0","0","0","0","0","0","0","0","0","0","0","0","0","0","0","5","0","0","0","3","0","0","0","0","0","0","0","0","0","0","0","0","0","0","0","0","0","3"
"0x7d97cf7b3810","      ISETP.GT.AND.EX P2, PT, R100, R148, PT, P2","14","9","14","65536","2097152","2097152","32","32","0","0","0","-","-","-","0","0","0","0","0","0","0","0","-","0","0","0","0","0","0","0","0","0","0","0","0","0","0","0","0","0","0","0","4","0","0","0","10","0","0","0","0","0","0","0","0","0","0","0","0","0","0","0","0","0","9"
"0x7d97cf7b3820","      FSEL R101, R93, -INF , !P2","24","15","24","65536","2097152","2097152","32","32","0","0","0","-","-","-","0","0","0","0","0","0","0","0","-","0","0","0","0","0","0","0","0","0","0","0","0","0","8","0","0","0","0","3","4","0","0","0","9","0","0","0","0","0","0","0","8","0","0","0","0","0","0","0","0","0","7"
"0x7d97cf7b3830","      IADD3 R98, P2, R162, 0x8, RZ","5","3","5","65536","2097152","2097152","32","32","0","0","0","-","-","-","0","0","0","0","0","0","0","0","-","0","0","0","0","0","0","0","0","0","0","0","0","0","0","0","0","0","0","0","2","0","0","0","3","0","0","0","0","0","0","0","0","0","0","0","0","0","0","0","0","0","3"
"0x7d97cf7b3840","      IMAD.X R93, RZ, RZ, R163, P2","23","15","23","65536","2097152","2097152","32","32","0","0","0","-","-","-","0","0","0","0","0","0","0","0","-","0","0","0","0","0","0","0","0","0","0","0","0","0","0","0","0","0","0","0","4","0","0","0","19","0","0","0","0","0","0","0","0","0","0","0","0","0","0","0","0","0","15"
"0x7d97cf7b3850","      ISETP.GT.U32.AND P2, PT, R99, R152, PT","3","0","3","65536","2097152","2097152","32","32","0","0","0","-","-","-","0","0","0","0","0","0","0","0","-","0","0","0","0","0","0","0","0","0","0","0","0","0","0","0","0","0","0","0","3","0","0","0","0","0","0","0","0","0","0","0","0","0","0","0","0","0","0","0","0","0","0"
"0x7d97cf7b3860","      ISETP.GT.AND.EX P2, PT, R100, R13, PT, P2","28","10","28","65536","2097152","2097152","32","32","0","0","0","-","-","-","0","0","0","0","0","0","0","0","-","0","0","0","0","0","0","0","0","0","0","0","0","0","4","0","0","0","0","6","4","0","0","0","14","0","0","0","0","0","0","0","4","0","0","0","0","0","0","0","0","0","6"
"0x7d97cf7b3870","      FSEL R102, R95, -INF , !P2","13","9","13","65536","2097152","2097152","32","32","0","0","0","-","-","-","0","0","0","0","0","0","0","0","-","0","0","0","0","0","0","0","0","0","0","0","0","0","1","0","0","0","0","0","1","0","0","0","11","0","0","0","0","0","0","0","1","0","0","0","0","0","0","0","0","0","8"
"0x7d97cf7b3880","      ISETP.GT.U32.AND P2, PT, R98, R157, PT","3","2","3","65536","2097152","2097152","32","32","0","0","0","-","-","-","0","0","0","0","0","0","0","0","-","0","0","0","0","0","0","0","0","0","0","0","0","0","0","0","0","0","0","0","1","0","0","0","2","0","0","0","0","0","0","0","0","0","0","0","0","0","0","0","0","0","2"
"0x7d97cf7b3890","      ISETP.GT.AND.EX P2, PT, R93, R148, PT, P2","17","6","17","65536","2097152","2097152","32","32","0","0","0","-","-","-","0","0","0","0","0","0","0","0","-","0","0","0","0","0","0","0","0","0","0","0","0","0","2","0","0","0","0","2","5","0","0","0","8","0","0","0","0","0","0","0","2","0","0","0","0","0","0","0","0","0","4"
"0x7d97cf7b38a0","      FSEL R100, R92, -INF , !P2","17","8","17","65536","2097152","2097152","32","32","0","0","0","-","-","-","0","0","0","0","0","0","0","0","-","0","0","0","0","0","0","0","0","0","0","0","0","0","2","0","0","0","0","1","3","0","0","0","11","0","0","0","0","0","0","0","2","0","0","0","0","0","0","0","0","0","6"
"0x7d97cf7b38b0","      LOP3.LUT R92, R162, 0x21, RZ, 0xfc, !PT","9","3","9","65536","2097152","2097152","32","32","0","0","0","-","-","-","0","0","0","0","0","0","0","0","-","0","0","0","0","0","0","0","0","0","0","0","0","0","0","0","0","0","0","0","6","0","0","0","3","0","0","0","0","0","0","0","0","0","0","0","0","0","0","0","0","0","3"
"0x7d97cf7b38c0","      ISETP.GT.U32.AND P2, PT, R92, R157, PT","15","9","15","65536","2097152","2097152","32","32","0","0","0","-","-","-","0","0","0","0","0","0","0","0","-","0","0","0","0","0","0","0","0","0","0","0","0","0","0","0","0","0","0","0","3","0","0","0","12","0","0","0","0","0","0","0","0","0","0","0","0","0","0","0","0","0","9"
"0x7d97cf7b38d0","      ISETP.GT.AND.EX P2, PT, R163, R148, PT, P2","29","9","29","65536","2097152","2097152","32","32","0","0","0","-","-","-","0","0","0","0","0","0","0","0","-","0","0","0","0","0","0","0","0","0","0","0","0","0","6","0","0","0","0","10","5","0","0","0","8","0","0","0","0","0","0","0","6","0","0","0","0","0","0","0","0","0","3"
"0x7d97cf7b38e0","      FSEL R127, R105, -INF , !P2","20","9","20","65536","2097152","2097152","32","32","0","0","0","-","-","-","0","0","0","0","0","0","0","0","-","0","0","0","0","0","0","0","0","0","0","0","0","0","2","0","0","0","0","2","6","0","0","0","10","0","0","0","0","0","0","0","2","0","0","0","0","0","0","0","0","0","7"
"0x7d97cf7b38f0","      ISETP.GT.U32.AND P2, PT, R92, R152, PT","10","3","10","65536","2097152","2097152","32","32","0","0","0","-","-","-","0","0","0","0","0","0","0","0","-","0","0","0","0","0","0","0","0","0","0","0","0","0","0","0","0","0","0","0","7","0","0","0","3","0","0","0","0","0","0","0","0","0","0","0","0","0","0","0","0","0","3"
"0x7d97cf7b3900","      LOP3.LUT R92, R162, 0x28, RZ, 0xfc, !PT","8","5","8","65536","2097152","2097152","32","32","0","0","0","-","-","-","0","0","0","0","0","0","0","0","-","0","0","0","0","0","0","0","0","0","0","0","0","0","0","0","0","0","0","0","3","0","0","0","5","0","0","0","0","0","0","0","0","0","0","0","0","0","0","0","0","0","5"
"0x7d97cf7b3910","      ISETP.GT.AND.EX P2, PT, R163, R13, PT, P2","5","3","5","65536","2097152","2097152","32","32","0","0","0","-","-","-","0","0","0","0","0","0","0","0","-","0","0","0","0","0","0","0","0","0","0","0","0","0","0","0","0","0","0","0","2","0","0","0","3","0","0","0","0","0","0","0","0","0","0","0","0","0","0","0","0","0","3"
"0x7d97cf7b3920","      FSEL R128, R107, -INF , !P2","17","5","17","65536","2097152","2097152","32","32","0","0","0","-","-","-","0","0","0","0","0","0","0","0","-","0","0","0","0","0","0","0","0","0","0","0","0","0","0","0","0","0","0","0","9","0","0","0","8","0","0","0","0","0","0","0","0","0","0","0","0","0","0","0","0","0","5"
"0x7d97cf7b3930","      ISETP.GT.U32.AND P2, PT, R92, R157, PT","11","6","11","65536","2097152","2097152","32","32","0","0","0","-","-","-","0","0","0","0","0","0","0","0","-","0","0","0","0","0","0","0","0","0","0","0","0","0","0","0","0","0","0","0","5","0","0","0","6","0","0","0","0","0","0","0","0","0","0","0","0","0","0","0","0","0","6"
"0x7d97cf7b3940","      ISETP.GT.AND.EX P2, PT, R163, R148, PT, P2","36","14","36","65536","2097152","2097152","32","32","0","0","0","-","-","-","0","0","0","0","0","0","0","0","-","0","0","0","0","0","0","0","0","0","0","0","0","0","8","0","0","0","0","12","6","0","0","0","10","0","0","0","0","0","0","0","8","0","0","0","0","0","0","0","0","0","6"
"0x7d97cf7b3950","      FSEL R130, R108, -INF , !P2","19","6","19","65536","2097152","2097152","32","32","0","0","0","-","-","-","0","0","0","0","0","0","0","0","-","0","0","0","0","0","0","0","0","0","0","0","0","0","1","0","0","0","0","4","8","0","0","0","6","0","0","0","0","0","0","0","1","0","0","0","0","0","0","0","0","0","5"
"0x7d97cf7b3960","      ISETP.GT.U32.AND P2, PT, R92, R152, PT","7","6","7","65536","2097152","2097152","32","32","0","0","0","-","-","-","0","0","0","0","0","0","0","0","-","0","0","0","0","0","0","0","0","0","0","0","0","0","0","0","0","0","0","0","1","0","0","0","6","0","0","0","0","0","0","0","0","0","0","0","0","0","0","0","0","0","6"
"0x7d97cf7b3970","      LOP3.LUT R92, R162, 0x29, RZ, 0xfc, !PT","1","0","1","65536","2097152","2097152","32","32","0","0","0","-","-","-","0","0","0","0","0","0","0","0","-","0","0","0","0","0","0","0","0","0","0","0","0","0","0","0","0","0","0","0","1","0","0","0","0","0","0","0","0","0","0","0","0","0","0","0","0","0","0","0","0","0","0"
"0x7d97cf7b3980","      ISETP.GT.AND.EX P2, PT, R163, R13, PT, P2","12","3","12","65536","2097152","2097152","32","32","0","0","0","-","-","-","0","0","0","0","0","0","0","0","-","0","0","0","0","0","0","0","0","0","0","0","0","0","0","0","0","0","0","0","9","0","0","0","3","0","0","0","0","0","0","0","0","0","0","0","0","0","0","0","0","0","3"
"0x7d97cf7b3990","      FSEL R132, R110, -INF , !P2","25","16","25","65536","2097152","2097152","32","32","0","0","0","-","-","-","0","0","0","0","0","0","0","0","-","0","0","0","0","0","0","0","0","0","0","0","0","0","0","0","0","0","0","0","6","0","0","0","19","0","0","0","0","0","0","0","0","0","0","0","0","0","0","0","0","0","16"
"0x7d97cf7b39a0","      ISETP.GT.U32.AND P2, PT, R92, R157, PT","6","2","6","65536","2097152","2097152","32","32","0","0","0","-","-","-","0","0","0","0","0","0","0","0","-","0","0","0","0","0","0","0","0","0","0","0","0","0","0","0","0","0","0","0","4","0","0","0","2","0","0","0","0","0","0","0","0","0","0","0","0","0","0","0","0","0","2"
"0x7d97cf7b39b0","      ISETP.GT.AND.EX P2, PT, R163, R148, PT, P2","48","20","48","65536","2097152","2097152","32","32","0","0","0","-","-","-","0","0","0","0","0","0","0","0","-","0","0","0","0","0","0","0","0","0","0","0","0","0","11","0","0","0","0","20","2","0","0","0","15","0","0","0","0","0","0","0","11","0","0","0","0","0","0","0","0","0","9"
"0x7d97cf7b39c0","      FSEL R110, R109, -INF , !P2","24","9","24","65536","2097152","2097152","32","32","0","0","0","-","-","-","0","0","0","0","0","0","0","0","-","0","0","0","0","0","0","0","0","0","0","0","0","0","2","0","0","0","0","5","5","0","0","0","12","0","0","0","0","0","0","0","2","0","0","0","0","0","0","0","0","0","7"
"0x7d97cf7b39d0","      ISETP.GT.U32.AND P2, PT, R92, R152, PT","6","3","6","65536","2097152","2097152","32","32","0","0","0","-","-","-","0","0","0","0","0","0","0","0","-","0","0","0","0","0","0","0","0","0","0","0","0","0","0","0","0","0","0","0","3","0","0","0","3","0","0","0","0","0","0","0","0","0","0","0","0","0","0","0","0","0","3"
"0x7d97cf7b39e0","      LOP3.LUT R92, R162, 0x31, RZ, 0xfc, !PT","8","1","8","65536","2097152","2097152","32","32","0","0","0","-","-","-","0","0","0","0","0","0","0","0","-","0","0","0","0","0","0","0","0","0","0","0","0","0","0","0","0","0","0","0","7","0","0","0","1","0","0","0","0","0","0","0","0","0","0","0","0","0","0","0","0","0","1"
"0x7d97cf7b39f0","      ISETP.GT.AND.EX P2, PT, R163, R13, PT, P2","5","4","5","65536","2097152","2097152","32","32","0","0","0","-","-","-","0","0","0","0","0","0","0","0","-","0","0","0","0","0","0","0","0","0","0","0","0","0","0","0","0","0","0","0","1","0","0","0","4","0","0","0","0","0","0","0","0","0","0","0","0","0","0","0","0","0","4"
"0x7d97cf7b3a00","      FSEL R134, R111, -INF , !P2","11","7","11","65536","2097152","2097152","32","32","0","0","0","-","-","-","0","0","0","0","0","0","0","0","-","0","0","0","0","0","0","0","0","0","0","0","0","0","0","0","0","0","0","0","2","0","0","0","9","0","0","0","0","0","0","0","0","0","0","0","0","0","0","0","0","0","7"
"0x7d97cf7b3a10","      ISETP.GT.U32.AND P2, PT, R92, R157, PT","8","3","8","65536","2097152","2097152","32","32","0","0","0","-","-","-","0","0","0","0","0","0","0","0","-","0","0","0","0","0","0","0","0","0","0","0","0","0","0","0","0","0","0","0","5","0","0","0","3","0","0","0","0","0","0","0","0","0","0","0","0","0","0","0","0","0","3"
"0x7d97cf7b3a20","      ISETP.GT.AND.EX P2, PT, R163, R148, PT, P2","37","20","37","65536","2097152","2097152","32","32","0","0","0","-","-","-","0","0","0","0","0","0","0","0","-","0","0","0","0","0","0","0","0","0","0","0","0","0","15","0","0","0","0","10","1","0","0","0","11","0","0","0","0","0","0","0","15","0","0","0","0","0","0","0","0","0","5"
"0x7d97cf7b3a30","      FSEL R129, R113, -INF , !P2","24","14","24","65536","2097152","2097152","32","32","0","0","0","-","-","-","0","0","0","0","0","0","0","0","-","0","0","0","0","0","0","0","0","0","0","0","0","0","4","0","0","0","0","2","5","0","0","0","13","0","0","0","0","0","0","0","4","0","0","0","0","0","0","0","0","0","10"
"0x7d97cf7b3a40","      ISETP.GT.U32.AND P2, PT, R92, R152, PT","3","3","3","65536","2097152","2097152","32","32","0","0","0","-","-","-","0","0","0","0","0","0","0","0","-","0","0","0","0","0","0","0","0","0","0","0","0","0","0","0","0","0","0","0","0","0","0","0","3","0","0","0","0","0","0","0","0","0","0","0","0","0","0","0","0","0","3"
"0x7d97cf7b3a50","      LOP3.LUT R92, R162, 0x38, RZ, 0xfc, !PT","8","3","8","65536","2097152","2097152","32","32","0","0","0","-","-","-","0","0","0","0","0","0","0","0","-","0","0","0","0","0","0","0","0","0","0","0","0","0","0","0","0","0","0","0","5","0","0","0","3","0","0","0","0","0","0","0","0","0","0","0","0","0","0","0","0","0","3"
"0x7d97cf7b3a60","      ISETP.GT.AND.EX P2, PT, R163, R13, PT, P2","9","4","9","65536","2097152","2097152","32","32","0","0","0","-","-","-","0","0","0","0","0","0","0","0","-","0","0","0","0","0","0","0","0","0","0","0","0","0","0","0","0","0","0","0","5","0","0","0","4","0","0","0","0","0","0","0","0","0","0","0","0","0","0","0","0","0","4"
"0x7d97cf7b3a70","      FSEL R115, R115, -INF , !P2","15","7","15","65536","2097152","2097152","32","32","0","0","0","-","-","-","0","0","0","0","0","0","0","0","-","0","0","0","0","0","0","0","0","0","0","0","0","0","0","0","0","0","0","0","4","0","0","0","11","0","0","0","0","0","0","0","0","0","0","0","0","0","0","0","0","0","7"
"0x7d97cf7b3a80","      ISETP.GT.U32.AND P2, PT, R92, R157, PT","14","9","14","65536","2097152","2097152","32","32","0","0","0","-","-","-","0","0","0","0","0","0","0","0","-","0","0","0","0","0","0","0","0","0","0","0","0","0","0","0","0","0","0","0","5","0","0","0","9","0","0","0","0","0","0","0","0","0","0","0","0","0","0","0","0","0","9"
"0x7d97cf7b3a90","      ISETP.GT.AND.EX P2, PT, R163, R148, PT, P2","38","24","38","65536","2097152","2097152","32","32","0","0","0","-","-","-","0","0","0","0","0","0","0","0","-","0","0","0","0","0","0","0","0","0","0","0","0","0","14","0","0","0","0","9","0","0","0","0","15","0","0","0","0","0","0","0","14","0","0","0","0","0","0","0","0","0","10"
"0x7d97cf7b3aa0","      FSEL R116, R116, -INF , !P2","26","15","26","65536","2097152","2097152","32","32","0","0","0","-","-","-","0","0","0","0","0","0","0","0","-","0","0","0","0","0","0","0","0","0","0","0","0","0","4","0","0","0","0","4","4","0","0","0","14","0","0","0","0","0","0","0","4","0","0","0","0","0","0","0","0","0","11"
"0x7d97cf7b3ab0","      ISETP.GT.U32.AND P2, PT, R92, R152, PT","6","2","6","65536","2097152","2097152","32","32","0","0","0","-","-","-","0","0","0","0","0","0","0","0","-","0","0","0","0","0","0","0","0","0","0","0","0","0","0","0","0","0","0","0","4","0","0","0","2","0","0","0","0","0","0","0","0","0","0","0","0","0","0","0","0","0","2"
"0x7d97cf7b3ac0","      LOP3.LUT R92, R162, 0x39, RZ, 0xfc, !PT","11","3","11","65536","2097152","2097152","32","32","0","0","0","-","-","-","0","0","0","0","0","0","0","0","-","0","0","0","0","0","0","0","0","0","0","0","0","0","0","0","0","0","0","0","8","0","0","0","3","0","0","0","0","0","0","0","0","0","0","0","0","0","0","0","0","0","3"
"0x7d97cf7b3ad0","      ISETP.GT.AND.EX P2, PT, R163, R13, PT, P2","9","4","9","65536","2097152","2097152","32","32","0","0","0","-","-","-","0","0","0","0","0","0","0","0","-","0","0","0","0","0","0","0","0","0","0","0","0","0","0","0","0","0","0","0","5","0","0","0","4","0","0","0","0","0","0","0","0","0","0","0","0","0","0","0","0","0","4"
"0x7d97cf7b3ae0","      FSEL R118, R118, -INF , !P2","13","6","13","65536","2097152","2097152","32","32","0","0","0","-","-","-","0","0","0","0","0","0","0","0","-","0","0","0","0","0","0","0","0","0","0","0","0","0","0","0","0","0","0","0","3","0","0","0","10","0","0","0","0","0","0","0","0","0","0","0","0","0","0","0","0","0","6"
"0x7d97cf7b3af0","      ISETP.GT.U32.AND P2, PT, R92, R157, PT","5","2","5","65536","2097152","2097152","32","32","0","0","0","-","-","-","0","0","0","0","0","0","0","0","-","0","0","0","0","0","0","0","0","0","0","0","0","0","0","0","0","0","0","0","3","0","0","0","2","0","0","0","0","0","0","0","0","0","0","0","0","0","0","0","0","0","2"
"0x7d97cf7b3b00","      ISETP.GT.AND.EX P2, PT, R163, R148, PT, P2","48","24","48","65536","2097152","2097152","32","32","0","0","0","-","-","-","0","0","0","0","0","0","0","0","-","0","0","0","0","0","0","0","0","0","0","0","0","0","14","0","0","0","0","12","7","0","0","0","15","0","0","0","0","0","0","0","14","0","0","0","0","0","0","0","0","0","10"
"0x7d97cf7b3b10","      FSEL R117, R117, -INF , !P2","49","22","49","65536","2097152","2097152","32","32","0","0","0","-","-","-","0","0","0","0","0","0","0","0","-","0","0","0","0","0","0","0","0","0","0","0","0","0","18","0","0","0","0","17","7","0","0","0","7","0","0","0","0","0","0","0","18","0","0","0","0","0","0","0","0","0","4"
"0x7d97cf7b3b20","      IADD3 R95, P2, R16, UR5, RZ","13","6","13","65536","2097152","2097152","32","32","0","0","0","-","-","-","0","0","0","0","0","0","0","0","-","0","0","0","0","0","0","0","0","0","0","0","0","0","0","0","0","0","0","0","7","0","0","0","6","0","0","0","0","0","0","0","0","0","0","0","0","0","0","0","0","0","6"
"0x7d97cf7b3b30","      IADD3.X R93, R159, UR4, RZ, P2, !PT","36","19","36","65536","2097152","2097152","32","32","0","0","0","-","-","-","0","0","0","0","0","0","0","0","-","0","0","0","0","0","0","0","0","0","0","0","0","0","11","0","0","0","0","9","5","0","0","0","11","0","0","0","0","0","0","0","11","0","0","0","0","0","0","0","0","0","8"
"0x7d97cf7b3b40","      ISETP.GT.U32.AND P2, PT, R92, R152, PT","6","3","6","65536","2097152","2097152","32","32","0","0","0","-","-","-","0","0","0","0","0","0","0","0","-","0","0","0","0","0","0","0","0","0","0","0","0","0","0","0","0","0","0","0","3","0","0","0","3","0","0","0","0","0","0","0","0","0","0","0","0","0","0","0","0","0","3"
"0x7d97cf7b3b50","      LOP3.LUT R133, R95, R144, RZ, 0xfc, !PT","8","4","8","65536","2097152","2097152","32","32","0","0","0","-","-","-","0","0","0","0","0","0","0","0","-","0","0","0","0","0","0","0","0","0","0","0","0","0","0","0","0","0","0","0","4","0","0","0","4","0","0","0","0","0","0","0","0","0","0","0","0","0","0","0","0","0","4"
"0x7d97cf7b3b60","      ISETP.GT.AND.EX P2, PT, R163, R13, PT, P2","5","2","5","65536","2097152","2097152","32","32","0","0","0","-","-","-","0","0","0","0","0","0","0","0","-","0","0","0","0","0","0","0","0","0","0","0","0","0","0","0","0","0","0","0","3","0","0","0","2","0","0","0","0","0","0","0","0","0","0","0","0","0","0","0","0","0","2"
"0x7d97cf7b3b70","      LOP3.LUT R135, R95, R145, RZ, 0xfc, !PT","10","5","10","65536","2097152","2097152","32","32","0","0","0","-","-","-","0","0","0","0","0","0","0","0","-","0","0","0","0","0","0","0","0","0","0","0","0","0","0","0","0","0","0","0","5","0","0","0","5","0","0","0","0","0","0","0","0","0","0","0","0","0","0","0","0","0","5"
"0x7d97cf7b3b80","      FSEL R131, R119, -INF , !P2","7","3","7","65536","2097152","2097152","32","32","0","0","0","-","-","-","0","0","0","0","0","0","0","0","-","0","0","0","0","0","0","0","0","0","0","0","0","0","0","0","0","0","0","0","4","0","0","0","3","0","0","0","0","0","0","0","0","0","0","0","0","0","0","0","0","0","3"
"0x7d97cf7b3b90","      ISETP.GE.U32.AND P2, PT, R162, R157, PT","28","13","28","65536","2097152","2097152","32","32","0","0","0","-","-","-","0","0","0","0","0","0","0","0","-","0","0","0","0","0","0","0","0","0","0","0","0","0","6","0","0","0","0","13","2","0","0","0","7","0","0","0","0","0","0","0","6","0","0","0","0","0","0","0","0","0","7"
"0x7d97cf7b3ba0","      ISETP.GE.U32.AND P4, PT, R95, R12, PT","9","4","9","65536","2097152","2097152","32","32","0","0","0","-","-","-","0","0","0","0","0","0","0","0","-","0","0","0","0","0","0","0","0","0","0","0","0","0","0","0","0","0","0","0","5","0","0","0","4","0","0","0","0","0","0","0","0","0","0","0","0","0","0","0","0","0","4"
"0x7d97cf7b3bb0","      ISETP.GE.AND.EX P2, PT, R163, R148, PT, P2","10","7","10","65536","2097152","2097152","32","32","0","0","0","-","-","-","0","0","0","0","0","0","0","0","-","0","0","0","0","0","0","0","0","0","0","0","0","0","0","0","0","0","0","0","3","0","0","0","7","0","0","0","0","0","0","0","0","0","0","0","0","0","0","0","0","0","7"
"0x7d97cf7b3bc0","      ISETP.GE.AND.EX P4, PT, R93, R156, PT, P4","4","3","4","65536","2097152","2097152","32","32","0","0","0","-","-","-","0","0","0","0","0","0","0","0","-","0","0","0","0","0","0","0","0","0","0","0","0","0","0","0","0","0","0","0","1","0","0","0","3","0","0","0","0","0","0","0","0","0","0","0","0","0","0","0","0","0","3"
"0x7d97cf7b3bd0","      FSEL R97, R89, -INF , !P2","8","3","8","65536","2097152","2097152","32","32","0","0","0","-","-","-","0","0","0","0","0","0","0","0","-","0","0","0","0","0","0","0","0","0","0","0","0","0","0","0","0","0","0","0","5","0","0","0","3","0","0","0","0","0","0","0","0","0","0","0","0","0","0","0","0","0","3"
"0x7d97cf7b3be0","      ISETP.GT.U32.AND P2, PT, R162, R152, PT","9","6","9","65536","2097152","2097152","32","32","0","0","0","-","-","-","0","0","0","0","0","0","0","0","-","0","0","0","0","0","0","0","0","0","0","0","0","0","0","0","0","0","0","0","3","0","0","0","6","0","0","0","0","0","0","0","0","0","0","0","0","0","0","0","0","0","6"
"0x7d97cf7b3bf0","      ISETP.GT.AND.EX P2, PT, R163, R13, PT, P2","63","29","63","65536","2097152","2097152","32","32","0","0","0","-","-","-","0","0","0","0","0","0","0","0","-","0","0","0","0","0","0","0","0","0","0","0","0","0","24","0","0","0","0","24","5","0","0","0","10","0","0","0","0","0","0","0","24","0","0","0","0","0","0","0","0","0","5"
"0x7d97cf7b3c00","      FSEL R98, R90, -INF , !P2","20","8","20","65536","2097152","2097152","32","32","0","0","0","-","-","-","0","0","0","0","0","0","0","0","-","0","0","0","0","0","0","0","0","0","0","0","0","0","2","0","0","0","0","0","5","0","0","0","13","0","0","0","0","0","0","0","2","0","0","0","0","0","0","0","0","0","6"
"0x7d97cf7b3c10","      FMUL R90, R94, UR26","2","0","2","65536","2097152","2097152","32","32","0","0","0","-","-","-","0","0","0","0","0","0","0","0","-","0","0","0","0","0","0","0","0","0","0","0","0","0","0","0","0","0","0","0","2","0","0","0","0","0","0","0","0","0","0","0","0","0","0","0","0","0","0","0","0","0","0"
"0x7d97cf7b3c20","      ISETP.GE.U32.AND P2, PT, R162, R152, PT","5","0","5","65536","2097152","2097152","32","32","0","0","0","-","-","-","0","0","0","0","0","0","0","0","-","0","0","0","0","0","0","0","0","0","0","0","0","0","0","0","0","0","0","0","5","0","0","0","0","0","0","0","0","0","0","0","0","0","0","0","0","0","0","0","0","0","0"
"0x7d97cf7b3c30","      ISETP.GE.AND.EX P2, PT, R163, R13, PT, P2","24","6","24","65536","2097152","2097152","32","32","0","0","0","-","-","-","0","0","0","0","0","0","0","0","-","0","0","0","0","0","0","0","0","0","0","0","0","0","2","0","0","0","0","3","5","0","0","0","14","0","0","0","0","0","0","0","2","0","0","0","0","0","0","0","0","0","4"
"0x7d97cf7b3c40","      FSEL R99, R91, -INF , !P2","16","11","16","65536","2097152","2097152","32","32","0","0","0","-","-","-","0","0","0","0","0","0","0","0","-","0","0","0","0","0","0","0","0","0","0","0","0","0","4","0","0","0","0","1","2","0","0","0","9","0","0","0","0","0","0","0","4","0","0","0","0","0","0","0","0","0","7"
"0x7d97cf7b3c50","      ISETP.GE.U32.AND P2, PT, R162, UR22, PT","10","3","10","65536","2097152","2097152","32","32","0","0","0","-","-","-","0","0","0","0","0","0","0","0","-","0","0","0","0","0","0","0","0","0","0","0","0","0","0","0","0","0","0","0","7","0","0","0","3","0","0","0","0","0","0","0","0","0","0","0","0","0","0","0","0","0","3"
"0x7d97cf7b3c60","      ISETP.GE.AND.EX P2, PT, R163, UR24, PT, P2","17","6","17","65536","2097152","2097152","32","32","0","0","0","-","-","-","0","0","0","0","0","0","0","0","-","0","0","0","0","0","0","0","0","0","0","0","0","0","0","0","0","0","0","2","5","0","0","0","10","0","0","0","0","0","0","0","0","0","0","0","0","0","0","0","0","0","6"
"0x7d97cf7b3c70","      ISETP.LE.AND.EX P3, PT, R163, R148, !P2, P3","42","15","42","65536","2097152","2097152","32","32","0","0","0","-","-","-","0","0","0","0","0","0","0","0","-","0","0","0","0","0","0","0","0","0","0","0","0","0","10","0","0","0","0","12","6","0","0","0","14","0","0","0","0","0","0","0","2","0","0","0","0","0","0","0","0","0","13"
"0x7d97cf7b3c80","      FSEL R105, R100, -INF , !P2","6","3","6","65536","2097152","2097152","32","32","0","0","0","-","-","-","0","0","0","0","0","0","0","0","-","0","0","0","0","0","0","0","0","0","0","0","0","0","0","0","0","0","0","0","3","0","0","0","3","0","0","0","0","0","0","0","0","0","0","0","0","0","0","0","0","0","3"
"0x7d97cf7b3c90","      FSEL R103, R88, -INF , P3","6","4","6","65536","2097152","2097152","32","32","0","0","0","-","-","-","0","0","0","0","0","0","0","0","-","0","0","0","0","0","0","0","0","0","0","0","0","0","0","0","0","0","0","0","2","0","0","0","4","0","0","0","0","0","0","0","0","0","0","0","0","0","0","0","0","0","4"
"0x7d97cf7b3ca0","      VIADD R88, R149, UR5","3","0","3","65536","2097152","2097152","32","32","0","0","0","-","-","-","0","0","0","0","0","0","0","0","-","0","0","0","0","0","0","0","0","0","0","0","0","0","0","0","0","0","0","0","3","0","0","0","0","0","0","0","0","0","0","0","0","0","0","0","0","0","0","0","0","0","0"
"0x7d97cf7b3cb0","      FSEL R90, R90, -INF , P3","5","0","5","65536","2097152","2097152","32","32","0","0","0","-","-","-","0","0","0","0","0","0","0","0","-","0","0","0","0","0","0","0","0","0","0","0","0","0","0","0","0","0","0","0","5","0","0","0","0","0","0","0","0","0","0","0","0","0","0","0","0","0","0","0","0","0","0"
"0x7d97cf7b3cc0","      UIADD3 UR5, UP0, UR5, 0x40, URZ","4","0","4","65536","2097152","2097152","32","32","0","0","0","-","-","-","0","0","0","0","0","0","0","0","-","0","0","0","0","0","0","0","0","0","0","0","0","0","0","0","0","0","0","0","4","0","0","0","0","0","0","0","0","0","0","0","0","0","0","0","0","0","0","0","0","0","0"
"0x7d97cf7b3cd0","      ISETP.GT.U32.AND P3, PT, R133, R152, PT","4","0","4","65536","2097152","2097152","32","32","0","0","0","-","-","-","0","0","0","0","0","0","0","0","-","0","0","0","0","0","0","0","0","0","0","0","0","0","0","0","0","0","0","0","4","0","0","0","0","0","0","0","0","0","0","0","0","0","0","0","0","0","0","0","0","0","0"
"0x7d97cf7b3ce0","      VIADD R89, R88, 0xc0","6","0","6","65536","2097152","2097152","32","32","0","0","0","-","-","-","0","0","0","0","0","0","0","0","-","0","0","0","0","0","0","0","0","0","0","0","0","0","0","0","0","0","0","0","6","0","0","0","0","0","0","0","0","0","0","0","0","0","0","0","0","0","0","0","0","0","0"
"0x7d97cf7b3cf0","      FSEL R107, R101, -INF , !P2","3","0","3","65536","2097152","2097152","32","32","0","0","0","-","-","-","0","0","0","0","0","0","0","0","-","0","0","0","0","0","0","0","0","0","0","0","0","0","0","0","0","0","0","0","3","0","0","0","0","0","0","0","0","0","0","0","0","0","0","0","0","0","0","0","0","0","0"
"0x7d97cf7b3d00","      UIADD3.X UR4, URZ, UR4, URZ, UP0, !UPT","1","0","1","65536","2097152","2097152","32","32","0","0","0","-","-","-","0","0","0","0","0","0","0","0","-","0","0","0","0","0","0","0","0","0","0","0","0","0","0","0","0","0","0","0","1","0","0","0","0","0","0","0","0","0","0","0","0","0","0","0","0","0","0","0","0","0","0"
"0x7d97cf7b3d10","      ISETP.GT.AND.EX P3, PT, R93, R13, PT, P3","7","0","7","65536","2097152","2097152","32","32","0","0","0","-","-","-","0","0","0","0","0","0","0","0","-","0","0","0","0","0","0","0","0","0","0","0","0","0","0","0","0","0","0","0","7","0","0","0","0","0","0","0","0","0","0","0","0","0","0","0","0","0","0","0","0","0","0"
"0x7d97cf7b3d20","      FSEL R119, R98, -INF , !P2","63","22","63","65536","2097152","2097152","32","32","0","0","0","-","-","-","0","0","0","0","0","0","0","0","-","0","0","0","0","0","0","0","0","0","0","0","0","0","25","0","0","0","0","29","4","0","0","0","5","0","0","0","0","0","0","0","17","0","0","0","0","0","0","0","0","0","5"
"0x7d97cf7b3d30","      FSEL R114, R114, -INF , !P3","5","4","5","65536","2097152","2097152","32","32","0","0","0","-","-","-","0","0","0","0","0","0","0","0","-","0","0","0","0","0","0","0","0","0","0","0","0","0","0","0","0","0","0","0","1","0","0","0","4","0","0","0","0","0","0","0","0","0","0","0","0","0","0","0","0","0","4"
"0x7d97cf7b3d40","      ISETP.GT.U32.AND P3, PT, R133, R157, PT","4","2","4","65536","2097152","2097152","32","32","0","0","0","-","-","-","0","0","0","0","0","0","0","0","-","0","0","0","0","0","0","0","0","0","0","0","0","0","0","0","0","0","0","0","2","0","0","0","2","0","0","0","0","0","0","0","0","0","0","0","0","0","0","0","0","0","2"
"0x7d97cf7b3d50","      ISETP.GT.AND.EX P3, PT, R93, R148, PT, P3","29","15","29","65536","2097152","2097152","32","32","0","0","0","-","-","-","0","0","0","0","0","0","0","0","-","0","0","0","0","0","0","0","0","0","0","0","0","0","2","0","0","0","0","8","3","0","0","0","16","0","0","0","0","0","0","0","2","0","0","0","0","0","0","0","0","0","13"
"0x7d97cf7b3d60","      FSEL R112, R112, -INF , !P3","19","7","19","65536","2097152","2097152","32","32","0","0","0","-","-","-","0","0","0","0","0","0","0","0","-","0","0","0","0","0","0","0","0","0","0","0","0","0","3","0","0","0","0","0","5","0","0","0","11","0","0","0","0","0","0","0","3","0","0","0","0","0","0","0","0","0","4"
"0x7d97cf7b3d70","      ISETP.GT.U32.AND P3, PT, R135, R152, PT","12","4","12","65536","2097152","2097152","32","32","0","0","0","-","-","-","0","0","0","0","0","0","0","0","-","0","0","0","0","0","0","0","0","0","0","0","0","0","0","0","0","0","0","0","8","0","0","0","4","0","0","0","0","0","0","0","0","0","0","0","0","0","0","0","0","0","4"
"0x7d97cf7b3d80","      ISETP.GT.AND.EX P3, PT, R93, R13, PT, P3","11","4","11","65536","2097152","2097152","32","32","0","0","0","-","-","-","0","0","0","0","0","0","0","0","-","0","0","0","0","0","0","0","0","0","0","0","0","0","2","0","0","0","0","2","1","0","0","0","6","0","0","0","0","0","0","0","2","0","0","0","0","0","0","0","0","0","2"
"0x7d97cf7b3d90","      FSEL R108, R106, -INF , !P3","17","12","17","65536","2097152","2097152","32","32","0","0","0","-","-","-","0","0","0","0","0","0","0","0","-","0","0","0","0","0","0","0","0","0","0","0","0","0","3","0","0","0","0","0","4","0","0","0","10","0","0","0","0","0","0","0","3","0","0","0","0","0","0","0","0","0","9"
"0x7d97cf7b3da0","      ISETP.GT.U32.AND P3, PT, R135, R157, PT","8","6","8","65536","2097152","2097152","32","32","0","0","0","-","-","-","0","0","0","0","0","0","0","0","-","0","0","0","0","0","0","0","0","0","0","0","0","0","0","0","0","0","0","0","2","0","0","0","6","0","0","0","0","0","0","0","0","0","0","0","0","0","0","0","0","0","6"
"0x7d97cf7b3db0","      ISETP.GT.AND.EX P3, PT, R93, R148, PT, P3","26","13","26","65536","2097152","2097152","32","32","0","0","0","-","-","-","0","0","0","0","0","0","0","0","-","0","0","0","0","0","0","0","0","0","0","0","0","0","3","0","0","0","0","2","4","0","0","0","17","0","0","0","0","0","0","0","3","0","0","0","0","0","0","0","0","0","10"
"0x7d97cf7b3dc0","      FSEL R106, R104, -INF , !P3","33","17","33","65536","2097152","2097152","32","32","0","0","0","-","-","-","0","0","0","0","0","0","0","0","-","0","0","0","0","0","0","0","0","0","0","0","0","0","8","0","0","0","0","11","3","0","0","0","11","0","0","0","0","0","0","0","8","0","0","0","0","0","0","0","0","0","9"
"0x7d97cf7b3dd0","      ISETP.GE.AND P3, PT, R89, UR22, PT","10","5","10","65536","2097152","2097152","32","32","0","0","0","-","-","-","0","0","0","0","0","0","0","0","-","0","0","0","0","0","0","0","0","0","0","0","0","0","0","0","0","0","0","0","5","0","0","0","5","0","0","0","0","0","0","0","0","0","0","0","0","0","0","0","0","0","5"
"0x7d97cf7b3de0","      FSEL R104, R97, -INF , !P2","4","3","4","65536","2097152","2097152","32","32","0","0","0","-","-","-","0","0","0","0","0","0","0","0","-","0","0","0","0","0","0","0","0","0","0","0","0","0","0","0","0","0","0","0","1","0","0","0","3","0","0","0","0","0","0","0","0","0","0","0","0","0","0","0","0","0","3"
"0x7d97cf7b3df0","      SEL R89, RZ, 0x10, P3","15","8","15","65536","2097152","2097152","32","32","0","0","0","-","-","-","0","0","0","0","0","0","0","0","-","0","0","0","0","0","0","0","0","0","0","0","0","0","0","0","0","0","0","0","7","0","0","0","8","0","0","0","0","0","0","0","0","0","0","0","0","0","0","0","0","0","8"
"0x7d97cf7b3e00","      ISETP.GE.U32.AND P3, PT, R158, UR22, PT","8","2","8","65536","2097152","2097152","32","32","0","0","0","-","-","-","0","0","0","0","0","0","0","0","-","0","0","0","0","0","0","0","0","0","0","0","0","0","0","0","0","0","0","0","6","0","0","0","2","0","0","0","0","0","0","0","0","0","0","0","0","0","0","0","0","0","2"
"0x7d97cf7b3e10","      FMNMX R100, R103, R104, !PT","10","0","10","65536","2097152","2097152","32","32","0","0","0","-","-","-","0","0","0","0","0","0","0","0","-","0","0","0","0","0","0","0","0","0","0","0","0","0","0","0","0","0","0","0","10","0","0","0","0","0","0","0","0","0","0","0","0","0","0","0","0","0","0","0","0","0","0"
"0x7d97cf7b3e20","      ISETP.GE.AND.EX P3, PT, R161, UR24, PT, P3","54","28","54","65536","2097152","2097152","32","32","0","0","0","-","-","-","0","0","0","0","0","0","0","0","-","0","0","0","0","0","0","0","0","0","0","0","0","0","25","0","0","0","0","23","3","0","0","0","3","0","0","0","0","0","0","0","25","0","0","0","0","0","0","0","0","0","3"
"0x7d97cf7b3e30","      FMNMX R100, R105, R100, !PT","9","4","9","65536","2097152","2097152","32","32","0","0","0","-","-","-","0","0","0","0","0","0","0","0","-","0","0","0","0","0","0","0","0","0","0","0","0","0","0","0","0","0","0","0","5","0","0","0","4","0","0","0","0","0","0","0","0","0","0","0","0","0","0","0","0","0","4"
"0x7d97cf7b3e40","      FSEL R111, R120, -INF , !P3","11","5","11","65536","2097152","2097152","32","32","0","0","0","-","-","-","0","0","0","0","0","0","0","0","-","0","0","0","0","0","0","0","0","0","0","0","0","0","0","0","0","0","0","0","6","0","0","0","5","0","0","0","0","0","0","0","0","0","0","0","0","0","0","0","0","0","5"
"0x7d97cf7b3e50","      FSEL R91, R121, -INF , !P3","4","2","4","65536","2097152","2097152","32","32","0","0","0","-","-","-","0","0","0","0","0","0","0","0","-","0","0","0","0","0","0","0","0","0","0","0","0","0","0","0","0","0","0","0","2","0","0","0","2","0","0","0","0","0","0","0","0","0","0","0","0","0","0","0","0","0","2"
"0x7d97cf7b3e60","      FSEL R120, R99, -INF , !P2","6","4","6","65536","2097152","2097152","32","32","0","0","0","-","-","-","0","0","0","0","0","0","0","0","-","0","0","0","0","0","0","0","0","0","0","0","0","0","0","0","0","0","0","0","2","0","0","0","4","0","0","0","0","0","0","0","0","0","0","0","0","0","0","0","0","0","4"
"0x7d97cf7b3e70","      FSEL R121, R102, -INF , !P2","8","3","8","65536","2097152","2097152","32","32","0","0","0","-","-","-","0","0","0","0","0","0","0","0","-","0","0","0","0","0","0","0","0","0","0","0","0","0","0","0","0","0","0","0","5","0","0","0","3","0","0","0","0","0","0","0","0","0","0","0","0","0","0","0","0","0","3"
"0x7d97cf7b3e80","      ISETP.GE.U32.AND P2, PT, R133, UR22, PT","58","30","58","65536","2097152","2097152","32","32","0","0","0","-","-","-","0","0","0","0","0","0","0","0","-","0","0","0","0","0","0","0","0","0","0","0","0","0","26","0","0","0","0","27","1","0","0","0","4","0","0","0","0","0","0","0","26","0","0","0","0","0","0","0","0","0","4"
"0x7d97cf7b3e90","      FSEL R109, R96, -INF , !P3","4","3","4","65536","2097152","2097152","32","32","0","0","0","-","-","-","0","0","0","0","0","0","0","0","-","0","0","0","0","0","0","0","0","0","0","0","0","0","0","0","0","0","0","0","1","0","0","0","3","0","0","0","0","0","0","0","0","0","0","0","0","0","0","0","0","0","3"
"0x7d97cf7b3ea0","      FMNMX R100, R107, R100, !PT","11","3","11","65536","2097152","2097152","32","32","0","0","0","-","-","-","0","0","0","0","0","0","0","0","-","0","0","0","0","0","0","0","0","0","0","0","0","0","0","0","0","0","0","0","8","0","0","0","3","0","0","0","0","0","0","0","0","0","0","0","0","0","0","0","0","0","3"
"0x7d97cf7b3eb0","      ISETP.GE.AND.EX P2, PT, R93, UR24, PT, P2","6","1","6","65536","2097152","2097152","32","32","0","0","0","-","-","-","0","0","0","0","0","0","0","0","-","0","0","0","0","0","0","0","0","0","0","0","0","0","0","0","0","0","0","0","5","0","0","0","1","0","0","0","0","0","0","0","0","0","0","0","0","0","0","0","0","0","1"
"0x7d97cf7b3ec0","      FMNMX R100, R109, R100, !PT","7","1","7","65536","2097152","2097152","32","32","0","0","0","-","-","-","0","0","0","0","0","0","0","0","-","0","0","0","0","0","0","0","0","0","0","0","0","0","0","0","0","0","0","0","6","0","0","0","1","0","0","0","0","0","0","0","0","0","0","0","0","0","0","0","0","0","1"
"0x7d97cf7b3ed0","      FSEL R161, R112, -INF , !P2","13","5","13","65536","2097152","2097152","32","32","0","0","0","-","-","-","0","0","0","0","0","0","0","0","-","0","0","0","0","0","0","0","0","0","0","0","0","0","0","0","0","0","0","0","8","0","0","0","5","0","0","0","0","0","0","0","0","0","0","0","0","0","0","0","0","0","5"
"0x7d97cf7b3ee0","      FSEL R163, R129, -INF , !P2","66","34","66","65536","2097152","2097152","32","32","0","0","0","-","-","-","0","0","0","0","0","0","0","0","-","0","0","0","0","0","0","0","0","0","0","0","0","0","30","0","0","0","0","28","3","0","0","0","5","0","0","0","0","0","0","0","29","0","0","0","0","0","0","0","0","0","5"
"0x7d97cf7b3ef0","      FSEL R97, R114, -INF , !P2","11","5","11","65536","2097152","2097152","32","32","0","0","0","-","-","-","0","0","0","0","0","0","0","0","-","0","0","0","0","0","0","0","0","0","0","0","0","0","0","0","0","0","0","0","6","0","0","0","5","0","0","0","0","0","0","0","0","0","0","0","0","0","0","0","0","0","5"
"0x7d97cf7b3f00","      FSEL R98, R115, -INF , !P2","9","3","9","65536","2097152","2097152","32","32","0","0","0","-","-","-","0","0","0","0","0","0","0","0","-","0","0","0","0","0","0","0","0","0","0","0","0","0","0","0","0","0","0","0","6","0","0","0","3","0","0","0","0","0","0","0","0","0","0","0","0","0","0","0","0","0","3"
"0x7d97cf7b3f10","      FSEL R171, R116, -INF , !P2","7","1","7","65536","2097152","2097152","32","32","0","0","0","-","-","-","0","0","0","0","0","0","0","0","-","0","0","0","0","0","0","0","0","0","0","0","0","0","0","0","0","0","0","0","6","0","0","0","1","0","0","0","0","0","0","0","0","0","0","0","0","0","0","0","0","0","1"
"0x7d97cf7b3f20","      FSEL R173, R117, -INF , !P2","5","3","5","65536","2097152","2097152","32","32","0","0","0","-","-","-","0","0","0","0","0","0","0","0","-","0","0","0","0","0","0","0","0","0","0","0","0","0","0","0","0","0","0","0","2","0","0","0","3","0","0","0","0","0","0","0","0","0","0","0","0","0","0","0","0","0","3"
"0x7d97cf7b3f30","      FSEL R99, R118, -INF , !P2","5","4","5","65536","2097152","2097152","32","32","0","0","0","-","-","-","0","0","0","0","0","0","0","0","-","0","0","0","0","0","0","0","0","0","0","0","0","0","0","0","0","0","0","0","1","0","0","0","4","0","0","0","0","0","0","0","0","0","0","0","0","0","0","0","0","0","4"
"0x7d97cf7b3f40","      FSEL R101, R131, -INF , !P2","40","16","40","65536","2097152","2097152","32","32","0","0","0","-","-","-","0","0","0","0","0","0","0","0","-","0","0","0","0","0","0","0","0","0","0","0","0","0","15","0","0","0","0","18","4","0","0","0","3","0","0","0","0","0","0","0","13","0","0","0","0","0","0","0","0","0","3"
"0x7d97cf7b3f50","      FSEL R123, R123, -INF , !P3","15","9","15","65536","2097152","2097152","32","32","0","0","0","-","-","-","0","0","0","0","0","0","0","0","-","0","0","0","0","0","0","0","0","0","0","0","0","0","0","0","0","0","0","0","6","0","0","0","9","0","0","0","0","0","0","0","0","0","0","0","0","0","0","0","0","0","9"
"0x7d97cf7b3f60","      ISETP.GE.U32.AND P2, PT, R135, UR22, PT","7","5","7","65536","2097152","2097152","32","32","0","0","0","-","-","-","0","0","0","0","0","0","0","0","-","0","0","0","0","0","0","0","0","0","0","0","0","0","0","0","0","0","0","0","2","0","0","0","5","0","0","0","0","0","0","0","0","0","0","0","0","0","0","0","0","0","5"
"0x7d97cf7b3f70","      FMNMX R100, R111, R100, !PT","9","5","9","65536","2097152","2097152","32","32","0","0","0","-","-","-","0","0","0","0","0","0","0","0","-","0","0","0","0","0","0","0","0","0","0","0","0","0","0","0","0","0","0","0","4","0","0","0","5","0","0","0","0","0","0","0","0","0","0","0","0","0","0","0","0","0","5"
"0x7d97cf7b3f80","      FSEL R113, R124, -INF , !P3","8","3","8","65536","2097152","2097152","32","32","0","0","0","-","-","-","0","0","0","0","0","0","0","0","-","0","0","0","0","0","0","0","0","0","0","0","0","0","0","0","0","0","0","0","5","0","0","0","3","0","0","0","0","0","0","0","0","0","0","0","0","0","0","0","0","0","3"
"0x7d97cf7b3f90","      ISETP.GE.AND.EX P2, PT, R93, UR24, PT, P2","10","6","10","65536","2097152","2097152","32","32","0","0","0","-","-","-","0","0","0","0","0","0","0","0","-","0","0","0","0","0","0","0","0","0","0","0","0","0","0","0","0","0","0","0","4","0","0","0","6","0","0","0","0","0","0","0","0","0","0","0","0","0","0","0","0","0","6"
"0x7d97cf7b3fa0","      IMAD R93, R151, R137, R8","3","0","3","65536","2097152","2097152","32","32","0","0","0","-","-","-","0","0","0","0","0","0","0","0","-","0","0","0","0","0","0","0","0","0","0","0","0","0","0","0","0","0","0","0","3","0","0","0","0","0","0","0","0","0","0","0","0","0","0","0","0","0","0","0","0","0","0"
"0x7d97cf7b3fb0","      FMNMX R100, R123, R100, !PT","2","0","2","65536","2097152","2097152","32","32","0","0","0","-","-","-","0","0","0","0","0","0","0","0","-","0","0","0","0","0","0","0","0","0","0","0","0","0","0","0","0","0","0","0","2","0","0","0","0","0","0","0","0","0","0","0","0","0","0","0","0","0","0","0","0","0","0"
"0x7d97cf7b3fc0","      FSEL R115, R106, -INF , !P2","77","32","77","65536","2097152","2097152","32","32","0","0","0","-","-","-","0","0","0","0","0","0","0","0","-","0","0","0","0","0","0","0","0","0","0","0","0","0","31","0","0","0","0","42","2","0","0","0","2","0","0","0","0","0","0","0","30","0","0","0","0","0","0","0","0","0","2"
"0x7d97cf7b3fd0","      FMNMX R100, R113, R100, !PT","8","4","8","65536","2097152","2097152","32","32","0","0","0","-","-","-","0","0","0","0","0","0","0","0","-","0","0","0","0","0","0","0","0","0","0","0","0","0","0","0","0","0","0","0","4","0","0","0","4","0","0","0","0","0","0","0","0","0","0","0","0","0","0","0","0","0","4"
"0x7d97cf7b3fe0","      FSEL R127, R127, -INF , !P2","5","1","5","65536","2097152","2097152","32","32","0","0","0","-","-","-","0","0","0","0","0","0","0","0","-","0","0","0","0","0","0","0","0","0","0","0","0","0","0","0","0","0","0","0","4","0","0","0","1","0","0","0","0","0","0","0","0","0","0","0","0","0","0","0","0","0","1"
"0x7d97cf7b3ff0","      FMNMX R100, R115, R100, !PT","8","4","8","65536","2097152","2097152","32","32","0","0","0","-","-","-","0","0","0","0","0","0","0","0","-","0","0","0","0","0","0","0","0","0","0","0","0","0","0","0","0","0","0","0","4","0","0","0","4","0","0","0","0","0","0","0","0","0","0","0","0","0","0","0","0","0","4"
"0x7d97cf7b4000","      FSEL R117, R130, -INF , !P2","1","1","1","65536","2097152","2097152","32","32","0","0","0","-","-","-","0","0","0","0","0","0","0","0","-","0","0","0","0","0","0","0","0","0","0","0","0","0","0","0","0","0","0","0","0","0","0","0","1","0","0","0","0","0","0","0","0","0","0","0","0","0","0","0","0","0","1"
"0x7d97cf7b4010","      FMNMX R100, R127, R100, !PT","12","5","12","65536","2097152","2097152","32","32","0","0","0","-","-","-","0","0","0","0","0","0","0","0","-","0","0","0","0","0","0","0","0","0","0","0","0","0","0","0","0","0","0","0","7","0","0","0","5","0","0","0","0","0","0","0","0","0","0","0","0","0","0","0","0","0","5"
"0x7d97cf7b4020","      FSEL R131, R110, -INF , !P2","44","21","44","65536","2097152","2097152","32","32","0","0","0","-","-","-","0","0","0","0","0","0","0","0","-","0","0","0","0","0","0","0","0","0","0","0","0","0","21","0","0","0","0","17","3","0","0","0","3","0","0","0","0","0","0","0","18","0","0","0","0","0","0","0","0","0","3"
"0x7d97cf7b4030","      FMNMX R100, R117, R100, !PT","9","4","9","65536","2097152","2097152","32","32","0","0","0","-","-","-","0","0","0","0","0","0","0","0","-","0","0","0","0","0","0","0","0","0","0","0","0","0","0","0","0","0","0","0","5","0","0","0","4","0","0","0","0","0","0","0","0","0","0","0","0","0","0","0","0","0","4"
"0x7d97cf7b4040","      FSEL R92, R122, -INF , !P3","7","4","7","65536","2097152","2097152","32","32","0","0","0","-","-","-","0","0","0","0","0","0","0","0","-","0","0","0","0","0","0","0","0","0","0","0","0","0","0","0","0","0","0","0","3","0","0","0","4","0","0","0","0","0","0","0","0","0","0","0","0","0","0","0","0","0","4"
"0x7d97cf7b4050","      FMNMX R100, R131, R100, !PT","13","7","13","65536","2097152","2097152","32","32","0","0","0","-","-","-","0","0","0","0","0","0","0","0","-","0","0","0","0","0","0","0","0","0","0","0","0","0","0","0","0","0","0","0","6","0","0","0","7","0","0","0","0","0","0","0","0","0","0","0","0","0","0","0","0","0","7"
"0x7d97cf7b4060","      FSEL R94, R125, -INF , !P3","12","5","12","65536","2097152","2097152","32","32","0","0","0","-","-","-","0","0","0","0","0","0","0","0","-","0","0","0","0","0","0","0","0","0","0","0","0","0","0","0","0","0","0","0","7","0","0","0","5","0","0","0","0","0","0","0","0","0","0","0","0","0","0","0","0","0","5"
"0x7d97cf7b4070","      FMNMX R100, R161, R100, !PT","8","3","8","65536","2097152","2097152","32","32","0","0","0","-","-","-","0","0","0","0","0","0","0","0","-","0","0","0","0","0","0","0","0","0","0","0","0","0","0","0","0","0","0","0","5","0","0","0","3","0","0","0","0","0","0","0","0","0","0","0","0","0","0","0","0","0","3"
"0x7d97cf7b4080","      FSEL R96, R126, -INF , !P3","61","36","61","65536","2097152","2097152","32","32","0","0","0","-","-","-","0","0","0","0","0","0","0","0","-","0","0","0","0","0","0","0","0","0","0","0","0","0","31","0","0","0","0","22","3","0","0","0","5","0","0","0","0","0","0","0","31","0","0","0","0","0","0","0","0","0","5"
"0x7d97cf7b4090","      FMNMX R100, R163, R100, !PT","11","4","11","65536","2097152","2097152","32","32","0","0","0","-","-","-","0","0","0","0","0","0","0","0","-","0","0","0","0","0","0","0","0","0","0","0","0","0","0","0","0","0","0","0","7","0","0","0","4","0","0","0","0","0","0","0","0","0","0","0","0","0","0","0","0","0","4"
"0x7d97cf7b40a0","      FSEL R125, R108, -INF , !P2","4","1","4","65536","2097152","2097152","32","32","0","0","0","-","-","-","0","0","0","0","0","0","0","0","-","0","0","0","0","0","0","0","0","0","0","0","0","0","0","0","0","0","0","0","3","0","0","0","1","0","0","0","0","0","0","0","0","0","0","0","0","0","0","0","0","0","1"
"0x7d97cf7b40b0","      FMNMX R100, R171, R100, !PT","9","4","9","65536","2097152","2097152","32","32","0","0","0","-","-","-","0","0","0","0","0","0","0","0","-","0","0","0","0","0","0","0","0","0","0","0","0","0","0","0","0","0","0","0","5","0","0","0","4","0","0","0","0","0","0","0","0","0","0","0","0","0","0","0","0","0","4"
"0x7d97cf7b40c0","      FSEL R129, R128, -INF , !P2","11","6","11","65536","2097152","2097152","32","32","0","0","0","-","-","-","0","0","0","0","0","0","0","0","-","0","0","0","0","0","0","0","0","0","0","0","0","0","0","0","0","0","0","0","5","0","0","0","6","0","0","0","0","0","0","0","0","0","0","0","0","0","0","0","0","0","6"
"0x7d97cf7b40d0","      FMNMX R102, R173, R100, !PT","8","5","8","65536","2097152","2097152","32","32","0","0","0","-","-","-","0","0","0","0","0","0","0","0","-","0","0","0","0","0","0","0","0","0","0","0","0","0","0","0","0","0","0","0","3","0","0","0","5","0","0","0","0","0","0","0","0","0","0","0","0","0","0","0","0","0","5"
"0x7d97cf7b40e0","      FSEL R133, R132, -INF , !P2","33","14","33","65536","2097152","2097152","32","32","0","0","0","-","-","-","0","0","0","0","0","0","0","0","-","0","0","0","0","0","0","0","0","0","0","0","0","0","14","0","0","0","0","6","9","0","0","0","4","0","0","0","0","0","0","0","10","0","0","0","0","0","0","0","0","0","4"
"0x7d97cf7b40f0","      FSEL R135, R134, -INF , !P2","8","6","8","65536","2097152","2097152","32","32","0","0","0","-","-","-","0","0","0","0","0","0","0","0","-","0","0","0","0","0","0","0","0","0","0","0","0","0","0","0","0","0","0","0","2","0","0","0","6","0","0","0","0","0","0","0","0","0","0","0","0","0","0","0","0","0","6"
"0x7d97cf7b4100","      SHFL.BFLY PT, R175, R102, 0x2, 0x1f","2","0","2","65536","2097152","2097152","32","32","0","0","0","-","-","-","0","0","0","0","0","0","0","0","-","0","0","0","0","0","0","0","0","0","0","0","0","0","0","0","0","0","0","0","2","0","0","0","0","0","0","0","0","0","0","0","0","0","0","0","0","0","0","0","0","0","0"
"0x7d97cf7b4110","      SEL R89, R89, RZ, !P4","2","0","2","65536","2097152","2097152","32","32","0","0","0","-","-","-","0","0","0","0","0","0","0","0","-","0","0","0","0","0","0","0","0","0","0","0","0","0","0","0","0","0","0","0","2","0","0","0","0","0","0","0","0","0","0","0","0","0","0","0","0","0","0","0","0","0","0"
"0x7d97cf7b4120","      ISETP.NE.U32.AND P3, PT, R89, RZ, PT","38","14","38","65536","2097152","2097152","32","32","0","0","0","-","-","-","0","0","0","0","0","0","0","0","-","0","0","0","0","0","0","0","0","0","0","0","0","0","10","0","0","0","0","13","4","0","0","0","11","0","0","0","0","0","0","0","8","0","0","0","0","0","0","0","0","0","6"
"0x7d97cf7b4130","      VIADD R89, R88, 0xd0","3","0","3","65536","2097152","2097152","32","32","0","0","0","-","-","-","0","0","0","0","0","0","0","0","-","0","0","0","0","0","0","0","0","0","0","0","0","0","0","0","0","0","0","0","3","0","0","0","0","0","0","0","0","0","0","0","0","0","0","0","0","0","0","0","0","0","0"
"0x7d97cf7b4140","      ISETP.GE.AND P2, PT, R89, UR22, PT","22","12","22","65536","2097152","2097152","32","32","0","0","0","-","-","-","0","0","0","0","0","0","0","0","-","0","0","0","0","0","0","0","0","0","0","0","0","0","3","0","0","0","0","0","2","0","0","0","17","0","0","0","0","0","0","0","3","0","0","0","0","0","0","0","0","0","9"
"0x7d97cf7b4150","      SEL R89, RZ, 0x10, P2","11","4","11","65536","2097152","2097152","32","32","0","0","0","-","-","-","0","0","0","0","0","0","0","0","-","0","0","0","0","0","0","0","0","0","0","0","0","0","0","0","0","0","0","0","2","0","0","0","9","0","0","0","0","0","0","0","0","0","0","0","0","0","0","0","0","0","4"
"0x7d97cf7b4160","      SEL R89, R89, RZ, !P4","16","5","16","65536","2097152","2097152","32","32","0","0","0","-","-","-","0","0","0","0","0","0","0","0","-","0","0","0","0","0","0","0","0","0","0","0","0","0","0","0","0","0","0","0","6","0","0","0","10","0","0","0","0","0","0","0","0","0","0","0","0","0","0","0","0","0","5"
"0x7d97cf7b4170","      ISETP.NE.U32.AND P2, PT, R89, RZ, PT","22","10","22","65536","2097152","2097152","32","32","0","0","0","-","-","-","0","0","0","0","0","0","0","0","-","0","0","0","0","0","0","0","0","0","0","0","0","0","4","0","0","0","0","3","6","0","0","0","9","0","0","0","0","0","0","0","4","0","0","0","0","0","0","0","0","0","6"
"0x7d97cf7b4180","      IMAD R89, R151, R138, R9","6","0","6","65536","2097152","2097152","32","32","0","0","0","-","-","-","0","0","0","0","0","0","0","0","-","0","0","0","0","0","0","0","0","0","0","0","0","0","0","0","0","0","0","0","6","0","0","0","0","0","0","0","0","0","0","0","0","0","0","0","0","0","0","0","0","0","0"
"0x7d97cf7b4190","      FMNMX R106, R102, R175, !PT","5","1","5","65536","2097152","2097152","32","32","0","0","0","-","-","-","0","0","0","0","0","0","0","0","-","0","0","0","0","0","0","0","0","0","0","0","0","0","1","0","0","0","0","0","4","0","0","0","0","0","0","0","0","0","0","0","1","0","0","0","0","0","0","0","0","0","0"
"0x7d97cf7b41a0","      FMNMX R175, R119, R120, !PT","12","7","12","65536","2097152","2097152","32","32","0","0","0","-","-","-","0","0","0","0","0","0","0","0","-","0","0","0","0","0","0","0","0","0","0","0","0","0","1","0","0","0","0","0","5","0","0","0","6","0","0","0","0","0","0","0","1","0","0","0","0","0","0","0","0","0","6"
"0x7d97cf7b41b0","      SHFL.BFLY PT, R177, R106, 0x1, 0x1f","12","6","12","65536","2097152","2097152","32","32","0","0","0","-","-","-","0","0","0","0","0","0","0","0","-","0","0","0","0","0","0","0","0","0","0","0","0","0","0","0","0","0","0","1","1","0","0","0","10","0","0","0","0","0","0","0","0","0","0","0","0","0","0","0","0","0","6"
"0x7d97cf7b41c0","      FMNMX R100, R90, R175, !PT","2","0","2","65536","2097152","2097152","32","32","0","0","0","-","-","-","0","0","0","0","0","0","0","0","-","0","0","0","0","0","0","0","0","0","0","0","0","0","0","0","0","0","0","0","2","0","0","0","0","0","0","0","0","0","0","0","0","0","0","0","0","0","0","0","0","0","0"
"0x7d97cf7b41d0","      FMNMX R100, R121, R100, !PT","14","8","14","65536","2097152","2097152","32","32","0","0","0","-","-","-","0","0","0","0","0","0","0","0","-","0","0","0","0","0","0","0","0","0","0","0","0","0","0","0","0","0","0","0","4","0","0","0","10","0","0","0","0","0","0","0","0","0","0","0","0","0","0","0","0","0","8"
"0x7d97cf7b41e0","      FMNMX R175, R91, R100, !PT","19","6","19","65536","2097152","2097152","32","32","0","0","0","-","-","-","0","0","0","0","0","0","0","0","-","0","0","0","0","0","0","0","0","0","0","0","0","0","0","0","0","0","0","0","5","0","0","0","14","0","0","0","0","0","0","0","0","0","0","0","0","0","0","0","0","0","6"
"0x7d97cf7b41f0","      FMNMX R175, R92, R175, !PT","24","14","24","65536","2097152","2097152","32","32","0","0","0","-","-","-","0","0","0","0","0","0","0","0","-","0","0","0","0","0","0","0","0","0","0","0","0","0","2","0","0","0","0","5","4","0","0","0","13","0","0","0","0","0","0","0","2","0","0","0","0","0","0","0","0","0","12"
"0x7d97cf7b4200","      FMNMX R175, R94, R175, !PT","28","6","28","65536","2097152","2097152","32","32","0","0","0","-","-","-","0","0","0","0","0","0","0","0","-","0","0","0","0","0","0","0","0","1","0","0","0","0","2","0","0","0","0","12","3","0","0","0","10","0","0","0","0","0","0","0","0","0","0","0","0","0","0","0","0","0","6"
"0x7d97cf7b4210","      FMNMX R108, R106, R177, !PT","27","12","27","65536","2097152","2097152","32","32","0","0","0","-","-","-","0","0","0","0","0","0","0","0","-","0","0","0","0","0","0","0","0","0","0","0","0","0","4","0","0","0","0","0","8","11","0","0","4","0","0","0","0","0","0","0","4","0","0","0","0","0","0","4","0","0","4"
"0x7d97cf7b4220","      FMNMX R106, R96, R175, !PT","34","2","34","65536","2097152","2097152","32","32","0","0","0","-","-","-","0","0","0","0","0","0","0","0","-","0","0","0","0","0","0","0","0","2","0","0","0","0","7","0","0","0","0","16","5","0","0","0","4","0","0","0","0","0","0","0","0","0","0","0","0","0","0","0","0","0","2"
"0x7d97cf7b4230","      FMNMX R100, R108, R147, !PT","7","4","7","65536","2097152","2097152","32","32","0","0","0","-","-","-","0","0","0","0","0","0","0","0","-","0","0","0","0","0","0","0","0","0","0","0","0","0","1","0","0","0","0","0","2","0","0","0","4","0","0","0","0","0","0","0","0","0","0","0","0","0","0","0","0","0","4"
"0x7d97cf7b4240","      FMNMX R106, R125, R106, !PT","7","4","7","65536","2097152","2097152","32","32","0","0","0","-","-","-","0","0","0","0","0","0","0","0","-","0","0","0","0","0","0","0","0","0","0","0","0","0","0","0","0","0","0","0","3","0","0","0","4","0","0","0","0","0","0","0","0","0","0","0","0","0","0","0","0","0","4"
"0x7d97cf7b4250","      FADD R108, R103, -R100","16","4","16","65536","2097152","2097152","32","32","0","0","0","-","-","-","0","0","0","0","0","0","0","0","-","0","0","0","0","0","0","0","0","0","0","0","0","0","0","0","0","0","0","1","7","0","0","0","8","0","0","0","0","0","0","0","0","0","0","0","0","0","0","0","0","0","4"
"0x7d97cf7b4260","      FMNMX R106, R129, R106, !PT","6","0","6","65536","2097152","2097152","32","32","0","0","0","-","-","-","0","0","0","0","0","0","0","0","-","0","0","0","0","0","0","0","0","0","0","0","0","0","0","0","0","0","0","0","6","0","0","0","0","0","0","0","0","0","0","0","0","0","0","0","0","0","0","0","0","0","0"
"0x7d97cf7b4270","      FADD R103, R104, -R100","4","0","4","65536","2097152","2097152","32","32","0","0","0","-","-","-","0","0","0","0","0","0","0","0","-","0","0","0","0","0","0","0","0","0","0","0","0","0","0","0","0","0","0","0","4","0","0","0","0","0","0","0","0","0","0","0","0","0","0","0","0","0","0","0","0","0","0"
"0x7d97cf7b4280","      FADD R104, R105, -R100","4","0","4","65536","2097152","2097152","32","32","0","0","0","-","-","-","0","0","0","0","0","0","0","0","-","0","0","0","0","0","0","0","0","0","0","0","0","0","0","0","0","0","0","0","4","0","0","0","0","0","0","0","0","0","0","0","0","0","0","0","0","0","0","0","0","0","0"
"0x7d97cf7b4290","      FADD R105, R107, -R100","3","0","3","65536","2097152","2097152","32","32","0","0","0","-","-","-","0","0","0","0","0","0","0","0","-","0","0","0","0","0","0","0","0","0","0","0","0","0","0","0","0","0","0","0","3","0","0","0","0","0","0","0","0","0","0","0","0","0","0","0","0","0","0","0","0","0","0"
"0x7d97cf7b42a0","      FMNMX R106, R133, R106, !PT","5","0","5","65536","2097152","2097152","32","32","0","0","0","-","-","-","0","0","0","0","0","0","0","0","-","0","0","0","0","0","0","0","0","0","0","0","0","0","0","0","0","0","0","0","5","0","0","0","0","0","0","0","0","0","0","0","0","0","0","0","0","0","0","0","0","0","0"
"0x7d97cf7b42b0","      MUFU.EX2 R102, R108","1","0","1","65536","2097152","2097152","32","32","0","0","0","-","-","-","0","0","0","0","0","0","0","0","-","0","0","0","0","0","0","0","0","0","0","0","0","0","0","0","0","0","0","0","1","0","0","0","0","0","0","0","0","0","0","0","0","0","0","0","0","0","0","0","0","0","0"
"0x7d97cf7b42c0","      FADD R114, R109, -R100","5","0","5","65536","2097152","2097152","32","32","0","0","0","-","-","-","0","0","0","0","0","0","0","0","-","0","0","0","0","0","0","0","0","1","0","0","0","0","0","0","0","0","0","0","4","0","0","0","0","0","0","0","0","0","0","0","0","0","0","0","0","0","0","0","0","0","0"
"0x7d97cf7b42d0","      FADD R109, R113, -R100","3","0","3","65536","2097152","2097152","32","32","0","0","0","-","-","-","0","0","0","0","0","0","0","0","-","0","0","0","0","0","0","0","0","0","0","0","0","0","0","0","0","0","0","0","3","0","0","0","0","0","0","0","0","0","0","0","0","0","0","0","0","0","0","0","0","0","0"
"0x7d97cf7b42e0","      FMNMX R106, R135, R106, !PT","5","0","5","65536","2097152","2097152","32","32","0","0","0","-","-","-","0","0","0","0","0","0","0","0","-","0","0","0","0","0","0","0","0","0","0","0","0","0","0","0","0","0","0","0","5","0","0","0","0","0","0","0","0","0","0","0","0","0","0","0","0","0","0","0","0","0","0"
"0x7d97cf7b42f0","      FADD R110, R115, -R100","6","0","6","65536","2097152","2097152","32","32","0","0","0","-","-","-","0","0","0","0","0","0","0","0","-","0","0","0","0","0","0","0","0","0","0","0","0","0","0","0","0","0","0","0","6","0","0","0","0","0","0","0","0","0","0","0","0","0","0","0","0","0","0","0","0","0","0"
"0x7d97cf7b4300","      FADD R118, R117, -R100","4","0","4","65536","2097152","2097152","32","32","0","0","0","-","-","-","0","0","0","0","0","0","0","0","-","0","0","0","0","0","0","0","0","0","0","0","0","0","0","0","0","0","0","0","4","0","0","0","0","0","0","0","0","0","0","0","0","0","0","0","0","0","0","0","0","0","0"
"0x7d97cf7b4310","      FADD R117, R131, -R100","0","0","0","65536","2097152","2097152","32","32","0","0","0","-","-","-","0","0","0","0","0","0","0","0","-","0","0","0","0","0","0","0","0","0","0","0","0","0","0","0","0","0","0","0","0","0","0","0","0","0","0","0","0","0","0","0","0","0","0","0","0","0","0","0","0","0","0"
"0x7d97cf7b4320","      FMNMX R107, R97, R106, !PT","2","0","2","65536","2097152","2097152","32","32","0","0","0","-","-","-","0","0","0","0","0","0","0","0","-","0","0","0","0","0","0","0","0","0","0","0","0","0","0","0","0","0","0","0","2","0","0","0","0","0","0","0","0","0","0","0","0","0","0","0","0","0","0","0","0","0","0"
"0x7d97cf7b4330","      FADD R116, R161, -R100","0","0","0","65536","2097152","2097152","32","32","0","0","0","-","-","-","0","0","0","0","0","0","0","0","-","0","0","0","0","0","0","0","0","0","0","0","0","0","0","0","0","0","0","0","0","0","0","0","0","0","0","0","0","0","0","0","0","0","0","0","0","0","0","0","0","0","0"
"0x7d97cf7b4340","      FADD R115, R163, -R100","4","0","4","65536","2097152","2097152","32","32","0","0","0","-","-","-","0","0","0","0","0","0","0","0","-","0","0","0","0","0","0","0","0","0","0","0","0","0","0","0","0","0","0","0","4","0","0","0","0","0","0","0","0","0","0","0","0","0","0","0","0","0","0","0","0","0","0"
"0x7d97cf7b4350","      FADD R113, R171, -R100","2","0","2","65536","2097152","2097152","32","32","0","0","0","-","-","-","0","0","0","0","0","0","0","0","-","0","0","0","0","0","0","0","0","0","0","0","0","0","0","0","0","0","0","0","2","0","0","0","0","0","0","0","0","0","0","0","0","0","0","0","0","0","0","0","0","0","0"
"0x7d97cf7b4360","      FMNMX R106, R98, R107, !PT","9","0","9","65536","2097152","2097152","32","32","0","0","0","-","-","-","0","0","0","0","0","0","0","0","-","0","0","0","0","0","0","0","0","0","0","0","0","0","0","0","0","0","0","0","9","0","0","0","0","0","0","0","0","0","0","0","0","0","0","0","0","0","0","0","0","0","0"
"0x7d97cf7b4370","      FADD R107, R111, -R100","6","0","6","65536","2097152","2097152","32","32","0","0","0","-","-","-","0","0","0","0","0","0","0","0","-","0","0","0","0","0","0","0","0","0","0","0","0","0","0","0","0","0","0","0","6","0","0","0","0","0","0","0","0","0","0","0","0","0","0","0","0","0","0","0","0","0","0"
"0x7d97cf7b4380","      FADD R111, R127, -R100","5","0","5","65536","2097152","2097152","32","32","0","0","0","-","-","-","0","0","0","0","0","0","0","0","-","0","0","0","0","0","0","0","0","0","0","0","0","0","0","0","0","0","0","0","5","0","0","0","0","0","0","0","0","0","0","0","0","0","0","0","0","0","0","0","0","0","0"
"0x7d97cf7b4390","      FADD R158, R173, -R100","7","0","7","65536","2097152","2097152","32","32","0","0","0","-","-","-","0","0","0","0","0","0","0","0","-","0","0","0","0","0","0","0","0","0","0","0","0","0","0","0","0","0","0","0","7","0","0","0","0","0","0","0","0","0","0","0","0","0","0","0","0","0","0","0","0","0","0"
"0x7d97cf7b43a0","      FMNMX R108, R99, R106, !PT","7","0","7","65536","2097152","2097152","32","32","0","0","0","-","-","-","0","0","0","0","0","0","0","0","-","0","0","0","0","0","0","0","0","0","0","0","0","0","0","0","0","0","0","0","7","0","0","0","0","0","0","0","0","0","0","0","0","0","0","0","0","0","0","0","0","0","0"
"0x7d97cf7b43b0","      MUFU.EX2 R103, R103","4","0","4","65536","2097152","2097152","32","32","0","0","0","-","-","-","0","0","0","0","0","0","0","0","-","0","0","0","0","0","0","0","0","0","0","0","0","0","0","0","0","0","0","0","4","0","0","0","0","0","0","0","0","0","0","0","0","0","0","0","0","0","0","0","0","0","0"
"0x7d97cf7b43c0","      FMNMX R112, R101, R108, !PT","13","7","13","65536","2097152","2097152","32","32","0","0","0","-","-","-","0","0","0","0","0","0","0","0","-","0","0","0","0","0","0","0","0","0","0","0","0","0","5","0","0","0","0","1","4","0","0","0","3","0","0","0","0","0","0","0","5","0","0","0","0","0","0","0","0","0","2"
"0x7d97cf7b43d0","      FADD R108, R123, -R100","2","0","2","65536","2097152","2097152","32","32","0","0","0","-","-","-","0","0","0","0","0","0","0","0","-","0","0","0","0","0","0","0","0","0","0","0","0","0","0","0","0","0","0","0","2","0","0","0","0","0","0","0","0","0","0","0","0","0","0","0","0","0","0","0","0","0","0"
"0x7d97cf7b43e0","      SHFL.BFLY PT, R175, R112, 0x2, 0x1f","61","7","61","65536","2097152","2097152","32","32","0","0","0","-","-","-","0","0","0","0","0","0","0","0","-","0","0","0","0","0","0","0","0","0","0","0","0","0","0","0","0","0","0","38","6","0","0","0","17","0","0","0","0","0","0","0","0","0","0","0","0","0","0","0","0","0","7"
"0x7d97cf7b43f0","      MUFU.EX2 R106, R114","27","16","27","65536","2097152","2097152","32","32","0","0","0","-","-","-","0","0","0","0","0","0","0","0","-","0","0","0","0","0","0","0","0","0","0","0","0","0","0","0","18","0","0","8","1","0","0","0","0","0","0","0","0","0","0","0","0","0","16","0","0","0","0","0","0","0","0"
"0x7d97cf7b4400","      MUFU.EX2 R104, R104","144","56","144","65536","2097152","2097152","32","32","0","0","0","-","-","-","0","0","0","0","0","0","0","0","-","0","0","0","0","0","0","0","0","0","0","0","0","0","0","0","78","0","0","38","3","0","0","0","25","0","0","0","0","0","0","0","0","0","41","0","0","0","0","0","0","0","15"
"0x7d97cf7b4410","      FADD R114, -R100, R147","27","21","27","65536","2097152","2097152","32","32","0","0","0","-","-","-","0","0","0","0","0","0","0","0","-","0","0","0","0","0","0","0","0","0","0","0","0","0","0","0","0","0","0","0","6","21","0","0","0","0","0","0","0","0","0","0","0","0","0","0","0","0","0","21","0","0","0"
"0x7d97cf7b4420","      MUFU.EX2 R114, R114","69","17","69","65536","2097152","2097152","32","32","0","0","0","-","-","-","0","0","0","0","0","0","0","0","-","0","0","0","0","0","0","0","0","0","0","0","0","0","0","0","21","0","0","22","3","0","0","0","23","0","0","0","0","0","0","0","0","0","1","0","0","0","0","0","0","0","16"
"0x7d97cf7b4430","      FMNMX R175, R112, R175, !PT","0","0","0","65536","2097152","2097152","32","32","0","0","0","-","-","-","0","0","0","0","0","0","0","0","-","0","0","0","0","0","0","0","0","0","0","0","0","0","0","0","0","0","0","0","0","0","0","0","0","0","0","0","0","0","0","0","0","0","0","0","0","0","0","0","0","0","0"
"0x7d97cf7b4440","      MUFU.EX2 R105, R105","94","25","94","65536","2097152","2097152","32","32","0","0","0","-","-","-","0","0","0","0","0","0","0","0","-","0","0","0","0","0","0","0","0","0","0","0","0","0","0","0","66","0","0","6","3","0","0","0","19","0","0","0","0","0","0","0","0","0","9","0","0","0","0","0","0","0","16"
"0x7d97cf7b4450","      SHFL.BFLY PT, R112, R175, 0x1, 0x1f","0","0","0","65536","2097152","2097152","32","32","0","0","0","-","-","-","0","0","0","0","0","0","0","0","-","0","0","0","0","0","0","0","0","0","0","0","0","0","0","0","0","0","0","0","0","0","0","0","0","0","0","0","0","0","0","0","0","0","0","0","0","0","0","0","0","0","0"
"0x7d97cf7b4460","      MUFU.EX2 R107, R107","23","20","23","65536","2097152","2097152","32","32","0","0","0","-","-","-","0","0","0","0","0","0","0","0","-","0","0","0","0","0","0","0","0","0","0","0","0","0","0","0","0","0","0","0","3","0","0","0","20","0","0","0","0","0","0","0","0","0","0","0","0","0","0","0","0","0","20"
"0x7d97cf7b4470","      FMUL R24, R24, R114","11","4","11","65536","2097152","2097152","32","32","0","0","0","-","-","-","0","0","0","0","0","0","0","0","-","0","0","0","0","0","0","0","0","1","0","0","0","0","0","0","0","0","0","0","6","4","0","0","0","0","0","0","0","0","0","0","0","0","0","0","0","0","0","4","0","0","0"
"0x7d97cf7b4480","      FMUL R25, R25, R114","5","0","5","65536","2097152","2097152","32","32","0","0","0","-","-","-","0","0","0","0","0","0","0","0","-","0","0","0","0","0","0","0","0","0","0","0","0","0","0","0","0","0","0","0","5","0","0","0","0","0","0","0","0","0","0","0","0","0","0","0","0","0","0","0","0","0","0"
"0x7d97cf7b4490","      FMUL R28, R28, R114","5","0","5","65536","2097152","2097152","32","32","0","0","0","-","-","-","0","0","0","0","0","0","0","0","-","0","0","0","0","0","0","0","0","0","0","0","0","0","0","0","0","0","0","0","5","0","0","0","0","0","0","0","0","0","0","0","0","0","0","0","0","0","0","0","0","0","0"
"0x7d97cf7b44a0","      FMUL R29, R29, R114","1","0","1","65536","2097152","2097152","32","32","0","0","0","-","-","-","0","0","0","0","0","0","0","0","-","0","0","0","0","0","0","0","0","0","0","0","0","0","0","0","0","0","0","0","1","0","0","0","0","0","0","0","0","0","0","0","0","0","0","0","0","0","0","0","0","0","0"
"0x7d97cf7b44b0","      FMUL R32, R32, R114","2","0","2","65536","2097152","2097152","32","32","0","0","0","-","-","-","0","0","0","0","0","0","0","0","-","0","0","0","0","0","0","0","0","0","0","0","0","0","0","0","0","0","0","0","2","0","0","0","0","0","0","0","0","0","0","0","0","0","0","0","0","0","0","0","0","0","0"
"0x7d97cf7b44c0","      FMUL R33, R33, R114","7","0","7","65536","2097152","2097152","32","32","0","0","0","-","-","-","0","0","0","0","0","0","0","0","-","0","0","0","0","0","0","0","0","0","0","0","0","0","0","0","0","0","0","0","7","0","0","0","0","0","0","0","0","0","0","0","0","0","0","0","0","0","0","0","0","0","0"
"0x7d97cf7b44d0","      FMUL R36, R36, R114","1","0","1","65536","2097152","2097152","32","32","0","0","0","-","-","-","0","0","0","0","0","0","0","0","-","0","0","0","0","0","0","0","0","0","0","0","0","0","0","0","0","0","0","0","1","0","0","0","0","0","0","0","0","0","0","0","0","0","0","0","0","0","0","0","0","0","0"
"0x7d97cf7b44e0","      MUFU.EX2 R108, R108","4","0","4","65536","2097152","2097152","32","32","0","0","0","-","-","-","0","0","0","0","0","0","0","0","-","0","0","0","0","0","0","0","0","0","0","0","0","0","0","0","0","0","0","0","4","0","0","0","0","0","0","0","0","0","0","0","0","0","0","0","0","0","0","0","0","0","0"
"0x7d97cf7b44f0","      FMUL R37, R37, R114","7","0","7","65536","2097152","2097152","32","32","0","0","0","-","-","-","0","0","0","0","0","0","0","0","-","0","0","0","0","0","0","0","0","0","0","0","0","0","0","0","0","0","0","0","7","0","0","0","0","0","0","0","0","0","0","0","0","0","0","0","0","0","0","0","0","0","0"
"0x7d97cf7b4500","      FMUL R40, R40, R114","5","0","5","65536","2097152","2097152","32","32","0","0","0","-","-","-","0","0","0","0","0","0","0","0","-","0","0","0","0","0","0","0","0","0","0","0","0","0","0","0","0","0","0","0","5","0","0","0","0","0","0","0","0","0","0","0","0","0","0","0","0","0","0","0","0","0","0"
"0x7d97cf7b4510","      FMUL R41, R41, R114","3","0","3","65536","2097152","2097152","32","32","0","0","0","-","-","-","0","0","0","0","0","0","0","0","-","0","0","0","0","0","0","0","0","0","0","0","0","0","0","0","0","0","0","0","3","0","0","0","0","0","0","0","0","0","0","0","0","0","0","0","0","0","0","0","0","0","0"
"0x7d97cf7b4520","      FMUL R44, R44, R114","6","0","6","65536","2097152","2097152","32","32","0","0","0","-","-","-","0","0","0","0","0","0","0","0","-","0","0","0","0","0","0","0","0","0","0","0","0","0","0","0","0","0","0","0","6","0","0","0","0","0","0","0","0","0","0","0","0","0","0","0","0","0","0","0","0","0","0"
"0x7d97cf7b4530","      FMUL R45, R45, R114","2","0","2","65536","2097152","2097152","32","32","0","0","0","-","-","-","0","0","0","0","0","0","0","0","-","0","0","0","0","0","0","0","0","0","0","0","0","0","0","0","0","0","0","0","2","0","0","0","0","0","0","0","0","0","0","0","0","0","0","0","0","0","0","0","0","0","0"
"0x7d97cf7b4540","      FMUL R48, R48, R114","6","0","6","65536","2097152","2097152","32","32","0","0","0","-","-","-","0","0","0","0","0","0","0","0","-","0","0","0","0","0","0","0","0","0","0","0","0","0","0","0","0","0","0","0","6","0","0","0","0","0","0","0","0","0","0","0","0","0","0","0","0","0","0","0","0","0","0"
"0x7d97cf7b4550","      FMUL R49, R49, R114","2","0","2","65536","2097152","2097152","32","32","0","0","0","-","-","-","0","0","0","0","0","0","0","0","-","0","0","0","0","0","0","0","0","0","0","0","0","0","0","0","0","0","0","0","2","0","0","0","0","0","0","0","0","0","0","0","0","0","0","0","0","0","0","0","0","0","0"
"0x7d97cf7b4560","      MUFU.EX2 R109, R109","39","19","39","65536","2097152","2097152","32","32","0","0","0","-","-","-","0","0","0","0","0","0","0","0","-","0","0","0","0","0","0","0","0","0","0","0","0","0","0","0","27","0","0","7","5","0","0","0","0","0","0","0","0","0","0","0","0","0","19","0","0","0","0","0","0","0","0"
"0x7d97cf7b4570","      FMUL R52, R52, R114","4","0","4","65536","2097152","2097152","32","32","0","0","0","-","-","-","0","0","0","0","0","0","0","0","-","0","0","0","0","0","0","0","0","0","0","0","0","0","0","0","0","0","0","0","4","0","0","0","0","0","0","0","0","0","0","0","0","0","0","0","0","0","0","0","0","0","0"
"0x7d97cf7b4580","      FMUL R53, R53, R114","3","0","3","65536","2097152","2097152","32","32","0","0","0","-","-","-","0","0","0","0","0","0","0","0","-","0","0","0","0","0","0","0","0","0","0","0","0","0","0","0","0","0","0","0","3","0","0","0","0","0","0","0","0","0","0","0","0","0","0","0","0","0","0","0","0","0","0"
"0x7d97cf7b4590","      FMUL R56, R56, R114","5","0","5","65536","2097152","2097152","32","32","0","0","0","-","-","-","0","0","0","0","0","0","0","0","-","0","0","0","0","0","0","0","0","0","0","0","0","0","0","0","0","0","0","0","5","0","0","0","0","0","0","0","0","0","0","0","0","0","0","0","0","0","0","0","0","0","0"
"0x7d97cf7b45a0","      FMNMX R112, R175, R112, !PT","3","0","3","65536","2097152","2097152","32","32","0","0","0","-","-","-","0","0","0","0","0","0","0","0","-","0","0","0","0","0","0","0","0","0","0","0","0","0","0","0","0","0","0","0","3","0","0","0","0","0","0","0","0","0","0","0","0","0","0","0","0","0","0","0","0","0","0"
"0x7d97cf7b45b0","      FMUL R57, R57, R114","7","0","7","65536","2097152","2097152","32","32","0","0","0","-","-","-","0","0","0","0","0","0","0","0","-","0","0","0","0","0","0","0","0","0","0","0","0","0","0","0","0","0","0","0","7","0","0","0","0","0","0","0","0","0","0","0","0","0","0","0","0","0","0","0","0","0","0"
"0x7d97cf7b45c0","      FMUL R60, R60, R114","8","0","8","65536","2097152","2097152","32","32","0","0","0","-","-","-","0","0","0","0","0","0","0","0","-","0","0","0","0","0","0","0","0","0","0","0","0","0","0","0","0","0","0","0","8","0","0","0","0","0","0","0","0","0","0","0","0","0","0","0","0","0","0","0","0","0","0"
"0x7d97cf7b45d0","      FMUL R61, R61, R114","4","0","4","65536","2097152","2097152","32","32","0","0","0","-","-","-","0","0","0","0","0","0","0","0","-","0","0","0","0","0","0","0","0","0","0","0","0","0","0","0","0","0","0","0","4","0","0","0","0","0","0","0","0","0","0","0","0","0","0","0","0","0","0","0","0","0","0"
"0x7d97cf7b45e0","      FMNMX R112, R112, R143, !PT","2","0","2","65536","2097152","2097152","32","32","0","0","0","-","-","-","0","0","0","0","0","0","0","0","-","0","0","0","0","0","0","0","0","0","0","0","0","0","0","0","0","0","0","0","2","0","0","0","0","0","0","0","0","0","0","0","0","0","0","0","0","0","0","0","0","0","0"
"0x7d97cf7b45f0","      MUFU.EX2 R110, R110","4","0","4","65536","2097152","2097152","32","32","0","0","0","-","-","-","0","0","0","0","0","0","0","0","-","0","0","0","0","0","0","0","0","0","0","0","0","0","0","0","0","0","0","0","4","0","0","0","0","0","0","0","0","0","0","0","0","0","0","0","0","0","0","0","0","0","0"
"0x7d97cf7b4600","      FMUL R64, R64, R114","5","0","5","65536","2097152","2097152","32","32","0","0","0","-","-","-","0","0","0","0","0","0","0","0","-","0","0","0","0","0","0","0","0","0","0","0","0","0","0","0","0","0","2","0","3","0","0","0","0","0","0","0","0","0","0","0","0","0","0","0","0","0","0","0","0","0","0"
"0x7d97cf7b4610","      FMUL R65, R65, R114","2","0","2","65536","2097152","2097152","32","32","0","0","0","-","-","-","0","0","0","0","0","0","0","0","-","0","0","0","0","0","0","0","0","0","0","0","0","0","0","0","0","0","0","0","2","0","0","0","0","0","0","0","0","0","0","0","0","0","0","0","0","0","0","0","0","0","0"
"0x7d97cf7b4620","      FMUL R68, R68, R114","3","0","3","65536","2097152","2097152","32","32","0","0","0","-","-","-","0","0","0","0","0","0","0","0","-","0","0","0","0","0","0","0","0","0","0","0","0","0","0","0","0","0","0","0","3","0","0","0","0","0","0","0","0","0","0","0","0","0","0","0","0","0","0","0","0","0","0"
"0x7d97cf7b4630","      FADD R90, R90, -R112","5","0","5","65536","2097152","2097152","32","32","0","0","0","-","-","-","0","0","0","0","0","0","0","0","-","0","0","0","0","0","0","0","0","0","0","0","0","0","0","0","0","0","0","0","5","0","0","0","0","0","0","0","0","0","0","0","0","0","0","0","0","0","0","0","0","0","0"
"0x7d97cf7b4640","      FADD R119, R119, -R112","1","0","1","65536","2097152","2097152","32","32","0","0","0","-","-","-","0","0","0","0","0","0","0","0","-","0","0","0","0","0","0","0","0","0","0","0","0","0","0","0","0","0","0","0","1","0","0","0","0","0","0","0","0","0","0","0","0","0","0","0","0","0","0","0","0","0","0"
"0x7d97cf7b4650","      FADD R94, R94, -R112","2","0","2","65536","2097152","2097152","32","32","0","0","0","-","-","-","0","0","0","0","0","0","0","0","-","0","0","0","0","0","0","0","0","0","0","0","0","0","0","0","0","0","0","0","2","0","0","0","0","0","0","0","0","0","0","0","0","0","0","0","0","0","0","0","0","0","0"
"0x7d97cf7b4660","      FADD R96, R96, -R112","6","0","6","65536","2097152","2097152","32","32","0","0","0","-","-","-","0","0","0","0","0","0","0","0","-","0","0","0","0","0","0","0","0","0","0","0","0","0","0","0","0","0","0","0","6","0","0","0","0","0","0","0","0","0","0","0","0","0","0","0","0","0","0","0","0","0","0"
"0x7d97cf7b4670","      MUFU.EX2 R147, R90","5","0","5","65536","2097152","2097152","32","32","0","0","0","-","-","-","0","0","0","0","0","0","0","0","-","0","0","0","0","0","0","0","0","0","0","0","0","0","0","0","0","0","0","0","5","0","0","0","0","0","0","0","0","0","0","0","0","0","0","0","0","0","0","0","0","0","0"
"0x7d97cf7b4680","      FADD R97, R97, -R112","10","0","10","65536","2097152","2097152","32","32","0","0","0","-","-","-","0","0","0","0","0","0","0","0","-","0","0","0","0","0","0","0","0","6","0","0","0","0","0","0","0","0","0","0","4","0","0","0","0","0","0","0","0","0","0","0","0","0","0","0","0","0","0","0","0","0","0"
"0x7d97cf7b4690","      FADD R98, R98, -R112","4","0","4","65536","2097152","2097152","32","32","0","0","0","-","-","-","0","0","0","0","0","0","0","0","-","0","0","0","0","0","0","0","0","0","0","0","0","0","0","0","0","0","0","0","4","0","0","0","0","0","0","0","0","0","0","0","0","0","0","0","0","0","0","0","0","0","0"
"0x7d97cf7b46a0","      FADD R99, R99, -R112","9","0","9","65536","2097152","2097152","32","32","0","0","0","-","-","-","0","0","0","0","0","0","0","0","-","0","0","0","0","0","0","0","0","0","0","0","0","0","0","0","0","0","0","0","9","0","0","0","0","0","0","0","0","0","0","0","0","0","0","0","0","0","0","0","0","0","0"
"0x7d97cf7b46b0","      FADD R120, R120, -R112","0","0","0","65536","2097152","2097152","32","32","0","0","0","-","-","-","0","0","0","0","0","0","0","0","-","0","0","0","0","0","0","0","0","0","0","0","0","0","0","0","0","0","0","0","0","0","0","0","0","0","0","0","0","0","0","0","0","0","0","0","0","0","0","0","0","0","0"
"0x7d97cf7b46c0","      FADD R121, R121, -R112","7","0","7","65536","2097152","2097152","32","32","0","0","0","-","-","-","0","0","0","0","0","0","0","0","-","0","0","0","0","0","0","0","0","0","0","0","0","0","0","0","0","0","0","0","7","0","0","0","0","0","0","0","0","0","0","0","0","0","0","0","0","0","0","0","0","0","0"
"0x7d97cf7b46d0","      FADD R91, R91, -R112","2","0","2","65536","2097152","2097152","32","32","0","0","0","-","-","-","0","0","0","0","0","0","0","0","-","0","0","0","0","0","0","0","0","0","0","0","0","0","0","0","0","0","0","0","2","0","0","0","0","0","0","0","0","0","0","0","0","0","0","0","0","0","0","0","0","0","0"
"0x7d97cf7b46e0","      FADD R92, R92, -R112","3","0","3","65536","2097152","2097152","32","32","0","0","0","-","-","-","0","0","0","0","0","0","0","0","-","0","0","0","0","0","0","0","0","0","0","0","0","0","0","0","0","0","0","0","3","0","0","0","0","0","0","0","0","0","0","0","0","0","0","0","0","0","0","0","0","0","0"
"0x7d97cf7b46f0","      FADD R125, R125, -R112","5","0","5","65536","2097152","2097152","32","32","0","0","0","-","-","-","0","0","0","0","0","0","0","0","-","0","0","0","0","0","0","0","0","0","0","0","0","0","0","0","0","0","0","0","5","0","0","0","0","0","0","0","0","0","0","0","0","0","0","0","0","0","0","0","0","0","0"
"0x7d97cf7b4700","      FADD R90, -R112, R143","27","14","27","65536","2097152","2097152","32","32","0","0","0","-","-","-","0","0","0","0","0","0","0","0","-","0","0","0","0","0","0","0","0","0","0","0","0","0","0","0","0","0","0","1","7","19","0","0","0","0","0","0","0","0","0","0","0","0","0","0","0","0","0","14","0","0","0"
"0x7d97cf7b4710","      FADD R129, R129, -R112","2","0","2","65536","2097152","2097152","32","32","0","0","0","-","-","-","0","0","0","0","0","0","0","0","-","0","0","0","0","0","0","0","0","0","0","0","0","0","0","0","0","0","0","0","2","0","0","0","0","0","0","0","0","0","0","0","0","0","0","0","0","0","0","0","0","0","0"
"0x7d97cf7b4720","      FADD R133, R133, -R112","3","0","3","65536","2097152","2097152","32","32","0","0","0","-","-","-","0","0","0","0","0","0","0","0","-","0","0","0","0","0","0","0","0","0","0","0","0","0","0","0","0","0","0","0","3","0","0","0","0","0","0","0","0","0","0","0","0","0","0","0","0","0","0","0","0","0","0"
"0x7d97cf7b4730","      FADD R135, R135, -R112","3","0","3","65536","2097152","2097152","32","32","0","0","0","-","-","-","0","0","0","0","0","0","0","0","-","0","0","0","0","0","0","0","0","0","0","0","0","0","0","0","0","0","0","0","3","0","0","0","0","0","0","0","0","0","0","0","0","0","0","0","0","0","0","0","0","0","0"
"0x7d97cf7b4740","      FADD R101, R101, -R112","3","0","3","65536","2097152","2097152","32","32","0","0","0","-","-","-","0","0","0","0","0","0","0","0","-","0","0","0","0","0","0","0","0","0","0","0","0","0","0","0","0","0","0","0","3","0","0","0","0","0","0","0","0","0","0","0","0","0","0","0","0","0","0","0","0","0","0"
"0x7d97cf7b4750","      MUFU.EX2 R95, R90","3","0","3","65536","2097152","2097152","32","32","0","0","0","-","-","-","0","0","0","0","0","0","0","0","-","0","0","0","0","0","0","0","0","0","0","0","0","0","0","0","0","0","0","0","3","0","0","0","0","0","0","0","0","0","0","0","0","0","0","0","0","0","0","0","0","0","0"
"0x7d97cf7b4760","      FMUL R69, R69, R114","3","0","3","65536","2097152","2097152","32","32","0","0","0","-","-","-","0","0","0","0","0","0","0","0","-","0","0","0","0","0","0","0","0","0","0","0","0","0","0","0","0","0","0","0","3","0","0","0","0","0","0","0","0","0","0","0","0","0","0","0","0","0","0","0","0","0","0"
"0x7d97cf7b4770","      FMUL R72, R72, R114","4","0","4","65536","2097152","2097152","32","32","0","0","0","-","-","-","0","0","0","0","0","0","0","0","-","0","0","0","0","0","0","0","0","0","0","0","0","0","0","0","0","0","0","0","4","0","0","0","0","0","0","0","0","0","0","0","0","0","0","0","0","0","0","0","0","0","0"
"0x7d97cf7b4780","      FMUL R73, R73, R114","5","0","5","65536","2097152","2097152","32","32","0","0","0","-","-","-","0","0","0","0","0","0","0","0","-","0","0","0","0","0","0","0","0","0","0","0","0","0","0","0","0","0","0","0","5","0","0","0","0","0","0","0","0","0","0","0","0","0","0","0","0","0","0","0","0","0","0"
"0x7d97cf7b4790","      FMUL R76, R76, R114","5","0","5","65536","2097152","2097152","32","32","0","0","0","-","-","-","0","0","0","0","0","0","0","0","-","0","0","0","0","0","0","0","0","3","0","0","0","0","0","0","0","0","0","0","2","0","0","0","0","0","0","0","0","0","0","0","0","0","0","0","0","0","0","0","0","0","0"
"0x7d97cf7b47a0","      FMUL R77, R77, R114","2","0","2","65536","2097152","2097152","32","32","0","0","0","-","-","-","0","0","0","0","0","0","0","0","-","0","0","0","0","0","0","0","0","0","0","0","0","0","0","0","0","0","0","0","2","0","0","0","0","0","0","0","0","0","0","0","0","0","0","0","0","0","0","0","0","0","0"
"0x7d97cf7b47b0","      FMUL R80, R80, R114","2","0","2","65536","2097152","2097152","32","32","0","0","0","-","-","-","0","0","0","0","0","0","0","0","-","0","0","0","0","0","0","0","0","0","0","0","0","0","0","0","0","0","0","0","2","0","0","0","0","0","0","0","0","0","0","0","0","0","0","0","0","0","0","0","0","0","0"
"0x7d97cf7b47c0","      FMUL R81, R81, R114","1","0","1","65536","2097152","2097152","32","32","0","0","0","-","-","-","0","0","0","0","0","0","0","0","-","0","0","0","0","0","0","0","0","0","0","0","0","0","0","0","0","0","0","0","1","0","0","0","0","0","0","0","0","0","0","0","0","0","0","0","0","0","0","0","0","0","0"
"0x7d97cf7b47d0","      MUFU.EX2 R163, R96","5","0","5","65536","2097152","2097152","32","32","0","0","0","-","-","-","0","0","0","0","0","0","0","0","-","0","0","0","0","0","0","0","0","0","0","0","0","0","0","0","0","0","0","0","5","0","0","0","0","0","0","0","0","0","0","0","0","0","0","0","0","0","0","0","0","0","0"
"0x7d97cf7b47e0","      FMUL R84, R84, R114","4","0","4","65536","2097152","2097152","32","32","0","0","0","-","-","-","0","0","0","0","0","0","0","0","-","0","0","0","0","0","0","0","0","0","0","0","0","0","0","0","0","0","0","0","4","0","0","0","0","0","0","0","0","0","0","0","0","0","0","0","0","0","0","0","0","0","0"
"0x7d97cf7b47f0","      FMUL R85, R85, R114","1","0","1","65536","2097152","2097152","32","32","0","0","0","-","-","-","0","0","0","0","0","0","0","0","-","0","0","0","0","0","0","0","0","0","0","0","0","0","0","0","0","0","0","0","1","0","0","0","0","0","0","0","0","0","0","0","0","0","0","0","0","0","0","0","0","0","0"
"0x7d97cf7b4800","      F2FP.F16.F32.PACK_AB R122, R105, R104","5","0","5","65536","2097152","2097152","32","32","0","0","0","-","-","-","0","0","0","0","0","0","0","0","-","0","0","0","0","0","0","0","0","0","0","0","0","0","0","0","0","0","0","0","5","0","0","0","0","0","0","0","0","0","0","0","0","0","0","0","0","0","0","0","0","0","0"
"0x7d97cf7b4810","      IMAD.MOV.U32 R143, RZ, RZ, R112","2","0","2","65536","2097152","2097152","32","32","0","0","0","-","-","-","0","0","0","0","0","0","0","0","-","0","0","0","0","0","0","0","0","0","0","0","0","0","0","0","0","0","0","0","2","0","0","0","0","0","0","0","0","0","0","0","0","0","0","0","0","0","0","0","0","0","0"
"0x7d97cf7b4820","      F2FP.F16.F32.PACK_AB R124, R107, R106","2","0","2","65536","2097152","2097152","32","32","0","0","0","-","-","-","0","0","0","0","0","0","0","0","-","0","0","0","0","0","0","0","0","0","0","0","0","0","0","0","0","0","0","0","2","0","0","0","0","0","0","0","0","0","0","0","0","0","0","0","0","0","0","0","0","0","0"
"0x7d97cf7b4830","      F2FP.F16.F32.PACK_AB R126, R109, R108","14","3","14","65536","2097152","2097152","32","32","0","0","0","-","-","-","0","0","0","0","0","0","0","0","-","0","0","0","0","0","0","0","0","0","0","0","0","0","3","0","0","0","0","5","2","0","0","0","4","0","0","0","0","0","0","0","3","0","0","0","0","0","0","0","0","0","0"
"0x7d97cf7b4840","      MUFU.EX2 R111, R111","15","15","15","65536","2097152","2097152","32","32","0","0","0","-","-","-","0","0","0","0","0","0","0","0","-","0","0","0","0","0","0","0","0","0","0","0","0","0","0","0","15","0","0","0","0","0","0","0","0","0","0","0","0","0","0","0","0","0","15","0","0","0","0","0","0","0","0"
"0x7d97cf7b4850","      FMUL R26, R26, R95","5","0","5","65536","2097152","2097152","32","32","0","0","0","-","-","-","0","0","0","0","0","0","0","0","-","0","0","0","0","0","0","0","0","0","0","0","0","0","0","0","0","0","0","0","5","0","0","0","0","0","0","0","0","0","0","0","0","0","0","0","0","0","0","0","0","0","0"
"0x7d97cf7b4860","      FMUL R27, R27, R95","2","0","2","65536","2097152","2097152","32","32","0","0","0","-","-","-","0","0","0","0","0","0","0","0","-","0","0","0","0","0","0","0","0","0","0","0","0","0","0","0","0","0","0","0","2","0","0","0","0","0","0","0","0","0","0","0","0","0","0","0","0","0","0","0","0","0","0"
"0x7d97cf7b4870","      FMUL R30, R30, R95","5","0","5","65536","2097152","2097152","32","32","0","0","0","-","-","-","0","0","0","0","0","0","0","0","-","0","0","0","0","0","0","0","0","0","0","0","0","0","0","0","0","0","0","0","5","0","0","0","0","0","0","0","0","0","0","0","0","0","0","0","0","0","0","0","0","0","0"
"0x7d97cf7b4880","      FMUL R31, R31, R95","4","0","4","65536","2097152","2097152","32","32","0","0","0","-","-","-","0","0","0","0","0","0","0","0","-","0","0","0","0","0","0","0","0","0","0","0","0","0","0","0","0","0","0","0","4","0","0","0","0","0","0","0","0","0","0","0","0","0","0","0","0","0","0","0","0","0","0"
"0x7d97cf7b4890","      FMUL R34, R34, R95","6","0","6","65536","2097152","2097152","32","32","0","0","0","-","-","-","0","0","0","0","0","0","0","0","-","0","0","0","0","0","0","0","0","0","0","0","0","0","0","0","0","0","0","0","6","0","0","0","0","0","0","0","0","0","0","0","0","0","0","0","0","0","0","0","0","0","0"
"0x7d97cf7b48a0","      FMUL R35, R35, R95","2","0","2","65536","2097152","2097152","32","32","0","0","0","-","-","-","0","0","0","0","0","0","0","0","-","0","0","0","0","0","0","0","0","0","0","0","0","0","0","0","0","0","0","0","2","0","0","0","0","0","0","0","0","0","0","0","0","0","0","0","0","0","0","0","0","0","0"
"0x7d97cf7b48b0","      FMUL R38, R38, R95","4","0","4","65536","2097152","2097152","32","32","0","0","0","-","-","-","0","0","0","0","0","0","0","0","-","0","0","0","0","0","0","0","0","0","0","0","0","0","0","0","0","0","0","0","4","0","0","0","0","0","0","0","0","0","0","0","0","0","0","0","0","0","0","0","0","0","0"
"0x7d97cf7b48c0","      MUFU.EX2 R118, R118","8","0","8","65536","2097152","2097152","32","32","0","0","0","-","-","-","0","0","0","0","0","0","0","0","-","0","0","0","0","0","0","0","0","0","0","0","0","0","0","0","0","0","0","0","8","0","0","0","0","0","0","0","0","0","0","0","0","0","0","0","0","0","0","0","0","0","0"
"0x7d97cf7b48d0","      FMUL R39, R39, R95","3","0","3","65536","2097152","2097152","32","32","0","0","0","-","-","-","0","0","0","0","0","0","0","0","-","0","0","0","0","0","0","0","0","0","0","0","0","0","0","0","0","0","0","0","3","0","0","0","0","0","0","0","0","0","0","0","0","0","0","0","0","0","0","0","0","0","0"
"0x7d97cf7b48e0","      FMUL R42, R42, R95","6","0","6","65536","2097152","2097152","32","32","0","0","0","-","-","-","0","0","0","0","0","0","0","0","-","0","0","0","0","0","0","0","0","0","0","0","0","0","0","0","0","0","0","0","6","0","0","0","0","0","0","0","0","0","0","0","0","0","0","0","0","0","0","0","0","0","0"
"0x7d97cf7b48f0","      FMUL R43, R43, R95","2","0","2","65536","2097152","2097152","32","32","0","0","0","-","-","-","0","0","0","0","0","0","0","0","-","0","0","0","0","0","0","0","0","0","0","0","0","0","0","0","0","0","0","0","2","0","0","0","0","0","0","0","0","0","0","0","0","0","0","0","0","0","0","0","0","0","0"
"0x7d97cf7b4900","      FMUL R46, R46, R95","2","0","2","65536","2097152","2097152","32","32","0","0","0","-","-","-","0","0","0","0","0","0","0","0","-","0","0","0","0","0","0","0","0","0","0","0","0","0","0","0","0","0","0","0","2","0","0","0","0","0","0","0","0","0","0","0","0","0","0","0","0","0","0","0","0","0","0"
"0x7d97cf7b4910","      FMUL R47, R47, R95","3","0","3","65536","2097152","2097152","32","32","0","0","0","-","-","-","0","0","0","0","0","0","0","0","-","0","0","0","0","0","0","0","0","0","0","0","0","0","0","0","0","0","0","0","3","0","0","0","0","0","0","0","0","0","0","0","0","0","0","0","0","0","0","0","0","0","0"
"0x7d97cf7b4920","      FMUL R50, R50, R95","4","0","4","65536","2097152","2097152","32","32","0","0","0","-","-","-","0","0","0","0","0","0","0","0","-","0","0","0","0","0","0","0","0","0","0","0","0","0","0","0","0","0","0","0","4","0","0","0","0","0","0","0","0","0","0","0","0","0","0","0","0","0","0","0","0","0","0"
"0x7d97cf7b4930","      FMUL R51, R51, R95","4","0","4","65536","2097152","2097152","32","32","0","0","0","-","-","-","0","0","0","0","0","0","0","0","-","0","0","0","0","0","0","0","0","0","0","0","0","0","0","0","0","0","0","0","4","0","0","0","0","0","0","0","0","0","0","0","0","0","0","0","0","0","0","0","0","0","0"
"0x7d97cf7b4940","      MUFU.EX2 R117, R117","12","5","12","65536","2097152","2097152","32","32","0","0","0","-","-","-","0","0","0","0","0","0","0","0","-","0","0","0","0","0","0","0","0","0","0","0","0","0","0","0","5","0","0","1","6","0","0","0","0","0","0","0","0","0","0","0","0","0","5","0","0","0","0","0","0","0","0"
"0x7d97cf7b4950","      FMUL R54, R54, R95","1","0","1","65536","2097152","2097152","32","32","0","0","0","-","-","-","0","0","0","0","0","0","0","0","-","0","0","0","0","0","0","0","0","0","0","0","0","0","0","0","0","0","0","0","1","0","0","0","0","0","0","0","0","0","0","0","0","0","0","0","0","0","0","0","0","0","0"
"0x7d97cf7b4960","      FMUL R55, R55, R95","1","0","1","65536","2097152","2097152","32","32","0","0","0","-","-","-","0","0","0","0","0","0","0","0","-","0","0","0","0","0","0","0","0","0","0","0","0","0","0","0","0","0","0","0","1","0","0","0","0","0","0","0","0","0","0","0","0","0","0","0","0","0","0","0","0","0","0"
"0x7d97cf7b4970","      FMUL R58, R58, R95","3","0","3","65536","2097152","2097152","32","32","0","0","0","-","-","-","0","0","0","0","0","0","0","0","-","0","0","0","0","0","0","0","0","0","0","0","0","0","0","0","0","0","0","0","3","0","0","0","0","0","0","0","0","0","0","0","0","0","0","0","0","0","0","0","0","0","0"
"0x7d97cf7b4980","      FMUL R59, R59, R95","3","0","3","65536","2097152","2097152","32","32","0","0","0","-","-","-","0","0","0","0","0","0","0","0","-","0","0","0","0","0","0","0","0","0","0","0","0","0","0","0","0","0","0","0","3","0","0","0","0","0","0","0","0","0","0","0","0","0","0","0","0","0","0","0","0","0","0"
"0x7d97cf7b4990","      FMUL R62, R62, R95","2","0","2","65536","2097152","2097152","32","32","0","0","0","-","-","-","0","0","0","0","0","0","0","0","-","0","0","0","0","0","0","0","0","0","0","0","0","0","0","0","0","0","0","0","2","0","0","0","0","0","0","0","0","0","0","0","0","0","0","0","0","0","0","0","0","0","0"
"0x7d97cf7b49a0","      FMUL R63, R63, R95","2","0","2","65536","2097152","2097152","32","32","0","0","0","-","-","-","0","0","0","0","0","0","0","0","-","0","0","0","0","0","0","0","0","0","0","0","0","0","0","0","0","0","0","0","2","0","0","0","0","0","0","0","0","0","0","0","0","0","0","0","0","0","0","0","0","0","0"
"0x7d97cf7b49b0","      FMUL R66, R66, R95","8","0","8","65536","2097152","2097152","32","32","0","0","0","-","-","-","0","0","0","0","0","0","0","0","-","0","0","0","0","0","0","0","0","0","0","0","0","0","0","0","0","0","0","0","8","0","0","0","0","0","0","0","0","0","0","0","0","0","0","0","0","0","0","0","0","0","0"
"0x7d97cf7b49c0","      MUFU.EX2 R116, R116","8","0","8","65536","2097152","2097152","32","32","0","0","0","-","-","-","0","0","0","0","0","0","0","0","-","0","0","0","0","0","0","0","0","0","0","0","0","0","0","0","0","0","0","0","8","0","0","0","0","0","0","0","0","0","0","0","0","0","0","0","0","0","0","0","0","0","0"
"0x7d97cf7b49d0","      FMUL R67, R67, R95","5","0","5","65536","2097152","2097152","32","32","0","0","0","-","-","-","0","0","0","0","0","0","0","0","-","0","0","0","0","0","0","0","0","0","0","0","0","0","0","0","0","0","0","0","5","0","0","0","0","0","0","0","0","0","0","0","0","0","0","0","0","0","0","0","0","0","0"
"0x7d97cf7b49e0","      FMUL R70, R70, R95","2","0","2","65536","2097152","2097152","32","32","0","0","0","-","-","-","0","0","0","0","0","0","0","0","-","0","0","0","0","0","0","0","0","0","0","0","0","0","0","0","0","0","0","0","2","0","0","0","0","0","0","0","0","0","0","0","0","0","0","0","0","0","0","0","0","0","0"
"0x7d97cf7b49f0","      FMUL R71, R71, R95","2","0","2","65536","2097152","2097152","32","32","0","0","0","-","-","-","0","0","0","0","0","0","0","0","-","0","0","0","0","0","0","0","0","0","0","0","0","0","0","0","0","0","0","0","2","0","0","0","0","0","0","0","0","0","0","0","0","0","0","0","0","0","0","0","0","0","0"
"0x7d97cf7b4a00","      FMUL R74, R74, R95","27","9","27","65536","2097152","2097152","32","32","0","0","0","-","-","-","0","0","0","0","0","0","0","0","-","0","0","0","0","0","0","0","0","0","0","0","0","0","0","0","0","0","18","5","4","0","0","0","0","0","0","0","0","0","0","0","0","0","0","0","9","0","0","0","0","0","0"
"0x7d97cf7b4a10","      FMUL R75, R75, R95","4","0","4","65536","2097152","2097152","32","32","0","0","0","-","-","-","0","0","0","0","0","0","0","0","-","0","0","0","0","0","0","0","0","0","0","0","0","0","0","0","0","0","0","0","4","0","0","0","0","0","0","0","0","0","0","0","0","0","0","0","0","0","0","0","0","0","0"
"0x7d97cf7b4a20","      FMUL R78, R78, R95","4","0","4","65536","2097152","2097152","32","32","0","0","0","-","-","-","0","0","0","0","0","0","0","0","-","0","0","0","0","0","0","0","0","0","0","0","0","0","0","0","0","0","0","0","4","0","0","0","0","0","0","0","0","0","0","0","0","0","0","0","0","0","0","0","0","0","0"
"0x7d97cf7b4a30","      FMUL R79, R79, R95","5","0","5","65536","2097152","2097152","32","32","0","0","0","-","-","-","0","0","0","0","0","0","0","0","-","0","0","0","0","0","0","0","0","0","0","0","0","0","0","0","0","0","0","0","5","0","0","0","0","0","0","0","0","0","0","0","0","0","0","0","0","0","0","0","0","0","0"
"0x7d97cf7b4a40","      MUFU.EX2 R115, R115","3","0","3","65536","2097152","2097152","32","32","0","0","0","-","-","-","0","0","0","0","0","0","0","0","-","0","0","0","0","0","0","0","0","0","0","0","0","0","0","0","0","0","0","0","3","0","0","0","0","0","0","0","0","0","0","0","0","0","0","0","0","0","0","0","0","0","0"
"0x7d97cf7b4a50","      FMUL R82, R82, R95","3","0","3","65536","2097152","2097152","32","32","0","0","0","-","-","-","0","0","0","0","0","0","0","0","-","0","0","0","0","0","0","0","0","0","0","0","0","0","0","0","0","0","0","0","3","0","0","0","0","0","0","0","0","0","0","0","0","0","0","0","0","0","0","0","0","0","0"
"0x7d97cf7b4a60","      FMUL R83, R83, R95","6","0","6","65536","2097152","2097152","32","32","0","0","0","-","-","-","0","0","0","0","0","0","0","0","-","0","0","0","0","0","0","0","0","0","0","0","0","0","0","0","0","0","0","0","6","0","0","0","0","0","0","0","0","0","0","0","0","0","0","0","0","0","0","0","0","0","0"
"0x7d97cf7b4a70","      FMUL R86, R86, R95","5","0","5","65536","2097152","2097152","32","32","0","0","0","-","-","-","0","0","0","0","0","0","0","0","-","0","0","0","0","0","0","0","0","0","0","0","0","0","0","0","0","0","0","0","5","0","0","0","0","0","0","0","0","0","0","0","0","0","0","0","0","0","0","0","0","0","0"
"0x7d97cf7b4a80","      FMUL R87, R87, R95","5","0","5","65536","2097152","2097152","32","32","0","0","0","-","-","-","0","0","0","0","0","0","0","0","-","0","0","0","0","0","0","0","0","0","0","0","0","0","0","0","0","0","2","0","3","0","0","0","0","0","0","0","0","0","0","0","0","0","0","0","0","0","0","0","0","0","0"
"0x7d97cf7b4a90","      F2FP.F16.F32.PACK_AB R128, R111, R110","2","0","2","65536","2097152","2097152","32","32","0","0","0","-","-","-","0","0","0","0","0","0","0","0","-","0","0","0","0","0","0","0","0","0","0","0","0","0","0","0","0","0","0","0","2","0","0","0","0","0","0","0","0","0","0","0","0","0","0","0","0","0","0","0","0","0","0"
"0x7d97cf7b4aa0","      F2FP.F16.F32.PACK_AB R130, R117, R118","35","2","35","65536","2097152","2097152","32","32","0","0","0","-","-","-","0","0","0","0","0","0","0","0","-","0","0","0","0","0","0","0","0","0","0","0","0","0","3","0","0","0","0","24","5","0","0","0","3","0","0","0","0","0","0","0","0","0","0","0","0","0","0","0","0","0","2"
"0x7d97cf7b4ab0","      MUFU.EX2 R113, R113","6","1","6","65536","2097152","2097152","32","32","0","0","0","-","-","-","0","0","0","0","0","0","0","0","-","0","0","0","0","0","0","0","0","0","0","0","0","0","0","0","1","0","0","0","5","0","0","0","0","0","0","0","0","0","0","0","0","0","1","0","0","0","0","0","0","0","0"
"0x7d97cf7b4ac0","      LEA R90, P5, R89, R4, 0x1","2","0","2","65536","2097152","2097152","32","32","0","0","0","-","-","-","0","0","0","0","0","0","0","0","-","0","0","0","0","0","0","0","0","0","0","0","0","0","0","0","0","0","0","0","2","0","0","0","0","0","0","0","0","0","0","0","0","0","0","0","0","0","0","0","0","0","0"
"0x7d97cf7b4ad0","      MUFU.EX2 R158, R158","114","60","114","65536","2097152","2097152","32","32","0","0","0","-","-","-","0","0","0","0","0","0","0","0","-","0","0","0","0","0","0","0","0","1","0","0","0","0","0","0","72","0","0","19","3","0","0","0","19","0","0","0","0","0","0","0","0","0","43","0","0","0","0","0","0","0","17"
"0x7d97cf7b4ae0","      F2FP.F16.F32.PACK_AB R132, R115, R116","5","0","5","65536","2097152","2097152","32","32","0","0","0","-","-","-","0","0","0","0","0","0","0","0","-","0","0","0","0","0","0","0","0","0","0","0","0","0","0","0","0","0","0","0","5","0","0","0","0","0","0","0","0","0","0","0","0","0","0","0","0","0","0","0","0","0","0"
"0x7d97cf7b4af0","      MUFU.EX2 R119, R119","66","22","66","65536","2097152","2097152","32","32","0","0","0","-","-","-","0","0","0","0","0","0","0","0","-","0","0","0","0","0","0","0","0","0","0","0","0","0","0","0","35","0","0","3","4","0","0","0","24","0","0","0","0","0","0","0","0","0","4","0","0","0","0","0","0","0","18"
"0x7d97cf7b4b00","      MUFU.EX2 R162, R120","95","42","95","65536","2097152","2097152","32","32","0","0","0","-","-","-","0","0","0","0","0","0","0","0","-","0","0","0","0","0","0","0","0","0","0","0","0","0","0","0","36","0","0","16","6","0","0","0","37","0","0","0","0","0","0","0","0","0","7","0","0","0","0","0","0","0","35"
"0x7d97cf7b4b10","      F2FP.F16.F32.PACK_AB R134, R158, R113","4","0","4","65536","2097152","2097152","32","32","0","0","0","-","-","-","0","0","0","0","0","0","0","0","-","0","0","0","0","0","0","0","0","0","0","0","0","0","0","0","0","0","0","0","4","0","0","0","0","0","0","0","0","0","0","0","0","0","0","0","0","0","0","0","0","0","0"
"0x7d97cf7b4b20","      MUFU.EX2 R164, R121","55","24","55","65536","2097152","2097152","32","32","0","0","0","-","-","-","0","0","0","0","0","0","0","0","-","0","0","0","0","0","0","0","0","0","0","0","0","0","0","0","13","0","0","11","4","0","0","0","27","0","0","0","0","0","0","0","0","0","2","0","0","0","0","0","0","0","22"
"0x7d97cf7b4b30","      F2FP.F16.F32.PACK_AB R120, R103, R102","29","16","29","65536","2097152","2097152","32","32","0","0","0","-","-","-","0","0","0","0","0","0","0","0","-","0","0","0","0","0","0","0","0","0","0","0","0","0","2","0","0","0","0","4","4","19","0","0","0","0","0","0","0","0","0","0","0","0","0","0","0","0","0","16","0","0","0"
"0x7d97cf7b4b40","      FADD R103, R102, R103","5","0","5","65536","2097152","2097152","32","32","0","0","0","-","-","-","0","0","0","0","0","0","0","0","-","0","0","0","0","0","0","0","0","0","0","0","0","0","0","0","0","0","0","0","5","0","0","0","0","0","0","0","0","0","0","0","0","0","0","0","0","0","0","0","0","0","0"
"0x7d97cf7b4b50","      FADD R104, R104, R103","29","8","29","65536","2097152","2097152","32","32","0","0","0","-","-","-","0","0","0","0","0","0","0","0","-","0","0","0","0","0","0","0","0","1","0","0","0","0","0","0","0","0","0","6","4","0","0","0","18","0","0","0","0","0","0","0","0","0","0","0","0","0","0","0","0","0","8"
"0x7d97cf7b4b60","      MUFU.EX2 R161, R91","57","13","57","65536","2097152","2097152","32","32","0","0","0","-","-","-","0","0","0","0","0","0","0","0","-","0","0","0","0","0","0","0","0","0","0","0","0","0","0","0","44","0","0","6","4","0","0","0","3","0","0","0","0","0","0","0","0","0","10","0","0","0","0","0","0","0","3"
"0x7d97cf7b4b70","      F2FP.F16.F32.PACK_AB R121, R162, R119","8","1","8","65536","2097152","2097152","32","32","0","0","0","-","-","-","0","0","0","0","0","0","0","0","-","0","0","0","0","0","0","0","0","4","0","0","0","0","0","0","0","0","0","2","1","1","0","0","0","0","0","0","0","0","0","0","0","0","0","0","0","0","0","1","0","0","0"
"0x7d97cf7b4b80","      FADD R162, R119, R162","1","0","1","65536","2097152","2097152","32","32","0","0","0","-","-","-","0","0","0","0","0","0","0","0","-","0","0","0","0","0","0","0","0","0","0","0","0","0","0","0","0","0","0","0","1","0","0","0","0","0","0","0","0","0","0","0","0","0","0","0","0","0","0","0","0","0","0"
"0x7d97cf7b4b90","      FADD R105, R105, R104","7","0","7","65536","2097152","2097152","32","32","0","0","0","-","-","-","0","0","0","0","0","0","0","0","-","0","0","0","0","0","0","0","0","0","0","0","0","0","0","0","0","0","0","0","7","0","0","0","0","0","0","0","0","0","0","0","0","0","0","0","0","0","0","0","0","0","0"
"0x7d97cf7b4ba0","      FADD R106, R106, R105","17","9","17","65536","2097152","2097152","32","32","0","0","0","-","-","-","0","0","0","0","0","0","0","0","-","0","0","0","0","0","0","0","0","1","0","0","0","0","0","0","0","0","0","2","5","0","0","0","9","0","0","0","0","0","0","0","0","0","0","0","0","0","0","0","0","0","9"
"0x7d97cf7b4bb0","      MUFU.EX2 R172, R92","22","13","22","65536","2097152","2097152","32","32","0","0","0","-","-","-","0","0","0","0","0","0","0","0","-","0","0","0","0","0","0","0","0","2","0","0","0","0","0","0","15","0","0","1","4","0","0","0","0","0","0","0","0","0","0","0","0","0","13","0","0","0","0","0","0","0","0"
"0x7d97cf7b4bc0","      F2FP.F16.F32.PACK_AB R123, R164, R147","4","0","4","65536","2097152","2097152","32","32","0","0","0","-","-","-","0","0","0","0","0","0","0","0","-","0","0","0","0","0","0","0","0","0","0","0","0","0","0","0","0","0","0","0","4","0","0","0","0","0","0","0","0","0","0","0","0","0","0","0","0","0","0","0","0","0","0"
"0x7d97cf7b4bd0","      FADD R147, R147, R162","6","0","6","65536","2097152","2097152","32","32","0","0","0","-","-","-","0","0","0","0","0","0","0","0","-","0","0","0","0","0","0","0","0","0","0","0","0","0","0","0","0","0","0","0","6","0","0","0","0","0","0","0","0","0","0","0","0","0","0","0","0","0","0","0","0","0","0"
"0x7d97cf7b4be0","      LEA.HI.X.SX32 R91, R89, R5, 0x1, P5","28","16","28","65536","2097152","2097152","32","32","0","0","0","-","-","-","0","0","0","0","0","0","0","0","-","0","0","0","0","0","0","0","0","0","0","0","0","0","5","0","0","0","0","5","5","13","0","0","0","0","0","0","0","0","0","0","3","0","0","0","0","0","0","13","0","0","0"
"0x7d97cf7b4bf0","      VIADD R89, R88, 0xe0","4","0","4","65536","2097152","2097152","32","32","0","0","0","-","-","-","0","0","0","0","0","0","0","0","-","0","0","0","0","0","0","0","0","0","0","0","0","0","0","0","0","0","0","0","4","0","0","0","0","0","0","0","0","0","0","0","0","0","0","0","0","0","0","0","0","0","0"
"0x7d97cf7b4c00","      FADD R107, R107, R106","11","4","11","65536","2097152","2097152","32","32","0","0","0","-","-","-","0","0","0","0","0","0","0","0","-","0","0","0","0","0","0","0","0","0","0","0","0","0","0","0","0","0","0","0","5","0","0","0","6","0","0","0","0","0","0","0","0","0","0","0","0","0","0","0","0","0","4"
"0x7d97cf7b4c10","      VIADD R88, R88, 0xf0","14","1","14","65536","2097152","2097152","32","32","0","0","0","-","-","-","0","0","0","0","0","0","0","0","-","0","0","0","0","0","0","0","0","4","0","0","0","0","1","0","0","0","0","4","5","0","0","0","0","0","0","0","0","0","0","0","1","0","0","0","0","0","0","0","0","0","0"
"0x7d97cf7b4c20","      FADD R164, R164, R147","6","1","6","65536","2097152","2097152","32","32","0","0","0","-","-","-","0","0","0","0","0","0","0","0","-","0","0","0","0","0","0","0","0","0","0","0","0","0","0","0","0","0","0","2","1","0","0","0","3","0","0","0","0","0","0","0","0","0","0","0","0","0","0","0","0","0","1"
"0x7d97cf7b4c30","      MUFU.EX2 R94, R94","22","17","22","65536","2097152","2097152","32","32","0","0","0","-","-","-","0","0","0","0","0","0","0","0","-","0","0","0","0","0","0","0","0","0","0","0","0","0","0","0","17","0","0","2","3","0","0","0","0","0","0","0","0","0","0","0","0","0","17","0","0","0","0","0","0","0","0"
"0x7d97cf7b4c40","      ISETP.GE.AND P5, PT, R89, UR22, PT","3","0","3","65536","2097152","2097152","32","32","0","0","0","-","-","-","0","0","0","0","0","0","0","0","-","0","0","0","0","0","0","0","0","0","0","0","0","0","0","0","0","0","0","0","3","0","0","0","0","0","0","0","0","0","0","0","0","0","0","0","0","0","0","0","0","0","0"
"0x7d97cf7b4c50","      FADD R108, R108, R107","9","0","9","65536","2097152","2097152","32","32","0","0","0","-","-","-","0","0","0","0","0","0","0","0","-","0","0","0","0","0","0","0","0","0","0","0","0","0","0","0","0","0","0","0","9","0","0","0","0","0","0","0","0","0","0","0","0","0","0","0","0","0","0","0","0","0","0"
"0x7d97cf7b4c60","      ISETP.GE.AND P6, PT, R88, UR22, PT","6","0","6","65536","2097152","2097152","32","32","0","0","0","-","-","-","0","0","0","0","0","0","0","0","-","0","0","0","0","0","0","0","0","0","0","0","0","0","0","0","0","0","0","0","6","0","0","0","0","0","0","0","0","0","0","0","0","0","0","0","0","0","0","0","0","0","0"
"0x7d97cf7b4c70","      IMAD R89, R155, R138, R9","5","0","5","65536","2097152","2097152","32","32","0","0","0","-","-","-","0","0","0","0","0","0","0","0","-","0","0","0","0","0","0","0","0","0","0","0","0","0","0","0","0","0","0","0","5","0","0","0","0","0","0","0","0","0","0","0","0","0","0","0","0","0","0","0","0","0","0"
"0x7d97cf7b4c80","      FADD R109, R109, R108","12","3","12","65536","2097152","2097152","32","32","0","0","0","-","-","-","0","0","0","0","0","0","0","0","-","0","0","0","0","0","0","0","0","0","0","0","0","0","0","0","0","0","0","1","7","0","0","0","4","0","0","0","0","0","0","0","0","0","0","0","0","0","0","0","0","0","3"
"0x7d97cf7b4c90","      IMAD.MOV.U32 R147, RZ, RZ, R100","6","2","6","65536","2097152","2097152","32","32","0","0","0","-","-","-","0","0","0","0","0","0","0","0","-","0","0","0","0","0","0","0","0","0","0","0","0","0","2","0","0","0","0","0","4","0","0","0","0","0","0","0","0","0","0","0","2","0","0","0","0","0","0","0","0","0","0"
"0x7d97cf7b4ca0","      MUFU.EX2 R171, R125","8","0","8","65536","2097152","2097152","32","32","0","0","0","-","-","-","0","0","0","0","0","0","0","0","-","0","0","0","0","0","0","0","0","3","0","0","0","0","0","0","0","0","0","0","5","0","0","0","0","0","0","0","0","0","0","0","0","0","0","0","0","0","0","0","0","0","0"
"0x7d97cf7b4cb0","      FADD R110, R110, R109","4","3","4","65536","2097152","2097152","32","32","0","0","0","-","-","-","0","0","0","0","0","0","0","0","-","0","0","0","0","0","0","0","0","0","0","0","0","0","0","0","0","0","0","0","0","0","0","0","4","0","0","0","0","0","0","0","0","0","0","0","0","0","0","0","0","0","3"
"0x7d97cf7b4cc0","      FADD R111, R111, R110","32","14","32","65536","2097152","2097152","32","32","0","0","0","-","-","-","0","0","0","0","0","0","0","0","-","0","0","0","0","0","0","0","0","2","0","0","0","0","0","0","0","0","0","14","2","0","0","0","14","0","0","0","0","0","0","0","0","0","0","0","0","0","0","0","0","0","14"
"0x7d97cf7b4cd0","      MUFU.EX2 R174, R129","52","36","52","65536","2097152","2097152","32","32","0","0","0","-","-","-","0","0","0","0","0","0","0","0","-","0","0","0","0","0","0","0","0","2","0","0","0","0","0","0","37","0","0","5","3","0","0","0","5","0","0","0","0","0","0","0","0","0","31","0","0","0","0","0","0","0","5"
"0x7d97cf7b4ce0","      F2FP.F16.F32.PACK_AB R125, R172, R161","4","0","4","65536","2097152","2097152","32","32","0","0","0","-","-","-","0","0","0","0","0","0","0","0","-","0","0","0","0","0","0","0","0","0","0","0","0","0","0","0","0","0","0","0","4","0","0","0","0","0","0","0","0","0","0","0","0","0","0","0","0","0","0","0","0","0","0"
"0x7d97cf7b4cf0","      FADD R161, R161, R164","2","0","2","65536","2097152","2097152","32","32","0","0","0","-","-","-","0","0","0","0","0","0","0","0","-","0","0","0","0","0","0","0","0","0","0","0","0","0","0","0","0","0","0","0","2","0","0","0","0","0","0","0","0","0","0","0","0","0","0","0","0","0","0","0","0","0","0"
"0x7d97cf7b4d00","      F2FP.F16.F32.PACK_AB R127, R163, R94","1","0","1","65536","2097152","2097152","32","32","0","0","0","-","-","-","0","0","0","0","0","0","0","0","-","0","0","0","0","0","0","0","0","0","0","0","0","0","0","0","0","0","0","0","1","0","0","0","0","0","0","0","0","0","0","0","0","0","0","0","0","0","0","0","0","0","0"
"0x7d97cf7b4d10","      FADD R118, R118, R111","5","0","5","65536","2097152","2097152","32","32","0","0","0","-","-","-","0","0","0","0","0","0","0","0","-","0","0","0","0","0","0","0","0","0","0","0","0","0","0","0","0","0","0","0","5","0","0","0","0","0","0","0","0","0","0","0","0","0","0","0","0","0","0","0","0","0","0"
"0x7d97cf7b4d20","      FADD R161, R172, R161","14","3","14","65536","2097152","2097152","32","32","0","0","0","-","-","-","0","0","0","0","0","0","0","0","-","0","0","0","0","0","0","0","0","0","0","0","0","0","0","0","0","0","0","5","1","0","0","0","8","0","0","0","0","0","0","0","0","0","0","0","0","0","0","0","0","0","3"
"0x7d97cf7b4d30","      MUFU.EX2 R173, R133","14","9","14","65536","2097152","2097152","32","32","0","0","0","-","-","-","0","0","0","0","0","0","0","0","-","0","0","0","0","0","0","0","0","0","0","0","0","0","0","0","7","0","0","0","1","0","0","0","6","0","0","0","0","0","0","0","0","0","5","0","0","0","0","0","0","0","4"
"0x7d97cf7b4d40","      FADD R117, R117, R118","4","0","4","65536","2097152","2097152","32","32","0","0","0","-","-","-","0","0","0","0","0","0","0","0","-","0","0","0","0","0","0","0","0","1","0","0","0","0","0","0","0","0","0","0","3","0","0","0","0","0","0","0","0","0","0","0","0","0","0","0","0","0","0","0","0","0","0"
"0x7d97cf7b4d50","      FADD R94, R94, R161","5","0","5","65536","2097152","2097152","32","32","0","0","0","-","-","-","0","0","0","0","0","0","0","0","-","0","0","0","0","0","0","0","0","0","0","0","0","0","0","0","0","0","0","0","5","0","0","0","0","0","0","0","0","0","0","0","0","0","0","0","0","0","0","0","0","0","0"
"0x7d97cf7b4d60","      FADD R116, R116, R117","17","4","17","65536","2097152","2097152","32","32","0","0","0","-","-","-","0","0","0","0","0","0","0","0","-","0","0","0","0","0","0","0","0","0","0","0","0","0","0","0","0","0","0","0","9","0","0","0","8","0","0","0","0","0","0","0","0","0","0","0","0","0","0","0","0","0","4"
"0x7d97cf7b4d70","      FADD R94, R163, R94","2","0","2","65536","2097152","2097152","32","32","0","0","0","-","-","-","0","0","0","0","0","0","0","0","-","0","0","0","0","0","0","0","0","0","0","0","0","0","0","0","0","0","0","0","2","0","0","0","0","0","0","0","0","0","0","0","0","0","0","0","0","0","0","0","0","0","0"
"0x7d97cf7b4d80","      MUFU.EX2 R176, R135","51","27","51","65536","2097152","2097152","32","32","0","0","0","-","-","-","0","0","0","0","0","0","0","0","-","0","0","0","0","0","0","0","0","0","0","0","0","0","0","0","35","0","0","5","2","0","0","0","9","0","0","0","0","0","0","0","0","0","22","0","0","0","0","0","0","0","5"
"0x7d97cf7b4d90","      F2FP.F16.F32.PACK_AB R129, R174, R171","13","2","13","65536","2097152","2097152","32","32","0","0","0","-","-","-","0","0","0","0","0","0","0","0","-","0","0","0","0","0","0","0","0","4","0","0","0","0","0","0","0","0","0","0","2","7","0","0","0","0","0","0","0","0","0","0","0","0","0","0","0","0","0","2","0","0","0"
"0x7d97cf7b4da0","      FADD R171, R171, R94","5","0","5","65536","2097152","2097152","32","32","0","0","0","-","-","-","0","0","0","0","0","0","0","0","-","0","0","0","0","0","0","0","0","0","0","0","0","0","0","0","0","0","0","0","5","0","0","0","0","0","0","0","0","0","0","0","0","0","0","0","0","0","0","0","0","0","0"
"0x7d97cf7b4db0","      FADD R116, R115, R116","3","0","3","65536","2097152","2097152","32","32","0","0","0","-","-","-","0","0","0","0","0","0","0","0","-","0","0","0","0","0","0","0","0","0","0","0","0","0","0","0","0","0","0","0","3","0","0","0","0","0","0","0","0","0","0","0","0","0","0","0","0","0","0","0","0","0","0"
"0x7d97cf7b4dc0","      FADD R174, R174, R171","10","3","10","65536","2097152","2097152","32","32","0","0","0","-","-","-","0","0","0","0","0","0","0","0","-","0","0","0","0","0","0","0","0","2","0","0","0","0","0","0","0","0","0","0","4","0","0","0","4","0","0","0","0","0","0","0","0","0","0","0","0","0","0","0","0","0","3"
"0x7d97cf7b4dd0","      FADD R113, R113, R116","6","0","6","65536","2097152","2097152","32","32","0","0","0","-","-","-","0","0","0","0","0","0","0","0","-","0","0","0","0","0","0","0","0","0","0","0","0","0","0","0","0","0","0","0","6","0","0","0","0","0","0","0","0","0","0","0","0","0","0","0","0","0","0","0","0","0","0"
"0x7d97cf7b4de0","      MUFU.EX2 R97, R97","8","0","8","65536","2097152","2097152","32","32","0","0","0","-","-","-","0","0","0","0","0","0","0","0","-","0","0","0","0","0","0","0","0","4","0","0","0","0","0","0","0","0","0","0","4","0","0","0","0","0","0","0","0","0","0","0","0","0","0","0","0","0","0","0","0","0","0"
"0x7d97cf7b4df0","      FADD R113, R158, R113","16","8","16","65536","2097152","2097152","32","32","0","0","0","-","-","-","0","0","0","0","0","0","0","0","-","0","0","0","0","0","0","0","0","0","0","0","0","0","0","0","0","0","0","0","8","0","0","0","8","0","0","0","0","0","0","0","0","0","0","0","0","0","0","0","0","0","8"
"0x7d97cf7b4e00","      MUFU.EX2 R98, R98","43","16","43","65536","2097152","2097152","32","32","0","0","0","-","-","-","0","0","0","0","0","0","0","0","-","0","0","0","0","0","0","0","0","0","0","0","0","0","0","0","18","0","0","3","2","0","0","0","20","0","0","0","0","0","0","0","0","0","8","0","0","0","0","0","0","0","8"
"0x7d97cf7b4e10","      F2FP.F16.F32.PACK_AB R131, R176, R173","4","1","4","65536","2097152","2097152","32","32","0","0","0","-","-","-","0","0","0","0","0","0","0","0","-","0","0","0","0","0","0","0","0","0","0","0","0","0","0","0","0","0","0","0","3","1","0","0","0","0","0","0","0","0","0","0","0","0","0","0","0","0","0","1","0","0","0"
"0x7d97cf7b4e20","      FADD R173, R173, R174","5","0","5","65536","2097152","2097152","32","32","0","0","0","-","-","-","0","0","0","0","0","0","0","0","-","0","0","0","0","0","0","0","0","0","0","0","0","0","0","0","0","0","0","0","5","0","0","0","0","0","0","0","0","0","0","0","0","0","0","0","0","0","0","0","0","0","0"
"0x7d97cf7b4e30","      FADD R176, R176, R173","18","14","18","65536","2097152","2097152","32","32","0","0","0","-","-","-","0","0","0","0","0","0","0","0","-","0","0","0","0","0","0","0","0","0","0","0","0","0","0","0","0","0","0","0","3","0","0","0","15","0","0","0","0","0","0","0","0","0","0","0","0","0","0","0","0","0","14"
"0x7d97cf7b4e40","      MUFU.EX2 R99, R99","31","13","31","65536","2097152","2097152","32","32","0","0","0","-","-","-","0","0","0","0","0","0","0","0","-","0","0","0","0","0","0","0","0","0","0","0","0","0","0","0","19","0","0","1","6","0","0","0","5","0","0","0","0","0","0","0","0","0","10","0","0","0","0","0","0","0","3"
"0x7d97cf7b4e50","      MUFU.EX2 R96, R101","36","29","36","65536","2097152","2097152","32","32","0","0","0","-","-","-","0","0","0","0","0","0","0","0","-","0","0","0","0","0","0","0","0","0","0","0","0","0","0","0","2","0","0","4","1","0","0","0","29","0","0","0","0","0","0","0","0","0","2","0","0","0","0","0","0","0","27"
"0x7d97cf7b4e60","      F2FP.F16.F32.PACK_AB R133, R98, R97","5","0","5","65536","2097152","2097152","32","32","0","0","0","-","-","-","0","0","0","0","0","0","0","0","-","0","0","0","0","0","0","0","0","0","0","0","0","0","0","0","0","0","0","0","4","1","0","0","0","0","0","0","0","0","0","0","0","0","0","0","0","0","0","0","0","0","0"
"0x7d97cf7b4e70","      FADD R97, R97, R176","7","0","7","65536","2097152","2097152","32","32","0","0","0","-","-","-","0","0","0","0","0","0","0","0","-","0","0","0","0","0","0","0","0","0","0","0","0","0","0","0","0","0","0","0","7","0","0","0","0","0","0","0","0","0","0","0","0","0","0","0","0","0","0","0","0","0","0"
"0x7d97cf7b4e80","      FADD R98, R98, R97","17","13","17","65536","2097152","2097152","32","32","0","0","0","-","-","-","0","0","0","0","0","0","0","0","-","0","0","0","0","0","0","0","0","3","0","0","0","0","0","0","0","0","0","0","3","0","0","0","11","0","0","2","0","0","0","0","0","0","0","0","0","0","0","0","0","0","11"
"0x7d97cf7b4e90","      F2FP.F16.F32.PACK_AB R135, R96, R99","49","25","49","65536","2097152","2097152","32","32","0","0","0","-","-","-","0","0","0","0","0","0","0","0","-","0","0","0","0","0","0","0","0","0","0","0","0","0","0","0","0","0","0","0","2","47","0","0","0","0","0","0","0","0","0","0","0","0","0","0","0","0","0","25","0","0","0"
"0x7d97cf7b4ea0","      FADD R99, R99, R98","15","5","15","65536","2097152","2097152","32","32","0","0","0","-","-","-","0","0","0","0","0","0","0","0","-","0","0","0","0","0","0","0","0","0","0","0","0","0","0","0","0","0","0","0","8","0","0","0","7","0","0","0","0","0","0","0","0","0","0","0","0","0","0","0","0","0","5"
"0x7d97cf7b4eb0","      WARPGROUP.ARRIVE","5","0","5","65536","2097152","2097152","32","32","0","0","0","-","-","-","0","0","0","0","0","0","0","0","-","0","0","0","0","0","0","0","0","0","0","0","0","0","0","0","0","0","0","0","5","0","0","0","0","0","0","0","0","0","0","0","0","0","0","0","0","0","0","0","0","0","0"
"0x7d97cf7b4ec0","      FADD R99, R96, R99","15","3","15","65536","2097152","2097152","32","32","0","0","0","-","-","-","0","0","0","0","0","0","0","0","-","0","0","0","0","0","0","0","0","3","0","0","0","0","0","0","0","0","0","0","5","0","0","0","7","0","0","0","0","0","0","0","0","0","0","0","0","0","0","0","0","0","3"
"0x7d97cf7b4ed0","      HGMMA.64x128x16.F32 R24, R120, gdesc[UR8].tnspB, R24","60","38","60","65536","2097152","2097152","32","32","0","0","0","Shared","Load","-","0","8","0","524288","524288","0","0","0","-","0","0","0","0","0","0","0","0","0","0","0","0","0","0","0","0","0","0","0","4","0","0","0","7","0","0","0","0","0","0","0","0","0","0","0","0","0","0","0","0","0","2"
"0x7d97cf7b4ee0","      UIADD3.64 UR10, UR6, 0x80, URZ","3","0","3","65536","2097152","2097152","32","32","0","0","0","-","-","-","0","0","0","0","0","0","0","0","-","0","0","0","0","0","0","0","0","0","0","0","0","0","0","0","0","0","0","0","3","0","0","0","0","0","0","0","0","0","0","0","0","0","0","0","0","0","0","0","0","0","0"
"0x7d97cf7b4ef0","      HGMMA.64x128x16.F32 R24, R124, gdesc[UR4].tnspB, R24","38","31","38","65536","2097152","2097152","32","32","0","0","0","Shared","Load","-","0","8","0","524288","524288","0","0","0","-","0","0","0","0","0","0","0","0","0","0","0","0","0","0","0","0","0","0","0","1","0","0","0","37","0","0","0","0","0","0","0","0","0","0","0","0","0","0","0","0","0","31"
"0x7d97cf7b4f00","      HGMMA.64x128x16.F32 R24, R128, gdesc[UR8].tnspB, R24","52","42","52","65536","2097152","2097152","32","32","0","0","0","Shared","Load","-","0","8","0","524288","524288","0","0","0","-","0","0","0","0","0","0","0","0","0","0","0","0","0","0","0","0","0","0","0","3","0","0","0","49","0","0","0","0","0","0","0","0","0","0","0","0","0","0","0","0","0","42"
"0x7d97cf7b4f10","      UIADD3.64 UR10, UR6, 0x100, URZ","1","0","1","65536","2097152","2097152","32","32","0","0","0","-","-","-","0","0","0","0","0","0","0","0","-","0","0","0","0","0","0","0","0","0","0","0","0","0","0","0","0","0","0","0","1","0","0","0","0","0","0","0","0","0","0","0","0","0","0","0","0","0","0","0","0","0","0"
"0x7d97cf7b4f20","      ULEA UR6, UR13, UR12, 0xe","7","4","7","65536","2097152","2097152","32","32","0","0","0","-","-","-","0","0","0","0","0","0","0","0","-","0","0","0","0","0","0","0","0","0","0","0","0","0","0","0","0","0","0","0","2","0","0","0","5","0","0","0","0","0","0","0","0","0","0","0","0","0","0","0","0","0","4"
"0x7d97cf7b4f30","      VIADD R101, R140, UR6","28","13","28","65536","2097152","2097152","32","32","0","0","0","-","-","-","0","0","0","0","0","0","0","0","-","0","0","0","0","0","0","0","0","1","0","0","0","0","0","0","0","0","0","1","6","0","0","0","20","0","0","0","0","0","0","0","0","0","0","0","0","0","0","0","0","0","13"
"0x7d97cf7b4f40","      HGMMA.64x128x16.F32 R24, R132, gdesc[UR8].tnspB, R24, gsb0","20","16","20","65536","2097152","2097152","32","32","0","0","0","Shared","Load","-","0","8","0","524288","524288","0","0","0","-","0","0","0","0","0","0","0","0","0","0","0","0","0","0","0","8","0","0","0","4","0","0","0","8","0","0","0","0","0","0","0","0","0","8","0","0","0","0","0","0","0","8"
"0x7d97cf7b4f50","      BAR.SYNC.DEFER_BLOCKING 0x0","2","0","2","65536","2097152","2097152","32","32","0","0","0","-","-","-","0","0","0","0","0","0","0","0","-","0","0","0","0","0","0","0","0","0","0","0","0","0","0","0","0","0","0","0","2","0","0","0","0","0","0","0","0","0","0","0","0","0","0","0","0","0","0","0","0","0","0"
"0x7d97cf7b4f60","@!PT  LDS RZ, [RZ]","210","185","210","65536","2097152","0","32","0","32","32","0","","Load","32","0","0","0","0","0","0","0","0","-","0","0","0","0","0","0","183","0","0","0","0","0","0","0","0","0","0","0","6","4","0","0","0","17","173","0","0","0","0","0","0","0","0","0","0","0","0","0","0","0","0","12"
"0x7d97cf7b4f70","@!PT  LDS RZ, [RZ]","2","0","2","65536","2097152","0","32","0","0","32","0","","Load","32","0","0","0","0","0","0","0","0","-","0","0","0","0","0","0","0","0","0","0","0","0","0","0","0","0","0","0","0","2","0","0","0","0","0","0","0","0","0","0","0","0","0","0","0","0","0","0","0","0","0","0"
"0x7d97cf7b4f80","@!PT  LDS RZ, [RZ]","1","0","1","65536","2097152","0","32","0","0","32","0","","Load","32","0","0","0","0","0","0","0","0","-","0","0","0","0","0","0","0","0","0","0","0","0","0","0","0","0","0","0","0","1","0","0","0","0","0","0","0","0","0","0","0","0","0","0","0","0","0","0","0","0","0","0"
"0x7d97cf7b4f90","      LDGSTS.E.BYPASS.128 desc[UR20][R6.64], P3, [R101]","3","0","3","65536","2097152","2097152","32","32","32","0","0","Global,Shared","Load,Store","128","0","4","0","262144","262144","0","0","0","","0","0","0","0","0","0","0","0","0","0","0","0","0","0","0","0","0","0","0","3","0","0","0","0","0","0","0","0","0","0","0","0","0","0","0","0","0","0","0","0","0","0"
"0x7d97cf7b4fa0","      LDGSTS.E.BYPASS.128 desc[UR20][R90.64], P2, [R101+0x800]","21","4","21","65536","2097152","2097152","32","32","0","0","0","Global,Shared","Load,Store","128","0","4","0","262144","262144","0","0","0","","0","0","0","0","0","0","0","0","0","0","0","0","0","0","0","0","0","0","1","6","0","0","0","14","0","0","0","0","0","0","0","0","0","0","0","0","0","0","0","0","0","4"
"0x7d97cf7b4fb0","      SEL R7, RZ, 0x10, P6","137","123","137","65536","2097152","2097152","32","32","0","0","0","-","-","-","0","0","0","0","0","0","0","0","-","0","0","0","0","0","0","0","0","0","0","0","0","137","0","0","0","0","0","0","0","0","0","0","0","0","0","0","0","0","0","123","0","0","0","0","0","0","0","0","0","0","0"
"0x7d97cf7b4fc0","      SEL R6, RZ, 0x10, P5","6","2","6","65536","2097152","2097152","32","32","0","0","0","-","-","-","0","0","0","0","0","0","0","0","-","0","0","0","0","0","0","0","0","0","0","0","0","0","0","0","0","0","0","0","4","0","0","0","2","0","0","0","0","0","0","0","0","0","0","0","0","0","0","0","0","0","2"
"0x7d97cf7b4fd0","      SEL R7, R7, RZ, !P4","5","3","5","65536","2097152","2097152","32","32","0","0","0","-","-","-","0","0","0","0","0","0","0","0","-","0","0","0","0","0","0","0","0","0","0","0","0","0","0","0","0","0","0","0","2","0","0","0","3","0","0","0","0","0","0","0","0","0","0","0","0","0","0","0","0","0","3"
"0x7d97cf7b4fe0","      IMAD R91, R150, R137, R8","147","100","147","65536","2097152","2097152","32","32","0","0","0","-","-","-","0","0","0","0","0","0","0","0","-","0","0","0","0","0","0","0","0","1","0","0","0","143","0","0","0","0","0","1","2","0","0","0","0","0","0","0","0","0","0","100","0","0","0","0","0","0","0","0","0","0","0"
"0x7d97cf7b4ff0","      SEL R6, R6, RZ, !P4","7","0","7","65536","2097152","2097152","32","32","0","0","0","-","-","-","0","0","0","0","0","0","0","0","-","0","0","0","0","0","0","0","0","0","0","0","0","0","0","0","0","0","0","0","7","0","0","0","0","0","0","0","0","0","0","0","0","0","0","0","0","0","0","0","0","0","0"
"0x7d97cf7b5000","      ISETP.NE.U32.AND P4, PT, R7, RZ, PT","15","6","15","65536","2097152","2097152","32","32","0","0","0","-","-","-","0","0","0","0","0","0","0","0","-","0","0","0","0","0","0","0","0","1","0","0","0","0","2","0","0","0","0","3","2","0","0","0","7","0","0","1","0","0","0","0","1","0","0","0","0","0","0","0","0","0","4"
"0x7d97cf7b5010","      IMAD R7, R154, R138, R9","6","0","6","65536","2097152","2097152","32","32","0","0","0","-","-","-","0","0","0","0","0","0","0","0","-","0","0","0","0","0","0","0","0","2","0","0","0","0","0","0","0","0","0","0","4","0","0","0","0","0","0","0","0","0","0","0","0","0","0","0","0","0","0","0","0","0","0"
"0x7d97cf7b5020","      ISETP.NE.U32.AND P5, PT, R6, RZ, PT","7","0","7","65536","2097152","2097152","32","32","0","0","0","-","-","-","0","0","0","0","0","0","0","0","-","0","0","0","0","0","0","0","0","7","0","0","0","0","0","0","0","0","0","0","0","0","0","0","0","0","0","0","0","0","0","0","0","0","0","0","0","0","0","0","0","0","0"
"0x7d97cf7b5030","      IMAD R9, R138, 0x40, R9","18","0","18","65536","2097152","2097152","32","32","0","0","0","-","-","-","0","0","0","0","0","0","0","0","-","0","0","0","0","0","0","0","0","13","0","0","0","0","0","0","0","0","0","0","5","0","0","0","0","0","0","0","0","0","0","0","0","0","0","0","0","0","0","0","0","0","0"
"0x7d97cf7b5040","      LEA R6, P6, R7, R4, 0x1","24","7","24","65536","2097152","2097152","32","32","0","0","0","-","-","-","0","0","0","0","0","0","0","0","-","0","0","0","0","0","0","0","0","4","0","0","0","0","4","0","0","0","0","1","4","0","0","0","11","0","0","4","0","0","0","0","0","0","0","0","0","0","0","0","0","0","3"
"0x7d97cf7b5050","      LEA.HI.X.SX32 R7, R7, R5, 0x1, P6","33","6","33","65536","2097152","2097152","32","32","0","0","0","-","-","-","0","0","0","0","0","0","0","0","-","0","0","0","0","0","0","0","0","3","0","0","0","0","12","0","0","0","0","1","3","0","0","0","14","0","0","0","0","0","0","0","1","0","0","0","0","0","0","0","0","0","5"
"0x7d97cf7b5060","      LEA R88, P6, R89, R4, 0x1","27","6","27","65536","2097152","2097152","32","32","0","0","0","-","-","-","0","0","0","0","0","0","0","0","-","0","0","0","0","0","0","0","0","1","0","0","0","0","8","0","0","0","0","4","7","0","0","0","7","0","0","1","0","0","0","0","3","0","0","0","0","0","0","0","0","0","2"
"0x7d97cf7b5070","      LDGSTS.E.BYPASS.128 desc[UR20][R6.64], P5, [R101+0x1000]","38","18","38","65536","2097152","2097152","32","32","0","0","0","Global,Shared","Load,Store","128","0","4","0","262144","262144","0","0","0","","0","0","0","0","0","0","0","0","13","0","0","0","0","0","0","0","0","0","1","6","0","0","0","18","0","0","12","0","0","0","0","0","0","0","0","0","0","0","0","0","0","6"
"0x7d97cf7b5080","      LEA.HI.X.SX32 R89, R89, R5, 0x1, P6","7","0","7","65536","2097152","2097152","32","32","0","0","0","-","-","-","0","0","0","0","0","0","0","0","-","0","0","0","0","0","0","0","0","2","0","0","0","0","0","0","0","0","0","0","5","0","0","0","0","0","0","0","0","0","0","0","0","0","0","0","0","0","0","0","0","0","0"
"0x7d97cf7b5090","      LEA R90, P6, R91, R2, 0x1","13","3","13","65536","2097152","2097152","32","32","0","0","0","-","-","-","0","0","0","0","0","0","0","0","-","0","0","0","0","0","0","0","0","2","0","0","0","0","0","0","0","0","0","1","6","0","0","0","4","0","0","2","0","0","0","0","0","0","0","0","0","0","0","0","0","0","1"
"0x7d97cf7b50a0","      LDGSTS.E.BYPASS.128 desc[UR20][R88.64], P4, [R101+0x1800]","37","1","37","65536","2097152","2097152","32","32","0","0","0","Global,Shared","Load,Store","128","0","4","0","262144","262144","0","0","0","","0","0","0","0","0","0","0","0","12","0","0","0","0","0","0","0","0","0","4","4","0","0","0","17","0","0","0","0","0","0","0","0","0","0","0","0","0","0","0","0","0","1"
"0x7d97cf7b50b0","      LEA.HI.X.SX32 R91, R91, R3, 0x1, P6","9","0","9","65536","2097152","2097152","32","32","0","0","0","-","-","-","0","0","0","0","0","0","0","0","-","0","0","0","0","0","0","0","0","6","0","0","0","0","0","0","0","0","0","0","3","0","0","0","0","0","0","0","0","0","0","0","0","0","0","0","0","0","0","0","0","0","0"
"0x7d97cf7b50c0","      LDGDEPBAR","33","5","33","65536","2097152","2097152","32","32","0","0","0","-","-","-","0","0","0","0","0","0","0","0","-","0","0","0","0","0","0","0","0","10","0","0","0","0","0","0","0","0","0","3","1","0","0","0","19","0","0","0","0","0","0","0","0","0","0","0","0","0","0","0","0","0","5"
"0x7d97cf7b50d0","      LDGSTS.E.BYPASS.128 desc[UR20][R90.64], P3, [R101+0x10000]","51","22","51","65536","2097152","2097152","32","32","0","0","0","Global,Shared","Load,Store","128","0","4","0","262144","262144","0","0","0","","0","0","0","0","0","0","0","0","8","0","0","0","0","0","0","0","0","0","5","4","0","0","0","34","0","0","0","0","0","0","0","0","0","0","0","0","0","0","0","0","0","22"
"0x7d97cf7b50e0","      LEA R6, P3, R93, R2, 0x1","7","0","7","65536","2097152","2097152","32","32","0","0","0","-","-","-","0","0","0","0","0","0","0","0","-","0","0","0","0","0","0","0","0","1","0","0","0","0","0","0","0","0","0","0","6","0","0","0","0","0","0","0","0","0","0","0","0","0","0","0","0","0","0","0","0","0","0"
"0x7d97cf7b50f0","      LEA.HI.X.SX32 R7, R93, R3, 0x1, P3","42","18","42","65536","2097152","2097152","32","32","0","0","0","-","-","-","0","0","0","0","0","0","0","0","-","0","0","0","0","0","0","0","0","5","0","0","0","0","2","0","0","0","0","3","0","0","0","0","32","0","0","5","0","0","0","0","0","0","0","0","0","0","0","0","0","0","13"
"0x7d97cf7b5100","      IMAD R93, R154, R137, R8","7","0","7","65536","2097152","2097152","32","32","0","0","0","-","-","-","0","0","0","0","0","0","0","0","-","0","0","0","0","0","0","0","0","4","0","0","0","0","0","0","0","0","0","0","3","0","0","0","0","0","0","0","0","0","0","0","0","0","0","0","0","0","0","0","0","0","0"
"0x7d97cf7b5110","      LDGSTS.E.BYPASS.128 desc[UR20][R6.64], P2, [R101+0x10800]","46","23","46","65536","2097152","2097152","32","32","0","0","0","Global,Shared","Load,Store","128","0","4","0","262144","262144","0","0","0","","0","0","0","0","0","0","0","0","19","0","0","0","0","0","0","0","0","0","3","3","0","0","0","21","0","0","14","0","0","0","0","0","0","0","0","0","0","0","0","0","0","9"
"0x7d97cf7b5120","      LEA R88, P2, R93, R2, 0x1","21","3","21","65536","2097152","2097152","32","32","0","0","0","-","-","-","0","0","0","0","0","0","0","0","-","0","0","0","0","0","0","0","0","11","0","0","0","6","0","0","0","0","0","1","3","0","0","0","0","0","0","0","0","0","0","3","0","0","0","0","0","0","0","0","0","0","0"
"0x7d97cf7b5130","      LEA.HI.X.SX32 R89, R93, R3, 0x1, P2","20","9","20","65536","2097152","2097152","32","32","0","0","0","-","-","-","0","0","0","0","0","0","0","0","-","0","0","0","0","0","0","0","0","0","0","0","0","0","0","0","0","0","0","0","3","0","0","0","17","0","0","0","0","0","0","0","0","0","0","0","0","0","0","0","0","0","9"
"0x7d97cf7b5140","      IMAD R93, R155, R137, R8","11","0","11","65536","2097152","2097152","32","32","0","0","0","-","-","-","0","0","0","0","0","0","0","0","-","0","0","0","0","0","0","0","0","9","0","0","0","0","0","0","0","0","0","0","2","0","0","0","0","0","0","0","0","0","0","0","0","0","0","0","0","0","0","0","0","0","0"
"0x7d97cf7b5150","      IMAD R8, R137, 0x40, R8","9","4","9","65536","2097152","2097152","32","32","0","0","0","-","-","-","0","0","0","0","0","0","0","0","-","0","0","0","0","0","0","0","0","0","0","0","0","0","0","0","0","0","0","1","4","0","0","0","4","0","0","0","0","0","0","0","0","0","0","0","0","0","0","0","0","0","4"
"0x7d97cf7b5160","      LDGSTS.E.BYPASS.128 desc[UR20][R88.64], P5, [R101+0x11000]","26","11","26","65536","2097152","2097152","32","32","0","0","0","Global,Shared","Load,Store","128","0","4","0","262144","262144","0","0","0","","0","0","0","0","0","0","0","0","12","0","0","0","0","0","0","0","0","0","0","9","0","0","0","5","0","0","9","0","0","0","0","0","0","0","0","0","0","0","0","0","0","2"
"0x7d97cf7b5170","      LEA R92, P2, R93, R2, 0x1","17","0","17","65536","2097152","2097152","32","32","0","0","0","-","-","-","0","0","0","0","0","0","0","0","-","0","0","0","0","0","0","0","0","11","0","0","0","0","0","0","0","0","0","0","6","0","0","0","0","0","0","0","0","0","0","0","0","0","0","0","0","0","0","0","0","0","0"
"0x7d97cf7b5180","      SHFL.BFLY PT, R6, R113, 0x2, 0x1f","308","239","308","65536","2097152","2097152","32","32","0","0","0","-","-","-","0","0","0","0","0","0","0","0","-","0","0","0","0","0","0","0","0","8","0","0","0","268","0","0","0","0","0","0","5","0","0","0","27","0","0","3","0","0","0","227","0","0","0","0","0","0","0","0","0","0","9"
"0x7d97cf7b5190","      LEA.HI.X.SX32 R93, R93, R3, 0x1, P2","9","0","9","65536","2097152","2097152","32","32","0","0","0","-","-","-","0","0","0","0","0","0","0","0","-","0","0","0","0","0","0","0","0","1","0","0","0","0","0","0","0","0","0","0","8","0","0","0","0","0","0","0","0","0","0","0","0","0","0","0","0","0","0","0","0","0","0"
"0x7d97cf7b51a0","      IADD3 R102, P2, R16, UR5, RZ","9","5","9","65536","2097152","2097152","32","32","0","0","0","-","-","-","0","0","0","0","0","0","0","0","-","0","0","0","0","0","0","0","0","1","0","0","0","0","0","0","0","0","0","0","3","0","0","0","5","0","0","1","0","0","0","0","0","0","0","0","0","0","0","0","0","0","4"
"0x7d97cf7b51b0","      LDGSTS.E.BYPASS.128 desc[UR20][R92.64], P4, [R101+0x11800]","20","10","20","65536","2097152","2097152","32","32","0","0","0","Global,Shared","Load,Store","128","0","4","0","262144","262144","0","0","0","","0","0","0","0","0","0","0","0","4","0","0","0","0","0","0","0","0","0","0","1","0","0","0","15","0","0","0","0","0","0","0","0","0","0","0","0","0","0","0","0","0","10"
"0x7d97cf7b51c0","      IADD3.X R91, R159, UR4, RZ, P2, !PT","6","0","6","65536","2097152","2097152","32","32","0","0","0","-","-","-","0","0","0","0","0","0","0","0","-","0","0","0","0","0","0","0","0","3","0","0","0","0","0","0","0","0","0","0","3","0","0","0","0","0","0","0","0","0","0","0","0","0","0","0","0","0","0","0","0","0","0"
"0x7d97cf7b51d0","      ISETP.GE.U32.AND P2, PT, R102, R11, PT","14","4","14","65536","2097152","2097152","32","32","0","0","0","-","-","-","0","0","0","0","0","0","0","0","-","0","0","0","0","0","0","0","0","0","0","0","0","0","0","0","0","0","0","0","3","0","0","0","11","0","0","0","0","0","0","0","0","0","0","0","0","0","0","0","0","0","4"
"0x7d97cf7b51e0","      SHFL.BFLY PT, R88, R99, 0x2, 0x1f","160","149","160","65536","2097152","2097152","32","32","0","0","0","-","-","-","0","0","0","0","0","0","0","0","-","0","0","0","0","0","0","0","0","0","0","0","0","155","0","0","0","0","0","0","5","0","0","0","0","0","0","0","0","0","0","149","0","0","0","0","0","0","0","0","0","0","0"
"0x7d97cf7b51f0","      ISETP.GE.AND.EX P2, PT, R91, R10, PT, P2","8","6","8","65536","2097152","2097152","32","32","0","0","0","-","-","-","0","0","0","0","0","0","0","0","-","0","0","0","0","0","0","0","0","0","0","0","0","0","0","0","0","0","0","0","2","0","0","0","6","0","0","0","0","0","0","0","0","0","0","0","0","0","0","0","0","0","6"
"0x7d97cf7b5200","      LDGDEPBAR","6","0","6","65536","2097152","2097152","32","32","0","0","0","-","-","-","0","0","0","0","0","0","0","0","-","0","0","0","0","0","0","0","0","0","0","0","0","0","0","0","0","0","0","0","6","0","0","0","0","0","0","0","0","0","0","0","0","0","0","0","0","0","0","0","0","0","0"
"0x7d97cf7b5210","      FADD R6, R113, R6","394","357","394","65536","2097152","2097152","32","32","0","0","0","-","-","-","0","0","0","0","0","0","0","0","-","0","0","0","0","0","0","0","0","0","0","0","0","0","0","0","0","0","0","0","4","390","0","0","0","0","0","0","0","0","0","0","0","0","0","0","0","0","0","357","0","0","0"
"0x7d97cf7b5220","      SHFL.BFLY PT, R7, R6, 0x1, 0x1f","24","18","24","65536","2097152","2097152","32","32","0","0","0","-","-","-","0","0","0","0","0","0","0","0","-","0","0","0","0","0","0","0","0","0","0","0","0","0","0","0","0","0","0","0","6","0","0","0","18","0","0","0","0","0","0","0","0","0","0","0","0","0","0","0","0","0","18"
"0x7d97cf7b5230","      FADD R88, R99, R88","150","138","150","65536","2097152","2097152","32","32","0","0","0","-","-","-","0","0","0","0","0","0","0","0","-","0","0","0","0","0","0","0","0","0","0","0","0","0","0","0","0","0","0","0","7","143","0","0","0","0","0","0","0","0","0","0","0","0","0","0","0","0","0","138","0","0","0"
"0x7d97cf7b5240","      SHFL.BFLY PT, R89, R88, 0x1, 0x1f","20","18","20","65536","2097152","2097152","32","32","0","0","0","-","-","-","0","0","0","0","0","0","0","0","-","0","0","0","0","0","0","0","0","0","0","0","0","0","0","0","0","0","0","1","1","0","0","0","18","0","0","0","0","0","0","0","0","0","0","0","0","0","0","0","0","0","18"
"0x7d97cf7b5250","      FADD R7, R6, R7","156","139","156","65536","2097152","2097152","32","32","0","0","0","-","-","-","0","0","0","0","0","0","0","0","-","0","0","0","0","0","0","0","0","0","0","0","0","0","0","0","0","0","0","2","0","154","0","0","0","0","0","0","0","0","0","0","0","0","0","0","0","0","0","139","0","0","0"
"0x7d97cf7b5260","      FFMA R141, R114, R141, R7","18","10","18","65536","2097152","2097152","32","32","0","0","0","-","-","-","0","0","0","0","0","0","0","0","-","0","0","0","0","0","0","0","0","0","0","0","0","0","0","0","0","0","0","4","4","0","0","0","10","0","0","0","0","0","0","0","0","0","0","0","0","0","0","0","0","0","10"
"0x7d97cf7b5270","      FADD R90, R88, R89","21","15","21","65536","2097152","2097152","32","32","0","0","0","-","-","-","0","0","0","0","0","0","0","0","-","0","0","0","0","0","0","0","0","0","0","0","0","0","0","0","0","0","0","0","4","17","0","0","0","0","0","0","0","0","0","0","0","0","0","0","0","0","0","15","0","0","0"
"0x7d97cf7b5280","      FFMA R142, R95, R142, R90","17","8","17","65536","2097152","2097152","32","32","0","0","0","-","-","-","0","0","0","0","0","0","0","0","-","0","0","0","0","0","0","0","0","0","0","0","0","0","0","0","0","0","0","2","3","0","0","0","12","0","0","0","0","0","0","0","0","0","0","0","0","0","0","0","0","0","8"
"0x7d97cf7b5290","@!P2  BRA 0x7d97cf7b2f50","2","0","2","65536","2097152","1048576","32","16","16","16","0","-","-","-","0","0","0","0","0","0","0","0","-","0","0","0","0","0","0","0","0","0","0","0","0","0","0","0","0","0","0","0","2","0","0","0","0","0","0","0","0","0","0","0","0","0","0","0","0","0","0","0","0","0","0"
"0x7d97cf7b52a0","      ULDC UR4, c[0x0][0x254]","21","9","21","32768","1048576","1048576","32","32","16","0","0","-","-","-","0","0","0","0","0","0","0","0","-","0","0","0","0","0","0","0","0","0","0","0","0","0","0","0","0","0","0","3","2","0","0","0","16","0","0","0","0","0","0","0","0","0","0","0","0","0","0","0","0","0","9"
"0x7d97cf7b52b0","      ULDC.64 UR6, c[0x0][0x258]","3","0","3","32768","1048576","1048576","32","32","0","0","0","-","-","-","0","0","0","0","0","0","0","0","-","0","0","0","0","0","0","0","0","0","0","0","0","0","0","0","0","0","0","0","3","0","0","0","0","0","0","0","0","0","0","0","0","0","0","0","0","0","0","0","0","0","0"
"0x7d97cf7b52c0","      IMAD R14, R14, UR4, RZ","5","0","5","32768","1048576","1048576","32","32","0","0","0","-","-","-","0","0","0","0","0","0","0","0","-","0","0","0","0","0","0","0","0","0","0","0","0","0","0","0","0","0","0","0","5","0","0","0","0","0","0","0","0","0","0","0","0","0","0","0","0","0","0","0","0","0","0"
"0x7d97cf7b52d0","      ULDC.64 UR4, c[0x0][0x228]","3","0","3","32768","1048576","1048576","32","32","0","0","0","-","-","-","0","0","0","0","0","0","0","0","-","0","0","0","0","0","0","0","0","2","0","0","0","0","0","0","0","0","0","0","1","0","0","0","0","0","0","0","0","0","0","0","0","0","0","0","0","0","0","0","0","0","0"
"0x7d97cf7b52e0","      IMAD R15, R15, UR6, RZ","0","0","0","32768","1048576","1048576","32","32","0","0","0","-","-","-","0","0","0","0","0","0","0","0","-","0","0","0","0","0","0","0","0","0","0","0","0","0","0","0","0","0","0","0","0","0","0","0","0","0","0","0","0","0","0","0","0","0","0","0","0","0","0","0","0","0","0"
"0x7d97cf7b52f0","      NOP","1","0","1","32768","1048576","1048576","32","32","0","0","0","-","-","-","0","0","0","0","0","0","0","0","-","0","0","0","0","0","0","0","0","0","0","0","0","0","0","0","0","0","0","0","1","0","0","0","0","0","0","0","0","0","0","0","0","0","0","0","0","0","0","0","0","0","0"
"0x7d97cf7b5300","      WARPGROUP.DEPBAR.LE gsb0, 0x0","1","0","1","32768","1048576","1048576","32","32","0","0","0","-","-","-","0","0","0","0","0","0","0","0","-","0","0","0","0","0","0","0","0","0","0","0","0","0","0","0","0","0","0","0","1","0","0","0","0","0","0","0","0","0","0","0","0","0","0","0","0","0","0","0","0","0","0"
"0x7d97cf7b5310","      IMAD.SHL.U32 R2, R14, 0x2, RZ","7","0","7","32768","1048576","1048576","32","32","0","0","0","-","-","-","0","0","0","0","0","0","0","0","-","0","0","0","0","0","0","0","0","0","0","0","0","0","2","0","0","0","0","0","2","0","0","0","3","0","0","0","0","0","0","0","0","0","0","0","0","0","0","0","0","0","0"
"0x7d97cf7b5320","      FMUL R95, R38, 0.25","5","2","5","32768","1048576","1048576","32","32","0","0","0","-","-","-","0","0","0","0","0","0","0","0","-","0","0","0","0","0","0","0","0","1","0","0","0","0","0","0","0","0","0","0","2","0","0","0","2","0","0","0","0","0","0","0","0","0","0","0","0","0","0","0","0","0","2"
"0x7d97cf7b5330","      IMAD.SHL.U32 R3, R15, 0x2, RZ","1","0","1","32768","1048576","1048576","32","32","0","0","0","-","-","-","0","0","0","0","0","0","0","0","-","0","0","0","0","0","0","0","0","0","0","0","0","0","0","0","0","0","0","0","1","0","0","0","0","0","0","0","0","0","0","0","0","0","0","0","0","0","0","0","0","0","0"
"0x7d97cf7b5340","      DEPBAR.LE SB0, 0x0","3","0","3","32768","1048576","1048576","32","32","0","0","0","-","-","-","0","0","0","0","0","0","0","0","-","0","0","0","0","0","0","0","0","0","0","0","0","0","0","0","0","0","0","0","3","0","0","0","0","0","0","0","0","0","0","0","0","0","0","0","0","0","0","0","0","0","0"
"0x7d97cf7b5350","      IMAD R17, R17, UR7, RZ","8","1","8","32768","1048576","1048576","32","32","0","0","0","-","-","-","0","0","0","0","0","0","0","0","-","0","0","0","0","0","0","0","0","0","0","0","0","0","1","0","0","0","0","3","1","0","0","0","3","0","0","0","0","0","0","0","0","0","0","0","0","0","0","0","0","0","1"
"0x7d97cf7b5360","      IADD3 R89, P2, P3, R3, UR4, R2","2","0","2","32768","1048576","1048576","32","32","0","0","0","-","-","-","0","0","0","0","0","0","0","0","-","0","0","0","0","0","0","0","0","0","0","0","0","0","0","0","0","0","0","0","2","0","0","0","0","0","0","0","0","0","0","0","0","0","0","0","0","0","0","0","0","0","0"
"0x7d97cf7b5370","      IMAD.HI R14, R14, 0x2, RZ","4","0","4","32768","1048576","1048576","32","32","0","0","0","-","-","-","0","0","0","0","0","0","0","0","-","0","0","0","0","0","0","0","0","2","0","0","0","0","0","0","0","0","0","0","2","0","0","0","0","0","0","0","0","0","0","0","0","0","0","0","0","0","0","0","0","0","0"
"0x7d97cf7b5380","      P2R R88, PR, RZ, 0x2","3","0","3","32768","1048576","1048576","32","32","0","0","0","-","-","-","0","0","0","0","0","0","0","0","-","0","0","0","0","0","0","0","0","0","0","0","0","0","0","0","0","0","0","0","3","0","0","0","0","0","0","0","0","0","0","0","0","0","0","0","0","0","0","0","0","0","0"
"0x7d97cf7b5390","      ISETP.NE.AND P1, PT, R170, RZ, PT","13","0","13","32768","1048576","1048576","32","32","0","0","0","-","-","-","0","0","0","0","0","0","0","0","-","0","0","0","0","0","0","0","0","3","0","0","0","0","0","0","0","0","0","7","2","0","0","0","1","0","0","0","0","0","0","0","0","0","0","0","0","0","0","0","0","0","0"
"0x7d97cf7b53a0","      IMAD.HI R15, R15, 0x2, RZ","3","0","3","32768","1048576","1048576","32","32","0","0","0","-","-","-","0","0","0","0","0","0","0","0","-","0","0","0","0","0","0","0","0","0","0","0","0","0","0","0","0","0","0","0","3","0","0","0","0","0","0","0","0","0","0","0","0","0","0","0","0","0","0","0","0","0","0"
"0x7d97cf7b53b0","      ISETP.NE.AND P6, PT, R169, RZ, PT","2","0","2","32768","1048576","1048576","32","32","0","0","0","-","-","-","0","0","0","0","0","0","0","0","-","0","0","0","0","0","0","0","0","0","0","0","0","0","0","0","0","0","0","0","2","0","0","0","0","0","0","0","0","0","0","0","0","0","0","0","0","0","0","0","0","0","0"
"0x7d97cf7b53c0","      ISETP.NE.AND P5, PT, R168, RZ, PT","16","1","16","32768","1048576","1048576","32","32","0","0","0","-","-","-","0","0","0","0","0","0","0","0","-","0","0","0","0","0","0","0","0","7","0","0","0","0","3","0","0","0","0","2","3","0","0","0","1","0","0","0","0","0","0","0","1","0","0","0","0","0","0","0","0","0","0"
"0x7d97cf7b53d0","      IMAD.SHL.U32 R2, R17, 0x2, RZ","4","0","4","32768","1048576","1048576","32","32","0","0","0","-","-","-","0","0","0","0","0","0","0","0","-","0","0","0","0","0","0","0","0","0","0","0","0","0","0","0","0","0","0","0","4","0","0","0","0","0","0","0","0","0","0","0","0","0","0","0","0","0","0","0","0","0","0"
"0x7d97cf7b53e0","      IADD3.X R90, R15, UR5, R14, P2, P3","1","0","1","32768","1048576","1048576","32","32","0","0","0","-","-","-","0","0","0","0","0","0","0","0","-","0","0","0","0","0","0","0","0","1","0","0","0","0","0","0","0","0","0","0","0","0","0","0","0","0","0","0","0","0","0","0","0","0","0","0","0","0","0","0","0","0","0"
"0x7d97cf7b53f0","      IMAD R18, R18, UR7, RZ","2","0","2","32768","1048576","1048576","32","32","0","0","0","-","-","-","0","0","0","0","0","0","0","0","-","0","0","0","0","0","0","0","0","0","0","0","0","0","0","0","0","0","0","0","2","0","0","0","0","0","0","0","0","0","0","0","0","0","0","0","0","0","0","0","0","0","0"
"0x7d97cf7b5400","      IMAD.HI R17, R17, 0x2, RZ","12","0","12","32768","1048576","1048576","32","32","0","0","0","-","-","-","0","0","0","0","0","0","0","0","-","0","0","0","0","0","0","0","0","0","0","0","0","0","3","0","0","0","0","4","4","0","0","0","1","0","0","0","0","0","0","0","0","0","0","0","0","0","0","0","0","0","0"
"0x7d97cf7b5410","      IADD3 R2, P2, P3, R139, R2, R89","0","0","0","32768","1048576","1048576","32","32","0","0","0","-","-","-","0","0","0","0","0","0","0","0","-","0","0","0","0","0","0","0","0","0","0","0","0","0","0","0","0","0","0","0","0","0","0","0","0","0","0","0","0","0","0","0","0","0","0","0","0","0","0","0","0","0","0"
"0x7d97cf7b5420","      IMAD.SHL.U32 R4, R18, 0x2, RZ","17","2","17","32768","1048576","1048576","32","32","0","0","0","-","-","-","0","0","0","0","0","0","0","0","-","0","0","0","0","0","0","0","0","4","0","0","0","0","3","0","0","0","0","4","2","0","0","0","4","0","0","0","0","0","0","0","0","0","0","0","0","0","0","0","0","0","2"
"0x7d97cf7b5430","      IADD3.X R3, RZ, R17, R90, P2, P3","2","0","2","32768","1048576","1048576","32","32","0","0","0","-","-","-","0","0","0","0","0","0","0","0","-","0","0","0","0","0","0","0","0","0","0","0","0","0","0","0","0","0","0","0","2","0","0","0","0","0","0","0","0","0","0","0","0","0","0","0","0","0","0","0","0","0","0"
"0x7d97cf7b5440","      IMAD R19, R19, UR7, RZ","3","0","3","32768","1048576","1048576","32","32","0","0","0","-","-","-","0","0","0","0","0","0","0","0","-","0","0","0","0","0","0","0","0","0","0","0","0","0","0","0","0","0","0","0","3","0","0","0","0","0","0","0","0","0","0","0","0","0","0","0","0","0","0","0","0","0","0"
"0x7d97cf7b5450","      IMAD.HI R18, R18, 0x2, RZ","14","3","14","32768","1048576","1048576","32","32","0","0","0","-","-","-","0","0","0","0","0","0","0","0","-","0","0","0","0","0","0","0","0","0","0","0","0","0","1","0","0","0","0","1","3","0","0","0","9","0","0","0","0","0","0","0","0","0","0","0","0","0","0","0","0","0","3"
"0x7d97cf7b5460","      BAR.SYNC.DEFER_BLOCKING 0x0","2","0","2","32768","1048576","1048576","32","32","0","0","0","-","-","-","0","0","0","0","0","0","0","0","-","0","0","0","0","0","0","0","0","0","0","0","0","0","0","0","0","0","0","0","2","0","0","0","0","0","0","0","0","0","0","0","0","0","0","0","0","0","0","0","0","0","0"
"0x7d97cf7b5470","      IADD3 R4, P2, P3, R139, R4, R89","0","0","0","32768","1048576","1048576","32","32","0","0","0","-","-","-","0","0","0","0","0","0","0","0","-","0","0","0","0","0","0","0","0","0","0","0","0","0","0","0","0","0","0","0","0","0","0","0","0","0","0","0","0","0","0","0","0","0","0","0","0","0","0","0","0","0","0"
"0x7d97cf7b5480","      IMAD.SHL.U32 R6, R19, 0x2, RZ","12","1","12","32768","1048576","1048576","32","32","0","0","0","-","-","-","0","0","0","0","0","0","0","0","-","0","0","0","0","0","0","0","0","0","0","0","0","0","4","0","0","0","0","3","2","0","0","0","3","0","0","0","0","0","0","0","1","0","0","0","0","0","0","0","0","0","0"
"0x7d97cf7b5490","      IMAD R20, R20, UR7, RZ","14","3","14","32768","1048576","1048576","32","32","0","0","0","-","-","-","0","0","0","0","0","0","0","0","-","0","0","0","0","0","0","0","0","0","0","0","0","0","2","0","0","0","0","2","1","0","0","0","9","0","0","0","0","0","0","0","0","0","0","0","0","0","0","0","0","0","3"
"0x7d97cf7b54a0","      IADD3.X R5, RZ, R18, R90, P2, P3","5","0","5","32768","1048576","1048576","32","32","0","0","0","-","-","-","0","0","0","0","0","0","0","0","-","0","0","0","0","0","0","0","0","2","0","0","0","0","0","0","0","0","0","0","3","0","0","0","0","0","0","0","0","0","0","0","0","0","0","0","0","0","0","0","0","0","0"
"0x7d97cf7b54b0","      IMAD.HI R19, R19, 0x2, RZ","1","0","1","32768","1048576","1048576","32","32","0","0","0","-","-","-","0","0","0","0","0","0","0","0","-","0","0","0","0","0","0","0","0","0","0","0","0","0","0","0","0","0","0","0","1","0","0","0","0","0","0","0","0","0","0","0","0","0","0","0","0","0","0","0","0","0","0"
"0x7d97cf7b54c0","      IADD3 R6, P2, P3, R139, R6, R89","4","0","4","32768","1048576","1048576","32","32","0","0","0","-","-","-","0","0","0","0","0","0","0","0","-","0","0","0","0","0","0","0","0","1","0","0","0","0","0","0","0","0","0","0","3","0","0","0","0","0","0","0","0","0","0","0","0","0","0","0","0","0","0","0","0","0","0"
"0x7d97cf7b54d0","      FMUL R18, R27, 0.25","7","0","7","32768","1048576","1048576","32","32","0","0","0","-","-","-","0","0","0","0","0","0","0","0","-","0","0","0","0","0","0","0","0","0","0","0","0","0","0","0","0","0","0","0","3","0","0","0","4","0","0","0","0","0","0","0","0","0","0","0","0","0","0","0","0","0","0"
"0x7d97cf7b54e0","      IMAD.SHL.U32 R8, R20, 0x2, RZ","2","0","2","32768","1048576","1048576","32","32","0","0","0","-","-","-","0","0","0","0","0","0","0","0","-","0","0","0","0","0","0","0","0","0","0","0","0","0","0","0","0","0","0","0","2","0","0","0","0","0","0","0","0","0","0","0","0","0","0","0","0","0","0","0","0","0","0"
"0x7d97cf7b54f0","      IADD3.X R7, RZ, R19, R90, P2, P3","2","0","2","32768","1048576","1048576","32","32","0","0","0","-","-","-","0","0","0","0","0","0","0","0","-","0","0","0","0","0","0","0","0","0","0","0","0","0","0","0","0","0","0","0","2","0","0","0","0","0","0","0","0","0","0","0","0","0","0","0","0","0","0","0","0","0","0"
"0x7d97cf7b5500","      IMAD R21, R21, UR7, RZ","2","0","2","32768","1048576","1048576","32","32","0","0","0","-","-","-","0","0","0","0","0","0","0","0","-","0","0","0","0","0","0","0","0","0","0","0","0","0","0","0","0","0","0","0","2","0","0","0","0","0","0","0","0","0","0","0","0","0","0","0","0","0","0","0","0","0","0"
"0x7d97cf7b5510","      FMUL R19, R26, 0.25","4","0","4","32768","1048576","1048576","32","32","0","0","0","-","-","-","0","0","0","0","0","0","0","0","-","0","0","0","0","0","0","0","0","0","0","0","0","0","0","0","0","0","0","0","4","0","0","0","0","0","0","0","0","0","0","0","0","0","0","0","0","0","0","0","0","0","0"
"0x7d97cf7b5520","      IMAD.HI R20, R20, 0x2, RZ","2","0","2","32768","1048576","1048576","32","32","0","0","0","-","-","-","0","0","0","0","0","0","0","0","-","0","0","0","0","0","0","0","0","0","0","0","0","0","0","0","0","0","0","0","2","0","0","0","0","0","0","0","0","0","0","0","0","0","0","0","0","0","0","0","0","0","0"
"0x7d97cf7b5530","      IADD3 R8, P2, P3, R139, R8, R89","5","0","5","32768","1048576","1048576","32","32","0","0","0","-","-","-","0","0","0","0","0","0","0","0","-","0","0","0","0","0","0","0","0","0","0","0","0","0","0","0","0","0","0","0","5","0","0","0","0","0","0","0","0","0","0","0","0","0","0","0","0","0","0","0","0","0","0"
"0x7d97cf7b5540","      IMAD.SHL.U32 R10, R21, 0x2, RZ","15","1","15","32768","1048576","1048576","32","32","0","0","0","-","-","-","0","0","0","0","0","0","0","0","-","0","0","0","0","0","0","0","0","0","0","0","0","0","1","0","0","0","0","4","4","0","0","0","6","0","0","0","0","0","0","0","1","0","0","0","0","0","0","0","0","0","0"
"0x7d97cf7b5550","      IADD3.X R9, RZ, R20, R90, P2, P3","4","0","4","32768","1048576","1048576","32","32","0","0","0","-","-","-","0","0","0","0","0","0","0","0","-","0","0","0","0","0","0","0","0","3","0","0","0","0","0","0","0","0","0","0","1","0","0","0","0","0","0","0","0","0","0","0","0","0","0","0","0","0","0","0","0","0","0"
"0x7d97cf7b5560","      IMAD R22, R22, UR7, RZ","2","0","2","32768","1048576","1048576","32","32","0","0","0","-","-","-","0","0","0","0","0","0","0","0","-","0","0","0","0","0","0","0","0","1","0","0","0","0","0","0","0","0","0","0","1","0","0","0","0","0","0","0","0","0","0","0","0","0","0","0","0","0","0","0","0","0","0"
"0x7d97cf7b5570","      FMUL R20, R35, 0.25","6","2","6","32768","1048576","1048576","32","32","0","0","0","-","-","-","0","0","0","0","0","0","0","0","-","0","0","0","0","0","0","0","0","0","0","0","0","0","0","0","0","0","0","0","3","0","0","0","3","0","0","0","0","0","0","0","0","0","0","0","0","0","0","0","0","0","2"
"0x7d97cf7b5580","      IMAD.HI R21, R21, 0x2, RZ","1","0","1","32768","1048576","1048576","32","32","0","0","0","-","-","-","0","0","0","0","0","0","0","0","-","0","0","0","0","0","0","0","0","0","0","0","0","0","0","0","0","0","0","0","1","0","0","0","0","0","0","0","0","0","0","0","0","0","0","0","0","0","0","0","0","0","0"
"0x7d97cf7b5590","      IADD3 R10, P2, P3, R139, R10, R89","5","0","5","32768","1048576","1048576","32","32","0","0","0","-","-","-","0","0","0","0","0","0","0","0","-","0","0","0","0","0","0","0","0","0","0","0","0","0","0","0","0","0","0","0","5","0","0","0","0","0","0","0","0","0","0","0","0","0","0","0","0","0","0","0","0","0","0"
"0x7d97cf7b55a0","      IMAD.SHL.U32 R12, R22, 0x2, RZ","21","2","21","32768","1048576","1048576","32","32","0","0","0","-","-","-","0","0","0","0","0","0","0","0","-","0","0","0","0","0","0","0","0","0","0","0","0","0","8","0","0","0","0","6","1","0","0","0","6","0","0","0","0","0","0","0","1","0","0","0","0","0","0","0","0","0","1"
"0x7d97cf7b55b0","      IADD3.X R11, RZ, R21, R90, P2, P3","3","0","3","32768","1048576","1048576","32","32","0","0","0","-","-","-","0","0","0","0","0","0","0","0","-","0","0","0","0","0","0","0","0","0","0","0","0","0","0","0","0","0","0","0","3","0","0","0","0","0","0","0","0","0","0","0","0","0","0","0","0","0","0","0","0","0","0"
"0x7d97cf7b55c0","      IMAD R23, R23, UR7, RZ","4","0","4","32768","1048576","1048576","32","32","0","0","0","-","-","-","0","0","0","0","0","0","0","0","-","0","0","0","0","0","0","0","0","0","0","0","0","0","0","0","0","0","0","0","4","0","0","0","0","0","0","0","0","0","0","0","0","0","0","0","0","0","0","0","0","0","0"
"0x7d97cf7b55d0","      IMAD.HI R22, R22, 0x2, RZ","17","4","17","32768","1048576","1048576","32","32","0","0","0","-","-","-","0","0","0","0","0","0","0","0","-","0","0","0","0","0","0","0","0","0","0","0","0","0","4","0","0","0","0","3","1","0","0","0","9","0","0","0","0","0","0","0","2","0","0","0","0","0","0","0","0","0","2"
"0x7d97cf7b55e0","      IADD3 R12, P2, P3, R139, R12, R89","2","0","2","32768","1048576","1048576","32","32","0","0","0","-","-","-","0","0","0","0","0","0","0","0","-","0","0","0","0","0","0","0","0","0","0","0","0","0","0","0","0","0","0","0","2","0","0","0","0","0","0","0","0","0","0","0","0","0","0","0","0","0","0","0","0","0","0"
"0x7d97cf7b55f0","      IMAD.SHL.U32 R14, R23, 0x2, RZ","17","1","17","32768","1048576","1048576","32","32","0","0","0","-","-","-","0","0","0","0","0","0","0","0","-","0","0","0","0","0","0","0","0","0","0","0","0","0","7","0","0","0","0","2","2","0","0","0","6","0","0","0","0","0","0","0","1","0","0","0","0","0","0","0","0","0","0"
"0x7d97cf7b5600","      IADD3.X R13, RZ, R22, R90, P2, P3","5","0","5","32768","1048576","1048576","32","32","0","0","0","-","-","-","0","0","0","0","0","0","0","0","-","0","0","0","0","0","0","0","0","0","0","0","0","0","0","0","0","0","0","0","5","0","0","0","0","0","0","0","0","0","0","0","0","0","0","0","0","0","0","0","0","0","0"
"0x7d97cf7b5610","      IMAD R136, R136, UR7, RZ","1","0","1","32768","1048576","1048576","32","32","0","0","0","-","-","-","0","0","0","0","0","0","0","0","-","0","0","0","0","0","0","0","0","0","0","0","0","0","0","0","0","0","0","0","1","0","0","0","0","0","0","0","0","0","0","0","0","0","0","0","0","0","0","0","0","0","0"
"0x7d97cf7b5620","      FMUL R22, R47, 0.25","36","0","36","32768","1048576","1048576","32","32","0","0","0","-","-","-","0","0","0","0","0","0","0","0","-","0","0","0","0","0","0","0","0","0","0","0","0","0","0","0","0","0","0","28","1","0","0","0","7","0","0","0","0","0","0","0","0","0","0","0","0","0","0","0","0","0","0"
"0x7d97cf7b5630","      IMAD.HI R23, R23, 0x2, RZ","4","0","4","32768","1048576","1048576","32","32","0","0","0","-","-","-","0","0","0","0","0","0","0","0","-","0","0","0","0","0","0","0","0","0","0","0","0","0","0","0","0","0","0","2","2","0","0","0","0","0","0","0","0","0","0","0","0","0","0","0","0","0","0","0","0","0","0"
"0x7d97cf7b5640","      IADD3 R14, P2, P3, R139, R14, R89","3","0","3","32768","1048576","1048576","32","32","0","0","0","-","-","-","0","0","0","0","0","0","0","0","-","0","0","0","0","0","0","0","0","0","0","0","0","0","0","0","0","0","0","0","3","0","0","0","0","0","0","0","0","0","0","0","0","0","0","0","0","0","0","0","0","0","0"
"0x7d97cf7b5650","      IMAD.SHL.U32 R16, R136, 0x2, RZ","22","1","22","32768","1048576","1048576","32","32","0","0","0","-","-","-","0","0","0","0","0","0","0","0","-","0","0","0","0","0","0","0","0","0","0","0","0","0","4","0","0","0","0","11","3","0","0","0","4","0","0","0","0","0","0","0","1","0","0","0","0","0","0","0","0","0","0"
"0x7d97cf7b5660","      IADD3.X R15, RZ, R23, R90, P2, P3","3","0","3","32768","1048576","1048576","32","32","0","0","0","-","-","-","0","0","0","0","0","0","0","0","-","0","0","0","0","0","0","0","0","2","0","0","0","0","0","0","0","0","0","0","1","0","0","0","0","0","0","0","0","0","0","0","0","0","0","0","0","0","0","0","0","0","0"
"0x7d97cf7b5670","      IMAD.HI R136, R136, 0x2, RZ","3","0","3","32768","1048576","1048576","32","32","0","0","0","-","-","-","0","0","0","0","0","0","0","0","-","0","0","0","0","0","0","0","0","0","0","0","0","0","0","0","0","0","0","0","3","0","0","0","0","0","0","0","0","0","0","0","0","0","0","0","0","0","0","0","0","0","0"
"0x7d97cf7b5680","      FMUL R23, R34, 0.25","32","2","32","32768","1048576","1048576","32","32","0","0","0","-","-","-","0","0","0","0","0","0","0","0","-","0","0","0","0","0","0","0","0","6","0","0","0","0","0","0","0","0","0","17","3","0","0","0","6","0","0","0","0","0","0","0","0","0","0","0","0","0","0","0","0","0","2"
"0x7d97cf7b5690","      IADD3 R16, P2, P3, R139, R16, R89","5","0","5","32768","1048576","1048576","32","32","0","0","0","-","-","-","0","0","0","0","0","0","0","0","-","0","0","0","0","0","0","0","0","1","0","0","0","0","0","0","0","0","0","0","4","0","0","0","0","0","0","0","0","0","0","0","0","0","0","0","0","0","0","0","0","0","0"
"0x7d97cf7b56a0","      IADD3.X R17, RZ, R136, R90, P2, P3","91","3","91","32768","1048576","1048576","32","32","0","0","0","-","-","-","0","0","0","0","0","0","0","0","-","0","0","0","0","0","0","0","0","0","0","0","0","0","42","0","0","0","0","43","3","0","0","0","3","0","0","0","0","0","0","0","3","0","0","0","0","0","0","0","0","0","0"
"0x7d97cf7b56b0","      FSETP.GT.AND P3, PT, |R142|, 8.50705917302346158658e+37, PT","21","2","21","32768","1048576","1048576","32","32","0","0","0","-","-","-","0","0","0","0","0","0","0","0","-","0","0","0","0","0","0","0","0","3","0","0","0","0","3","0","0","0","0","7","2","0","0","0","6","0","0","0","0","0","0","0","0","0","0","0","0","0","0","0","0","0","2"
"0x7d97cf7b56c0","      FSETP.GEU.AND P2, PT, |R142|, 1.175494350822287508e-38, PT","11","0","11","32768","1048576","1048576","32","32","0","0","0","-","-","-","0","0","0","0","0","0","0","0","-","0","0","0","0","0","0","0","0","0","0","0","0","0","3","0","0","0","0","5","2","0","0","0","1","0","0","0","0","0","0","0","0","0","0","0","0","0","0","0","0","0","0"
"0x7d97cf7b56d0","      FSEL R21, R19, R26, P3","66","2","66","32768","1048576","1048576","32","32","0","0","0","-","-","-","0","0","0","0","0","0","0","0","-","0","0","0","0","0","0","0","0","1","0","0","0","0","10","0","0","0","0","52","0","0","0","0","3","0","0","0","0","0","0","0","1","0","0","0","0","0","0","0","0","0","1"
"0x7d97cf7b56e0","      FMUL R19, R30, 0.25","3","0","3","32768","1048576","1048576","32","32","0","0","0","-","-","-","0","0","0","0","0","0","0","0","-","0","0","0","0","0","0","0","0","0","0","0","0","0","0","0","0","0","0","0","3","0","0","0","0","0","0","0","0","0","0","0","0","0","0","0","0","0","0","0","0","0","0"
"0x7d97cf7b56f0","      FSEL R27, R18, R27, P3","1","0","1","32768","1048576","1048576","32","32","0","0","0","-","-","-","0","0","0","0","0","0","0","0","-","0","0","0","0","0","0","0","0","0","0","0","0","0","0","0","0","0","0","0","1","0","0","0","0","0","0","0","0","0","0","0","0","0","0","0","0","0","0","0","0","0","0"
"0x7d97cf7b5700","      FMUL R18, R31, 0.25","4","0","4","32768","1048576","1048576","32","32","0","0","0","-","-","-","0","0","0","0","0","0","0","0","-","0","0","0","0","0","0","0","0","0","0","0","0","0","0","0","0","0","0","0","4","0","0","0","0","0","0","0","0","0","0","0","0","0","0","0","0","0","0","0","0","0","0"
"0x7d97cf7b5710","      FSEL R93, R20, R35, P3","1","0","1","32768","1048576","1048576","32","32","0","0","0","-","-","-","0","0","0","0","0","0","0","0","-","0","0","0","0","0","0","0","0","0","0","0","0","0","0","0","0","0","0","0","1","0","0","0","0","0","0","0","0","0","0","0","0","0","0","0","0","0","0","0","0","0","0"
"0x7d97cf7b5720","      FMUL R20, R43, 0.25","1","0","1","32768","1048576","1048576","32","32","0","0","0","-","-","-","0","0","0","0","0","0","0","0","-","0","0","0","0","0","0","0","0","0","0","0","0","0","0","0","0","0","0","0","1","0","0","0","0","0","0","0","0","0","0","0","0","0","0","0","0","0","0","0","0","0","0"
"0x7d97cf7b5730","      FSEL R89, R19, R30, P3","0","0","0","32768","1048576","1048576","32","32","0","0","0","-","-","-","0","0","0","0","0","0","0","0","-","0","0","0","0","0","0","0","0","0","0","0","0","0","0","0","0","0","0","0","0","0","0","0","0","0","0","0","0","0","0","0","0","0","0","0","0","0","0","0","0","0","0"
"0x7d97cf7b5740","      FMUL R19, R42, 0.25","4","0","4","32768","1048576","1048576","32","32","0","0","0","-","-","-","0","0","0","0","0","0","0","0","-","0","0","0","0","0","0","0","0","0","0","0","0","0","0","0","0","0","0","0","4","0","0","0","0","0","0","0","0","0","0","0","0","0","0","0","0","0","0","0","0","0","0"
"0x7d97cf7b5750","      FSEL R31, R18, R31, P3","1","0","1","32768","1048576","1048576","32","32","0","0","0","-","-","-","0","0","0","0","0","0","0","0","-","0","0","0","0","0","0","0","0","0","0","0","0","0","0","0","0","0","0","0","1","0","0","0","0","0","0","0","0","0","0","0","0","0","0","0","0","0","0","0","0","0","0"
"0x7d97cf7b5760","      FMUL R18, R39, 0.25","4","0","4","32768","1048576","1048576","32","32","0","0","0","-","-","-","0","0","0","0","0","0","0","0","-","0","0","0","0","0","0","0","0","0","0","0","0","0","0","0","0","0","0","0","4","0","0","0","0","0","0","0","0","0","0","0","0","0","0","0","0","0","0","0","0","0","0"
"0x7d97cf7b5770","      FSEL R91, R23, R34, P3","0","0","0","32768","1048576","1048576","32","32","0","0","0","-","-","-","0","0","0","0","0","0","0","0","-","0","0","0","0","0","0","0","0","0","0","0","0","0","0","0","0","0","0","0","0","0","0","0","0","0","0","0","0","0","0","0","0","0","0","0","0","0","0","0","0","0","0"
"0x7d97cf7b5780","      FMUL R23, R46, 0.25","1","0","1","32768","1048576","1048576","32","32","0","0","0","-","-","-","0","0","0","0","0","0","0","0","-","0","0","0","0","0","0","0","0","0","0","0","0","0","0","0","0","0","0","0","1","0","0","0","0","0","0","0","0","0","0","0","0","0","0","0","0","0","0","0","0","0","0"
"0x7d97cf7b5790","      FSEL R101, R20, R43, P3","2","0","2","32768","1048576","1048576","32","32","0","0","0","-","-","-","0","0","0","0","0","0","0","0","-","0","0","0","0","0","0","0","0","0","0","0","0","0","0","0","0","0","0","0","2","0","0","0","0","0","0","0","0","0","0","0","0","0","0","0","0","0","0","0","0","0","0"
"0x7d97cf7b57a0","      FMUL R20, R55, 0.25","1","0","1","32768","1048576","1048576","32","32","0","0","0","-","-","-","0","0","0","0","0","0","0","0","-","0","0","0","0","0","0","0","0","0","0","0","0","0","0","0","0","0","0","0","1","0","0","0","0","0","0","0","0","0","0","0","0","0","0","0","0","0","0","0","0","0","0"
"0x7d97cf7b57b0","      FSEL R97, R18, R39, P3","1","0","1","32768","1048576","1048576","32","32","0","0","0","-","-","-","0","0","0","0","0","0","0","0","-","0","0","0","0","0","0","0","0","0","0","0","0","0","0","0","0","0","0","0","1","0","0","0","0","0","0","0","0","0","0","0","0","0","0","0","0","0","0","0","0","0","0"
"0x7d97cf7b57c0","      FMUL R18, R51, 0.25","3","0","3","32768","1048576","1048576","32","32","0","0","0","-","-","-","0","0","0","0","0","0","0","0","-","0","0","0","0","0","0","0","0","0","0","0","0","0","0","0","0","0","0","0","3","0","0","0","0","0","0","0","0","0","0","0","0","0","0","0","0","0","0","0","0","0","0"
"0x7d97cf7b57d0","      FSEL R99, R19, R42, P3","0","0","0","32768","1048576","1048576","32","32","0","0","0","-","-","-","0","0","0","0","0","0","0","0","-","0","0","0","0","0","0","0","0","0","0","0","0","0","0","0","0","0","0","0","0","0","0","0","0","0","0","0","0","0","0","0","0","0","0","0","0","0","0","0","0","0","0"
"0x7d97cf7b57e0","      FMUL R19, R50, 0.25","0","0","0","32768","1048576","1048576","32","32","0","0","0","-","-","-","0","0","0","0","0","0","0","0","-","0","0","0","0","0","0","0","0","0","0","0","0","0","0","0","0","0","0","0","0","0","0","0","0","0","0","0","0","0","0","0","0","0","0","0","0","0","0","0","0","0","0"
"0x7d97cf7b57f0","      FSEL R103, R23, R46, P3","2","0","2","32768","1048576","1048576","32","32","0","0","0","-","-","-","0","0","0","0","0","0","0","0","-","0","0","0","0","0","0","0","0","0","0","0","0","0","0","0","0","0","0","0","2","0","0","0","0","0","0","0","0","0","0","0","0","0","0","0","0","0","0","0","0","0","0"
"0x7d97cf7b5800","      FMUL R23, R54, 0.25","5","0","5","32768","1048576","1048576","32","32","0","0","0","-","-","-","0","0","0","0","0","0","0","0","-","0","0","0","0","0","0","0","0","0","0","0","0","0","0","0","0","0","0","1","4","0","0","0","0","0","0","0","0","0","0","0","0","0","0","0","0","0","0","0","0","0","0"
"0x7d97cf7b5810","      FSEL R113, R20, R55, P3","1","0","1","32768","1048576","1048576","32","32","0","0","0","-","-","-","0","0","0","0","0","0","0","0","-","0","0","0","0","0","0","0","0","0","0","0","0","0","0","0","0","0","0","0","1","0","0","0","0","0","0","0","0","0","0","0","0","0","0","0","0","0","0","0","0","0","0"
"0x7d97cf7b5820","      FMUL R20, R63, 0.25","1","0","1","32768","1048576","1048576","32","32","0","0","0","-","-","-","0","0","0","0","0","0","0","0","-","0","0","0","0","0","0","0","0","0","0","0","0","0","0","0","0","0","0","0","1","0","0","0","0","0","0","0","0","0","0","0","0","0","0","0","0","0","0","0","0","0","0"
"0x7d97cf7b5830","      FSEL R107, R19, R50, P3","3","0","3","32768","1048576","1048576","32","32","0","0","0","-","-","-","0","0","0","0","0","0","0","0","-","0","0","0","0","0","0","0","0","0","0","0","0","0","0","0","0","0","0","0","3","0","0","0","0","0","0","0","0","0","0","0","0","0","0","0","0","0","0","0","0","0","0"
"0x7d97cf7b5840","      FMUL R19, R62, 0.25","1","0","1","32768","1048576","1048576","32","32","0","0","0","-","-","-","0","0","0","0","0","0","0","0","-","0","0","0","0","0","0","0","0","0","0","0","0","0","0","0","0","0","0","0","1","0","0","0","0","0","0","0","0","0","0","0","0","0","0","0","0","0","0","0","0","0","0"
"0x7d97cf7b5850","      FSEL R109, R18, R51, P3","4","0","4","32768","1048576","1048576","32","32","0","0","0","-","-","-","0","0","0","0","0","0","0","0","-","0","0","0","0","0","0","0","0","0","0","0","0","0","0","0","0","0","0","0","4","0","0","0","0","0","0","0","0","0","0","0","0","0","0","0","0","0","0","0","0","0","0"
"0x7d97cf7b5860","      FMUL R18, R59, 0.25","1","0","1","32768","1048576","1048576","32","32","0","0","0","-","-","-","0","0","0","0","0","0","0","0","-","0","0","0","0","0","0","0","0","0","0","0","0","0","0","0","0","0","0","0","1","0","0","0","0","0","0","0","0","0","0","0","0","0","0","0","0","0","0","0","0","0","0"
"0x7d97cf7b5870","      FSEL R111, R23, R54, P3","0","0","0","32768","1048576","1048576","32","32","0","0","0","-","-","-","0","0","0","0","0","0","0","0","-","0","0","0","0","0","0","0","0","0","0","0","0","0","0","0","0","0","0","0","0","0","0","0","0","0","0","0","0","0","0","0","0","0","0","0","0","0","0","0","0","0","0"
"0x7d97cf7b5880","      FMUL R23, R66, 0.25","3","0","3","32768","1048576","1048576","32","32","0","0","0","-","-","-","0","0","0","0","0","0","0","0","-","0","0","0","0","0","0","0","0","0","0","0","0","0","0","0","0","0","0","1","2","0","0","0","0","0","0","0","0","0","0","0","0","0","0","0","0","0","0","0","0","0","0"
"0x7d97cf7b5890","      FSEL R121, R20, R63, P3","2","0","2","32768","1048576","1048576","32","32","0","0","0","-","-","-","0","0","0","0","0","0","0","0","-","0","0","0","0","0","0","0","0","0","0","0","0","0","0","0","0","0","0","0","2","0","0","0","0","0","0","0","0","0","0","0","0","0","0","0","0","0","0","0","0","0","0"
"0x7d97cf7b58a0","      FMUL R20, R75, 0.25","5","0","5","32768","1048576","1048576","32","32","0","0","0","-","-","-","0","0","0","0","0","0","0","0","-","0","0","0","0","0","0","0","0","0","0","0","0","0","0","0","0","0","0","0","5","0","0","0","0","0","0","0","0","0","0","0","0","0","0","0","0","0","0","0","0","0","0"
"0x7d97cf7b58b0","      FSEL R105, R22, R47, P3","4","0","4","32768","1048576","1048576","32","32","0","0","0","-","-","-","0","0","0","0","0","0","0","0","-","0","0","0","0","0","0","0","0","0","0","0","0","0","0","0","0","0","0","0","4","0","0","0","0","0","0","0","0","0","0","0","0","0","0","0","0","0","0","0","0","0","0"
"0x7d97cf7b58c0","      FMUL R35, R58, 0.25","6","0","6","32768","1048576","1048576","32","32","0","0","0","-","-","-","0","0","0","0","0","0","0","0","-","0","0","0","0","0","0","0","0","0","0","0","0","0","0","0","0","0","0","0","6","0","0","0","0","0","0","0","0","0","0","0","0","0","0","0","0","0","0","0","0","0","0"
"0x7d97cf7b58d0","      FSEL R117, R18, R59, P3","0","0","0","32768","1048576","1048576","32","32","0","0","0","-","-","-","0","0","0","0","0","0","0","0","-","0","0","0","0","0","0","0","0","0","0","0","0","0","0","0","0","0","0","0","0","0","0","0","0","0","0","0","0","0","0","0","0","0","0","0","0","0","0","0","0","0","0"
"0x7d97cf7b58e0","      FMUL R22, R67, 0.25","1","0","1","32768","1048576","1048576","32","32","0","0","0","-","-","-","0","0","0","0","0","0","0","0","-","0","0","0","0","0","0","0","0","0","0","0","0","0","0","0","0","0","0","0","1","0","0","0","0","0","0","0","0","0","0","0","0","0","0","0","0","0","0","0","0","0","0"
"0x7d97cf7b58f0","      FSEL R119, R19, R62, P3","3","0","3","32768","1048576","1048576","32","32","0","0","0","-","-","-","0","0","0","0","0","0","0","0","-","0","0","0","0","0","0","0","0","0","0","0","0","0","0","0","0","0","0","0","3","0","0","0","0","0","0","0","0","0","0","0","0","0","0","0","0","0","0","0","0","0","0"
"0x7d97cf7b5900","      FMUL R19, R70, 0.25","2","0","2","32768","1048576","1048576","32","32","0","0","0","-","-","-","0","0","0","0","0","0","0","0","-","0","0","0","0","0","0","0","0","0","0","0","0","0","0","0","0","0","0","0","2","0","0","0","0","0","0","0","0","0","0","0","0","0","0","0","0","0","0","0","0","0","0"
"0x7d97cf7b5910","      FSEL R123, R23, R66, P3","3","0","3","32768","1048576","1048576","32","32","0","0","0","-","-","-","0","0","0","0","0","0","0","0","-","0","0","0","0","0","0","0","0","0","0","0","0","0","0","0","0","0","0","0","3","0","0","0","0","0","0","0","0","0","0","0","0","0","0","0","0","0","0","0","0","0","0"
"0x7d97cf7b5920","      FMUL R18, R71, 0.25","1","0","1","32768","1048576","1048576","32","32","0","0","0","-","-","-","0","0","0","0","0","0","0","0","-","0","0","0","0","0","0","0","0","0","0","0","0","0","0","0","0","0","0","0","1","0","0","0","0","0","0","0","0","0","0","0","0","0","0","0","0","0","0","0","0","0","0"
"0x7d97cf7b5930","      FMUL R23, R74, 0.25","1","0","1","32768","1048576","1048576","32","32","0","0","0","-","-","-","0","0","0","0","0","0","0","0","-","0","0","0","0","0","0","0","0","0","0","0","0","0","0","0","0","0","0","0","1","0","0","0","0","0","0","0","0","0","0","0","0","0","0","0","0","0","0","0","0","0","0"
"0x7d97cf7b5940","      FSEL R133, R20, R75, P3","3","0","3","32768","1048576","1048576","32","32","0","0","0","-","-","-","0","0","0","0","0","0","0","0","-","0","0","0","0","0","0","0","0","0","0","0","0","0","0","0","0","0","0","0","3","0","0","0","0","0","0","0","0","0","0","0","0","0","0","0","0","0","0","0","0","0","0"
"0x7d97cf7b5950","      FMUL R20, R83, 0.25","2","0","2","32768","1048576","1048576","32","32","0","0","0","-","-","-","0","0","0","0","0","0","0","0","-","0","0","0","0","0","0","0","0","0","0","0","0","0","0","0","0","0","0","0","2","0","0","0","0","0","0","0","0","0","0","0","0","0","0","0","0","0","0","0","0","0","0"
"0x7d97cf7b5960","      FSEL R115, R35, R58, P3","2","0","2","32768","1048576","1048576","32","32","0","0","0","-","-","-","0","0","0","0","0","0","0","0","-","0","0","0","0","0","0","0","0","0","0","0","0","0","0","0","0","0","0","0","2","0","0","0","0","0","0","0","0","0","0","0","0","0","0","0","0","0","0","0","0","0","0"
"0x7d97cf7b5970","      FMUL R35, R78, 0.25","1","0","1","32768","1048576","1048576","32","32","0","0","0","-","-","-","0","0","0","0","0","0","0","0","-","0","0","0","0","0","0","0","0","0","0","0","0","0","0","0","0","0","0","0","1","0","0","0","0","0","0","0","0","0","0","0","0","0","0","0","0","0","0","0","0","0","0"
"0x7d97cf7b5980","      FSEL R125, R22, R67, P3","6","0","6","32768","1048576","1048576","32","32","0","0","0","-","-","-","0","0","0","0","0","0","0","0","-","0","0","0","0","0","0","0","0","0","0","0","0","0","1","0","0","0","0","1","4","0","0","0","0","0","0","0","0","0","0","0","0","0","0","0","0","0","0","0","0","0","0"
"0x7d97cf7b5990","      FMUL R22, R87, 0.25","3","0","3","32768","1048576","1048576","32","32","0","0","0","-","-","-","0","0","0","0","0","0","0","0","-","0","0","0","0","0","0","0","0","0","0","0","0","0","0","0","0","0","0","0","3","0","0","0","0","0","0","0","0","0","0","0","0","0","0","0","0","0","0","0","0","0","0"
"0x7d97cf7b59a0","      FSEL R127, R19, R70, P3","1","0","1","32768","1048576","1048576","32","32","0","0","0","-","-","-","0","0","0","0","0","0","0","0","-","0","0","0","0","0","0","0","0","0","0","0","0","0","0","0","0","0","0","0","1","0","0","0","0","0","0","0","0","0","0","0","0","0","0","0","0","0","0","0","0","0","0"
"0x7d97cf7b59b0","      FMUL R19, R82, 0.25","1","0","1","32768","1048576","1048576","32","32","0","0","0","-","-","-","0","0","0","0","0","0","0","0","-","0","0","0","0","0","0","0","0","0","0","0","0","0","0","0","0","0","0","0","1","0","0","0","0","0","0","0","0","0","0","0","0","0","0","0","0","0","0","0","0","0","0"
"0x7d97cf7b59c0","      FSEL R129, R18, R71, P3","3","0","3","32768","1048576","1048576","32","32","0","0","0","-","-","-","0","0","0","0","0","0","0","0","-","0","0","0","0","0","0","0","0","0","0","0","0","0","0","0","0","0","0","0","3","0","0","0","0","0","0","0","0","0","0","0","0","0","0","0","0","0","0","0","0","0","0"
"0x7d97cf7b59d0","      FMUL R18, R79, 0.25","0","0","0","32768","1048576","1048576","32","32","0","0","0","-","-","-","0","0","0","0","0","0","0","0","-","0","0","0","0","0","0","0","0","0","0","0","0","0","0","0","0","0","0","0","0","0","0","0","0","0","0","0","0","0","0","0","0","0","0","0","0","0","0","0","0","0","0"
"0x7d97cf7b59e0","      FSEL R131, R23, R74, P3","0","0","0","32768","1048576","1048576","32","32","0","0","0","-","-","-","0","0","0","0","0","0","0","0","-","0","0","0","0","0","0","0","0","0","0","0","0","0","0","0","0","0","0","0","0","0","0","0","0","0","0","0","0","0","0","0","0","0","0","0","0","0","0","0","0","0","0"
"0x7d97cf7b59f0","      FMUL R23, R86, 0.25","2","0","2","32768","1048576","1048576","32","32","0","0","0","-","-","-","0","0","0","0","0","0","0","0","-","0","0","0","0","0","0","0","0","0","0","0","0","0","0","0","0","0","0","0","2","0","0","0","0","0","0","0","0","0","0","0","0","0","0","0","0","0","0","0","0","0","0"
"0x7d97cf7b5a00","      IMAD.MOV.U32 R26, RZ, RZ, R141","1","0","1","32768","1048576","1048576","32","32","0","0","0","-","-","-","0","0","0","0","0","0","0","0","-","0","0","0","0","0","0","0","0","0","0","0","0","0","0","0","0","0","0","1","0","0","0","0","0","0","0","0","0","0","0","0","0","0","0","0","0","0","0","0","0","0","0"
"0x7d97cf7b5a10","      FSEL R143, R20, R83, P3","1","0","1","32768","1048576","1048576","32","32","0","0","0","-","-","-","0","0","0","0","0","0","0","0","-","0","0","0","0","0","0","0","0","0","0","0","0","0","0","0","0","0","0","0","1","0","0","0","0","0","0","0","0","0","0","0","0","0","0","0","0","0","0","0","0","0","0"
"0x7d97cf7b5a20","@P3   FMUL R142, R142, 0.25","0","0","0","32768","1048576","0","32","0","32","32","0","-","-","-","0","0","0","0","0","0","0","0","-","0","0","0","0","0","0","0","0","0","0","0","0","0","0","0","0","0","0","0","0","0","0","0","0","0","0","0","0","0","0","0","0","0","0","0","0","0","0","0","0","0","0"
"0x7d97cf7b5a30","      FSEL R95, R95, R38, P3","3","0","3","32768","1048576","1048576","32","32","32","0","0","-","-","-","0","0","0","0","0","0","0","0","-","0","0","0","0","0","0","0","0","0","0","0","0","0","0","0","0","0","0","0","3","0","0","0","0","0","0","0","0","0","0","0","0","0","0","0","0","0","0","0","0","0","0"
"0x7d97cf7b5a40","      FMUL R20, R33, 0.25","2","0","2","32768","1048576","1048576","32","32","0","0","0","-","-","-","0","0","0","0","0","0","0","0","-","0","0","0","0","0","0","0","0","0","0","0","0","0","0","0","0","0","0","0","2","0","0","0","0","0","0","0","0","0","0","0","0","0","0","0","0","0","0","0","0","0","0"
"0x7d97cf7b5a50","      FSEL R135, R35, R78, P3","4","0","4","32768","1048576","1048576","32","32","0","0","0","-","-","-","0","0","0","0","0","0","0","0","-","0","0","0","0","0","0","0","0","0","0","0","0","0","0","0","0","0","0","0","4","0","0","0","0","0","0","0","0","0","0","0","0","0","0","0","0","0","0","0","0","0","0"
"0x7d97cf7b5a60","@!P2  FMUL R142, R142, 16777216","1","0","1","32768","1048576","0","32","0","32","32","0","-","-","-","0","0","0","0","0","0","0","0","-","0","0","0","0","0","0","0","0","0","0","0","0","0","0","0","0","0","0","0","1","0","0","0","0","0","0","0","0","0","0","0","0","0","0","0","0","0","0","0","0","0","0"
"0x7d97cf7b5a70","      FSEL R137, R18, R79, P3","2","0","2","32768","1048576","1048576","32","32","32","0","0","-","-","-","0","0","0","0","0","0","0","0","-","0","0","0","0","0","0","0","0","0","0","0","0","0","0","0","0","0","0","0","2","0","0","0","0","0","0","0","0","0","0","0","0","0","0","0","0","0","0","0","0","0","0"
"0x7d97cf7b5a80","      FMUL R18, R25, 0.25","0","0","0","32768","1048576","1048576","32","32","0","0","0","-","-","-","0","0","0","0","0","0","0","0","-","0","0","0","0","0","0","0","0","0","0","0","0","0","0","0","0","0","0","0","0","0","0","0","0","0","0","0","0","0","0","0","0","0","0","0","0","0","0","0","0","0","0"
"0x7d97cf7b5a90","      FSEL R139, R19, R82, P3","1","0","1","32768","1048576","1048576","32","32","0","0","0","-","-","-","0","0","0","0","0","0","0","0","-","0","0","0","0","0","0","0","0","0","0","0","0","0","0","0","0","0","0","0","1","0","0","0","0","0","0","0","0","0","0","0","0","0","0","0","0","0","0","0","0","0","0"
"0x7d97cf7b5aa0","      FMUL R19, R24, 0.25","1","0","1","32768","1048576","1048576","32","32","0","0","0","-","-","-","0","0","0","0","0","0","0","0","-","0","0","0","0","0","0","0","0","0","0","0","0","0","0","0","0","0","0","0","1","0","0","0","0","0","0","0","0","0","0","0","0","0","0","0","0","0","0","0","0","0","0"
"0x7d97cf7b5ab0","      FSEL R145, R23, R86, P3","1","0","1","32768","1048576","1048576","32","32","0","0","0","-","-","-","0","0","0","0","0","0","0","0","-","0","0","0","0","0","0","0","0","0","0","0","0","0","0","0","0","0","0","0","1","0","0","0","0","0","0","0","0","0","0","0","0","0","0","0","0","0","0","0","0","0","0"
"0x7d97cf7b5ac0","      FMUL R23, R28, 0.25","1","0","1","32768","1048576","1048576","32","32","0","0","0","-","-","-","0","0","0","0","0","0","0","0","-","0","0","0","0","0","0","0","0","0","0","0","0","0","0","0","0","0","0","0","1","0","0","0","0","0","0","0","0","0","0","0","0","0","0","0","0","0","0","0","0","0","0"
"0x7d97cf7b5ad0","      FSEL R147, R22, R87, P3","0","0","0","32768","1048576","1048576","32","32","0","0","0","-","-","-","0","0","0","0","0","0","0","0","-","0","0","0","0","0","0","0","0","0","0","0","0","0","0","0","0","0","0","0","0","0","0","0","0","0","0","0","0","0","0","0","0","0","0","0","0","0","0","0","0","0","0"
"0x7d97cf7b5ae0","      FMUL R22, R45, 0.25","3","0","3","32768","1048576","1048576","32","32","0","0","0","-","-","-","0","0","0","0","0","0","0","0","-","0","0","0","0","0","0","0","0","0","0","0","0","0","0","0","0","0","0","0","3","0","0","0","0","0","0","0","0","0","0","0","0","0","0","0","0","0","0","0","0","0","0"
"0x7d97cf7b5af0","      FSETP.GT.AND P3, PT, |R26|, 8.50705917302346158658e+37, PT","1","0","1","32768","1048576","1048576","32","32","0","0","0","-","-","-","0","0","0","0","0","0","0","0","-","0","0","0","0","0","0","0","0","0","0","0","0","0","0","0","0","0","0","0","1","0","0","0","0","0","0","0","0","0","0","0","0","0","0","0","0","0","0","0","0","0","0"
"0x7d97cf7b5b00","      FMUL R35, R32, 0.25","2","0","2","32768","1048576","1048576","32","32","0","0","0","-","-","-","0","0","0","0","0","0","0","0","-","0","0","0","0","0","0","0","0","0","0","0","0","0","0","0","0","0","0","0","2","0","0","0","0","0","0","0","0","0","0","0","0","0","0","0","0","0","0","0","0","0","0"
"0x7d97cf7b5b10","      FSETP.GEU.AND P4, PT, |R26|, 1.175494350822287508e-38, PT","0","0","0","32768","1048576","1048576","32","32","0","0","0","-","-","-","0","0","0","0","0","0","0","0","-","0","0","0","0","0","0","0","0","0","0","0","0","0","0","0","0","0","0","0","0","0","0","0","0","0","0","0","0","0","0","0","0","0","0","0","0","0","0","0","0","0","0"
"0x7d97cf7b5b20","      FMUL R39, R36, 0.25","1","0","1","32768","1048576","1048576","32","32","0","0","0","-","-","-","0","0","0","0","0","0","0","0","-","0","0","0","0","0","0","0","0","0","0","0","0","0","0","0","0","0","0","0","1","0","0","0","0","0","0","0","0","0","0","0","0","0","0","0","0","0","0","0","0","0","0"
"0x7d97cf7b5b30","      FSEL R33, R20, R33, P3","0","0","0","32768","1048576","1048576","32","32","0","0","0","-","-","-","0","0","0","0","0","0","0","0","-","0","0","0","0","0","0","0","0","0","0","0","0","0","0","0","0","0","0","0","0","0","0","0","0","0","0","0","0","0","0","0","0","0","0","0","0","0","0","0","0","0","0"
"0x7d97cf7b5b40","      FMUL R20, R41, 0.25","3","0","3","32768","1048576","1048576","32","32","0","0","0","-","-","-","0","0","0","0","0","0","0","0","-","0","0","0","0","0","0","0","0","0","0","0","0","0","0","0","0","0","0","0","3","0","0","0","0","0","0","0","0","0","0","0","0","0","0","0","0","0","0","0","0","0","0"
"0x7d97cf7b5b50","      FSEL R25, R18, R25, P3","2","0","2","32768","1048576","1048576","32","32","0","0","0","-","-","-","0","0","0","0","0","0","0","0","-","0","0","0","0","0","0","0","0","0","0","0","0","0","0","0","0","0","0","0","2","0","0","0","0","0","0","0","0","0","0","0","0","0","0","0","0","0","0","0","0","0","0"
"0x7d97cf7b5b60","      FMUL R18, R29, 0.25","2","0","2","32768","1048576","1048576","32","32","0","0","0","-","-","-","0","0","0","0","0","0","0","0","-","0","0","0","0","0","0","0","0","0","0","0","0","0","0","0","0","0","0","0","2","0","0","0","0","0","0","0","0","0","0","0","0","0","0","0","0","0","0","0","0","0","0"
"0x7d97cf7b5b70","      FSEL R45, R22, R45, P3","2","0","2","32768","1048576","1048576","32","32","0","0","0","-","-","-","0","0","0","0","0","0","0","0","-","0","0","0","0","0","0","0","0","0","0","0","0","0","0","0","0","0","0","0","2","0","0","0","0","0","0","0","0","0","0","0","0","0","0","0","0","0","0","0","0","0","0"
"0x7d97cf7b5b80","      FMUL R22, R65, 0.25","2","0","2","32768","1048576","1048576","32","32","0","0","0","-","-","-","0","0","0","0","0","0","0","0","-","0","0","0","0","0","0","0","0","0","0","0","0","0","0","0","0","0","0","0","2","0","0","0","0","0","0","0","0","0","0","0","0","0","0","0","0","0","0","0","0","0","0"
"0x7d97cf7b5b90","      FSEL R41, R20, R41, P3","1","0","1","32768","1048576","1048576","32","32","0","0","0","-","-","-","0","0","0","0","0","0","0","0","-","0","0","0","0","0","0","0","0","0","0","0","0","0","0","0","0","0","0","0","1","0","0","0","0","0","0","0","0","0","0","0","0","0","0","0","0","0","0","0","0","0","0"
"0x7d97cf7b5ba0","      FMUL R20, R53, 0.25","4","0","4","32768","1048576","1048576","32","32","0","0","0","-","-","-","0","0","0","0","0","0","0","0","-","0","0","0","0","0","0","0","0","0","0","0","0","0","0","0","0","0","0","0","4","0","0","0","0","0","0","0","0","0","0","0","0","0","0","0","0","0","0","0","0","0","0"
"0x7d97cf7b5bb0","      FSEL R29, R18, R29, P3","2","0","2","32768","1048576","1048576","32","32","0","0","0","-","-","-","0","0","0","0","0","0","0","0","-","0","0","0","0","0","0","0","0","0","0","0","0","0","0","0","0","0","0","0","2","0","0","0","0","0","0","0","0","0","0","0","0","0","0","0","0","0","0","0","0","0","0"
"0x7d97cf7b5bc0","      FMUL R18, R37, 0.25","3","0","3","32768","1048576","1048576","32","32","0","0","0","-","-","-","0","0","0","0","0","0","0","0","-","0","0","0","0","0","0","0","0","0","0","0","0","0","0","0","0","0","0","0","3","0","0","0","0","0","0","0","0","0","0","0","0","0","0","0","0","0","0","0","0","0","0"
"0x7d97cf7b5bd0","      FSEL R65, R22, R65, P3","2","0","2","32768","1048576","1048576","32","32","0","0","0","-","-","-","0","0","0","0","0","0","0","0","-","0","0","0","0","0","0","0","0","0","0","0","0","0","0","0","0","0","0","0","2","0","0","0","0","0","0","0","0","0","0","0","0","0","0","0","0","0","0","0","0","0","0"
"0x7d97cf7b5be0","      FMUL R22, R85, 0.25","1","0","1","32768","1048576","1048576","32","32","0","0","0","-","-","-","0","0","0","0","0","0","0","0","-","0","0","0","0","0","0","0","0","0","0","0","0","0","0","0","0","0","0","0","1","0","0","0","0","0","0","0","0","0","0","0","0","0","0","0","0","0","0","0","0","0","0"
"0x7d97cf7b5bf0","      FSEL R53, R20, R53, P3","3","0","3","32768","1048576","1048576","32","32","0","0","0","-","-","-","0","0","0","0","0","0","0","0","-","0","0","0","0","0","0","0","0","0","0","0","0","0","0","0","0","0","0","0","3","0","0","0","0","0","0","0","0","0","0","0","0","0","0","0","0","0","0","0","0","0","0"
"0x7d97cf7b5c00","      FMUL R20, R61, 0.25","0","0","0","32768","1048576","1048576","32","32","0","0","0","-","-","-","0","0","0","0","0","0","0","0","-","0","0","0","0","0","0","0","0","0","0","0","0","0","0","0","0","0","0","0","0","0","0","0","0","0","0","0","0","0","0","0","0","0","0","0","0","0","0","0","0","0","0"
"0x7d97cf7b5c10","      FSEL R37, R18, R37, P3","0","0","0","32768","1048576","1048576","32","32","0","0","0","-","-","-","0","0","0","0","0","0","0","0","-","0","0","0","0","0","0","0","0","0","0","0","0","0","0","0","0","0","0","0","0","0","0","0","0","0","0","0","0","0","0","0","0","0","0","0","0","0","0","0","0","0","0"
"0x7d97cf7b5c20","      FMUL R18, R49, 0.25","4","0","4","32768","1048576","1048576","32","32","0","0","0","-","-","-","0","0","0","0","0","0","0","0","-","0","0","0","0","0","0","0","0","0","0","0","0","0","0","0","0","0","0","0","4","0","0","0","0","0","0","0","0","0","0","0","0","0","0","0","0","0","0","0","0","0","0"
"0x7d97cf7b5c30","      LOP3.LUT R141, R0, 0x18, RZ, 0xc0, !PT","1","0","1","32768","1048576","1048576","32","32","0","0","0","-","-","-","0","0","0","0","0","0","0","0","-","0","0","0","0","0","0","0","0","0","0","0","0","0","0","0","0","0","0","0","1","0","0","0","0","0","0","0","0","0","0","0","0","0","0","0","0","0","0","0","0","0","0"
"0x7d97cf7b5c40","@P3   FMUL R26, R26, 0.25","0","0","0","32768","1048576","0","32","0","32","32","0","-","-","-","0","0","0","0","0","0","0","0","-","0","0","0","0","0","0","0","0","0","0","0","0","0","0","0","0","0","0","0","0","0","0","0","0","0","0","0","0","0","0","0","0","0","0","0","0","0","0","0","0","0","0"
"0x7d97cf7b5c50","      FSEL R61, R20, R61, P3","5","0","5","32768","1048576","1048576","32","32","32","0","0","-","-","-","0","0","0","0","0","0","0","0","-","0","0","0","0","0","0","0","0","0","0","0","0","0","0","0","0","0","0","0","5","0","0","0","0","0","0","0","0","0","0","0","0","0","0","0","0","0","0","0","0","0","0"
"0x7d97cf7b5c60","      FMUL R20, R73, 0.25","2","0","2","32768","1048576","1048576","32","32","0","0","0","-","-","-","0","0","0","0","0","0","0","0","-","0","0","0","0","0","0","0","0","0","0","0","0","0","0","0","0","0","0","0","2","0","0","0","0","0","0","0","0","0","0","0","0","0","0","0","0","0","0","0","0","0","0"
"0x7d97cf7b5c70","      FSEL R49, R18, R49, P3","4","0","4","32768","1048576","1048576","32","32","0","0","0","-","-","-","0","0","0","0","0","0","0","0","-","0","0","0","0","0","0","0","0","0","0","0","0","0","0","0","0","0","0","0","4","0","0","0","0","0","0","0","0","0","0","0","0","0","0","0","0","0","0","0","0","0","0"
"0x7d97cf7b5c80","      FMUL R18, R57, 0.25","5","0","5","32768","1048576","1048576","32","32","0","0","0","-","-","-","0","0","0","0","0","0","0","0","-","0","0","0","0","0","0","0","0","0","0","0","0","0","0","0","0","0","0","1","4","0","0","0","0","0","0","0","0","0","0","0","0","0","0","0","0","0","0","0","0","0","0"
"0x7d97cf7b5c90","      FSEL R85, R22, R85, P3","2","0","2","32768","1048576","1048576","32","32","0","0","0","-","-","-","0","0","0","0","0","0","0","0","-","0","0","0","0","0","0","0","0","0","0","0","0","0","0","0","0","0","0","0","2","0","0","0","0","0","0","0","0","0","0","0","0","0","0","0","0","0","0","0","0","0","0"
"0x7d97cf7b5ca0","      IMAD.SHL.U32 R22, R0, 0x4, RZ","1","0","1","32768","1048576","1048576","32","32","0","0","0","-","-","-","0","0","0","0","0","0","0","0","-","0","0","0","0","0","0","0","0","0","0","0","0","0","0","0","0","0","0","0","1","0","0","0","0","0","0","0","0","0","0","0","0","0","0","0","0","0","0","0","0","0","0"
"0x7d97cf7b5cb0","      FSEL R73, R20, R73, P3","1","0","1","32768","1048576","1048576","32","32","0","0","0","-","-","-","0","0","0","0","0","0","0","0","-","0","0","0","0","0","0","0","0","0","0","0","0","0","0","0","0","0","0","0","1","0","0","0","0","0","0","0","0","0","0","0","0","0","0","0","0","0","0","0","0","0","0"
"0x7d97cf7b5cc0","      FMUL R20, R81, 0.25","2","0","2","32768","1048576","1048576","32","32","0","0","0","-","-","-","0","0","0","0","0","0","0","0","-","0","0","0","0","0","0","0","0","0","0","0","0","0","0","0","0","0","0","0","2","0","0","0","0","0","0","0","0","0","0","0","0","0","0","0","0","0","0","0","0","0","0"
"0x7d97cf7b5cd0","      FSEL R57, R18, R57, P3","2","0","2","32768","1048576","1048576","32","32","0","0","0","-","-","-","0","0","0","0","0","0","0","0","-","0","0","0","0","0","0","0","0","0","0","0","0","0","0","0","0","0","0","0","2","0","0","0","0","0","0","0","0","0","0","0","0","0","0","0","0","0","0","0","0","0","0"
"0x7d97cf7b5ce0","      FMUL R18, R69, 0.25","3","0","3","32768","1048576","1048576","32","32","0","0","0","-","-","-","0","0","0","0","0","0","0","0","-","0","0","0","0","0","0","0","0","0","0","0","0","0","0","0","0","0","0","0","3","0","0","0","0","0","0","0","0","0","0","0","0","0","0","0","0","0","0","0","0","0","0"
"0x7d97cf7b5cf0","@!P4  FMUL R26, R26, 16777216","3","0","3","32768","1048576","0","32","0","32","32","0","-","-","-","0","0","0","0","0","0","0","0","-","0","0","0","0","0","0","0","0","0","0","0","0","0","0","0","0","0","0","0","3","0","0","0","0","0","0","0","0","0","0","0","0","0","0","0","0","0","0","0","0","0","0"
"0x7d97cf7b5d00","      LOP3.LUT R149, R22, 0x10, RZ, 0xc0, !PT","2","0","2","32768","1048576","1048576","32","32","32","0","0","-","-","-","0","0","0","0","0","0","0","0","-","0","0","0","0","0","0","0","0","0","0","0","0","0","0","0","0","0","0","1","1","0","0","0","0","0","0","0","0","0","0","0","0","0","0","0","0","0","0","0","0","0","0"
"0x7d97cf7b5d10","      FMUL R47, R44, 0.25","1","0","1","32768","1048576","1048576","32","32","0","0","0","-","-","-","0","0","0","0","0","0","0","0","-","0","0","0","0","0","0","0","0","0","0","0","0","0","0","0","0","0","0","0","1","0","0","0","0","0","0","0","0","0","0","0","0","0","0","0","0","0","0","0","0","0","0"
"0x7d97cf7b5d20","      FSEL R81, R20, R81, P3","3","0","3","32768","1048576","1048576","32","32","0","0","0","-","-","-","0","0","0","0","0","0","0","0","-","0","0","0","0","0","0","0","0","0","0","0","0","0","0","0","0","0","0","0","3","0","0","0","0","0","0","0","0","0","0","0","0","0","0","0","0","0","0","0","0","0","0"
"0x7d97cf7b5d30","      IMAD.SHL.U32 R20, R0, 0x20, RZ","0","0","0","32768","1048576","1048576","32","32","0","0","0","-","-","-","0","0","0","0","0","0","0","0","-","0","0","0","0","0","0","0","0","0","0","0","0","0","0","0","0","0","0","0","0","0","0","0","0","0","0","0","0","0","0","0","0","0","0","0","0","0","0","0","0","0","0"
"0x7d97cf7b5d40","      FSEL R69, R18, R69, P3","2","0","2","32768","1048576","1048576","32","32","0","0","0","-","-","-","0","0","0","0","0","0","0","0","-","0","0","0","0","0","0","0","0","0","0","0","0","0","0","0","0","0","0","0","2","0","0","0","0","0","0","0","0","0","0","0","0","0","0","0","0","0","0","0","0","0","0"
"0x7d97cf7b5d50","      FMUL R18, R77, 0.25","1","0","1","32768","1048576","1048576","32","32","0","0","0","-","-","-","0","0","0","0","0","0","0","0","-","0","0","0","0","0","0","0","0","0","0","0","0","0","0","0","0","0","0","0","1","0","0","0","0","0","0","0","0","0","0","0","0","0","0","0","0","0","0","0","0","0","0"
"0x7d97cf7b5d60","      IMAD R0, R141, 0x20, R146","4","0","4","32768","1048576","1048576","32","32","0","0","0","-","-","-","0","0","0","0","0","0","0","0","-","0","0","0","0","0","0","0","0","0","0","0","0","0","0","0","0","0","0","0","4","0","0","0","0","0","0","0","0","0","0","0","0","0","0","0","0","0","0","0","0","0","0"
"0x7d97cf7b5d70","      FSEL R19, R19, R24, P3","0","0","0","32768","1048576","1048576","32","32","0","0","0","-","-","-","0","0","0","0","0","0","0","0","-","0","0","0","0","0","0","0","0","0","0","0","0","0","0","0","0","0","0","0","0","0","0","0","0","0","0","0","0","0","0","0","0","0","0","0","0","0","0","0","0","0","0"
"0x7d97cf7b5d80","      FMUL R43, R40, 0.25","1","0","1","32768","1048576","1048576","32","32","0","0","0","-","-","-","0","0","0","0","0","0","0","0","-","0","0","0","0","0","0","0","0","0","0","0","0","0","0","0","0","0","1","0","0","0","0","0","0","0","0","0","0","0","0","0","0","0","0","0","0","0","0","0","0","0","0"
"0x7d97cf7b5d90","      LOP3.LUT R20, R20, 0x1c60, RZ, 0xc0, !PT","2","0","2","32768","1048576","1048576","32","32","0","0","0","-","-","-","0","0","0","0","0","0","0","0","-","0","0","0","0","0","0","0","0","0","0","0","0","0","0","0","0","0","0","0","2","0","0","0","0","0","0","0","0","0","0","0","0","0","0","0","0","0","0","0","0","0","0"
"0x7d97cf7b5da0","      FMUL R51, R48, 0.25","0","0","0","32768","1048576","1048576","32","32","0","0","0","-","-","-","0","0","0","0","0","0","0","0","-","0","0","0","0","0","0","0","0","0","0","0","0","0","0","0","0","0","0","0","0","0","0","0","0","0","0","0","0","0","0","0","0","0","0","0","0","0","0","0","0","0","0"
"0x7d97cf7b5db0","      FSEL R77, R18, R77, P3","3","0","3","32768","1048576","1048576","32","32","0","0","0","-","-","-","0","0","0","0","0","0","0","0","-","0","0","0","0","0","0","0","0","0","0","0","0","0","0","0","0","0","0","0","3","0","0","0","0","0","0","0","0","0","0","0","0","0","0","0","0","0","0","0","0","0","0"
"0x7d97cf7b5dc0","      FMUL R55, R52, 0.25","3","0","3","32768","1048576","1048576","32","32","0","0","0","-","-","-","0","0","0","0","0","0","0","0","-","0","0","0","0","0","0","0","0","0","0","0","0","0","0","0","0","0","0","0","3","0","0","0","0","0","0","0","0","0","0","0","0","0","0","0","0","0","0","0","0","0","0"
"0x7d97cf7b5dd0","      MUFU.RCP R18, R142","0","0","0","32768","1048576","1048576","32","32","0","0","0","-","-","-","0","0","0","0","0","0","0","0","-","0","0","0","0","0","0","0","0","0","0","0","0","0","0","0","0","0","0","0","0","0","0","0","0","0","0","0","0","0","0","0","0","0","0","0","0","0","0","0","0","0","0"
"0x7d97cf7b5de0","      IMAD R20, R141, 0x10, R20","0","0","0","32768","1048576","1048576","32","32","0","0","0","-","-","-","0","0","0","0","0","0","0","0","-","0","0","0","0","0","0","0","0","0","0","0","0","0","0","0","0","0","0","0","0","0","0","0","0","0","0","0","0","0","0","0","0","0","0","0","0","0","0","0","0","0","0"
"0x7d97cf7b5df0","      FSEL R23, R23, R28, P3","1","0","1","32768","1048576","1048576","32","32","0","0","0","-","-","-","0","0","0","0","0","0","0","0","-","0","0","0","0","0","0","0","0","0","0","0","0","0","0","0","0","0","0","0","1","0","0","0","0","0","0","0","0","0","0","0","0","0","0","0","0","0","0","0","0","0","0"
"0x7d97cf7b5e00","      IMAD.SHL.U32 R141, R0, 0x20, RZ","1","0","1","32768","1048576","1048576","32","32","0","0","0","-","-","-","0","0","0","0","0","0","0","0","-","0","0","0","0","0","0","0","0","0","0","0","0","0","0","0","0","0","1","0","0","0","0","0","0","0","0","0","0","0","0","0","0","0","0","0","0","0","0","0","0","0","0"
"0x7d97cf7b5e10","      FMUL R63, R60, 0.25","25","1","25","32768","1048576","1048576","32","32","0","0","0","-","-","-","0","0","0","0","0","0","0","0","-","0","0","0","0","0","0","0","0","1","0","0","0","0","0","0","0","0","0","18","2","0","0","0","4","0","0","0","0","0","0","0","0","0","0","0","0","0","0","0","0","0","1"
"0x7d97cf7b5e20","      FSEL R35, R35, R32, P3","1","0","1","32768","1048576","1048576","32","32","0","0","0","-","-","-","0","0","0","0","0","0","0","0","-","0","0","0","0","0","0","0","0","0","0","0","0","0","0","0","0","0","0","0","1","0","0","0","0","0","0","0","0","0","0","0","0","0","0","0","0","0","0","0","0","0","0"
"0x7d97cf7b5e30","      FMUL R59, R56, 0.25","2","0","2","32768","1048576","1048576","32","32","0","0","0","-","-","-","0","0","0","0","0","0","0","0","-","0","0","0","0","0","0","0","0","0","0","0","0","0","0","0","0","0","0","0","2","0","0","0","0","0","0","0","0","0","0","0","0","0","0","0","0","0","0","0","0","0","0"
"0x7d97cf7b5e40","      FSEL R39, R39, R36, P3","3","0","3","32768","1048576","1048576","32","32","0","0","0","-","-","-","0","0","0","0","0","0","0","0","-","0","0","0","0","0","0","0","0","0","0","0","0","0","0","0","0","0","0","0","3","0","0","0","0","0","0","0","0","0","0","0","0","0","0","0","0","0","0","0","0","0","0"
"0x7d97cf7b5e50","      MUFU.RCP R0, R26","3","0","3","32768","1048576","1048576","32","32","0","0","0","-","-","-","0","0","0","0","0","0","0","0","-","0","0","0","0","0","0","0","0","1","0","0","0","0","0","0","0","0","0","0","2","0","0","0","0","0","0","0","0","0","0","0","0","0","0","0","0","0","0","0","0","0","0"
"0x7d97cf7b5e60","      FMUL R67, R64, 0.25","2","0","2","32768","1048576","1048576","32","32","0","0","0","-","-","-","0","0","0","0","0","0","0","0","-","0","0","0","0","0","0","0","0","0","0","0","0","0","0","0","0","0","0","0","2","0","0","0","0","0","0","0","0","0","0","0","0","0","0","0","0","0","0","0","0","0","0"
"0x7d97cf7b5e70","      FMUL R71, R68, 0.25","2","0","2","32768","1048576","1048576","32","32","0","0","0","-","-","-","0","0","0","0","0","0","0","0","-","0","0","0","0","0","0","0","0","0","0","0","0","0","0","0","0","0","0","0","2","0","0","0","0","0","0","0","0","0","0","0","0","0","0","0","0","0","0","0","0","0","0"
"0x7d97cf7b5e80","      FMUL R75, R72, 0.25","2","0","2","32768","1048576","1048576","32","32","0","0","0","-","-","-","0","0","0","0","0","0","0","0","-","0","0","0","0","0","0","0","0","0","0","0","0","0","0","0","0","0","0","0","2","0","0","0","0","0","0","0","0","0","0","0","0","0","0","0","0","0","0","0","0","0","0"
"0x7d97cf7b5e90","      FMUL R79, R76, 0.25","2","0","2","32768","1048576","1048576","32","32","0","0","0","-","-","-","0","0","0","0","0","0","0","0","-","0","0","0","0","0","0","0","0","0","0","0","0","0","0","0","0","0","0","0","2","0","0","0","0","0","0","0","0","0","0","0","0","0","0","0","0","0","0","0","0","0","0"
"0x7d97cf7b5ea0","      FMUL R83, R80, 0.25","3","0","3","32768","1048576","1048576","32","32","0","0","0","-","-","-","0","0","0","0","0","0","0","0","-","0","0","0","0","0","0","0","0","0","0","0","0","0","0","0","0","0","0","0","3","0","0","0","0","0","0","0","0","0","0","0","0","0","0","0","0","0","0","0","0","0","0"
"0x7d97cf7b5eb0","      FMUL R87, R84, 0.25","3","0","3","32768","1048576","1048576","32","32","0","0","0","-","-","-","0","0","0","0","0","0","0","0","-","0","0","0","0","0","0","0","0","0","0","0","0","0","0","0","0","0","0","0","3","0","0","0","0","0","0","0","0","0","0","0","0","0","0","0","0","0","0","0","0","0","0"
"0x7d97cf7b5ec0","      IMAD R149, R146, 0x2000, R149","27","0","27","32768","1048576","1048576","32","32","0","0","0","-","-","-","0","0","0","0","0","0","0","0","-","0","0","0","0","0","0","0","0","0","0","0","0","0","12","0","0","0","0","13","2","0","0","0","0","0","0","0","0","0","0","0","0","0","0","0","0","0","0","0","0","0","0"
"0x7d97cf7b5ed0","@!P2  FMUL R21, R21, 16777216","22","0","22","32768","1048576","0","32","0","32","32","0","-","-","-","0","0","0","0","0","0","0","0","-","0","0","0","0","0","0","0","0","0","0","0","0","0","0","0","0","0","0","18","2","0","0","0","2","0","0","0","0","0","0","0","0","0","0","0","0","0","0","0","0","0","0"
"0x7d97cf7b5ee0","      FSEL R47, R47, R44, P3","3","0","3","32768","1048576","1048576","32","32","32","0","0","-","-","-","0","0","0","0","0","0","0","0","-","0","0","0","0","0","0","0","0","0","0","0","0","0","0","0","0","0","0","0","3","0","0","0","0","0","0","0","0","0","0","0","0","0","0","0","0","0","0","0","0","0","0"
"0x7d97cf7b5ef0","@!P2  FMUL R27, R27, 16777216","3","0","3","32768","1048576","0","32","0","32","32","0","-","-","-","0","0","0","0","0","0","0","0","-","0","0","0","0","0","0","0","0","0","0","0","0","0","0","0","0","0","0","0","3","0","0","0","0","0","0","0","0","0","0","0","0","0","0","0","0","0","0","0","0","0","0"
"0x7d97cf7b5f00","@!P2  FMUL R89, R89, 16777216","3","0","3","32768","1048576","0","32","0","0","32","0","-","-","-","0","0","0","0","0","0","0","0","-","0","0","0","0","0","0","0","0","0","0","0","0","0","0","0","0","0","0","0","3","0","0","0","0","0","0","0","0","0","0","0","0","0","0","0","0","0","0","0","0","0","0"
"0x7d97cf7b5f10","@!P2  FMUL R31, R31, 16777216","2","0","2","32768","1048576","0","32","0","0","32","0","-","-","-","0","0","0","0","0","0","0","0","-","0","0","0","0","0","0","0","0","0","0","0","0","0","0","0","0","0","0","0","2","0","0","0","0","0","0","0","0","0","0","0","0","0","0","0","0","0","0","0","0","0","0"
"0x7d97cf7b5f20","@!P2  FMUL R91, R91, 16777216","2","0","2","32768","1048576","0","32","0","0","32","0","-","-","-","0","0","0","0","0","0","0","0","-","0","0","0","0","0","0","0","0","0","0","0","0","0","0","0","0","0","0","0","2","0","0","0","0","0","0","0","0","0","0","0","0","0","0","0","0","0","0","0","0","0","0"
"0x7d97cf7b5f30","@!P2  FMUL R93, R93, 16777216","3","0","3","32768","1048576","0","32","0","0","32","0","-","-","-","0","0","0","0","0","0","0","0","-","0","0","0","0","0","0","0","0","0","0","0","0","0","0","0","0","0","0","0","3","0","0","0","0","0","0","0","0","0","0","0","0","0","0","0","0","0","0","0","0","0","0"
"0x7d97cf7b5f40","@!P2  FMUL R95, R95, 16777216","2","0","2","32768","1048576","0","32","0","0","32","0","-","-","-","0","0","0","0","0","0","0","0","-","0","0","0","0","0","0","0","0","0","0","0","0","0","0","0","0","0","0","0","2","0","0","0","0","0","0","0","0","0","0","0","0","0","0","0","0","0","0","0","0","0","0"
"0x7d97cf7b5f50","@!P2  FMUL R97, R97, 16777216","3","0","3","32768","1048576","0","32","0","0","32","0","-","-","-","0","0","0","0","0","0","0","0","-","0","0","0","0","0","0","0","0","0","0","0","0","0","0","0","0","0","0","0","3","0","0","0","0","0","0","0","0","0","0","0","0","0","0","0","0","0","0","0","0","0","0"
"0x7d97cf7b5f60","@!P2  FMUL R99, R99, 16777216","4","0","4","32768","1048576","0","32","0","0","32","0","-","-","-","0","0","0","0","0","0","0","0","-","0","0","0","0","0","0","0","0","0","0","0","0","0","0","0","0","0","0","0","4","0","0","0","0","0","0","0","0","0","0","0","0","0","0","0","0","0","0","0","0","0","0"
"0x7d97cf7b5f70","@!P2  FMUL R101, R101, 16777216","3","0","3","32768","1048576","0","32","0","0","32","0","-","-","-","0","0","0","0","0","0","0","0","-","0","0","0","0","0","0","0","0","0","0","0","0","0","0","0","0","0","0","0","3","0","0","0","0","0","0","0","0","0","0","0","0","0","0","0","0","0","0","0","0","0","0"
"0x7d97cf7b5f80","@!P2  FMUL R103, R103, 16777216","3","0","3","32768","1048576","0","32","0","0","32","0","-","-","-","0","0","0","0","0","0","0","0","-","0","0","0","0","0","0","0","0","0","0","0","0","0","0","0","0","0","0","0","3","0","0","0","0","0","0","0","0","0","0","0","0","0","0","0","0","0","0","0","0","0","0"
"0x7d97cf7b5f90","@!P2  FMUL R105, R105, 16777216","1","0","1","32768","1048576","0","32","0","0","32","0","-","-","-","0","0","0","0","0","0","0","0","-","0","0","0","0","0","0","0","0","0","0","0","0","0","0","0","0","0","0","0","1","0","0","0","0","0","0","0","0","0","0","0","0","0","0","0","0","0","0","0","0","0","0"
"0x7d97cf7b5fa0","@!P2  FMUL R107, R107, 16777216","0","0","0","32768","1048576","0","32","0","0","32","0","-","-","-","0","0","0","0","0","0","0","0","-","0","0","0","0","0","0","0","0","0","0","0","0","0","0","0","0","0","0","0","0","0","0","0","0","0","0","0","0","0","0","0","0","0","0","0","0","0","0","0","0","0","0"
"0x7d97cf7b5fb0","@!P2  FMUL R109, R109, 16777216","3","0","3","32768","1048576","0","32","0","0","32","0","-","-","-","0","0","0","0","0","0","0","0","-","0","0","0","0","0","0","0","0","0","0","0","0","0","0","0","0","0","0","0","3","0","0","0","0","0","0","0","0","0","0","0","0","0","0","0","0","0","0","0","0","0","0"
"0x7d97cf7b5fc0","@!P2  FMUL R111, R111, 16777216","1","0","1","32768","1048576","0","32","0","0","32","0","-","-","-","0","0","0","0","0","0","0","0","-","0","0","0","0","0","0","0","0","0","0","0","0","0","0","0","0","0","0","0","1","0","0","0","0","0","0","0","0","0","0","0","0","0","0","0","0","0","0","0","0","0","0"
"0x7d97cf7b5fd0","@!P2  FMUL R113, R113, 16777216","1","0","1","32768","1048576","0","32","0","0","32","0","-","-","-","0","0","0","0","0","0","0","0","-","0","0","0","0","0","0","0","0","0","0","0","0","0","0","0","0","0","0","0","1","0","0","0","0","0","0","0","0","0","0","0","0","0","0","0","0","0","0","0","0","0","0"
"0x7d97cf7b5fe0","@!P2  FMUL R115, R115, 16777216","0","0","0","32768","1048576","0","32","0","0","32","0","-","-","-","0","0","0","0","0","0","0","0","-","0","0","0","0","0","0","0","0","0","0","0","0","0","0","0","0","0","0","0","0","0","0","0","0","0","0","0","0","0","0","0","0","0","0","0","0","0","0","0","0","0","0"
"0x7d97cf7b5ff0","@!P2  FMUL R117, R117, 16777216","1","0","1","32768","1048576","0","32","0","0","32","0","-","-","-","0","0","0","0","0","0","0","0","-","0","0","0","0","0","0","0","0","0","0","0","0","0","0","0","0","0","0","0","1","0","0","0","0","0","0","0","0","0","0","0","0","0","0","0","0","0","0","0","0","0","0"
"0x7d97cf7b6000","@!P2  FMUL R119, R119, 16777216","6","0","6","32768","1048576","0","32","0","0","32","0","-","-","-","0","0","0","0","0","0","0","0","-","0","0","0","0","0","0","0","0","1","0","0","0","0","0","0","0","0","0","5","0","0","0","0","0","0","0","0","0","0","0","0","0","0","0","0","0","0","0","0","0","0","0"
"0x7d97cf7b6010","@!P2  FMUL R121, R121, 16777216","5","0","5","32768","1048576","0","32","0","0","32","0","-","-","-","0","0","0","0","0","0","0","0","-","0","0","0","0","0","0","0","0","0","0","0","0","0","0","0","0","0","0","0","5","0","0","0","0","0","0","0","0","0","0","0","0","0","0","0","0","0","0","0","0","0","0"
"0x7d97cf7b6020","@!P2  FMUL R123, R123, 16777216","3","0","3","32768","1048576","0","32","0","0","32","0","-","-","-","0","0","0","0","0","0","0","0","-","0","0","0","0","0","0","0","0","0","0","0","0","0","0","0","0","0","0","0","3","0","0","0","0","0","0","0","0","0","0","0","0","0","0","0","0","0","0","0","0","0","0"
"0x7d97cf7b6030","@!P2  FMUL R125, R125, 16777216","1","0","1","32768","1048576","0","32","0","0","32","0","-","-","-","0","0","0","0","0","0","0","0","-","0","0","0","0","0","0","0","0","0","0","0","0","0","0","0","0","0","0","0","1","0","0","0","0","0","0","0","0","0","0","0","0","0","0","0","0","0","0","0","0","0","0"
"0x7d97cf7b6040","@!P2  FMUL R127, R127, 16777216","0","0","0","32768","1048576","0","32","0","0","32","0","-","-","-","0","0","0","0","0","0","0","0","-","0","0","0","0","0","0","0","0","0","0","0","0","0","0","0","0","0","0","0","0","0","0","0","0","0","0","0","0","0","0","0","0","0","0","0","0","0","0","0","0","0","0"
"0x7d97cf7b6050","@!P2  FMUL R129, R129, 16777216","3","0","3","32768","1048576","0","32","0","0","32","0","-","-","-","0","0","0","0","0","0","0","0","-","0","0","0","0","0","0","0","0","0","0","0","0","0","0","0","0","0","0","0","3","0","0","0","0","0","0","0","0","0","0","0","0","0","0","0","0","0","0","0","0","0","0"
"0x7d97cf7b6060","@!P2  FMUL R131, R131, 16777216","0","0","0","32768","1048576","0","32","0","0","32","0","-","-","-","0","0","0","0","0","0","0","0","-","0","0","0","0","0","0","0","0","0","0","0","0","0","0","0","0","0","0","0","0","0","0","0","0","0","0","0","0","0","0","0","0","0","0","0","0","0","0","0","0","0","0"
"0x7d97cf7b6070","@!P2  FMUL R133, R133, 16777216","3","0","3","32768","1048576","0","32","0","0","32","0","-","-","-","0","0","0","0","0","0","0","0","-","0","0","0","0","0","0","0","0","0","0","0","0","0","0","0","0","0","0","0","3","0","0","0","0","0","0","0","0","0","0","0","0","0","0","0","0","0","0","0","0","0","0"
"0x7d97cf7b6080","@!P2  FMUL R135, R135, 16777216","2","0","2","32768","1048576","0","32","0","0","32","0","-","-","-","0","0","0","0","0","0","0","0","-","0","0","0","0","0","0","0","0","0","0","0","0","0","0","0","0","0","0","2","0","0","0","0","0","0","0","0","0","0","0","0","0","0","0","0","0","0","0","0","0","0","0"
"0x7d97cf7b6090","@!P2  FMUL R137, R137, 16777216","1","0","1","32768","1048576","0","32","0","0","32","0","-","-","-","0","0","0","0","0","0","0","0","-","0","0","0","0","0","0","0","0","0","0","0","0","0","0","0","0","0","0","0","1","0","0","0","0","0","0","0","0","0","0","0","0","0","0","0","0","0","0","0","0","0","0"
"0x7d97cf7b60a0","@!P2  FMUL R139, R139, 16777216","1","0","1","32768","1048576","0","32","0","0","32","0","-","-","-","0","0","0","0","0","0","0","0","-","0","0","0","0","0","0","0","0","0","0","0","0","0","0","0","0","0","0","0","1","0","0","0","0","0","0","0","0","0","0","0","0","0","0","0","0","0","0","0","0","0","0"
"0x7d97cf7b60b0","@!P2  FMUL R143, R143, 16777216","2","0","2","32768","1048576","0","32","0","0","32","0","-","-","-","0","0","0","0","0","0","0","0","-","0","0","0","0","0","0","0","0","0","0","0","0","0","0","0","0","0","0","0","2","0","0","0","0","0","0","0","0","0","0","0","0","0","0","0","0","0","0","0","0","0","0"
"0x7d97cf7b60c0","@!P2  FMUL R145, R145, 16777216","2","0","2","32768","1048576","0","32","0","0","32","0","-","-","-","0","0","0","0","0","0","0","0","-","0","0","0","0","0","0","0","0","0","0","0","0","0","0","0","0","0","0","0","2","0","0","0","0","0","0","0","0","0","0","0","0","0","0","0","0","0","0","0","0","0","0"
"0x7d97cf7b60d0","@!P2  FMUL R147, R147, 16777216","0","0","0","32768","1048576","0","32","0","0","32","0","-","-","-","0","0","0","0","0","0","0","0","-","0","0","0","0","0","0","0","0","0","0","0","0","0","0","0","0","0","0","0","0","0","0","0","0","0","0","0","0","0","0","0","0","0","0","0","0","0","0","0","0","0","0"
"0x7d97cf7b60e0","@!P4  FMUL R19, R19, 16777216","0","0","0","32768","1048576","0","32","0","0","32","0","-","-","-","0","0","0","0","0","0","0","0","-","0","0","0","0","0","0","0","0","0","0","0","0","0","0","0","0","0","0","0","0","0","0","0","0","0","0","0","0","0","0","0","0","0","0","0","0","0","0","0","0","0","0"
"0x7d97cf7b60f0","@!P4  FMUL R25, R25, 16777216","1","0","1","32768","1048576","0","32","0","0","32","0","-","-","-","0","0","0","0","0","0","0","0","-","0","0","0","0","0","0","0","0","0","0","0","0","0","0","0","0","0","0","0","1","0","0","0","0","0","0","0","0","0","0","0","0","0","0","0","0","0","0","0","0","0","0"
"0x7d97cf7b6100","      FSEL R43, R43, R40, P3","14","0","14","32768","1048576","1048576","32","32","32","0","0","-","-","-","0","0","0","0","0","0","0","0","-","0","0","0","0","0","0","0","0","0","0","0","0","0","4","0","0","0","1","8","1","0","0","0","0","0","0","0","0","0","0","0","0","0","0","0","0","0","0","0","0","0","0"
"0x7d97cf7b6110","@!P4  FMUL R23, R23, 16777216","2","0","2","32768","1048576","0","32","0","32","32","0","-","-","-","0","0","0","0","0","0","0","0","-","0","0","0","0","0","0","0","0","0","0","0","0","0","0","0","0","0","0","0","2","0","0","0","0","0","0","0","0","0","0","0","0","0","0","0","0","0","0","0","0","0","0"
"0x7d97cf7b6120","      FSEL R51, R51, R48, P3","4","0","4","32768","1048576","1048576","32","32","32","0","0","-","-","-","0","0","0","0","0","0","0","0","-","0","0","0","0","0","0","0","0","0","0","0","0","0","0","0","0","0","0","0","4","0","0","0","0","0","0","0","0","0","0","0","0","0","0","0","0","0","0","0","0","0","0"
"0x7d97cf7b6130","@!P4  FMUL R29, R29, 16777216","1","0","1","32768","1048576","0","32","0","32","32","0","-","-","-","0","0","0","0","0","0","0","0","-","0","0","0","0","0","0","0","0","0","0","0","0","0","0","0","0","0","0","0","1","0","0","0","0","0","0","0","0","0","0","0","0","0","0","0","0","0","0","0","0","0","0"
"0x7d97cf7b6140","      FSEL R55, R55, R52, P3","3","0","3","32768","1048576","1048576","32","32","32","0","0","-","-","-","0","0","0","0","0","0","0","0","-","0","0","0","0","0","0","0","0","0","0","0","0","0","0","0","0","0","0","0","3","0","0","0","0","0","0","0","0","0","0","0","0","0","0","0","0","0","0","0","0","0","0"
"0x7d97cf7b6150","@!P4  FMUL R35, R35, 16777216","2","0","2","32768","1048576","0","32","0","32","32","0","-","-","-","0","0","0","0","0","0","0","0","-","0","0","0","0","0","0","0","0","0","0","0","0","0","0","0","0","0","0","0","2","0","0","0","0","0","0","0","0","0","0","0","0","0","0","0","0","0","0","0","0","0","0"
"0x7d97cf7b6160","      FSEL R63, R63, R60, P3","4","0","4","32768","1048576","1048576","32","32","32","0","0","-","-","-","0","0","0","0","0","0","0","0","-","0","0","0","0","0","0","0","0","0","0","0","0","0","0","0","0","0","0","0","4","0","0","0","0","0","0","0","0","0","0","0","0","0","0","0","0","0","0","0","0","0","0"
"0x7d97cf7b6170","@!P4  FMUL R33, R33, 16777216","1","0","1","32768","1048576","0","32","0","32","32","0","-","-","-","0","0","0","0","0","0","0","0","-","0","0","0","0","0","0","0","0","0","0","0","0","0","0","0","0","0","0","0","1","0","0","0","0","0","0","0","0","0","0","0","0","0","0","0","0","0","0","0","0","0","0"
"0x7d97cf7b6180","      FSEL R59, R59, R56, P3","5","0","5","32768","1048576","1048576","32","32","32","0","0","-","-","-","0","0","0","0","0","0","0","0","-","0","0","0","0","0","0","0","0","0","0","0","0","0","2","0","0","0","0","3","0","0","0","0","0","0","0","0","0","0","0","0","0","0","0","0","0","0","0","0","0","0","0"
"0x7d97cf7b6190","@!P4  FMUL R39, R39, 16777216","4","0","4","32768","1048576","0","32","0","32","32","0","-","-","-","0","0","0","0","0","0","0","0","-","0","0","0","0","0","0","0","0","0","0","0","0","0","0","0","0","0","0","0","4","0","0","0","0","0","0","0","0","0","0","0","0","0","0","0","0","0","0","0","0","0","0"
"0x7d97cf7b61a0","      FSEL R67, R67, R64, P3","4","0","4","32768","1048576","1048576","32","32","32","0","0","-","-","-","0","0","0","0","0","0","0","0","-","0","0","0","0","0","0","0","0","0","0","0","0","0","0","0","0","0","0","0","4","0","0","0","0","0","0","0","0","0","0","0","0","0","0","0","0","0","0","0","0","0","0"
"0x7d97cf7b61b0","@!P4  FMUL R37, R37, 16777216","2","0","2","32768","1048576","0","32","0","32","32","0","-","-","-","0","0","0","0","0","0","0","0","-","0","0","0","0","0","0","0","0","0","0","0","0","0","0","0","0","0","0","0","2","0","0","0","0","0","0","0","0","0","0","0","0","0","0","0","0","0","0","0","0","0","0"
"0x7d97cf7b61c0","      FSEL R71, R71, R68, P3","2","0","2","32768","1048576","1048576","32","32","32","0","0","-","-","-","0","0","0","0","0","0","0","0","-","0","0","0","0","0","0","0","0","0","0","0","0","0","0","0","0","0","0","0","2","0","0","0","0","0","0","0","0","0","0","0","0","0","0","0","0","0","0","0","0","0","0"
"0x7d97cf7b61d0","      IMAD.IADD R149, R20, 0x1, R149","2","0","2","32768","1048576","1048576","32","32","0","0","0","-","-","-","0","0","0","0","0","0","0","0","-","0","0","0","0","0","0","0","0","0","0","0","0","0","0","0","0","0","0","0","2","0","0","0","0","0","0","0","0","0","0","0","0","0","0","0","0","0","0","0","0","0","0"
"0x7d97cf7b61e0","      FSEL R75, R75, R72, P3","4","0","4","32768","1048576","1048576","32","32","0","0","0","-","-","-","0","0","0","0","0","0","0","0","-","0","0","0","0","0","0","0","0","0","0","0","0","0","0","0","0","0","0","0","4","0","0","0","0","0","0","0","0","0","0","0","0","0","0","0","0","0","0","0","0","0","0"
"0x7d97cf7b61f0","      FMUL R20, R18, R21","1","0","1","32768","1048576","1048576","32","32","0","0","0","-","-","-","0","0","0","0","0","0","0","0","-","0","0","0","0","0","0","0","0","0","0","0","0","0","0","0","0","0","0","0","1","0","0","0","0","0","0","0","0","0","0","0","0","0","0","0","0","0","0","0","0","0","0"
"0x7d97cf7b6200","      FSEL R79, R79, R76, P3","5","0","5","32768","1048576","1048576","32","32","0","0","0","-","-","-","0","0","0","0","0","0","0","0","-","0","0","0","0","0","0","0","0","0","0","0","0","0","0","0","0","0","0","1","4","0","0","0","0","0","0","0","0","0","0","0","0","0","0","0","0","0","0","0","0","0","0"
"0x7d97cf7b6210","      FMUL R27, R18, R27","3","0","3","32768","1048576","1048576","32","32","0","0","0","-","-","-","0","0","0","0","0","0","0","0","-","0","0","0","0","0","0","0","0","0","0","0","0","0","0","0","0","0","0","0","3","0","0","0","0","0","0","0","0","0","0","0","0","0","0","0","0","0","0","0","0","0","0"
"0x7d97cf7b6220","      FSEL R83, R83, R80, P3","3","0","3","32768","1048576","1048576","32","32","0","0","0","-","-","-","0","0","0","0","0","0","0","0","-","0","0","0","0","0","0","0","0","0","0","0","0","0","0","0","0","0","0","0","3","0","0","0","0","0","0","0","0","0","0","0","0","0","0","0","0","0","0","0","0","0","0"
"0x7d97cf7b6230","      FMUL R21, R18, R89","2","0","2","32768","1048576","1048576","32","32","0","0","0","-","-","-","0","0","0","0","0","0","0","0","-","0","0","0","0","0","0","0","0","0","0","0","0","0","0","0","0","0","0","0","2","0","0","0","0","0","0","0","0","0","0","0","0","0","0","0","0","0","0","0","0","0","0"
"0x7d97cf7b6240","      FSEL R87, R87, R84, P3","3","0","3","32768","1048576","1048576","32","32","0","0","0","-","-","-","0","0","0","0","0","0","0","0","-","0","0","0","0","0","0","0","0","0","0","0","0","0","0","0","0","0","0","0","3","0","0","0","0","0","0","0","0","0","0","0","0","0","0","0","0","0","0","0","0","0","0"
"0x7d97cf7b6250","      FMUL R91, R18, R91","2","0","2","32768","1048576","1048576","32","32","0","0","0","-","-","-","0","0","0","0","0","0","0","0","-","0","0","0","0","0","0","0","0","0","0","0","0","0","0","0","0","0","0","0","2","0","0","0","0","0","0","0","0","0","0","0","0","0","0","0","0","0","0","0","0","0","0"
"0x7d97cf7b6260","      LOP3.LUT R141, R141, 0x3f0, R22, 0x78, !PT","4","0","4","32768","1048576","1048576","32","32","0","0","0","-","-","-","0","0","0","0","0","0","0","0","-","0","0","0","0","0","0","0","0","0","0","0","0","0","0","0","0","0","0","0","4","0","0","0","0","0","0","0","0","0","0","0","0","0","0","0","0","0","0","0","0","0","0"
"0x7d97cf7b6270","      FMUL R22, R18, R31","2","0","2","32768","1048576","1048576","32","32","0","0","0","-","-","-","0","0","0","0","0","0","0","0","-","0","0","0","0","0","0","0","0","0","0","0","0","0","0","0","0","0","0","0","2","0","0","0","0","0","0","0","0","0","0","0","0","0","0","0","0","0","0","0","0","0","0"
"0x7d97cf7b6280","      FMUL R28, R18, R93","1","0","1","32768","1048576","1048576","32","32","0","0","0","-","-","-","0","0","0","0","0","0","0","0","-","0","0","0","0","0","0","0","0","0","0","0","0","0","0","0","0","0","0","1","0","0","0","0","0","0","0","0","0","0","0","0","0","0","0","0","0","0","0","0","0","0","0"
"0x7d97cf7b6290","      FMUL R95, R18, R95","3","0","3","32768","1048576","1048576","32","32","0","0","0","-","-","-","0","0","0","0","0","0","0","0","-","0","0","0","0","0","0","0","0","0","0","0","0","0","0","0","0","0","0","0","3","0","0","0","0","0","0","0","0","0","0","0","0","0","0","0","0","0","0","0","0","0","0"
"0x7d97cf7b62a0","      FMUL R32, R18, R97","4","0","4","32768","1048576","1048576","32","32","0","0","0","-","-","-","0","0","0","0","0","0","0","0","-","0","0","0","0","0","0","0","0","0","0","0","0","0","0","0","0","0","0","0","4","0","0","0","0","0","0","0","0","0","0","0","0","0","0","0","0","0","0","0","0","0","0"
"0x7d97cf7b62b0","      FMUL R99, R18, R99","2","0","2","32768","1048576","1048576","32","32","0","0","0","-","-","-","0","0","0","0","0","0","0","0","-","0","0","0","0","0","0","0","0","0","0","0","0","0","0","0","0","0","0","0","2","0","0","0","0","0","0","0","0","0","0","0","0","0","0","0","0","0","0","0","0","0","0"
"0x7d97cf7b62c0","      FMUL R36, R18, R101","1","0","1","32768","1048576","1048576","32","32","0","0","0","-","-","-","0","0","0","0","0","0","0","0","-","0","0","0","0","0","0","0","0","0","0","0","0","0","0","0","0","0","0","0","1","0","0","0","0","0","0","0","0","0","0","0","0","0","0","0","0","0","0","0","0","0","0"
"0x7d97cf7b62d0","      FMUL R103, R18, R103","2","0","2","32768","1048576","1048576","32","32","0","0","0","-","-","-","0","0","0","0","0","0","0","0","-","0","0","0","0","0","0","0","0","0","0","0","0","0","0","0","0","0","0","0","2","0","0","0","0","0","0","0","0","0","0","0","0","0","0","0","0","0","0","0","0","0","0"
"0x7d97cf7b62e0","      FMUL R40, R18, R105","1","0","1","32768","1048576","1048576","32","32","0","0","0","-","-","-","0","0","0","0","0","0","0","0","-","0","0","0","0","0","0","0","0","0","0","0","0","0","0","0","0","0","0","0","1","0","0","0","0","0","0","0","0","0","0","0","0","0","0","0","0","0","0","0","0","0","0"
"0x7d97cf7b62f0","      FMUL R107, R18, R107","1","0","1","32768","1048576","1048576","32","32","0","0","0","-","-","-","0","0","0","0","0","0","0","0","-","0","0","0","0","0","0","0","0","0","0","0","0","0","0","0","0","0","0","0","1","0","0","0","0","0","0","0","0","0","0","0","0","0","0","0","0","0","0","0","0","0","0"
"0x7d97cf7b6300","      FMUL R44, R18, R109","3","0","3","32768","1048576","1048576","32","32","0","0","0","-","-","-","0","0","0","0","0","0","0","0","-","0","0","0","0","0","0","0","0","0","0","0","0","0","0","0","0","0","1","1","1","0","0","0","0","0","0","0","0","0","0","0","0","0","0","0","0","0","0","0","0","0","0"
"0x7d97cf7b6310","      FMUL R111, R18, R111","3","0","3","32768","1048576","1048576","32","32","0","0","0","-","-","-","0","0","0","0","0","0","0","0","-","0","0","0","0","0","0","0","0","0","0","0","0","0","0","0","0","0","0","0","3","0","0","0","0","0","0","0","0","0","0","0","0","0","0","0","0","0","0","0","0","0","0"
"0x7d97cf7b6320","      FMUL R48, R18, R113","2","0","2","32768","1048576","1048576","32","32","0","0","0","-","-","-","0","0","0","0","0","0","0","0","-","0","0","0","0","0","0","0","0","0","0","0","0","0","0","0","0","0","0","0","2","0","0","0","0","0","0","0","0","0","0","0","0","0","0","0","0","0","0","0","0","0","0"
"0x7d97cf7b6330","      FMUL R115, R18, R115","2","0","2","32768","1048576","1048576","32","32","0","0","0","-","-","-","0","0","0","0","0","0","0","0","-","0","0","0","0","0","0","0","0","0","0","0","0","0","0","0","0","0","0","0","2","0","0","0","0","0","0","0","0","0","0","0","0","0","0","0","0","0","0","0","0","0","0"
"0x7d97cf7b6340","      FMUL R52, R18, R117","3","0","3","32768","1048576","1048576","32","32","0","0","0","-","-","-","0","0","0","0","0","0","0","0","-","0","0","0","0","0","0","0","0","0","0","0","0","0","0","0","0","0","0","0","3","0","0","0","0","0","0","0","0","0","0","0","0","0","0","0","0","0","0","0","0","0","0"
"0x7d97cf7b6350","      FMUL R119, R18, R119","2","0","2","32768","1048576","1048576","32","32","0","0","0","-","-","-","0","0","0","0","0","0","0","0","-","0","0","0","0","0","0","0","0","0","0","0","0","0","0","0","0","0","0","0","2","0","0","0","0","0","0","0","0","0","0","0","0","0","0","0","0","0","0","0","0","0","0"
"0x7d97cf7b6360","      FMUL R56, R18, R121","4","0","4","32768","1048576","1048576","32","32","0","0","0","-","-","-","0","0","0","0","0","0","0","0","-","0","0","0","0","0","0","0","0","0","0","0","0","0","0","0","0","0","0","0","4","0","0","0","0","0","0","0","0","0","0","0","0","0","0","0","0","0","0","0","0","0","0"
"0x7d97cf7b6370","      FMUL R123, R18, R123","2","0","2","32768","1048576","1048576","32","32","0","0","0","-","-","-","0","0","0","0","0","0","0","0","-","0","0","0","0","0","0","0","0","0","0","0","0","0","0","0","0","0","0","0","2","0","0","0","0","0","0","0","0","0","0","0","0","0","0","0","0","0","0","0","0","0","0"
"0x7d97cf7b6380","      FMUL R60, R18, R125","3","0","3","32768","1048576","1048576","32","32","0","0","0","-","-","-","0","0","0","0","0","0","0","0","-","0","0","0","0","0","0","0","0","0","0","0","0","0","0","0","0","0","1","0","2","0","0","0","0","0","0","0","0","0","0","0","0","0","0","0","0","0","0","0","0","0","0"
"0x7d97cf7b6390","      FMUL R127, R18, R127","2","0","2","32768","1048576","1048576","32","32","0","0","0","-","-","-","0","0","0","0","0","0","0","0","-","0","0","0","0","0","0","0","0","0","0","0","0","0","0","0","0","0","0","0","2","0","0","0","0","0","0","0","0","0","0","0","0","0","0","0","0","0","0","0","0","0","0"
"0x7d97cf7b63a0","      FMUL R64, R18, R129","8","0","8","32768","1048576","1048576","32","32","0","0","0","-","-","-","0","0","0","0","0","0","0","0","-","0","0","0","0","0","0","0","0","0","0","0","0","0","0","0","0","0","0","0","8","0","0","0","0","0","0","0","0","0","0","0","0","0","0","0","0","0","0","0","0","0","0"
"0x7d97cf7b63b0","      FMUL R131, R18, R131","2","0","2","32768","1048576","1048576","32","32","0","0","0","-","-","-","0","0","0","0","0","0","0","0","-","0","0","0","0","0","0","0","0","0","0","0","0","0","0","0","0","0","0","0","2","0","0","0","0","0","0","0","0","0","0","0","0","0","0","0","0","0","0","0","0","0","0"
"0x7d97cf7b63c0","      FMUL R68, R18, R133","2","0","2","32768","1048576","1048576","32","32","0","0","0","-","-","-","0","0","0","0","0","0","0","0","-","0","0","0","0","0","0","0","0","0","0","0","0","0","0","0","0","0","0","0","2","0","0","0","0","0","0","0","0","0","0","0","0","0","0","0","0","0","0","0","0","0","0"
"0x7d97cf7b63d0","      FMUL R135, R18, R135","2","0","2","32768","1048576","1048576","32","32","0","0","0","-","-","-","0","0","0","0","0","0","0","0","-","0","0","0","0","0","0","0","0","0","0","0","0","0","0","0","0","0","0","0","2","0","0","0","0","0","0","0","0","0","0","0","0","0","0","0","0","0","0","0","0","0","0"
"0x7d97cf7b63e0","      FMUL R72, R18, R137","3","0","3","32768","1048576","1048576","32","32","0","0","0","-","-","-","0","0","0","0","0","0","0","0","-","0","0","0","0","0","0","0","0","0","0","0","0","0","0","0","0","0","0","0","3","0","0","0","0","0","0","0","0","0","0","0","0","0","0","0","0","0","0","0","0","0","0"
"0x7d97cf7b63f0","      FMUL R139, R18, R139","2","0","2","32768","1048576","1048576","32","32","0","0","0","-","-","-","0","0","0","0","0","0","0","0","-","0","0","0","0","0","0","0","0","0","0","0","0","0","0","0","0","0","0","0","2","0","0","0","0","0","0","0","0","0","0","0","0","0","0","0","0","0","0","0","0","0","0"
"0x7d97cf7b6400","      FMUL R76, R18, R143","4","0","4","32768","1048576","1048576","32","32","0","0","0","-","-","-","0","0","0","0","0","0","0","0","-","0","0","0","0","0","0","0","0","0","0","0","0","0","0","0","0","0","0","0","4","0","0","0","0","0","0","0","0","0","0","0","0","0","0","0","0","0","0","0","0","0","0"
"0x7d97cf7b6410","      FMUL R145, R18, R145","3","0","3","32768","1048576","1048576","32","32","0","0","0","-","-","-","0","0","0","0","0","0","0","0","-","0","0","0","0","0","0","0","0","0","0","0","0","0","0","0","0","0","0","0","3","0","0","0","0","0","0","0","0","0","0","0","0","0","0","0","0","0","0","0","0","0","0"
"0x7d97cf7b6420","      FMUL R78, R18, R147","2","0","2","32768","1048576","1048576","32","32","0","0","0","-","-","-","0","0","0","0","0","0","0","0","-","0","0","0","0","0","0","0","0","0","0","0","0","0","0","0","0","0","0","0","2","0","0","0","0","0","0","0","0","0","0","0","0","0","0","0","0","0","0","0","0","0","0"
"0x7d97cf7b6430","      FMUL R24, R0, R19","8","0","8","32768","1048576","1048576","32","32","0","0","0","-","-","-","0","0","0","0","0","0","0","0","-","0","0","0","0","0","0","0","0","0","0","0","0","0","0","0","0","0","0","0","8","0","0","0","0","0","0","0","0","0","0","0","0","0","0","0","0","0","0","0","0","0","0"
"0x7d97cf7b6440","      FMUL R25, R0, R25","1","0","1","32768","1048576","1048576","32","32","0","0","0","-","-","-","0","0","0","0","0","0","0","0","-","0","0","0","0","0","0","0","0","0","0","0","0","0","0","0","0","0","0","0","1","0","0","0","0","0","0","0","0","0","0","0","0","0","0","0","0","0","0","0","0","0","0"
"0x7d97cf7b6450","@!P4  FMUL R47, R47, 16777216","4","0","4","32768","1048576","0","32","0","32","32","0","-","-","-","0","0","0","0","0","0","0","0","-","0","0","0","0","0","0","0","0","0","0","0","0","0","0","0","0","0","0","0","4","0","0","0","0","0","0","0","0","0","0","0","0","0","0","0","0","0","0","0","0","0","0"
"0x7d97cf7b6460","@!P4  FMUL R45, R45, 16777216","0","0","0","32768","1048576","0","32","0","0","32","0","-","-","-","0","0","0","0","0","0","0","0","-","0","0","0","0","0","0","0","0","0","0","0","0","0","0","0","0","0","0","0","0","0","0","0","0","0","0","0","0","0","0","0","0","0","0","0","0","0","0","0","0","0","0"
"0x7d97cf7b6470","      FMUL R23, R0, R23","3","0","3","32768","1048576","1048576","32","32","32","0","0","-","-","-","0","0","0","0","0","0","0","0","-","0","0","0","0","0","0","0","0","0","0","0","0","0","0","0","0","0","0","0","3","0","0","0","0","0","0","0","0","0","0","0","0","0","0","0","0","0","0","0","0","0","0"
"0x7d97cf7b6480","      FMUL R18, R0, R29","4","0","4","32768","1048576","1048576","32","32","0","0","0","-","-","-","0","0","0","0","0","0","0","0","-","0","0","0","0","0","0","0","0","0","0","0","0","0","0","0","0","0","0","0","4","0","0","0","0","0","0","0","0","0","0","0","0","0","0","0","0","0","0","0","0","0","0"
"0x7d97cf7b6490","@!P4  FMUL R43, R43, 16777216","1","0","1","32768","1048576","0","32","0","32","32","0","-","-","-","0","0","0","0","0","0","0","0","-","0","0","0","0","0","0","0","0","0","0","0","0","0","0","0","0","0","0","0","1","0","0","0","0","0","0","0","0","0","0","0","0","0","0","0","0","0","0","0","0","0","0"
"0x7d97cf7b64a0","@!P4  FMUL R41, R41, 16777216","3","0","3","32768","1048576","0","32","0","0","32","0","-","-","-","0","0","0","0","0","0","0","0","-","0","0","0","0","0","0","0","0","0","0","0","0","0","0","0","0","0","0","0","3","0","0","0","0","0","0","0","0","0","0","0","0","0","0","0","0","0","0","0","0","0","0"
"0x7d97cf7b64b0","@!P4  FMUL R51, R51, 16777216","2","0","2","32768","1048576","0","32","0","0","32","0","-","-","-","0","0","0","0","0","0","0","0","-","0","0","0","0","0","0","0","0","0","0","0","0","0","0","0","0","0","0","0","2","0","0","0","0","0","0","0","0","0","0","0","0","0","0","0","0","0","0","0","0","0","0"
"0x7d97cf7b64c0","@!P4  FMUL R49, R49, 16777216","2","0","2","32768","1048576","0","32","0","0","32","0","-","-","-","0","0","0","0","0","0","0","0","-","0","0","0","0","0","0","0","0","0","0","0","0","0","0","0","0","0","0","1","1","0","0","0","0","0","0","0","0","0","0","0","0","0","0","0","0","0","0","0","0","0","0"
"0x7d97cf7b64d0","@!P4  FMUL R55, R55, 16777216","2","0","2","32768","1048576","0","32","0","0","32","0","-","-","-","0","0","0","0","0","0","0","0","-","0","0","0","0","0","0","0","0","0","0","0","0","0","0","0","0","0","0","0","2","0","0","0","0","0","0","0","0","0","0","0","0","0","0","0","0","0","0","0","0","0","0"
"0x7d97cf7b64e0","@!P4  FMUL R53, R53, 16777216","0","0","0","32768","1048576","0","32","0","0","32","0","-","-","-","0","0","0","0","0","0","0","0","-","0","0","0","0","0","0","0","0","0","0","0","0","0","0","0","0","0","0","0","0","0","0","0","0","0","0","0","0","0","0","0","0","0","0","0","0","0","0","0","0","0","0"
"0x7d97cf7b64f0","@!P4  FMUL R63, R63, 16777216","6","0","6","32768","1048576","0","32","0","0","32","0","-","-","-","0","0","0","0","0","0","0","0","-","0","0","0","0","0","0","0","0","0","0","0","0","0","0","0","0","0","0","0","6","0","0","0","0","0","0","0","0","0","0","0","0","0","0","0","0","0","0","0","0","0","0"
"0x7d97cf7b6500","@!P4  FMUL R61, R61, 16777216","10","0","10","32768","1048576","0","32","0","0","32","0","-","-","-","0","0","0","0","0","0","0","0","-","0","0","0","0","0","0","0","0","0","0","0","0","0","0","0","0","0","0","3","7","0","0","0","0","0","0","0","0","0","0","0","0","0","0","0","0","0","0","0","0","0","0"
"0x7d97cf7b6510","      FMUL R26, R0, R35","2","0","2","32768","1048576","1048576","32","32","32","0","0","-","-","-","0","0","0","0","0","0","0","0","-","0","0","0","0","0","0","0","0","0","0","0","0","0","0","0","0","0","0","0","2","0","0","0","0","0","0","0","0","0","0","0","0","0","0","0","0","0","0","0","0","0","0"
"0x7d97cf7b6520","      FMUL R33, R0, R33","4","0","4","32768","1048576","1048576","32","32","0","0","0","-","-","-","0","0","0","0","0","0","0","0","-","0","0","0","0","0","0","0","0","0","0","0","0","0","0","0","0","0","0","0","4","0","0","0","0","0","0","0","0","0","0","0","0","0","0","0","0","0","0","0","0","0","0"
"0x7d97cf7b6530","      FMUL R39, R0, R39","2","0","2","32768","1048576","1048576","32","32","0","0","0","-","-","-","0","0","0","0","0","0","0","0","-","0","0","0","0","0","0","0","0","0","0","0","0","0","0","0","0","0","0","0","2","0","0","0","0","0","0","0","0","0","0","0","0","0","0","0","0","0","0","0","0","0","0"
"0x7d97cf7b6540","      FMUL R30, R0, R37","6","0","6","32768","1048576","1048576","32","32","0","0","0","-","-","-","0","0","0","0","0","0","0","0","-","0","0","0","0","0","0","0","0","0","0","0","0","0","0","0","0","0","0","0","6","0","0","0","0","0","0","0","0","0","0","0","0","0","0","0","0","0","0","0","0","0","0"
"0x7d97cf7b6550","@!P4  FMUL R59, R59, 16777216","1","0","1","32768","1048576","0","32","0","32","32","0","-","-","-","0","0","0","0","0","0","0","0","-","0","0","0","0","0","0","0","0","0","0","0","0","0","0","0","0","0","0","0","1","0","0","0","0","0","0","0","0","0","0","0","0","0","0","0","0","0","0","0","0","0","0"
"0x7d97cf7b6560","@!P4  FMUL R57, R57, 16777216","2","0","2","32768","1048576","0","32","0","0","32","0","-","-","-","0","0","0","0","0","0","0","0","-","0","0","0","0","0","0","0","0","0","0","0","0","0","0","0","0","0","0","0","2","0","0","0","0","0","0","0","0","0","0","0","0","0","0","0","0","0","0","0","0","0","0"
"0x7d97cf7b6570","@!P4  FMUL R67, R67, 16777216","4","0","4","32768","1048576","0","32","0","0","32","0","-","-","-","0","0","0","0","0","0","0","0","-","0","0","0","0","0","0","0","0","0","0","0","0","0","0","0","0","0","0","0","4","0","0","0","0","0","0","0","0","0","0","0","0","0","0","0","0","0","0","0","0","0","0"
"0x7d97cf7b6580","@!P4  FMUL R65, R65, 16777216","1","0","1","32768","1048576","0","32","0","0","32","0","-","-","-","0","0","0","0","0","0","0","0","-","0","0","0","0","0","0","0","0","0","0","0","0","0","0","0","0","0","0","0","1","0","0","0","0","0","0","0","0","0","0","0","0","0","0","0","0","0","0","0","0","0","0"
"0x7d97cf7b6590","@!P4  FMUL R71, R71, 16777216","1","0","1","32768","1048576","0","32","0","0","32","0","-","-","-","0","0","0","0","0","0","0","0","-","0","0","0","0","0","0","0","0","0","0","0","0","0","0","0","0","0","0","0","1","0","0","0","0","0","0","0","0","0","0","0","0","0","0","0","0","0","0","0","0","0","0"
"0x7d97cf7b65a0","@!P4  FMUL R69, R69, 16777216","2","0","2","32768","1048576","0","32","0","0","32","0","-","-","-","0","0","0","0","0","0","0","0","-","0","0","0","0","0","0","0","0","0","0","0","0","0","0","0","0","0","0","0","2","0","0","0","0","0","0","0","0","0","0","0","0","0","0","0","0","0","0","0","0","0","0"
"0x7d97cf7b65b0","@!P4  FMUL R75, R75, 16777216","3","0","3","32768","1048576","0","32","0","0","32","0","-","-","-","0","0","0","0","0","0","0","0","-","0","0","0","0","0","0","0","0","0","0","0","0","0","0","0","0","0","0","0","3","0","0","0","0","0","0","0","0","0","0","0","0","0","0","0","0","0","0","0","0","0","0"
"0x7d97cf7b65c0","@!P4  FMUL R73, R73, 16777216","0","0","0","32768","1048576","0","32","0","0","32","0","-","-","-","0","0","0","0","0","0","0","0","-","0","0","0","0","0","0","0","0","0","0","0","0","0","0","0","0","0","0","0","0","0","0","0","0","0","0","0","0","0","0","0","0","0","0","0","0","0","0","0","0","0","0"
"0x7d97cf7b65d0","@!P4  FMUL R79, R79, 16777216","3","0","3","32768","1048576","0","32","0","0","32","0","-","-","-","0","0","0","0","0","0","0","0","-","0","0","0","0","0","0","0","0","0","0","0","0","0","0","0","0","0","0","0","3","0","0","0","0","0","0","0","0","0","0","0","0","0","0","0","0","0","0","0","0","0","0"
"0x7d97cf7b65e0","@!P4  FMUL R77, R77, 16777216","0","0","0","32768","1048576","0","32","0","0","32","0","-","-","-","0","0","0","0","0","0","0","0","-","0","0","0","0","0","0","0","0","0","0","0","0","0","0","0","0","0","0","0","0","0","0","0","0","0","0","0","0","0","0","0","0","0","0","0","0","0","0","0","0","0","0"
"0x7d97cf7b65f0","@!P4  FMUL R83, R83, 16777216","1","0","1","32768","1048576","0","32","0","0","32","0","-","-","-","0","0","0","0","0","0","0","0","-","0","0","0","0","0","0","0","0","0","0","0","0","0","0","0","0","0","0","0","1","0","0","0","0","0","0","0","0","0","0","0","0","0","0","0","0","0","0","0","0","0","0"
"0x7d97cf7b6600","@!P4  FMUL R81, R81, 16777216","1","0","1","32768","1048576","0","32","0","0","32","0","-","-","-","0","0","0","0","0","0","0","0","-","0","0","0","0","0","0","0","0","0","0","0","0","0","0","0","0","0","0","0","1","0","0","0","0","0","0","0","0","0","0","0","0","0","0","0","0","0","0","0","0","0","0"
"0x7d97cf7b6610","@!P4  FMUL R87, R87, 16777216","4","0","4","32768","1048576","0","32","0","0","32","0","-","-","-","0","0","0","0","0","0","0","0","-","0","0","0","0","0","0","0","0","0","0","0","0","0","0","0","0","0","0","0","4","0","0","0","0","0","0","0","0","0","0","0","0","0","0","0","0","0","0","0","0","0","0"
"0x7d97cf7b6620","@!P4  FMUL R85, R85, 16777216","2","0","2","32768","1048576","0","32","0","0","32","0","-","-","-","0","0","0","0","0","0","0","0","-","0","0","0","0","0","0","0","0","0","0","0","0","0","0","0","0","0","0","0","2","0","0","0","0","0","0","0","0","0","0","0","0","0","0","0","0","0","0","0","0","0","0"
"0x7d97cf7b6630","      FMUL R47, R0, R47","2","0","2","32768","1048576","1048576","32","32","32","0","0","-","-","-","0","0","0","0","0","0","0","0","-","0","0","0","0","0","0","0","0","0","0","0","0","0","0","0","0","0","0","0","2","0","0","0","0","0","0","0","0","0","0","0","0","0","0","0","0","0","0","0","0","0","0"
"0x7d97cf7b6640","      FMUL R38, R0, R45","3","0","3","32768","1048576","1048576","32","32","0","0","0","-","-","-","0","0","0","0","0","0","0","0","-","0","0","0","0","0","0","0","0","0","0","0","0","0","0","0","0","0","0","0","3","0","0","0","0","0","0","0","0","0","0","0","0","0","0","0","0","0","0","0","0","0","0"
"0x7d97cf7b6650","      F2FP.F16.F32.PACK_AB R24, R25, R24","3","0","3","32768","1048576","1048576","32","32","0","0","0","-","-","-","0","0","0","0","0","0","0","0","-","0","0","0","0","0","0","0","0","0","0","0","0","0","0","0","0","0","0","0","3","0","0","0","0","0","0","0","0","0","0","0","0","0","0","0","0","0","0","0","0","0","0"
"0x7d97cf7b6660","      FMUL R43, R0, R43","4","0","4","32768","1048576","1048576","32","32","0","0","0","-","-","-","0","0","0","0","0","0","0","0","-","0","0","0","0","0","0","0","0","0","0","0","0","0","0","0","0","0","0","0","4","0","0","0","0","0","0","0","0","0","0","0","0","0","0","0","0","0","0","0","0","0","0"
"0x7d97cf7b6670","      FMUL R34, R0, R41","3","0","3","32768","1048576","1048576","32","32","0","0","0","-","-","-","0","0","0","0","0","0","0","0","-","0","0","0","0","0","0","0","0","0","0","0","0","0","0","0","0","0","0","0","3","0","0","0","0","0","0","0","0","0","0","0","0","0","0","0","0","0","0","0","0","0","0"
"0x7d97cf7b6680","      FMUL R51, R0, R51","3","0","3","32768","1048576","1048576","32","32","0","0","0","-","-","-","0","0","0","0","0","0","0","0","-","0","0","0","0","0","0","0","0","0","0","0","0","0","0","0","0","0","0","0","3","0","0","0","0","0","0","0","0","0","0","0","0","0","0","0","0","0","0","0","0","0","0"
"0x7d97cf7b6690","      FMUL R42, R0, R49","0","0","0","32768","1048576","1048576","32","32","0","0","0","-","-","-","0","0","0","0","0","0","0","0","-","0","0","0","0","0","0","0","0","0","0","0","0","0","0","0","0","0","0","0","0","0","0","0","0","0","0","0","0","0","0","0","0","0","0","0","0","0","0","0","0","0","0"
"0x7d97cf7b66a0","      FMUL R55, R0, R55","1","0","1","32768","1048576","1048576","32","32","0","0","0","-","-","-","0","0","0","0","0","0","0","0","-","0","0","0","0","0","0","0","0","0","0","0","0","0","0","0","0","0","0","0","1","0","0","0","0","0","0","0","0","0","0","0","0","0","0","0","0","0","0","0","0","0","0"
"0x7d97cf7b66b0","      FMUL R46, R0, R53","0","0","0","32768","1048576","1048576","32","32","0","0","0","-","-","-","0","0","0","0","0","0","0","0","-","0","0","0","0","0","0","0","0","0","0","0","0","0","0","0","0","0","0","0","0","0","0","0","0","0","0","0","0","0","0","0","0","0","0","0","0","0","0","0","0","0","0"
"0x7d97cf7b66c0","      FMUL R63, R0, R63","1","0","1","32768","1048576","1048576","32","32","0","0","0","-","-","-","0","0","0","0","0","0","0","0","-","0","0","0","0","0","0","0","0","0","0","0","0","0","0","0","0","0","0","0","1","0","0","0","0","0","0","0","0","0","0","0","0","0","0","0","0","0","0","0","0","0","0"
"0x7d97cf7b66d0","      FMUL R54, R0, R61","1","0","1","32768","1048576","1048576","32","32","0","0","0","-","-","-","0","0","0","0","0","0","0","0","-","0","0","0","0","0","0","0","0","0","0","0","0","0","0","0","0","0","0","0","1","0","0","0","0","0","0","0","0","0","0","0","0","0","0","0","0","0","0","0","0","0","0"
"0x7d97cf7b66e0","      F2FP.F16.F32.PACK_AB R20, R27, R20","1","0","1","32768","1048576","1048576","32","32","0","0","0","-","-","-","0","0","0","0","0","0","0","0","-","0","0","0","0","0","0","0","0","0","0","0","0","0","0","0","0","0","0","0","1","0","0","0","0","0","0","0","0","0","0","0","0","0","0","0","0","0","0","0","0","0","0"
"0x7d97cf7b66f0","      FMUL R59, R0, R59","1","0","1","32768","1048576","1048576","32","32","0","0","0","-","-","-","0","0","0","0","0","0","0","0","-","0","0","0","0","0","0","0","0","0","0","0","0","0","0","0","0","0","0","0","1","0","0","0","0","0","0","0","0","0","0","0","0","0","0","0","0","0","0","0","0","0","0"
"0x7d97cf7b6700","      F2FP.F16.F32.PACK_AB R21, R22, R21","3","0","3","32768","1048576","1048576","32","32","0","0","0","-","-","-","0","0","0","0","0","0","0","0","-","0","0","0","0","0","0","0","0","0","0","0","0","0","0","0","0","0","0","1","2","0","0","0","0","0","0","0","0","0","0","0","0","0","0","0","0","0","0","0","0","0","0"
"0x7d97cf7b6710","      FMUL R50, R0, R57","2","0","2","32768","1048576","1048576","32","32","0","0","0","-","-","-","0","0","0","0","0","0","0","0","-","0","0","0","0","0","0","0","0","0","0","0","0","0","0","0","0","0","0","0","2","0","0","0","0","0","0","0","0","0","0","0","0","0","0","0","0","0","0","0","0","0","0"
"0x7d97cf7b6720","      F2FP.F16.F32.PACK_AB R25, R18, R23","1","0","1","32768","1048576","1048576","32","32","0","0","0","-","-","-","0","0","0","0","0","0","0","0","-","0","0","0","0","0","0","0","0","0","0","0","0","0","0","0","0","0","0","0","1","0","0","0","0","0","0","0","0","0","0","0","0","0","0","0","0","0","0","0","0","0","0"
"0x7d97cf7b6730","      FMUL R67, R0, R67","1","0","1","32768","1048576","1048576","32","32","0","0","0","-","-","-","0","0","0","0","0","0","0","0","-","0","0","0","0","0","0","0","0","0","0","0","0","0","0","0","0","0","0","0","1","0","0","0","0","0","0","0","0","0","0","0","0","0","0","0","0","0","0","0","0","0","0"
"0x7d97cf7b6740","      FMUL R58, R0, R65","1","0","1","32768","1048576","1048576","32","32","0","0","0","-","-","-","0","0","0","0","0","0","0","0","-","0","0","0","0","0","0","0","0","0","0","0","0","0","0","0","0","0","0","0","1","0","0","0","0","0","0","0","0","0","0","0","0","0","0","0","0","0","0","0","0","0","0"
"0x7d97cf7b6750","      FMUL R71, R0, R71","3","0","3","32768","1048576","1048576","32","32","0","0","0","-","-","-","0","0","0","0","0","0","0","0","-","0","0","0","0","0","0","0","0","0","0","0","0","0","0","0","0","0","0","0","3","0","0","0","0","0","0","0","0","0","0","0","0","0","0","0","0","0","0","0","0","0","0"
"0x7d97cf7b6760","      FMUL R62, R0, R69","4","0","4","32768","1048576","1048576","32","32","0","0","0","-","-","-","0","0","0","0","0","0","0","0","-","0","0","0","0","0","0","0","0","0","0","0","0","0","0","0","0","0","0","0","4","0","0","0","0","0","0","0","0","0","0","0","0","0","0","0","0","0","0","0","0","0","0"
"0x7d97cf7b6770","      FMUL R75, R0, R75","4","0","4","32768","1048576","1048576","32","32","0","0","0","-","-","-","0","0","0","0","0","0","0","0","-","0","0","0","0","0","0","0","0","0","0","0","0","0","0","0","0","0","0","0","4","0","0","0","0","0","0","0","0","0","0","0","0","0","0","0","0","0","0","0","0","0","0"
"0x7d97cf7b6780","      FMUL R66, R0, R73","5","0","5","32768","1048576","1048576","32","32","0","0","0","-","-","-","0","0","0","0","0","0","0","0","-","0","0","0","0","0","0","0","0","0","0","0","0","0","0","0","0","0","0","3","2","0","0","0","0","0","0","0","0","0","0","0","0","0","0","0","0","0","0","0","0","0","0"
"0x7d97cf7b6790","      FMUL R79, R0, R79","1","0","1","32768","1048576","1048576","32","32","0","0","0","-","-","-","0","0","0","0","0","0","0","0","-","0","0","0","0","0","0","0","0","0","0","0","0","0","0","0","0","0","0","0","1","0","0","0","0","0","0","0","0","0","0","0","0","0","0","0","0","0","0","0","0","0","0"
"0x7d97cf7b67a0","      FMUL R70, R0, R77","2","0","2","32768","1048576","1048576","32","32","0","0","0","-","-","-","0","0","0","0","0","0","0","0","-","0","0","0","0","0","0","0","0","0","0","0","0","0","0","0","0","0","0","0","2","0","0","0","0","0","0","0","0","0","0","0","0","0","0","0","0","0","0","0","0","0","0"
"0x7d97cf7b67b0","      FMUL R83, R0, R83","2","0","2","32768","1048576","1048576","32","32","0","0","0","-","-","-","0","0","0","0","0","0","0","0","-","0","0","0","0","0","0","0","0","0","0","0","0","0","0","0","0","0","0","0","2","0","0","0","0","0","0","0","0","0","0","0","0","0","0","0","0","0","0","0","0","0","0"
"0x7d97cf7b67c0","      FMUL R74, R0, R81","2","0","2","32768","1048576","1048576","32","32","0","0","0","-","-","-","0","0","0","0","0","0","0","0","-","0","0","0","0","0","0","0","0","0","0","0","0","0","0","0","0","0","0","0","2","0","0","0","0","0","0","0","0","0","0","0","0","0","0","0","0","0","0","0","0","0","0"
"0x7d97cf7b67d0","      FMUL R87, R0, R87","0","0","0","32768","1048576","1048576","32","32","0","0","0","-","-","-","0","0","0","0","0","0","0","0","-","0","0","0","0","0","0","0","0","0","0","0","0","0","0","0","0","0","0","0","0","0","0","0","0","0","0","0","0","0","0","0","0","0","0","0","0","0","0","0","0","0","0"
"0x7d97cf7b67e0","      F2FP.F16.F32.PACK_AB R22, R28, R91","1","0","1","32768","1048576","1048576","32","32","0","0","0","-","-","-","0","0","0","0","0","0","0","0","-","0","0","0","0","0","0","0","0","0","0","0","0","0","0","0","0","0","0","0","1","0","0","0","0","0","0","0","0","0","0","0","0","0","0","0","0","0","0","0","0","0","0"
"0x7d97cf7b67f0","      FMUL R0, R0, R85","2","0","2","32768","1048576","1048576","32","32","0","0","0","-","-","-","0","0","0","0","0","0","0","0","-","0","0","0","0","0","0","0","0","0","0","0","0","0","0","0","0","0","0","0","2","0","0","0","0","0","0","0","0","0","0","0","0","0","0","0","0","0","0","0","0","0","0"
"0x7d97cf7b6800","      F2FP.F16.F32.PACK_AB R26, R33, R26","4","0","4","32768","1048576","1048576","32","32","0","0","0","-","-","-","0","0","0","0","0","0","0","0","-","0","0","0","0","0","0","0","0","0","0","0","0","0","1","0","0","0","0","1","2","0","0","0","0","0","0","0","0","0","0","0","0","0","0","0","0","0","0","0","0","0","0"
"0x7d97cf7b6810","      F2FP.F16.F32.PACK_AB R27, R30, R39","94","7","94","32768","1048576","1048576","32","32","0","0","0","-","-","-","0","0","0","0","0","0","0","0","-","0","0","0","0","0","0","0","0","0","0","0","0","0","43","0","0","0","0","50","1","0","0","0","0","0","0","0","0","0","0","0","7","0","0","0","0","0","0","0","0","0","0"
"0x7d97cf7b6820","      F2FP.F16.F32.PACK_AB R23, R32, R95","23","1","23","32768","1048576","1048576","32","32","0","0","0","-","-","-","0","0","0","0","0","0","0","0","-","0","0","0","0","0","0","0","0","1","0","0","0","0","1","0","0","0","0","15","5","0","0","0","1","0","0","0","0","0","0","0","0","0","0","0","0","0","0","0","0","0","1"
"0x7d97cf7b6830","      F2FP.F16.F32.PACK_AB R29, R38, R47","25","2","25","32768","1048576","1048576","32","32","0","0","0","-","-","-","0","0","0","0","0","0","0","0","-","0","0","0","0","0","0","0","0","0","0","0","0","0","5","0","0","0","0","18","0","0","0","0","2","0","0","0","0","0","0","0","1","0","0","0","0","0","0","0","0","0","1"
"0x7d97cf7b6840","      STS.128 [R149+UR12], R24","1","0","1","32768","1048576","1048576","32","32","0","0","0","Shared","Store","128","0","4","0","131072","131072","0","0","0","-","0","0","0","0","0","0","0","0","0","0","0","0","0","0","0","0","0","0","0","1","0","0","0","0","0","0","0","0","0","0","0","0","0","0","0","0","0","0","0","0","0","0"
"0x7d97cf7b6850","      F2FP.F16.F32.PACK_AB R28, R34, R43","1","0","1","32768","1048576","1048576","32","32","0","0","0","-","-","-","0","0","0","0","0","0","0","0","-","0","0","0","0","0","0","0","0","0","0","0","0","0","0","0","0","0","0","0","1","0","0","0","0","0","0","0","0","0","0","0","0","0","0","0","0","0","0","0","0","0","0"
"0x7d97cf7b6860","      F2FP.F16.F32.PACK_AB R30, R42, R51","80","1","80","32768","1048576","1048576","32","32","0","0","0","-","-","-","0","0","0","0","0","0","0","0","-","0","0","0","0","0","0","0","0","0","0","0","0","0","17","0","0","0","0","61","0","0","0","0","2","0","0","0","0","0","0","0","1","0","0","0","0","0","0","0","0","0","0"
"0x7d97cf7b6870","      STS.128 [R149+UR12+0x200], R20","1","0","1","32768","1048576","1048576","32","32","0","0","0","Shared","Store","128","0","4","0","131072","131072","0","0","0","-","0","0","0","0","0","0","0","0","0","0","0","0","0","0","0","0","0","0","0","1","0","0","0","0","0","0","0","0","0","0","0","0","0","0","0","0","0","0","0","0","0","0"
"0x7d97cf7b6880","      F2FP.F16.F32.PACK_AB R31, R46, R55","2","0","2","32768","1048576","1048576","32","32","0","0","0","-","-","-","0","0","0","0","0","0","0","0","-","0","0","0","0","0","0","0","0","0","0","0","0","0","0","0","0","0","0","0","2","0","0","0","0","0","0","0","0","0","0","0","0","0","0","0","0","0","0","0","0","0","0"
"0x7d97cf7b6890","      LOP3.LUT R18, R149, 0x20, RZ, 0x3c, !PT","24","5","24","32768","1048576","1048576","32","32","0","0","0","-","-","-","0","0","0","0","0","0","0","0","-","0","0","0","0","0","0","0","0","0","0","0","0","0","11","0","0","0","0","11","0","0","0","0","2","0","0","0","0","0","0","0","3","0","0","0","0","0","0","0","0","0","2"
"0x7d97cf7b68a0","      F2FP.F16.F32.PACK_AB R36, R36, R99","5","0","5","32768","1048576","1048576","32","32","0","0","0","-","-","-","0","0","0","0","0","0","0","0","-","0","0","0","0","0","0","0","0","0","0","0","0","0","0","0","0","0","0","1","3","0","0","0","1","0","0","0","0","0","0","0","0","0","0","0","0","0","0","0","0","0","0"
"0x7d97cf7b68b0","      F2FP.F16.F32.PACK_AB R37, R40, R103","2","0","2","32768","1048576","1048576","32","32","0","0","0","-","-","-","0","0","0","0","0","0","0","0","-","0","0","0","0","0","0","0","0","0","0","0","0","0","0","0","0","0","0","0","2","0","0","0","0","0","0","0","0","0","0","0","0","0","0","0","0","0","0","0","0","0","0"
"0x7d97cf7b68c0","      STS.128 [R18+UR12], R28","3","0","3","32768","1048576","1048576","32","32","0","0","0","Shared","Store","128","0","4","0","131072","131072","0","0","0","-","0","0","0","0","0","0","0","0","0","0","0","0","0","0","0","0","0","0","0","3","0","0","0","0","0","0","0","0","0","0","0","0","0","0","0","0","0","0","0","0","0","0"
"0x7d97cf7b68d0","      F2FP.F16.F32.PACK_AB R38, R44, R107","1","0","1","32768","1048576","1048576","32","32","0","0","0","-","-","-","0","0","0","0","0","0","0","0","-","0","0","0","0","0","0","0","0","0","0","0","0","0","0","0","0","0","0","0","1","0","0","0","0","0","0","0","0","0","0","0","0","0","0","0","0","0","0","0","0","0","0"
"0x7d97cf7b68e0","      F2FP.F16.F32.PACK_AB R39, R48, R111","21","2","21","32768","1048576","1048576","32","32","0","0","0","-","-","-","0","0","0","0","0","0","0","0","-","0","0","0","0","0","0","0","0","0","0","0","0","0","7","0","0","0","0","11","0","0","0","0","3","0","0","0","0","0","0","0","0","0","0","0","0","0","0","0","0","0","2"
"0x7d97cf7b68f0","      F2FP.F16.F32.PACK_AB R33, R54, R63","2","1","2","32768","1048576","1048576","32","32","0","0","0","-","-","-","0","0","0","0","0","0","0","0","-","0","0","0","0","0","0","0","0","0","0","0","0","0","0","0","0","0","0","0","1","0","0","0","1","0","0","0","0","0","0","0","0","0","0","0","0","0","0","0","0","0","1"
"0x7d97cf7b6900","      F2FP.F16.F32.PACK_AB R32, R50, R59","16","7","16","32768","1048576","1048576","32","32","0","0","0","-","-","-","0","0","0","0","0","0","0","0","-","0","0","0","0","0","0","0","0","0","0","0","0","0","6","0","0","0","0","6","2","0","0","0","2","0","0","0","0","0","0","0","5","0","0","0","0","0","0","0","0","0","2"
"0x7d97cf7b6910","      STS.128 [R18+UR12+0x200], R36","1","0","1","32768","1048576","1048576","32","32","0","0","0","Shared","Store","128","0","4","0","131072","131072","0","0","0","-","0","0","0","0","0","0","0","0","0","0","0","0","0","0","0","0","0","0","0","1","0","0","0","0","0","0","0","0","0","0","0","0","0","0","0","0","0","0","0","0","0","0"
"0x7d97cf7b6920","      F2FP.F16.F32.PACK_AB R52, R52, R115","7","0","7","32768","1048576","1048576","32","32","0","0","0","-","-","-","0","0","0","0","0","0","0","0","-","0","0","0","0","0","0","0","0","0","0","0","0","0","0","0","0","0","0","0","7","0","0","0","0","0","0","0","0","0","0","0","0","0","0","0","0","0","0","0","0","0","0"
"0x7d97cf7b6930","      F2FP.F16.F32.PACK_AB R53, R56, R119","3","1","3","32768","1048576","1048576","32","32","0","0","0","-","-","-","0","0","0","0","0","0","0","0","-","0","0","0","0","0","0","0","0","0","0","0","0","0","0","0","0","0","0","0","2","0","0","0","1","0","0","0","0","0","0","0","0","0","0","0","0","0","0","0","0","0","1"
"0x7d97cf7b6940","      F2FP.F16.F32.PACK_AB R34, R58, R67","2","0","2","32768","1048576","1048576","32","32","0","0","0","-","-","-","0","0","0","0","0","0","0","0","-","0","0","0","0","0","0","0","0","0","0","0","0","0","0","0","0","0","0","0","2","0","0","0","0","0","0","0","0","0","0","0","0","0","0","0","0","0","0","0","0","0","0"
"0x7d97cf7b6950","      F2FP.F16.F32.PACK_AB R54, R60, R123","3","2","3","32768","1048576","1048576","32","32","0","0","0","-","-","-","0","0","0","0","0","0","0","0","-","0","0","0","0","0","0","0","0","0","0","0","0","0","0","0","0","0","0","0","1","0","0","0","2","0","0","0","0","0","0","0","0","0","0","0","0","0","0","0","0","0","2"
"0x7d97cf7b6960","      F2FP.F16.F32.PACK_AB R35, R62, R71","5","0","5","32768","1048576","1048576","32","32","0","0","0","-","-","-","0","0","0","0","0","0","0","0","-","0","0","0","0","0","0","0","0","0","0","0","0","0","0","0","0","0","0","0","5","0","0","0","0","0","0","0","0","0","0","0","0","0","0","0","0","0","0","0","0","0","0"
"0x7d97cf7b6970","      F2FP.F16.F32.PACK_AB R55, R64, R127","4","2","4","32768","1048576","1048576","32","32","0","0","0","-","-","-","0","0","0","0","0","0","0","0","-","0","0","0","0","0","0","0","0","0","0","0","0","0","1","0","0","0","0","2","0","0","0","0","1","0","0","0","0","0","0","0","1","0","0","0","0","0","0","0","0","0","1"
"0x7d97cf7b6980","      F2FP.F16.F32.PACK_AB R85, R70, R79","2","1","2","32768","1048576","1048576","32","32","0","0","0","-","-","-","0","0","0","0","0","0","0","0","-","0","0","0","0","0","0","0","0","0","0","0","0","0","0","0","0","0","0","0","1","0","0","0","1","0","0","0","0","0","0","0","0","0","0","0","0","0","0","0","0","0","1"
"0x7d97cf7b6990","      LOP3.LUT R19, R149, 0x40, RZ, 0x3c, !PT","5","3","5","32768","1048576","1048576","32","32","0","0","0","-","-","-","0","0","0","0","0","0","0","0","-","0","0","0","0","0","0","0","0","0","0","0","0","0","0","0","0","0","0","0","2","0","0","0","3","0","0","0","0","0","0","0","0","0","0","0","0","0","0","0","0","0","3"
"0x7d97cf7b69a0","      F2FP.F16.F32.PACK_AB R84, R66, R75","4","2","4","32768","1048576","1048576","32","32","0","0","0","-","-","-","0","0","0","0","0","0","0","0","-","0","0","0","0","0","0","0","0","0","0","0","0","0","0","0","0","0","0","0","2","0","0","0","2","0","0","0","0","0","0","0","0","0","0","0","0","0","0","0","0","0","2"
"0x7d97cf7b69b0","      F2FP.F16.F32.PACK_AB R68, R68, R131","6","3","6","32768","1048576","1048576","32","32","0","0","0","-","-","-","0","0","0","0","0","0","0","0","-","0","0","0","0","0","0","0","0","0","0","0","0","0","0","0","0","0","0","0","3","0","0","0","3","0","0","0","0","0","0","0","0","0","0","0","0","0","0","0","0","0","3"
"0x7d97cf7b69c0","      STS.128 [R19+UR12], R32","2","0","2","32768","1048576","1048576","32","32","0","0","0","Shared","Store","128","0","4","0","131072","131072","0","0","0","-","0","0","0","0","0","0","0","0","0","0","0","0","0","0","0","0","0","0","0","2","0","0","0","0","0","0","0","0","0","0","0","0","0","0","0","0","0","0","0","0","0","0"
"0x7d97cf7b69d0","      F2FP.F16.F32.PACK_AB R69, R72, R135","0","0","0","32768","1048576","1048576","32","32","0","0","0","-","-","-","0","0","0","0","0","0","0","0","-","0","0","0","0","0","0","0","0","0","0","0","0","0","0","0","0","0","0","0","0","0","0","0","0","0","0","0","0","0","0","0","0","0","0","0","0","0","0","0","0","0","0"
"0x7d97cf7b69e0","      F2FP.F16.F32.PACK_AB R86, R74, R83","18","5","18","32768","1048576","1048576","32","32","0","0","0","-","-","-","0","0","0","0","0","0","0","0","-","0","0","0","0","0","0","0","0","0","0","0","0","0","6","0","0","0","0","7","3","0","0","0","2","0","0","0","0","0","0","0","3","0","0","0","0","0","0","0","0","0","2"
"0x7d97cf7b69f0","      STS.128 [R19+UR12+0x200], R52","5","0","5","32768","1048576","1048576","32","32","0","0","0","Shared","Store","128","0","4","0","131072","131072","0","0","0","-","0","0","0","0","0","0","0","0","0","0","0","0","0","0","0","0","0","0","0","5","0","0","0","0","0","0","0","0","0","0","0","0","0","0","0","0","0","0","0","0","0","0"
"0x7d97cf7b6a00","      F2FP.F16.F32.PACK_AB R70, R76, R139","1","0","1","32768","1048576","1048576","32","32","0","0","0","-","-","-","0","0","0","0","0","0","0","0","-","0","0","0","0","0","0","0","0","0","0","0","0","0","0","0","0","0","0","0","1","0","0","0","0","0","0","0","0","0","0","0","0","0","0","0","0","0","0","0","0","0","0"
"0x7d97cf7b6a10","      F2FP.F16.F32.PACK_AB R87, R0, R87","2","2","2","32768","1048576","1048576","32","32","0","0","0","-","-","-","0","0","0","0","0","0","0","0","-","0","0","0","0","0","0","0","0","0","0","0","0","0","0","0","0","0","0","0","0","0","0","0","2","0","0","0","0","0","0","0","0","0","0","0","0","0","0","0","0","0","2"
"0x7d97cf7b6a20","      LOP3.LUT R149, R149, 0x60, RZ, 0x3c, !PT","4","2","4","32768","1048576","1048576","32","32","0","0","0","-","-","-","0","0","0","0","0","0","0","0","-","0","0","0","0","0","0","0","0","0","0","0","0","0","0","0","0","0","0","0","2","0","0","0","2","0","0","0","0","0","0","0","0","0","0","0","0","0","0","0","0","0","2"
"0x7d97cf7b6a30","      F2FP.F16.F32.PACK_AB R71, R78, R145","2","1","2","32768","1048576","1048576","32","32","0","0","0","-","-","-","0","0","0","0","0","0","0","0","-","0","0","0","0","0","0","0","0","0","0","0","0","0","0","0","0","0","0","0","1","0","0","0","1","0","0","0","0","0","0","0","0","0","0","0","0","0","0","0","0","0","1"
"0x7d97cf7b6a40","      ISETP.NE.AND P4, PT, R165, RZ, PT","7","5","7","32768","1048576","1048576","32","32","0","0","0","-","-","-","0","0","0","0","0","0","0","0","-","0","0","0","0","0","0","0","0","0","0","0","0","0","0","0","0","0","0","0","2","0","0","0","5","0","0","0","0","0","0","0","0","0","0","0","0","0","0","0","0","0","5"
"0x7d97cf7b6a50","      STS.128 [R149+UR12], R84","2","0","2","32768","1048576","1048576","32","32","0","0","0","Shared","Store","128","0","4","0","131072","131072","0","0","0","-","0","0","0","0","0","0","0","0","0","0","0","0","0","0","0","0","0","0","0","2","0","0","0","0","0","0","0","0","0","0","0","0","0","0","0","0","0","0","0","0","0","0"
"0x7d97cf7b6a60","      ISETP.NE.AND P2, PT, R166, RZ, PT","3","0","3","32768","1048576","1048576","32","32","0","0","0","-","-","-","0","0","0","0","0","0","0","0","-","0","0","0","0","0","0","0","0","0","0","0","0","0","0","0","0","0","0","0","3","0","0","0","0","0","0","0","0","0","0","0","0","0","0","0","0","0","0","0","0","0","0"
"0x7d97cf7b6a70","      ISETP.NE.AND P3, PT, R167, RZ, PT","21","9","21","32768","1048576","1048576","32","32","0","0","0","-","-","-","0","0","0","0","0","0","0","0","-","0","0","0","0","0","0","0","0","0","0","0","0","0","8","0","0","0","0","5","5","0","0","0","3","0","0","0","0","0","0","0","6","0","0","0","0","0","0","0","0","0","3"
"0x7d97cf7b6a80","      STS.128 [R149+UR12+0x200], R68","6","0","6","32768","1048576","1048576","32","32","0","0","0","Shared","Store","128","0","4","0","131072","131072","0","0","0","-","0","0","0","0","0","0","0","0","0","0","0","0","0","0","0","0","0","0","0","6","0","0","0","0","0","0","0","0","0","0","0","0","0","0","0","0","0","0","0","0","0","0"
"0x7d97cf7b6a90","      BAR.SYNC.DEFER_BLOCKING 0x0","1","0","1","32768","1048576","1048576","32","32","0","0","0","-","-","-","0","0","0","0","0","0","0","0","-","0","0","0","0","0","0","0","0","0","0","0","0","0","0","0","0","0","0","0","1","0","0","0","0","0","0","0","0","0","0","0","0","0","0","0","0","0","0","0","0","0","0"
"0x7d97cf7b6aa0","      LDSM.16.M88.4 R20, [R141+UR12]","78","50","78","32768","1048576","1048576","32","32","0","0","0","Shared","Load","128","0","4","0","131072","131072","0","0","0","-","0","0","0","0","0","0","65","0","0","0","0","0","0","0","0","0","0","0","2","1","0","0","0","10","42","0","0","0","0","0","0","0","0","0","0","0","0","0","0","0","0","8"
"0x7d97cf7b6ab0","      LDSM.16.M88.4 R24, [R141+UR12+0x400]","37","31","37","32768","1048576","1048576","32","32","0","0","0","Shared","Load","128","0","4","0","131072","131072","0","0","0","-","0","0","0","0","0","0","0","0","0","0","0","0","0","0","0","27","0","0","1","1","0","0","0","8","0","0","0","0","0","0","0","0","0","27","0","0","0","0","0","0","0","4"
"0x7d97cf7b6ac0","      LDSM.16.M88.4 R28, [R141+UR12+0x800]","70","65","70","32768","1048576","1048576","32","32","0","0","0","Shared","Load","128","0","4","0","131072","131072","0","0","0","-","0","0","0","0","0","0","0","0","0","0","0","0","0","0","0","62","0","0","1","2","0","0","0","5","0","0","0","0","0","0","0","0","0","62","0","0","0","0","0","0","0","3"
"0x7d97cf7b6ad0","      LDSM.16.M88.4 R40, [R141+UR12+0xc00]","23","23","23","32768","1048576","1048576","32","32","0","0","0","Shared","Load","128","0","4","0","131072","131072","0","0","0","-","0","0","0","0","0","0","0","0","0","0","0","0","0","0","0","21","0","0","0","0","0","0","0","2","0","0","0","0","0","0","0","0","0","21","0","0","0","0","0","0","0","2"
"0x7d97cf7b6ae0","      LDSM.16.M88.4 R36, [R141+UR12+0x1000]","27","23","27","32768","1048576","1048576","32","32","0","0","0","Shared","Load","128","0","4","0","131072","131072","0","0","0","-","0","0","0","0","0","0","0","0","0","0","0","0","0","0","0","17","0","0","0","4","0","0","0","6","0","0","0","0","0","0","0","0","0","17","0","0","0","0","0","0","0","6"
"0x7d97cf7b6af0","      LDSM.16.M88.4 R32, [R141+UR12+0x1400]","22","19","22","32768","1048576","1048576","32","32","0","0","0","Shared","Load","128","0","4","0","131072","131072","0","0","0","-","0","0","0","0","0","0","0","0","0","0","0","0","0","0","0","11","0","0","0","3","0","0","0","8","0","0","0","0","0","0","0","0","0","11","0","0","0","0","0","0","0","8"
"0x7d97cf7b6b00","      LDSM.16.M88.4 R44, [R141+UR12+0x1800]","23","19","23","32768","1048576","1048576","32","32","0","0","0","Shared","Load","128","0","4","0","131072","131072","0","0","0","-","0","0","0","0","0","0","0","0","0","0","0","0","0","0","0","13","0","0","0","4","0","0","0","6","0","0","0","0","0","0","0","0","0","13","0","0","0","0","0","0","0","6"
"0x7d97cf7b6b10","      LDSM.16.M88.4 R48, [R141+UR12+0x1c00]","30","28","30","32768","1048576","1048576","32","32","0","0","0","Shared","Load","128","0","4","0","131072","131072","0","0","0","-","0","0","0","0","0","0","0","0","0","0","0","0","0","0","0","24","0","0","0","2","0","0","0","4","0","0","0","0","0","0","0","0","0","24","0","0","0","0","0","0","0","4"
"0x7d97cf7b6b20","@!P1  STG.E.128 desc[UR20][R2.64], R20","280","261","280","32768","1048576","1048576","32","32","0","0","0","Global","Store","128","131072","0","0","0","0","0","524288","524288","","0","0","0","0","0","0","0","0","0","0","0","0","0","0","0","0","0","0","0","1","274","0","0","5","0","0","0","0","0","0","0","0","0","0","0","0","0","0","256","0","0","5"
"0x7d97cf7b6b30","      ISETP.NE.AND P1, PT, R88, RZ, PT","1","0","1","32768","1048576","1048576","32","32","0","0","0","-","-","-","0","0","0","0","0","0","0","0","-","0","0","0","0","0","0","0","0","0","0","0","0","0","0","0","0","0","0","0","1","0","0","0","0","0","0","0","0","0","0","0","0","0","0","0","0","0","0","0","0","0","0"
"0x7d97cf7b6b40","@!P4  STG.E.128 desc[UR20][R4.64], R24","8","5","8","32768","1048576","1048576","32","32","0","0","0","Global","Store","128","131072","0","0","0","0","0","524288","524288","","0","0","0","0","0","0","0","0","0","0","0","0","0","0","0","0","0","0","0","2","0","0","0","6","0","0","0","0","0","0","0","0","0","0","0","0","0","0","0","0","0","5"
"0x7d97cf7b6b50","@!P2  STG.E.128 desc[UR20][R6.64], R28","10","9","10","32768","1048576","1048576","32","32","0","0","0","Global","Store","128","131072","0","0","0","0","0","524288","524288","","0","0","0","0","0","0","0","0","0","0","0","4","0","0","0","0","0","0","0","1","0","0","0","5","0","0","0","0","0","4","0","0","0","0","0","0","0","0","0","0","0","5"
"0x7d97cf7b6b60","@!P3  STG.E.128 desc[UR20][R8.64], R40","30","28","30","32768","1048576","1048576","32","32","0","0","0","Global","Store","128","131072","0","0","0","0","0","524288","524288","","0","0","0","0","0","0","0","0","0","0","0","17","0","0","0","0","0","0","0","1","9","0","0","3","0","0","0","0","0","17","0","0","0","0","0","0","0","0","8","0","0","3"
"0x7d97cf7b6b70","@!P6  STG.E.128 desc[UR20][R10.64], R36","139","136","139","32768","1048576","1048576","32","32","0","0","0","Global","Store","128","131072","0","0","0","0","0","524288","524288","","0","0","0","0","0","0","0","0","0","0","0","20","0","0","0","0","0","0","0","2","107","0","0","10","0","0","0","0","0","20","0","0","0","0","0","0","0","0","106","0","0","10"
"0x7d97cf7b6b80","@!P5  STG.E.128 desc[UR20][R12.64], R32","26","23","26","32768","1048576","1048576","32","32","0","0","0","Global","Store","128","131072","0","0","0","0","0","524288","524288","","0","0","0","0","0","0","0","0","0","0","0","16","0","0","0","0","0","0","0","3","0","0","0","7","0","0","0","0","0","16","0","0","0","0","0","0","0","0","0","0","0","7"
"0x7d97cf7b6b90","@!P0  STG.E.128 desc[UR20][R14.64], R44","27","24","27","32768","1048576","1048576","32","32","0","0","0","Global","Store","128","131072","0","0","0","0","0","524288","524288","","0","0","0","0","0","0","0","0","0","0","0","16","0","0","0","0","0","0","0","3","0","0","0","8","0","0","0","0","0","16","0","0","0","0","0","0","0","0","0","0","0","8"
"0x7d97cf7b6ba0","@P1   EXIT","0","0","0","32768","1048576","0","32","0","32","32","0","-","-","-","0","0","0","0","0","0","0","0","-","0","0","0","0","0","0","0","0","0","0","0","0","0","0","0","0","0","0","0","0","0","0","0","0","0","0","0","0","0","0","0","0","0","0","0","0","0","0","0","0","0","0"
"0x7d97cf7b6bb0","      STG.E.128 desc[UR20][R16.64], R48","54","53","54","32768","1048576","1048576","32","32","32","0","0","Global","Store","128","131072","0","0","0","0","0","524288","524288","","0","0","0","0","0","0","0","0","0","0","0","45","0","0","0","0","0","0","0","1","0","0","0","8","0","0","0","0","0","45","0","0","0","0","0","0","0","0","0","0","0","8"
"0x7d97cf7b6bc0","      EXIT","1","0","1","32768","1048576","1048576","32","32","0","0","0","-","-","-","0","0","0","0","0","0","0","0","-","0","0","0","0","0","0","0","0","0","0","0","0","0","0","0","0","0","0","0","1","0","0","0","0","0","0","0","0","0","0","0","0","0","0","0","0","0","0","0","0","0","0"
"0x7d97cf7b6bd0","      BRA 0x7d97cf7b6bd0","1798","1790","1798","0","0","0","0","0","0","0","0","-","-","-","0","0","0","0","0","0","0","0","-","0","0","0","0","0","0","0","13","0","1773","0","0","0","0","0","0","0","0","0","3","0","0","0","9","0","13","0","1768","0","0","0","0","0","0","0","0","0","0","0","0","0","9"
"0x7d97cf7b6be0","      NOP","0","0","0","0","0","0","0","0","0","0","0","-","-","-","0","0","0","0","0","0","0","0","-","0","0","0","0","0","0","0","0","0","0","0","0","0","0","0","0","0","0","0","0","0","0","0","0","0","0","0","0","0","0","0","0","0","0","0","0","0","0","0","0","0","0"
"0x7d97cf7b6bf0","      NOP","0","0","0","0","0","0","0","0","0","0","0","-","-","-","0","0","0","0","0","0","0","0","-","0","0","0","0","0","0","0","0","0","0","0","0","0","0","0","0","0","0","0","0","0","0","0","0","0","0","0","0","0","0","0","0","0","0","0","0","0","0","0","0","0","0"
"0x7d97cf7b6c00","      NOP","0","0","0","0","0","0","0","0","0","0","0","-","-","-","0","0","0","0","0","0","0","0","-","0","0","0","0","0","0","0","0","0","0","0","0","0","0","0","0","0","0","0","0","0","0","0","0","0","0","0","0","0","0","0","0","0","0","0","0","0","0","0","0","0","0"
"0x7d97cf7b6c10","      NOP","0","0","0","0","0","0","0","0","0","0","0","-","-","-","0","0","0","0","0","0","0","0","-","0","0","0","0","0","0","0","0","0","0","0","0","0","0","0","0","0","0","0","0","0","0","0","0","0","0","0","0","0","0","0","0","0","0","0","0","0","0","0","0","0","0"
"0x7d97cf7b6c20","      NOP","0","0","0","0","0","0","0","0","0","0","0","-","-","-","0","0","0","0","0","0","0","0","-","0","0","0","0","0","0","0","0","0","0","0","0","0","0","0","0","0","0","0","0","0","0","0","0","0","0","0","0","0","0","0","0","0","0","0","0","0","0","0","0","0","0"
"0x7d97cf7b6c30","      NOP","0","0","0","0","0","0","0","0","0","0","0","-","-","-","0","0","0","0","0","0","0","0","-","0","0","0","0","0","0","0","0","0","0","0","0","0","0","0","0","0","0","0","0","0","0","0","0","0","0","0","0","0","0","0","0","0","0","0","0","0","0","0","0","0","0"
"0x7d97cf7b6c40","      NOP","0","0","0","0","0","0","0","0","0","0","0","-","-","-","0","0","0","0","0","0","0","0","-","0","0","0","0","0","0","0","0","0","0","0","0","0","0","0","0","0","0","0","0","0","0","0","0","0","0","0","0","0","0","0","0","0","0","0","0","0","0","0","0","0","0"
"0x7d97cf7b6c50","      NOP","0","0","0","0","0","0","0","0","0","0","0","-","-","-","0","0","0","0","0","0","0","0","-","0","0","0","0","0","0","0","0","0","0","0","0","0","0","0","0","0","0","0","0","0","0","0","0","0","0","0","0","0","0","0","0","0","0","0","0","0","0","0","0","0","0"
"0x7d97cf7b6c60","      NOP","0","0","0","0","0","0","0","0","0","0","0","-","-","-","0","0","0","0","0","0","0","0","-","0","0","0","0","0","0","0","0","0","0","0","0","0","0","0","0","0","0","0","0","0","0","0","0","0","0","0","0","0","0","0","0","0","0","0","0","0","0","0","0","0","0"
"0x7d97cf7b6c70","      NOP","0","0","0","0","0","0","0","0","0","0","0","-","-","-","0","0","0","0","0","0","0","0","-","0","0","0","0","0","0","0","0","0","0","0","0","0","0","0","0","0","0","0","0","0","0","0","0","0","0","0","0","0","0","0","0","0","0","0","0","0","0","0","0","0","0"
