"Kernel Name","_attn_fwd_ablate",
"Address","Source","Warp Stall Sampling (All Samples)","Warp Stall Sampling (Not-issued Samples)","# Samples","Instructions Executed","Thread Instructions Executed","Predicated-On Thread Instructions Executed","Avg. Threads Executed","Avg. Predicated-On Threads Executed","Derivative Avg. Predicated-On Threads Executed","Avg. Predicated-On Threads Unexecuted","Divergent Branches","Address Space","Access Operation","Access Size","L1 Tag Requests Global","L1 Conflicts Shared N-Way","L1 Wavefronts Shared Excessive","L1 Wavefronts Shared","L1 Wavefronts Shared Ideal","L2 Theoretical Sectors Global Excessive","L2 Theoretical Sectors Global","L2 Theoretical Sectors Global Ideal","L2 Explicit Evict Policies","L2 Explicit Hit Policy Evict First","L2 Explicit Hit Policy Evict Last","L2 Explicit Hit Policy Evict Normal","L2 Explicit Hit Policy Evict Normal Demote","L2 Explicit Miss Policy Evict First","L2 Explicit Miss Policy Evict Normal","stall_barrier","stall_branch_resolving","stall_dispatch","stall_drain","stall_imc","stall_lg","stall_long_sb","stall_math","stall_membar","stall_mio","stall_misc","stall_no_inst","stall_not_selected","stall_selected","stall_short_sb","stall_sleep","stall_tex","stall_wait","stall_barrier (Not Issued)","stall_branch_resolving (Not Issued)","stall_dispatch (Not Issued)","stall_drain (Not Issued)","stall_imc (Not Issued)","stall_lg (Not Issued)","stall_long_sb (Not Issued)","stall_math (Not Issued)","stall_membar (Not Issued)","stall_mio (Not Issued)","stall_misc (Not Issued)","stall_no_inst (Not Issued)","stall_not_selected (Not Issued)","stall_selected (Not Issued)","stall_short_sb (Not Issued)","stall_sleeping (Not Issued)","stall_tex (Not Issued)","stall_wait (Not Issued)"
"0x7e1c777aea00","      LDC R1, c[0x0][0x28]","53","48","53","32768","1048576","1048576","32","32","0","0","0","-","-","-","0","0","0","0","0","0","0","0","-","0","0","0","0","0","0","0","0","0","0","0","0","0","0","0","0","0","51","2","0","0","0","0","0","0","0","0","0","0","0","0","0","0","0","0","48","0","0","0","0","0","0"
"0x7e1c777aea10","      LDC R6, c[0x0][0x260]","16","9","16","32768","1048576","1048576","32","32","0","0","0","-","-","-","0","0","0","0","0","0","0","0","-","0","0","0","0","0","0","0","0","0","0","0","0","0","0","0","0","0","0","0","2","0","0","0","14","0","0","0","0","0","0","0","0","0","0","0","0","0","0","0","0","0","9"
"0x7e1c777aea20","      S2R R17, SR_CTAID.Y","3","2","3","32768","1048576","1048576","32","32","0","0","0","-","-","-","0","0","0","0","0","0","0","0","-","0","0","0","0","0","0","0","0","0","0","0","0","0","0","0","2","0","0","0","1","0","0","0","0","0","0","0","0","0","0","0","0","0","2","0","0","0","0","0","0","0","0"
"0x7e1c777aea30","      ULDC.64 UR4, c[0x0][0x230]","12","8","12","32768","1048576","1048576","32","32","0","0","0","-","-","-","0","0","0","0","0","0","0","0","-","0","0","0","0","0","0","0","0","0","0","8","0","0","0","0","0","0","0","0","4","0","0","0","0","0","0","0","0","8","0","0","0","0","0","0","0","0","0","0","0","0","0"
"0x7e1c777aea40","      ULDC UR20, c[0x0][0x268]","22","22","22","32768","1048576","1048576","32","32","0","0","0","-","-","-","0","0","0","0","0","0","0","0","-","0","0","0","0","0","0","0","0","0","0","22","0","0","0","0","0","0","0","0","0","0","0","0","0","0","0","0","0","22","0","0","0","0","0","0","0","0","0","0","0","0","0"
"0x7e1c777aea50","      ULDC.64 UR10, c[0x0][0x238]","1","0","1","32768","1048576","1048576","32","32","0","0","0","-","-","-","0","0","0","0","0","0","0","0","-","0","0","0","0","0","0","0","0","0","0","0","0","0","0","0","0","0","0","0","1","0","0","0","0","0","0","0","0","0","0","0","0","0","0","0","0","0","0","0","0","0","0"
"0x7e1c777aea60","      ULDC.64 UR6, c[0x0][0x218]","3","0","3","32768","1048576","1048576","32","32","0","0","0","-","-","-","0","0","0","0","0","0","0","0","-","0","0","0","0","0","0","0","0","0","0","0","0","0","0","0","0","0","0","0","3","0","0","0","0","0","0","0","0","0","0","0","0","0","0","0","0","0","0","0","0","0","0"
"0x7e1c777aea70","      ULDC.64 UR14, c[0x0][0x208]","3","0","3","32768","1048576","1048576","32","32","0","0","0","-","-","-","0","0","0","0","0","0","0","0","-","0","0","0","0","0","0","0","0","0","0","0","0","0","0","0","0","0","0","0","3","0","0","0","0","0","0","0","0","0","0","0","0","0","0","0","0","0","0","0","0","0","0"
"0x7e1c777aea80","      S2UR UR8, SR_CTAID.X","13","6","13","32768","1048576","1048576","32","32","0","0","0","-","-","-","0","0","0","0","0","0","0","0","-","0","0","0","0","0","0","0","0","0","0","0","0","0","0","0","7","0","0","4","1","0","0","0","1","0","0","0","0","0","0","0","0","0","6","0","0","0","0","0","0","0","0"
"0x7e1c777aea90","      LDC R34, c[0x0][0x250]","25","24","25","32768","1048576","1048576","32","32","0","0","0","-","-","-","0","0","0","0","0","0","0","0","-","0","0","0","0","0","0","0","0","0","0","0","0","0","0","0","8","0","0","0","1","0","0","0","16","0","0","0","0","0","0","0","0","0","8","0","0","0","0","0","0","0","16"
"0x7e1c777aeaa0","      IABS R4, R6","26","21","26","32768","1048576","1048576","32","32","0","0","0","-","-","-","0","0","0","0","0","0","0","0","-","0","0","0","0","0","0","0","0","0","0","0","0","0","0","0","0","0","0","0","1","25","0","0","0","0","0","0","0","0","0","0","0","0","0","0","0","0","0","21","0","0","0"
"0x7e1c777aeab0","      LDC R30, c[0x0][0x244]","18","15","18","32768","1048576","1048576","32","32","0","0","0","-","-","-","0","0","0","0","0","0","0","0","-","0","0","0","0","0","0","0","0","0","0","0","0","0","0","0","0","0","0","0","1","0","0","0","17","0","0","0","0","0","0","0","0","0","0","0","0","0","0","0","0","0","15"
"0x7e1c777aeac0","      I2F.RP R0, R4","2","0","2","32768","1048576","1048576","32","32","0","0","0","-","-","-","0","0","0","0","0","0","0","0","-","0","0","0","0","0","0","0","0","0","0","0","0","0","0","0","0","0","0","0","2","0","0","0","0","0","0","0","0","0","0","0","0","0","0","0","0","0","0","0","0","0","0"
"0x7e1c777aead0","      USHF.L.U32 UR8, UR8, 0x7, URZ","48","37","48","32768","1048576","1048576","32","32","0","0","0","-","-","-","0","0","0","0","0","0","0","0","-","0","0","0","0","0","0","0","0","0","0","0","0","0","0","0","0","0","0","0","3","45","0","0","0","0","0","0","0","0","0","0","0","0","0","0","0","0","0","37","0","0","0"
"0x7e1c777aeae0","      IABS R7, R17","4","0","4","32768","1048576","1048576","32","32","0","0","0","-","-","-","0","0","0","0","0","0","0","0","-","0","0","0","0","0","0","0","0","0","0","0","0","0","0","0","0","0","0","0","4","0","0","0","0","0","0","0","0","0","0","0","0","0","0","0","0","0","0","0","0","0","0"
"0x7e1c777aeaf0","      UISETP.GT.AND UP0, UPT, UR8, 0x40, UPT","12","9","12","32768","1048576","1048576","32","32","0","0","0","-","-","-","0","0","0","0","0","0","0","0","-","0","0","0","0","0","0","0","0","0","0","0","0","0","0","0","0","0","0","0","3","0","0","0","9","0","0","0","0","0","0","0","0","0","0","0","0","0","0","0","0","0","9"
"0x7e1c777aeb00","      MUFU.RCP R0, R0","10","6","10","32768","1048576","1048576","32","32","0","0","0","-","-","-","0","0","0","0","0","0","0","0","-","0","0","0","0","0","0","0","0","0","0","0","0","0","0","0","0","0","0","0","3","0","0","0","7","0","0","0","0","0","0","0","0","0","0","0","0","0","0","0","0","0","6"
"0x7e1c777aeb10","      VIADD R2, R0, 0xffffffe","38","32","38","32768","1048576","1048576","32","32","0","0","0","-","-","-","0","0","0","0","0","0","0","0","-","0","0","0","0","0","0","0","0","0","0","0","0","0","0","0","0","0","0","0","4","32","0","0","2","0","0","0","0","0","0","0","0","0","0","0","0","0","0","30","0","0","2"
"0x7e1c777aeb20","      S2R R0, SR_TID.X","7","3","7","32768","1048576","1048576","32","32","0","0","0","-","-","-","0","0","0","0","0","0","0","0","-","0","0","0","0","0","0","0","0","0","0","0","0","0","0","0","0","0","0","0","4","0","0","0","3","0","0","0","0","0","0","0","0","0","0","0","0","0","0","0","0","0","3"
"0x7e1c777aeb30","      F2I.FTZ.U32.TRUNC.NTZ R3, R2","6","2","6","32768","1048576","1048576","32","32","0","0","0","-","-","-","0","0","0","0","0","0","0","0","-","0","0","0","0","0","0","0","0","0","0","0","0","0","0","0","0","0","0","0","2","0","0","0","4","0","0","0","0","0","0","0","0","0","0","0","0","0","0","0","0","0","2"
"0x7e1c777aeb40","      IMAD.MOV.U32 R2, RZ, RZ, RZ","24","16","24","32768","1048576","1048576","32","32","0","0","0","-","-","-","0","0","0","0","0","0","0","0","-","0","0","0","0","0","0","0","0","0","0","0","0","0","1","0","0","0","0","0","2","18","0","0","3","0","0","0","0","0","0","0","1","0","0","0","0","0","0","12","0","0","3"
"0x7e1c777aeb50","      IMAD.MOV R5, RZ, RZ, -R3","3","0","3","32768","1048576","1048576","32","32","0","0","0","-","-","-","0","0","0","0","0","0","0","0","-","0","0","0","0","0","0","0","0","0","0","0","0","0","1","0","0","0","0","0","2","0","0","0","0","0","0","0","0","0","0","0","0","0","0","0","0","0","0","0","0","0","0"
"0x7e1c777aeb60","      IMAD R5, R5, R4, RZ","9","5","9","32768","1048576","1048576","32","32","0","0","0","-","-","-","0","0","0","0","0","0","0","0","-","0","0","0","0","0","0","0","0","0","0","0","0","0","0","0","0","0","0","0","3","0","0","0","6","0","0","0","0","0","0","0","0","0","0","0","0","0","0","0","0","0","5"
"0x7e1c777aeb70","      IMAD.HI.U32 R3, R3, R5, R2","13","3","13","32768","1048576","1048576","32","32","0","0","0","-","-","-","0","0","0","0","0","0","0","0","-","0","0","0","0","0","0","0","0","0","0","0","0","0","0","0","0","0","0","0","3","0","0","0","10","0","0","0","0","0","0","0","0","0","0","0","0","0","0","0","0","0","3"
"0x7e1c777aeb80","      LOP3.LUT R2, R17, R6, RZ, 0x3c, !PT","1","0","1","32768","1048576","1048576","32","32","0","0","0","-","-","-","0","0","0","0","0","0","0","0","-","0","0","0","0","0","0","0","0","0","0","0","0","0","0","0","0","0","0","0","1","0","0","0","0","0","0","0","0","0","0","0","0","0","0","0","0","0","0","0","0","0","0"
"0x7e1c777aeb90","      IMAD.MOV.U32 R5, RZ, RZ, R7","12","4","12","32768","1048576","1048576","32","32","0","0","0","-","-","-","0","0","0","0","0","0","0","0","-","0","0","0","0","0","0","0","0","0","0","0","0","0","3","0","0","0","0","1","4","0","0","0","4","0","0","0","0","0","0","0","1","0","0","0","0","0","0","0","0","0","3"
"0x7e1c777aeba0","      ISETP.GE.AND P2, PT, R2, RZ, PT","4","0","4","32768","1048576","1048576","32","32","0","0","0","-","-","-","0","0","0","0","0","0","0","0","-","0","0","0","0","0","0","0","0","2","0","0","0","0","0","0","0","0","0","0","2","0","0","0","0","0","0","0","0","0","0","0","0","0","0","0","0","0","0","0","0","0","0"
"0x7e1c777aebb0","      SHF.R.U32.HI R16, RZ, 0x4, R0","8","4","8","32768","1048576","1048576","32","32","0","0","0","-","-","-","0","0","0","0","0","0","0","0","-","0","0","0","0","0","0","0","0","3","0","0","0","0","0","0","0","0","0","0","4","0","0","0","1","0","0","3","0","0","0","0","0","0","0","0","0","0","0","0","0","0","1"
"0x7e1c777aebc0","      IMAD.HI.U32 R15, R3, R5, RZ","2","0","2","32768","1048576","1048576","32","32","0","0","0","-","-","-","0","0","0","0","0","0","0","0","-","0","0","0","0","0","0","0","0","0","0","0","0","0","0","0","0","0","0","0","2","0","0","0","0","0","0","0","0","0","0","0","0","0","0","0","0","0","0","0","0","0","0"
"0x7e1c777aebd0","      SGXT.U32 R16, R16, 0x4","17","9","17","32768","1048576","1048576","32","32","0","0","0","-","-","-","0","0","0","0","0","0","0","0","-","0","0","0","0","0","0","0","0","4","0","0","0","0","2","0","0","0","0","1","3","0","0","0","7","0","0","4","0","0","0","0","2","0","0","0","0","0","0","0","0","0","3"
"0x7e1c777aebe0","      IMAD.MOV R3, RZ, RZ, -R15","3","0","3","32768","1048576","1048576","32","32","0","0","0","-","-","-","0","0","0","0","0","0","0","0","-","0","0","0","0","0","0","0","0","0","0","0","0","0","0","0","0","0","0","0","3","0","0","0","0","0","0","0","0","0","0","0","0","0","0","0","0","0","0","0","0","0","0"
"0x7e1c777aebf0","      LOP3.LUT R20, R16, UR8, RZ, 0xfc, !PT","17","3","17","32768","1048576","1048576","32","32","0","0","0","-","-","-","0","0","0","0","0","0","0","0","-","0","0","0","0","0","0","0","0","1","0","0","0","0","2","0","0","0","0","1","2","0","0","0","11","0","0","0","0","0","0","0","2","0","0","0","0","0","0","0","0","0","1"
"0x7e1c777aec00","      IMAD R3, R4, R3, R5","0","0","0","32768","1048576","1048576","32","32","0","0","0","-","-","-","0","0","0","0","0","0","0","0","-","0","0","0","0","0","0","0","0","0","0","0","0","0","0","0","0","0","0","0","0","0","0","0","0","0","0","0","0","0","0","0","0","0","0","0","0","0","0","0","0","0","0"
"0x7e1c777aec10","      LOP3.LUT R7, R16, 0x30, RZ, 0xfc, !PT","0","0","0","32768","1048576","1048576","32","32","0","0","0","-","-","-","0","0","0","0","0","0","0","0","-","0","0","0","0","0","0","0","0","0","0","0","0","0","0","0","0","0","0","0","0","0","0","0","0","0","0","0","0","0","0","0","0","0","0","0","0","0","0","0","0","0","0"
"0x7e1c777aec20","      IMAD R8, R20, UR10, RZ","11","5","11","32768","1048576","1048576","32","32","0","0","0","-","-","-","0","0","0","0","0","0","0","0","-","0","0","0","0","0","0","0","0","0","0","0","0","0","2","0","0","0","0","0","1","0","0","0","8","0","0","0","0","0","0","0","0","0","0","0","0","0","0","0","0","0","5"
"0x7e1c777aec30","      ISETP.GT.U32.AND P1, PT, R4, R3, PT","3","0","3","32768","1048576","1048576","32","32","0","0","0","-","-","-","0","0","0","0","0","0","0","0","-","0","0","0","0","0","0","0","0","0","0","0","0","0","0","0","0","0","0","0","3","0","0","0","0","0","0","0","0","0","0","0","0","0","0","0","0","0","0","0","0","0","0"
"0x7e1c777aec40","      ISETP.GE.AND P3, PT, R7, UR20, PT","9","4","9","32768","1048576","1048576","32","32","0","0","0","-","-","-","0","0","0","0","0","0","0","0","-","0","0","0","0","0","0","0","0","0","0","0","0","0","3","0","0","0","0","1","1","0","0","0","4","0","0","0","0","0","0","0","3","0","0","0","0","0","0","0","0","0","1"
"0x7e1c777aec50","      LOP3.LUT R7, R16, 0x40, RZ, 0xfc, !PT","4","0","4","32768","1048576","1048576","32","32","0","0","0","-","-","-","0","0","0","0","0","0","0","0","-","0","0","0","0","0","0","0","0","0","0","0","0","0","0","0","0","0","0","0","4","0","0","0","0","0","0","0","0","0","0","0","0","0","0","0","0","0","0","0","0","0","0"
"0x7e1c777aec60","@!P1  IMAD.IADD R3, R3, 0x1, -R4","16","7","16","32768","1048576","0","32","0","32","32","0","-","-","-","0","0","0","0","0","0","0","0","-","0","0","0","0","0","0","0","0","0","0","0","0","0","0","0","0","0","0","1","2","0","0","0","13","0","0","0","0","0","0","0","0","0","0","0","0","0","0","0","0","0","7"
"0x7e1c777aec70","@!P1  VIADD R15, R15, 0x1","6","1","6","32768","1048576","0","32","0","0","32","0","-","-","-","0","0","0","0","0","0","0","0","-","0","0","0","0","0","0","0","0","0","0","0","0","0","1","0","0","0","0","0","0","0","0","0","5","0","0","0","0","0","0","0","0","0","0","0","0","0","0","0","0","0","1"
"0x7e1c777aec80","      ISETP.NE.AND P1, PT, R6, RZ, PT","3","0","3","32768","1048576","1048576","32","32","32","0","0","-","-","-","0","0","0","0","0","0","0","0","-","0","0","0","0","0","0","0","0","0","0","0","0","0","0","0","0","0","0","0","3","0","0","0","0","0","0","0","0","0","0","0","0","0","0","0","0","0","0","0","0","0","0"
"0x7e1c777aec90","      ISETP.GE.U32.AND P0, PT, R3, R4, PT","3","1","3","32768","1048576","1048576","32","32","0","0","0","-","-","-","0","0","0","0","0","0","0","0","-","0","0","0","0","0","0","0","0","0","0","0","0","0","0","0","0","0","0","1","0","0","0","0","2","0","0","0","0","0","0","0","0","0","0","0","0","0","0","0","0","0","1"
"0x7e1c777aeca0","      LOP3.LUT R4, R16, 0x20, RZ, 0xfc, !PT","1","0","1","32768","1048576","1048576","32","32","0","0","0","-","-","-","0","0","0","0","0","0","0","0","-","0","0","0","0","0","0","0","0","0","0","0","0","0","0","0","0","0","0","1","0","0","0","0","0","0","0","0","0","0","0","0","0","0","0","0","0","0","0","0","0","0","0"
"0x7e1c777aecb0","@P0   VIADD R15, R15, 0x1","26","18","26","32768","1048576","0","32","0","32","32","0","-","-","-","0","0","0","0","0","0","0","0","-","0","0","0","0","0","0","0","0","0","0","0","0","0","1","0","0","0","0","1","1","0","0","0","23","0","0","0","0","0","0","0","0","0","0","0","0","0","0","0","0","0","18"
"0x7e1c777aecc0","@!P2  IMAD.MOV R15, RZ, RZ, -R15","10","4","10","32768","1048576","0","32","0","0","32","0","-","-","-","0","0","0","0","0","0","0","0","-","0","0","0","0","0","0","0","0","0","0","0","0","0","0","0","0","0","0","0","0","0","0","0","10","0","0","0","0","0","0","0","0","0","0","0","0","0","0","0","0","0","4"
"0x7e1c777aecd0","@!P1  LOP3.LUT R15, RZ, R6, RZ, 0x33, !PT","4","0","4","32768","1048576","0","32","0","0","32","0","-","-","-","0","0","0","0","0","0","0","0","-","0","0","0","0","0","0","0","0","0","0","0","0","0","0","0","0","0","0","0","4","0","0","0","0","0","0","0","0","0","0","0","0","0","0","0","0","0","0","0","0","0","0"
"0x7e1c777aece0","      ISETP.GE.AND P1, PT, R4, UR20, PT","14","5","14","32768","1048576","1048576","32","32","32","0","0","-","-","-","0","0","0","0","0","0","0","0","-","0","0","0","0","0","0","0","0","1","0","0","0","0","4","0","0","0","0","5","2","0","0","0","2","0","0","1","0","0","0","0","3","0","0","0","0","0","0","0","0","0","1"
"0x7e1c777aecf0","      IMAD.MOV R2, RZ, RZ, -R15","19","4","19","32768","1048576","1048576","32","32","0","0","0","-","-","-","0","0","0","0","0","0","0","0","-","0","0","0","0","0","0","0","0","0","0","0","0","0","8","0","0","0","0","6","0","0","0","0","5","0","0","0","0","0","0","0","1","0","0","0","0","0","0","0","0","0","3"
"0x7e1c777aed00","      IMAD R5, R15, UR4, RZ","7","1","7","32768","1048576","1048576","32","32","0","0","0","-","-","-","0","0","0","0","0","0","0","0","-","0","0","0","0","0","0","0","0","0","0","0","0","0","4","0","0","0","0","2","0","0","0","0","1","0","0","0","0","0","0","0","0","0","0","0","0","0","0","0","0","0","1"
"0x7e1c777aed10","      IMAD R17, R6, R2, R17","4","3","4","32768","1048576","1048576","32","32","0","0","0","-","-","-","0","0","0","0","0","0","0","0","-","0","0","0","0","0","0","0","0","0","0","0","0","0","1","0","0","0","0","0","0","0","0","0","3","0","0","0","0","0","0","0","0","0","0","0","0","0","0","0","0","0","3"
"0x7e1c777aed20","      LOP3.LUT R2, R16, 0x10, RZ, 0xfc, !PT","0","0","0","32768","1048576","1048576","32","32","0","0","0","-","-","-","0","0","0","0","0","0","0","0","-","0","0","0","0","0","0","0","0","0","0","0","0","0","0","0","0","0","0","0","0","0","0","0","0","0","0","0","0","0","0","0","0","0","0","0","0","0","0","0","0","0","0"
"0x7e1c777aed30","      IMAD R6, R17, UR5, RZ","15","1","15","32768","1048576","1048576","32","32","0","0","0","-","-","-","0","0","0","0","0","0","0","0","-","0","0","0","0","0","0","0","0","0","0","0","0","0","2","0","0","0","0","5","5","0","0","0","3","0","0","0","0","0","0","0","0","0","0","0","0","0","0","0","0","0","1"
"0x7e1c777aed40","      ISETP.GE.AND P4, PT, R2, UR20, PT","4","0","4","32768","1048576","1048576","32","32","0","0","0","-","-","-","0","0","0","0","0","0","0","0","-","0","0","0","0","0","0","0","0","0","0","0","0","0","0","0","0","0","0","0","4","0","0","0","0","0","0","0","0","0","0","0","0","0","0","0","0","0","0","0","0","0","0"
"0x7e1c777aed50","      IMAD.SHL.U32 R2, R5, 0x2, RZ","1","0","1","32768","1048576","1048576","32","32","0","0","0","-","-","-","0","0","0","0","0","0","0","0","-","0","0","0","0","0","0","0","0","0","0","0","0","0","0","0","0","0","0","0","1","0","0","0","0","0","0","0","0","0","0","0","0","0","0","0","0","0","0","0","0","0","0"
"0x7e1c777aed60","      ULDC.64 UR4, c[0x0][0x210]","2","0","2","32768","1048576","1048576","32","32","0","0","0","-","-","-","0","0","0","0","0","0","0","0","-","0","0","0","0","0","0","0","0","1","0","0","0","0","0","0","0","0","0","0","1","0","0","0","0","0","0","0","0","0","0","0","0","0","0","0","0","0","0","0","0","0","0"
"0x7e1c777aed70","      IMAD.SHL.U32 R3, R6, 0x2, RZ","2","0","2","32768","1048576","1048576","32","32","0","0","0","-","-","-","0","0","0","0","0","0","0","0","-","0","0","0","0","0","0","0","0","0","0","0","0","0","0","0","0","0","0","0","2","0","0","0","0","0","0","0","0","0","0","0","0","0","0","0","0","0","0","0","0","0","0"
"0x7e1c777aed80","      SHF.R.U32.HI R4, RZ, 0x2, R17","1","0","1","32768","1048576","1048576","32","32","0","0","0","-","-","-","0","0","0","0","0","0","0","0","-","0","0","0","0","0","0","0","0","0","0","0","0","0","0","0","0","0","0","0","1","0","0","0","0","0","0","0","0","0","0","0","0","0","0","0","0","0","0","0","0","0","0"
"0x7e1c777aed90","      IMAD.HI R5, R5, 0x2, RZ","2","0","2","32768","1048576","1048576","32","32","0","0","0","-","-","-","0","0","0","0","0","0","0","0","-","0","0","0","0","0","0","0","0","0","0","0","0","0","0","0","0","0","0","0","2","0","0","0","0","0","0","0","0","0","0","0","0","0","0","0","0","0","0","0","0","0","0"
"0x7e1c777aeda0","      IADD3 R62, P5, P6, R3, UR4, R2","13","2","13","32768","1048576","1048576","32","32","0","0","0","-","-","-","0","0","0","0","0","0","0","0","-","0","0","0","0","0","0","0","0","2","0","0","0","0","5","0","0","0","0","5","1","0","0","0","0","0","0","2","0","0","0","0","0","0","0","0","0","0","0","0","0","0","0"
"0x7e1c777aedb0","      IMAD.HI R6, R6, 0x2, RZ","8","0","8","32768","1048576","1048576","32","32","0","0","0","-","-","-","0","0","0","0","0","0","0","0","-","0","0","0","0","0","0","0","0","5","0","0","0","0","0","0","0","0","0","0","3","0","0","0","0","0","0","0","0","0","0","0","0","0","0","0","0","0","0","0","0","0","0"
"0x7e1c777aedc0","      ULDC UR4, c[0x0][0x240]","5","0","5","32768","1048576","1048576","32","32","0","0","0","-","-","-","0","0","0","0","0","0","0","0","-","0","0","0","0","0","0","0","0","1","0","0","0","0","0","0","0","0","0","0","4","0","0","0","0","0","0","0","0","0","0","0","0","0","0","0","0","0","0","0","0","0","0"
"0x7e1c777aedd0","      IMAD R2, R15, UR11, RZ","12","1","12","32768","1048576","1048576","32","32","0","0","0","-","-","-","0","0","0","0","0","0","0","0","-","0","0","0","0","0","0","0","0","0","0","0","0","0","3","0","0","0","0","2","0","0","0","0","7","0","0","0","0","0","0","0","0","0","0","0","0","0","0","0","0","0","1"
"0x7e1c777aede0","      IADD3.X R29, R6, UR5, R5, P5, P6","5","0","5","32768","1048576","1048576","32","32","0","0","0","-","-","-","0","0","0","0","0","0","0","0","-","0","0","0","0","0","0","0","0","1","0","0","0","0","0","0","0","0","0","0","4","0","0","0","0","0","0","0","0","0","0","0","0","0","0","0","0","0","0","0","0","0","0"
"0x7e1c777aedf0","      IMAD.U32 R5, RZ, RZ, UR8","0","0","0","32768","1048576","1048576","32","32","0","0","0","-","-","-","0","0","0","0","0","0","0","0","-","0","0","0","0","0","0","0","0","0","0","0","0","0","0","0","0","0","0","0","0","0","0","0","0","0","0","0","0","0","0","0","0","0","0","0","0","0","0","0","0","0","0"
"0x7e1c777aee00","      LEA R22, P6, R8, R62, 0x1","3","0","3","32768","1048576","1048576","32","32","0","0","0","-","-","-","0","0","0","0","0","0","0","0","-","0","0","0","0","0","0","0","0","1","0","0","0","0","0","0","0","0","0","0","2","0","0","0","0","0","0","0","0","0","0","0","0","0","0","0","0","0","0","0","0","0","0"
"0x7e1c777aee10","      IMAD R3, R4, UR4, RZ","0","0","0","32768","1048576","1048576","32","32","0","0","0","-","-","-","0","0","0","0","0","0","0","0","-","0","0","0","0","0","0","0","0","0","0","0","0","0","0","0","0","0","0","0","0","0","0","0","0","0","0","0","0","0","0","0","0","0","0","0","0","0","0","0","0","0","0"
"0x7e1c777aee20","      ULDC.64 UR4, c[0x0][0x248]","1","0","1","32768","1048576","1048576","32","32","0","0","0","-","-","-","0","0","0","0","0","0","0","0","-","0","0","0","0","0","0","0","0","0","0","0","0","0","0","0","0","0","0","0","1","0","0","0","0","0","0","0","0","0","0","0","0","0","0","0","0","0","0","0","0","0","0"
"0x7e1c777aee30","      IMAD.SHL.U32 R10, R2, 0x2, RZ","3","0","3","32768","1048576","1048576","32","32","0","0","0","-","-","-","0","0","0","0","0","0","0","0","-","0","0","0","0","0","0","0","0","0","0","0","0","0","0","0","0","0","0","0","3","0","0","0","0","0","0","0","0","0","0","0","0","0","0","0","0","0","0","0","0","0","0"
"0x7e1c777aee40","      LOP3.LUT R19, R5, 0x10, R16, 0xfe, !PT","1","0","1","32768","1048576","1048576","32","32","0","0","0","-","-","-","0","0","0","0","0","0","0","0","-","0","0","0","0","0","0","0","0","0","0","0","0","0","0","0","0","0","0","0","1","0","0","0","0","0","0","0","0","0","0","0","0","0","0","0","0","0","0","0","0","0","0"
"0x7e1c777aee50","      IMAD.SHL.U32 R11, R3, 0x2, RZ","1","0","1","32768","1048576","1048576","32","32","0","0","0","-","-","-","0","0","0","0","0","0","0","0","-","0","0","0","0","0","0","0","0","0","0","0","0","0","0","0","0","0","0","0","1","0","0","0","0","0","0","0","0","0","0","0","0","0","0","0","0","0","0","0","0","0","0"
"0x7e1c777aee60","      LOP3.LUT R18, R5, 0x20, R16, 0xfe, !PT","3","0","3","32768","1048576","1048576","32","32","0","0","0","-","-","-","0","0","0","0","0","0","0","0","-","0","0","0","0","0","0","0","0","0","0","0","0","0","0","0","0","0","0","0","3","0","0","0","0","0","0","0","0","0","0","0","0","0","0","0","0","0","0","0","0","0","0"
"0x7e1c777aee70","      IMAD.HI R2, R2, 0x2, RZ","5","0","5","32768","1048576","1048576","32","32","0","0","0","-","-","-","0","0","0","0","0","0","0","0","-","0","0","0","0","0","0","0","0","0","0","0","0","0","0","0","0","0","0","0","5","0","0","0","0","0","0","0","0","0","0","0","0","0","0","0","0","0","0","0","0","0","0"
"0x7e1c777aee80","      LOP3.LUT R13, R5, 0x40, R16, 0xfe, !PT","2","0","2","32768","1048576","1048576","32","32","0","0","0","-","-","-","0","0","0","0","0","0","0","0","-","0","0","0","0","0","0","0","0","0","0","0","0","0","0","0","0","0","0","0","2","0","0","0","0","0","0","0","0","0","0","0","0","0","0","0","0","0","0","0","0","0","0"
"0x7e1c777aee90","      IADD3 R10, P0, P2, R11, UR6, R10","37","7","37","32768","1048576","1048576","32","32","0","0","0","-","-","-","0","0","0","0","0","0","0","0","-","0","0","0","0","0","0","0","0","6","0","0","0","0","11","0","0","0","0","15","2","0","0","0","3","0","0","2","0","0","0","0","4","0","0","0","0","0","0","0","0","0","1"
"0x7e1c777aeea0","      IMAD.HI R3, R3, 0x2, RZ","4","0","4","32768","1048576","1048576","32","32","0","0","0","-","-","-","0","0","0","0","0","0","0","0","-","0","0","0","0","0","0","0","0","0","0","0","0","0","0","0","0","0","0","0","4","0","0","0","0","0","0","0","0","0","0","0","0","0","0","0","0","0","0","0","0","0","0"
"0x7e1c777aeeb0","      LOP3.LUT R12, R5, 0x50, R16, 0xfe, !PT","4","0","4","32768","1048576","1048576","32","32","0","0","0","-","-","-","0","0","0","0","0","0","0","0","-","0","0","0","0","0","0","0","0","2","0","0","0","0","0","0","0","0","0","0","2","0","0","0","0","0","0","0","0","0","0","0","0","0","0","0","0","0","0","0","0","0","0"
"0x7e1c777aeec0","      LOP3.LUT R14, R5, 0x30, R16, 0xfe, !PT","3","2","3","32768","1048576","1048576","32","32","0","0","0","-","-","-","0","0","0","0","0","0","0","0","-","0","0","0","0","0","0","0","0","1","0","0","0","0","0","0","0","0","0","1","0","0","0","0","1","0","0","1","0","0","0","0","0","0","0","0","0","0","0","0","0","0","1"
"0x7e1c777aeed0","      IMAD R9, R19, UR10, RZ","0","0","0","32768","1048576","1048576","32","32","0","0","0","-","-","-","0","0","0","0","0","0","0","0","-","0","0","0","0","0","0","0","0","0","0","0","0","0","0","0","0","0","0","0","0","0","0","0","0","0","0","0","0","0","0","0","0","0","0","0","0","0","0","0","0","0","0"
"0x7e1c777aeee0","      IADD3.X R11, R3, UR7, R2, P0, P2","4","0","4","32768","1048576","1048576","32","32","0","0","0","-","-","-","0","0","0","0","0","0","0","0","-","0","0","0","0","0","0","0","0","2","0","0","0","0","0","0","0","0","0","0","2","0","0","0","0","0","0","0","0","0","0","0","0","0","0","0","0","0","0","0","0","0","0"
"0x7e1c777aeef0","      IMAD R21, R18, UR10, RZ","2","0","2","32768","1048576","1048576","32","32","0","0","0","-","-","-","0","0","0","0","0","0","0","0","-","0","0","0","0","0","0","0","0","0","0","0","0","0","0","0","0","0","0","0","2","0","0","0","0","0","0","0","0","0","0","0","0","0","0","0","0","0","0","0","0","0","0"
"0x7e1c777aef00","      LOP3.LUT R3, R5, 0x60, R16, 0xfe, !PT","6","0","6","32768","1048576","1048576","32","32","0","0","0","-","-","-","0","0","0","0","0","0","0","0","-","0","0","0","0","0","0","0","0","0","0","0","0","0","0","0","0","0","0","0","6","0","0","0","0","0","0","0","0","0","0","0","0","0","0","0","0","0","0","0","0","0","0"
"0x7e1c777aef10","      IMAD R25, R13, UR10, RZ","1","0","1","32768","1048576","1048576","32","32","0","0","0","-","-","-","0","0","0","0","0","0","0","0","-","0","0","0","0","0","0","0","0","0","0","0","0","0","0","0","0","0","0","0","1","0","0","0","0","0","0","0","0","0","0","0","0","0","0","0","0","0","0","0","0","0","0"
"0x7e1c777aef20","      LOP3.LUT R2, R5, 0x70, R16, 0xfe, !PT","1","0","1","32768","1048576","1048576","32","32","0","0","0","-","-","-","0","0","0","0","0","0","0","0","-","0","0","0","0","0","0","0","0","0","0","0","0","0","0","0","0","0","0","0","1","0","0","0","0","0","0","0","0","0","0","0","0","0","0","0","0","0","0","0","0","0","0"
"0x7e1c777aef30","      IMAD R26, R12, UR10, RZ","2","0","2","32768","1048576","1048576","32","32","0","0","0","-","-","-","0","0","0","0","0","0","0","0","-","0","0","0","0","0","0","0","0","0","0","0","0","0","0","0","0","0","0","0","2","0","0","0","0","0","0","0","0","0","0","0","0","0","0","0","0","0","0","0","0","0","0"
"0x7e1c777aef40","      LEA R32, P0, R9, R62, 0x1","1","0","1","32768","1048576","1048576","32","32","0","0","0","-","-","-","0","0","0","0","0","0","0","0","-","0","0","0","0","0","0","0","0","0","0","0","0","0","0","0","0","0","0","0","1","0","0","0","0","0","0","0","0","0","0","0","0","0","0","0","0","0","0","0","0","0","0"
"0x7e1c777aef50","      IMAD R24, R14, UR10, RZ","3","0","3","32768","1048576","1048576","32","32","0","0","0","-","-","-","0","0","0","0","0","0","0","0","-","0","0","0","0","0","0","0","0","0","0","0","0","0","0","0","0","0","0","0","3","0","0","0","0","0","0","0","0","0","0","0","0","0","0","0","0","0","0","0","0","0","0"
"0x7e1c777aef60","      LEA R52, P2, R21, R62, 0x1","1","0","1","32768","1048576","1048576","32","32","0","0","0","-","-","-","0","0","0","0","0","0","0","0","-","0","0","0","0","0","0","0","0","0","0","0","0","0","0","0","0","0","0","0","1","0","0","0","0","0","0","0","0","0","0","0","0","0","0","0","0","0","0","0","0","0","0"
"0x7e1c777aef70","      IMAD R5, R15, UR4, RZ","4","0","4","32768","1048576","1048576","32","32","0","0","0","-","-","-","0","0","0","0","0","0","0","0","-","0","0","0","0","0","0","0","0","0","0","0","0","0","0","0","0","0","0","0","4","0","0","0","0","0","0","0","0","0","0","0","0","0","0","0","0","0","0","0","0","0","0"
"0x7e1c777aef80","      ISETP.GE.AND P5, PT, R7, UR20, PT","2","0","2","32768","1048576","1048576","32","32","0","0","0","-","-","-","0","0","0","0","0","0","0","0","-","0","0","0","0","0","0","0","0","0","0","0","0","0","0","0","0","0","0","0","2","0","0","0","0","0","0","0","0","0","0","0","0","0","0","0","0","0","0","0","0","0","0"
"0x7e1c777aef90","      IMAD R6, R4, UR5, RZ","1","0","1","32768","1048576","1048576","32","32","0","0","0","-","-","-","0","0","0","0","0","0","0","0","-","0","0","0","0","0","0","0","0","0","0","0","0","0","0","0","0","0","0","0","1","0","0","0","0","0","0","0","0","0","0","0","0","0","0","0","0","0","0","0","0","0","0"
"0x7e1c777aefa0","      LEA.HI.X.SX32 R33, R9, R29, 0x1, P0","0","0","0","32768","1048576","1048576","32","32","0","0","0","-","-","-","0","0","0","0","0","0","0","0","-","0","0","0","0","0","0","0","0","0","0","0","0","0","0","0","0","0","0","0","0","0","0","0","0","0","0","0","0","0","0","0","0","0","0","0","0","0","0","0","0","0","0"
"0x7e1c777aefb0","      IMAD.SHL.U32 R4, R5, 0x2, RZ","3","0","3","32768","1048576","1048576","32","32","0","0","0","-","-","-","0","0","0","0","0","0","0","0","-","0","0","0","0","0","0","0","0","0","0","0","0","0","0","0","0","0","0","0","3","0","0","0","0","0","0","0","0","0","0","0","0","0","0","0","0","0","0","0","0","0","0"
"0x7e1c777aefc0","      LEA.HI.X.SX32 R53, R21, R29, 0x1, P2","1","0","1","32768","1048576","1048576","32","32","0","0","0","-","-","-","0","0","0","0","0","0","0","0","-","0","0","0","0","0","0","0","0","0","0","0","0","0","0","0","0","0","0","0","1","0","0","0","0","0","0","0","0","0","0","0","0","0","0","0","0","0","0","0","0","0","0"
"0x7e1c777aefd0","      IMAD.SHL.U32 R7, R6, 0x2, RZ","3","0","3","32768","1048576","1048576","32","32","0","0","0","-","-","-","0","0","0","0","0","0","0","0","-","0","0","0","0","0","0","0","0","0","0","0","0","0","0","0","0","0","0","0","3","0","0","0","0","0","0","0","0","0","0","0","0","0","0","0","0","0","0","0","0","0","0"
"0x7e1c777aefe0","      LEA.HI.X.SX32 R23, R8, R29, 0x1, P6","3","0","3","32768","1048576","1048576","32","32","0","0","0","-","-","-","0","0","0","0","0","0","0","0","-","0","0","0","0","0","0","0","0","0","0","0","0","0","0","0","0","0","0","0","3","0","0","0","0","0","0","0","0","0","0","0","0","0","0","0","0","0","0","0","0","0","0"
"0x7e1c777aeff0","      IMAD R27, R3, UR10, RZ","3","0","3","32768","1048576","1048576","32","32","0","0","0","-","-","-","0","0","0","0","0","0","0","0","-","0","0","0","0","0","0","0","0","0","0","0","0","0","0","0","0","0","0","0","3","0","0","0","0","0","0","0","0","0","0","0","0","0","0","0","0","0","0","0","0","0","0"
"0x7e1c777af000","      LEA R56, P0, R25, R62, 0x1","1","0","1","32768","1048576","1048576","32","32","0","0","0","-","-","-","0","0","0","0","0","0","0","0","-","0","0","0","0","0","0","0","0","0","0","0","0","0","0","0","0","0","1","0","0","0","0","0","0","0","0","0","0","0","0","0","0","0","0","0","0","0","0","0","0","0","0"
"0x7e1c777af010","      ULDC.64 UR4, c[0x0][0x220]","2","0","2","32768","1048576","1048576","32","32","0","0","0","-","-","-","0","0","0","0","0","0","0","0","-","0","0","0","0","0","0","0","0","0","0","0","0","0","0","0","0","0","0","0","2","0","0","0","0","0","0","0","0","0","0","0","0","0","0","0","0","0","0","0","0","0","0"
"0x7e1c777af020","      LEA R58, P2, R26, R62, 0x1","6","0","6","32768","1048576","1048576","32","32","0","0","0","-","-","-","0","0","0","0","0","0","0","0","-","0","0","0","0","0","0","0","0","0","0","0","0","0","0","0","0","0","0","0","6","0","0","0","0","0","0","0","0","0","0","0","0","0","0","0","0","0","0","0","0","0","0"
"0x7e1c777af030","      IMAD R28, R2, UR10, RZ","5","0","5","32768","1048576","1048576","32","32","0","0","0","-","-","-","0","0","0","0","0","0","0","0","-","0","0","0","0","0","0","0","0","0","0","0","0","0","0","0","0","0","0","0","5","0","0","0","0","0","0","0","0","0","0","0","0","0","0","0","0","0","0","0","0","0","0"
"0x7e1c777af040","      LEA R54, P6, R24, R62, 0x1","3","0","3","32768","1048576","1048576","32","32","0","0","0","-","-","-","0","0","0","0","0","0","0","0","-","0","0","0","0","0","0","0","0","0","0","0","0","0","0","0","0","0","0","0","3","0","0","0","0","0","0","0","0","0","0","0","0","0","0","0","0","0","0","0","0","0","0"
"0x7e1c777af050","      IMAD.HI R5, R5, 0x2, RZ","2","0","2","32768","1048576","1048576","32","32","0","0","0","-","-","-","0","0","0","0","0","0","0","0","-","0","0","0","0","0","0","0","0","0","0","0","0","0","0","0","0","0","0","0","2","0","0","0","0","0","0","0","0","0","0","0","0","0","0","0","0","0","0","0","0","0","0"
"0x7e1c777af060","      LEA.HI.X.SX32 R57, R25, R29, 0x1, P0","1","0","1","32768","1048576","1048576","32","32","0","0","0","-","-","-","0","0","0","0","0","0","0","0","-","0","0","0","0","0","0","0","0","0","0","0","0","0","0","0","0","0","0","0","1","0","0","0","0","0","0","0","0","0","0","0","0","0","0","0","0","0","0","0","0","0","0"
"0x7e1c777af070","      LEA.HI.X.SX32 R59, R26, R29, 0x1, P2","52","12","52","32768","1048576","1048576","32","32","0","0","0","-","-","-","0","0","0","0","0","0","0","0","-","0","0","0","0","0","0","0","0","10","0","0","0","0","21","0","0","0","0","19","1","0","0","0","1","0","0","5","0","0","0","0","6","0","0","0","0","0","0","0","0","0","1"
"0x7e1c777af080","      IMAD.HI R6, R6, 0x2, RZ","1","0","1","32768","1048576","1048576","32","32","0","0","0","-","-","-","0","0","0","0","0","0","0","0","-","0","0","0","0","0","0","0","0","0","0","0","0","0","0","0","0","0","0","0","1","0","0","0","0","0","0","0","0","0","0","0","0","0","0","0","0","0","0","0","0","0","0"
"0x7e1c777af090","      LEA.HI.X.SX32 R55, R24, R29, 0x1, P6","4","0","4","32768","1048576","1048576","32","32","0","0","0","-","-","-","0","0","0","0","0","0","0","0","-","0","0","0","0","0","0","0","0","3","0","0","0","0","0","0","0","0","0","0","1","0","0","0","0","0","0","0","0","0","0","0","0","0","0","0","0","0","0","0","0","0","0"
"0x7e1c777af0a0","      IADD3 R141, P0, P2, R7, UR4, R4","5","2","5","32768","1048576","1048576","32","32","0","0","0","-","-","-","0","0","0","0","0","0","0","0","-","0","0","0","0","0","0","0","0","0","0","0","0","0","0","0","0","0","0","0","2","0","0","0","3","0","0","0","0","0","0","0","0","0","0","0","0","0","0","0","0","0","2"
"0x7e1c777af0b0","      IMAD.SHL.U32 R4, R0, 0x8, RZ","2","0","2","32768","1048576","1048576","32","32","0","0","0","-","-","-","0","0","0","0","0","0","0","0","-","0","0","0","0","0","0","0","0","0","0","0","0","0","0","0","0","0","0","0","2","0","0","0","0","0","0","0","0","0","0","0","0","0","0","0","0","0","0","0","0","0","0"
"0x7e1c777af0c0","      LEA R60, P6, R27, R62, 0x1","8","0","8","32768","1048576","1048576","32","32","0","0","0","-","-","-","0","0","0","0","0","0","0","0","-","0","0","0","0","0","0","0","0","5","0","0","0","0","0","0","0","0","0","0","3","0","0","0","0","0","0","0","0","0","0","0","0","0","0","0","0","0","0","0","0","0","0"
"0x7e1c777af0d0","      IMAD R7, R16, R34, RZ","0","0","0","32768","1048576","1048576","32","32","0","0","0","-","-","-","0","0","0","0","0","0","0","0","-","0","0","0","0","0","0","0","0","0","0","0","0","0","0","0","0","0","0","0","0","0","0","0","0","0","0","0","0","0","0","0","0","0","0","0","0","0","0","0","0","0","0"
"0x7e1c777af0e0","      LOP3.LUT R8, R16, 0x50, RZ, 0xfc, !PT","0","0","0","32768","1048576","1048576","32","32","0","0","0","-","-","-","0","0","0","0","0","0","0","0","-","0","0","0","0","0","0","0","0","0","0","0","0","0","0","0","0","0","0","0","0","0","0","0","0","0","0","0","0","0","0","0","0","0","0","0","0","0","0","0","0","0","0"
"0x7e1c777af0f0","      ULDC UR4, c[0x0][0x264]","1","0","1","32768","1048576","1048576","32","32","0","0","0","-","-","-","0","0","0","0","0","0","0","0","-","0","0","0","0","0","0","0","0","0","0","0","0","0","0","0","0","0","0","0","1","0","0","0","0","0","0","0","0","0","0","0","0","0","0","0","0","0","0","0","0","0","0"
"0x7e1c777af100","      LEA.HI.X.SX32 R61, R27, R29, 0x1, P6","1","0","1","32768","1048576","1048576","32","32","0","0","0","-","-","-","0","0","0","0","0","0","0","0","-","0","0","0","0","0","0","0","0","0","0","0","0","0","0","0","0","0","0","0","1","0","0","0","0","0","0","0","0","0","0","0","0","0","0","0","0","0","0","0","0","0","0"
"0x7e1c777af110","      LEA R62, P6, R28, R62, 0x1","30","12","30","32768","1048576","1048576","32","32","0","0","0","-","-","-","0","0","0","0","0","0","0","0","-","0","0","0","0","0","0","0","0","0","0","0","0","0","11","0","0","0","0","14","2","0","0","0","3","0","0","0","0","0","0","0","9","0","0","0","0","0","0","0","0","0","3"
"0x7e1c777af120","      LOP3.LUT R67, R4, 0x78, RZ, 0xc0, !PT","4","3","4","32768","1048576","1048576","32","32","0","0","0","-","-","-","0","0","0","0","0","0","0","0","-","0","0","0","0","0","0","0","0","2","0","0","0","0","0","0","0","0","0","0","1","0","0","0","1","0","0","2","0","0","0","0","0","0","0","0","0","0","0","0","0","0","1"
"0x7e1c777af130","      IMAD R4, R34, 0x10, R7","1","0","1","32768","1048576","1048576","32","32","0","0","0","-","-","-","0","0","0","0","0","0","0","0","-","0","0","0","0","0","0","0","0","0","0","0","0","0","0","0","0","0","0","0","1","0","0","0","0","0","0","0","0","0","0","0","0","0","0","0","0","0","0","0","0","0","0"
"0x7e1c777af140","      LEA.HI.X.SX32 R63, R28, R29, 0x1, P6","2","0","2","32768","1048576","1048576","32","32","0","0","0","-","-","-","0","0","0","0","0","0","0","0","-","0","0","0","0","0","0","0","0","1","0","0","0","0","0","0","0","0","0","0","1","0","0","0","0","0","0","0","0","0","0","0","0","0","0","0","0","0","0","0","0","0","0"
"0x7e1c777af150","      UISETP.GT.AND UP1, UPT, UR8, 0x80, UPT","4","0","4","32768","1048576","1048576","32","32","0","0","0","-","-","-","0","0","0","0","0","0","0","0","-","0","0","0","0","0","0","0","0","0","0","0","0","0","0","0","0","0","0","0","4","0","0","0","0","0","0","0","0","0","0","0","0","0","0","0","0","0","0","0","0","0","0"
"0x7e1c777af160","      ISETP.GE.AND P6, PT, R8, UR20, PT","1","0","1","32768","1048576","1048576","32","32","0","0","0","-","-","-","0","0","0","0","0","0","0","0","-","0","0","0","0","0","0","0","0","0","0","0","0","0","0","0","0","0","0","0","1","0","0","0","0","0","0","0","0","0","0","0","0","0","0","0","0","0","0","0","0","0","0"
"0x7e1c777af170","      IMAD R8, R34, 0x30, R7","2","0","2","32768","1048576","1048576","32","32","0","0","0","-","-","-","0","0","0","0","0","0","0","0","-","0","0","0","0","0","0","0","0","0","0","0","0","0","0","0","0","0","0","0","2","0","0","0","0","0","0","0","0","0","0","0","0","0","0","0","0","0","0","0","0","0","0"
"0x7e1c777af180","      IADD3.X R9, R6, UR5, R5, P0, P2","2","0","2","32768","1048576","1048576","32","32","0","0","0","-","-","-","0","0","0","0","0","0","0","0","-","0","0","0","0","0","0","0","0","0","0","0","0","0","0","0","0","0","0","0","2","0","0","0","0","0","0","0","0","0","0","0","0","0","0","0","0","0","0","0","0","0","0"
"0x7e1c777af190","      IMAD R6, R34, 0x20, R7","3","0","3","32768","1048576","1048576","32","32","0","0","0","-","-","-","0","0","0","0","0","0","0","0","-","0","0","0","0","0","0","0","0","0","0","0","0","0","0","0","0","0","0","0","3","0","0","0","0","0","0","0","0","0","0","0","0","0","0","0","0","0","0","0","0","0","0"
"0x7e1c777af1a0","      LEA R64, P2, R7, R141, 0x1","2","0","2","32768","1048576","1048576","32","32","0","0","0","-","-","-","0","0","0","0","0","0","0","0","-","0","0","0","0","0","0","0","0","0","0","0","0","0","0","0","0","0","0","0","2","0","0","0","0","0","0","0","0","0","0","0","0","0","0","0","0","0","0","0","0","0","0"
"0x7e1c777af1b0","      IMAD R5, R16, R30, RZ","3","0","3","32768","1048576","1048576","32","32","0","0","0","-","-","-","0","0","0","0","0","0","0","0","-","0","0","0","0","0","0","0","0","0","0","0","0","0","0","0","0","0","0","0","3","0","0","0","0","0","0","0","0","0","0","0","0","0","0","0","0","0","0","0","0","0","0"
"0x7e1c777af1c0","      LEA R136, P0, R4, R141, 0x1","1","0","1","32768","1048576","1048576","32","32","0","0","0","-","-","-","0","0","0","0","0","0","0","0","-","0","0","0","0","0","0","0","0","0","0","0","0","0","0","0","0","0","0","0","1","0","0","0","0","0","0","0","0","0","0","0","0","0","0","0","0","0","0","0","0","0","0"
"0x7e1c777af1d0","      IMAD.WIDE.U32 R10, R67, 0x2, R10","2","0","2","32768","1048576","1048576","32","32","0","0","0","-","-","-","0","0","0","0","0","0","0","0","-","0","0","0","0","0","0","0","0","0","0","0","0","0","0","0","0","0","0","0","2","0","0","0","0","0","0","0","0","0","0","0","0","0","0","0","0","0","0","0","0","0","0"
"0x7e1c777af1e0","      LEA.HI.X.SX32 R65, R7, R9, 0x1, P2","3","0","3","32768","1048576","1048576","32","32","0","0","0","-","-","-","0","0","0","0","0","0","0","0","-","0","0","0","0","0","0","0","0","0","0","0","0","0","0","0","0","0","0","0","3","0","0","0","0","0","0","0","0","0","0","0","0","0","0","0","0","0","0","0","0","0","0"
"0x7e1c777af1f0","      CS2R R28, SRZ","39","16","39","32768","1048576","1048576","32","32","0","0","0","-","-","-","0","0","0","0","0","0","0","0","-","0","0","0","0","0","0","0","0","2","0","0","0","0","18","0","0","0","0","15","0","0","0","0","4","0","0","0","0","0","0","0","15","0","0","0","0","0","0","0","0","0","1"
"0x7e1c777af200","      LEA.HI.X.SX32 R137, R4, R9, 0x1, P0","4","2","4","32768","1048576","1048576","32","32","0","0","0","-","-","-","0","0","0","0","0","0","0","0","-","0","0","0","0","0","0","0","0","0","0","0","0","0","0","0","0","0","0","0","2","0","0","0","2","0","0","0","0","0","0","0","0","0","0","0","0","0","0","0","0","0","2"
"0x7e1c777af210","      IMAD R7, R30, 0x10, R5","4","0","4","32768","1048576","1048576","32","32","0","0","0","-","-","-","0","0","0","0","0","0","0","0","-","0","0","0","0","0","0","0","0","1","0","0","0","0","0","0","0","0","0","0","3","0","0","0","0","0","0","0","0","0","0","0","0","0","0","0","0","0","0","0","0","0","0"
"0x7e1c777af220","      LEA R140, P0, R8, R141, 0x1","3","0","3","32768","1048576","1048576","32","32","0","0","0","-","-","-","0","0","0","0","0","0","0","0","-","0","0","0","0","0","0","0","0","0","0","0","0","0","0","0","0","0","0","0","3","0","0","0","0","0","0","0","0","0","0","0","0","0","0","0","0","0","0","0","0","0","0"
"0x7e1c777af230","      IMAD R21, R30, 0x20, R5","1","0","1","32768","1048576","1048576","32","32","0","0","0","-","-","-","0","0","0","0","0","0","0","0","-","0","0","0","0","0","0","0","0","0","0","0","0","0","0","0","0","0","0","0","1","0","0","0","0","0","0","0","0","0","0","0","0","0","0","0","0","0","0","0","0","0","0"
"0x7e1c777af240","      LEA R138, P2, R6, R141, 0x1","2","0","2","32768","1048576","1048576","32","32","0","0","0","-","-","-","0","0","0","0","0","0","0","0","-","0","0","0","0","0","0","0","0","0","0","0","0","0","0","0","0","0","0","0","2","0","0","0","0","0","0","0","0","0","0","0","0","0","0","0","0","0","0","0","0","0","0"
"0x7e1c777af250","      IMAD R25, R30, 0x30, R5","3","0","3","32768","1048576","1048576","32","32","0","0","0","-","-","-","0","0","0","0","0","0","0","0","-","0","0","0","0","0","0","0","0","0","0","0","0","0","0","0","0","0","0","0","3","0","0","0","0","0","0","0","0","0","0","0","0","0","0","0","0","0","0","0","0","0","0"
"0x7e1c777af260","      LEA.HI.X.SX32 R141, R8, R9, 0x1, P0","1","0","1","32768","1048576","1048576","32","32","0","0","0","-","-","-","0","0","0","0","0","0","0","0","-","0","0","0","0","0","0","0","0","0","0","0","0","0","0","0","0","0","0","0","1","0","0","0","0","0","0","0","0","0","0","0","0","0","0","0","0","0","0","0","0","0","0"
"0x7e1c777af270","      IMAD.WIDE.U32 R22, R67, 0x2, R22","6","0","6","32768","1048576","1048576","32","32","0","0","0","-","-","-","0","0","0","0","0","0","0","0","-","0","0","0","0","0","0","0","0","0","0","0","0","0","0","0","0","0","0","0","6","0","0","0","0","0","0","0","0","0","0","0","0","0","0","0","0","0","0","0","0","0","0"
"0x7e1c777af280","      LEA.HI.X.SX32 R139, R6, R9, 0x1, P2","0","0","0","32768","1048576","1048576","32","32","0","0","0","-","-","-","0","0","0","0","0","0","0","0","-","0","0","0","0","0","0","0","0","0","0","0","0","0","0","0","0","0","0","0","0","0","0","0","0","0","0","0","0","0","0","0","0","0","0","0","0","0","0","0","0","0","0"
"0x7e1c777af290","      CS2R R30, SRZ","42","12","42","32768","1048576","1048576","32","32","0","0","0","-","-","-","0","0","0","0","0","0","0","0","-","0","0","0","0","0","0","0","0","6","0","0","0","0","14","0","0","0","0","21","0","0","0","0","1","0","0","2","0","0","0","0","9","0","0","0","0","0","0","0","0","0","1"
"0x7e1c777af2a0","      LEA R8, P0, R7, R10, 0x1","3","2","3","32768","1048576","1048576","32","32","0","0","0","-","-","-","0","0","0","0","0","0","0","0","-","0","0","0","0","0","0","0","0","1","0","0","0","0","0","0","0","0","0","0","1","0","0","0","1","0","0","1","0","0","0","0","0","0","0","0","0","0","0","0","0","0","1"
"0x7e1c777af2b0","      IMAD.WIDE.U32 R32, R67, 0x2, R32","1","0","1","32768","1048576","1048576","32","32","0","0","0","-","-","-","0","0","0","0","0","0","0","0","-","0","0","0","0","0","0","0","0","0","0","0","0","0","0","0","0","0","0","0","1","0","0","0","0","0","0","0","0","0","0","0","0","0","0","0","0","0","0","0","0","0","0"
"0x7e1c777af2c0","      LEA R6, P2, R5, R10, 0x1","1","0","1","32768","1048576","1048576","32","32","0","0","0","-","-","-","0","0","0","0","0","0","0","0","-","0","0","0","0","0","0","0","0","0","0","0","0","0","0","0","0","0","0","0","1","0","0","0","0","0","0","0","0","0","0","0","0","0","0","0","0","0","0","0","0","0","0"
"0x7e1c777af2d0","      LEA.HI.X.SX32 R9, R7, R11, 0x1, P0","3","3","3","32768","1048576","1048576","32","32","0","0","0","-","-","-","0","0","0","0","0","0","0","0","-","0","0","0","0","0","0","0","0","0","0","0","0","0","0","0","0","0","0","0","0","0","0","0","3","0","0","0","0","0","0","0","0","0","0","0","0","0","0","0","0","0","3"
"0x7e1c777af2e0","      LEA R4, P0, R21, R10, 0x1","5","4","5","32768","1048576","1048576","32","32","0","0","0","-","-","-","0","0","0","0","0","0","0","0","-","0","0","0","0","0","0","0","0","3","0","0","0","0","0","0","0","0","0","0","1","0","0","0","1","0","0","3","0","0","0","0","0","0","0","0","0","0","0","0","0","0","1"
"0x7e1c777af2f0","      LEA.HI.X.SX32 R7, R5, R11, 0x1, P2","3","1","3","32768","1048576","1048576","32","32","0","0","0","-","-","-","0","0","0","0","0","0","0","0","-","0","0","0","0","0","0","0","0","0","0","0","0","0","0","0","0","0","0","0","2","0","0","0","1","0","0","0","0","0","0","0","0","0","0","0","0","0","0","0","0","0","1"
"0x7e1c777af300","      LEA R10, P2, R25, R10, 0x1","28","14","28","32768","1048576","1048576","32","32","0","0","0","-","-","-","0","0","0","0","0","0","0","0","-","0","0","0","0","0","0","0","0","0","0","0","0","0","12","0","0","0","0","10","4","0","0","0","2","0","0","0","0","0","0","0","12","0","0","0","0","0","0","0","0","0","2"
"0x7e1c777af310","      LOP3.LUT R24, R16, 0x60, RZ, 0xfc, !PT","1","1","1","32768","1048576","1048576","32","32","0","0","0","-","-","-","0","0","0","0","0","0","0","0","-","0","0","0","0","0","0","0","0","0","0","0","0","0","0","0","0","0","0","0","0","0","0","0","1","0","0","0","0","0","0","0","0","0","0","0","0","0","0","0","0","0","1"
"0x7e1c777af320","      LEA.HI.X.SX32 R5, R21, R11, 0x1, P0","3","3","3","32768","1048576","1048576","32","32","0","0","0","-","-","-","0","0","0","0","0","0","0","0","-","0","0","0","0","0","0","0","0","0","0","0","0","0","0","0","0","0","0","0","0","0","0","0","3","0","0","0","0","0","0","0","0","0","0","0","0","0","0","0","0","0","3"
"0x7e1c777af330","      LOP3.LUT R26, R16, 0x70, RZ, 0xfc, !PT","3","3","3","32768","1048576","1048576","32","32","0","0","0","-","-","-","0","0","0","0","0","0","0","0","-","0","0","0","0","0","0","0","0","0","0","0","0","0","0","0","0","0","0","0","0","0","0","0","3","0","0","0","0","0","0","0","0","0","0","0","0","0","0","0","0","0","3"
"0x7e1c777af340","      LEA.HI.X.SX32 R11, R25, R11, 0x1, P2","6","3","6","32768","1048576","1048576","32","32","0","0","0","-","-","-","0","0","0","0","0","0","0","0","-","0","0","0","0","0","0","0","0","0","0","0","0","0","0","0","0","0","0","0","3","0","0","0","3","0","0","0","0","0","0","0","0","0","0","0","0","0","0","0","0","0","3"
"0x7e1c777af350","      LOP3.LUT R21, R16, 0x80, RZ, 0xfc, !PT","2","2","2","32768","1048576","1048576","32","32","0","0","0","-","-","-","0","0","0","0","0","0","0","0","-","0","0","0","0","0","0","0","0","0","0","0","0","0","0","0","0","0","0","0","0","0","0","0","2","0","0","0","0","0","0","0","0","0","0","0","0","0","0","0","0","0","2"
"0x7e1c777af360","      SEL R25, RZ, 0x10, P1","33","14","33","32768","1048576","1048576","32","32","0","0","0","-","-","-","0","0","0","0","0","0","0","0","-","0","0","0","0","0","0","0","0","1","0","0","0","0","16","0","0","0","0","12","1","0","0","0","3","0","0","0","0","0","0","0","11","0","0","0","0","0","0","0","0","0","3"
"0x7e1c777af370","      ISETP.GE.AND P1, PT, R16, UR20, PT","5","1","5","32768","1048576","1048576","32","32","0","0","0","-","-","-","0","0","0","0","0","0","0","0","-","0","0","0","0","0","0","0","0","1","0","0","0","0","0","0","0","0","0","0","4","0","0","0","0","0","0","1","0","0","0","0","0","0","0","0","0","0","0","0","0","0","0"
"0x7e1c777af380","      ISETP.GE.AND P0, PT, R24, UR20, PT","3","2","3","32768","1048576","1048576","32","32","0","0","0","-","-","-","0","0","0","0","0","0","0","0","-","0","0","0","0","0","0","0","0","0","0","0","0","0","0","0","0","0","0","0","1","0","0","0","2","0","0","0","0","0","0","0","0","0","0","0","0","0","0","0","0","0","2"
"0x7e1c777af390","      ISETP.GE.AND P2, PT, R26, UR20, PT","2","0","2","32768","1048576","1048576","32","32","0","0","0","-","-","-","0","0","0","0","0","0","0","0","-","0","0","0","0","0","0","0","0","0","0","0","0","0","0","0","0","0","0","0","2","0","0","0","0","0","0","0","0","0","0","0","0","0","0","0","0","0","0","0","0","0","0"
"0x7e1c777af3a0","      SEL R24, RZ, 0x10, P4","4","3","4","32768","1048576","1048576","32","32","0","0","0","-","-","-","0","0","0","0","0","0","0","0","-","0","0","0","0","0","0","0","0","0","0","0","0","0","0","0","0","0","0","0","1","0","0","0","3","0","0","0","0","0","0","0","0","0","0","0","0","0","0","0","0","0","3"
"0x7e1c777af3b0","      ISETP.GE.AND P4, PT, R21, UR20, PT","1","1","1","32768","1048576","1048576","32","32","0","0","0","-","-","-","0","0","0","0","0","0","0","0","-","0","0","0","0","0","0","0","0","0","0","0","0","0","0","0","0","0","0","0","0","0","0","0","1","0","0","0","0","0","0","0","0","0","0","0","0","0","0","0","0","0","1"
"0x7e1c777af3c0","      SEL R26, RZ, 0x10, P3","12","3","12","32768","1048576","1048576","32","32","0","0","0","-","-","-","0","0","0","0","0","0","0","0","-","0","0","0","0","0","0","0","0","0","0","0","0","0","6","0","0","0","0","3","2","0","0","0","1","0","0","0","0","0","0","0","2","0","0","0","0","0","0","0","0","0","1"
"0x7e1c777af3d0","      ISETP.LT.AND P3, PT, RZ, UR8, PT","1","0","1","32768","1048576","1048576","32","32","0","0","0","-","-","-","0","0","0","0","0","0","0","0","-","0","0","0","0","0","0","0","0","0","0","0","0","0","0","0","0","0","0","0","1","0","0","0","0","0","0","0","0","0","0","0","0","0","0","0","0","0","0","0","0","0","0"
"0x7e1c777af3e0","      SEL R21, RZ, 0x10, P1","3","2","3","32768","1048576","1048576","32","32","0","0","0","-","-","-","0","0","0","0","0","0","0","0","-","0","0","0","0","0","0","0","0","0","0","0","0","0","0","0","0","0","0","0","1","0","0","0","2","0","0","0","0","0","0","0","0","0","0","0","0","0","0","0","0","0","2"
"0x7e1c777af3f0","      LOP3.LUT R27, R16, 0x90, RZ, 0xfc, !PT","2","1","2","32768","1048576","1048576","32","32","0","0","0","-","-","-","0","0","0","0","0","0","0","0","-","0","0","0","0","0","0","0","0","0","0","0","0","0","0","0","0","0","0","0","1","0","0","0","1","0","0","0","0","0","0","0","0","0","0","0","0","0","0","0","0","0","1"
"0x7e1c777af400","      SEL R66, R21, RZ, P3","7","4","7","32768","1048576","1048576","32","32","0","0","0","-","-","-","0","0","0","0","0","0","0","0","-","0","0","0","0","0","0","0","0","0","0","0","0","0","0","0","0","0","0","0","3","0","0","0","4","0","0","0","0","0","0","0","0","0","0","0","0","0","0","0","0","0","4"
"0x7e1c777af410","      SEL R21, RZ, 0x10, P5","5","5","5","32768","1048576","1048576","32","32","0","0","0","-","-","-","0","0","0","0","0","0","0","0","-","0","0","0","0","0","0","0","0","0","0","0","0","0","0","0","0","0","0","0","0","0","0","0","5","0","0","0","0","0","0","0","0","0","0","0","0","0","0","0","0","0","5"
"0x7e1c777af420","      PLOP3.LUT P5, PT, PT, PT, UP0, 0x80, 0x0","14","6","14","32768","1048576","1048576","32","32","0","0","0","-","-","-","0","0","0","0","0","0","0","0","-","0","0","0","0","0","0","0","0","0","0","0","0","0","6","0","0","0","0","5","2","0","0","0","1","0","0","0","0","0","0","0","5","0","0","0","0","0","0","0","0","0","1"
"0x7e1c777af430","      ISETP.GE.AND P1, PT, R27, UR20, PT","3","2","3","32768","1048576","1048576","32","32","0","0","0","-","-","-","0","0","0","0","0","0","0","0","-","0","0","0","0","0","0","0","0","0","0","0","0","0","0","0","0","0","0","0","1","0","0","0","2","0","0","0","0","0","0","0","0","0","0","0","0","0","0","0","0","0","2"
"0x7e1c777af440","      SEL R75, R21, RZ, P5","3","2","3","32768","1048576","1048576","32","32","0","0","0","-","-","-","0","0","0","0","0","0","0","0","-","0","0","0","0","0","0","0","0","0","0","0","0","0","0","0","0","0","0","0","1","0","0","0","2","0","0","0","0","0","0","0","0","0","0","0","0","0","0","0","0","0","2"
"0x7e1c777af450","      SEL R21, RZ, 0x10, P6","5","2","5","32768","1048576","1048576","32","32","0","0","0","-","-","-","0","0","0","0","0","0","0","0","-","0","0","0","0","0","0","0","0","0","0","0","0","0","0","0","0","0","0","0","3","0","0","0","2","0","0","0","0","0","0","0","0","0","0","0","0","0","0","0","0","0","2"
"0x7e1c777af460","      ISETP.GE.AND P6, PT, R20, UR4, PT","4","1","4","32768","1048576","1048576","32","32","0","0","0","-","-","-","0","0","0","0","0","0","0","0","-","0","0","0","0","0","0","0","0","0","0","0","0","0","0","0","0","0","0","1","2","0","0","0","1","0","0","0","0","0","0","0","0","0","0","0","0","0","0","0","0","0","1"
"0x7e1c777af470","      PLOP3.LUT P5, PT, PT, PT, UP0, 0x80, 0x0","2","1","2","32768","1048576","1048576","32","32","0","0","0","-","-","-","0","0","0","0","0","0","0","0","-","0","0","0","0","0","0","0","0","0","0","0","0","0","0","0","0","0","0","0","1","0","0","0","1","0","0","0","0","0","0","0","0","0","0","0","0","0","0","0","0","0","1"
"0x7e1c777af480","      P2R R144, PR, RZ, 0x40","28","13","28","32768","1048576","1048576","32","32","0","0","0","-","-","-","0","0","0","0","0","0","0","0","-","0","0","0","0","0","0","0","0","0","0","0","0","0","14","0","0","0","0","12","0","0","0","0","2","0","0","0","0","0","0","0","12","0","0","0","0","0","0","0","0","0","1"
"0x7e1c777af490","      SEL R76, R21, RZ, P5","4","4","4","32768","1048576","1048576","32","32","0","0","0","-","-","-","0","0","0","0","0","0","0","0","-","0","0","0","0","0","0","0","0","0","0","0","0","0","0","0","0","0","0","0","0","0","0","0","4","0","0","0","0","0","0","0","0","0","0","0","0","0","0","0","0","0","4"
"0x7e1c777af4a0","      ISETP.NE.AND P5, PT, R144, RZ, PT","5","4","5","32768","1048576","1048576","32","32","0","0","0","-","-","-","0","0","0","0","0","0","0","0","-","0","0","0","0","0","0","0","0","0","0","0","0","0","0","0","0","0","0","0","0","0","0","0","5","0","0","0","0","0","0","0","0","0","0","0","0","0","0","0","0","0","4"
"0x7e1c777af4b0","      SEL R21, RZ, 0x10, P0","3","1","3","32768","1048576","1048576","32","32","0","0","0","-","-","-","0","0","0","0","0","0","0","0","-","0","0","0","0","0","0","0","0","0","0","0","0","0","0","0","0","0","0","0","2","0","0","0","1","0","0","0","0","0","0","0","0","0","0","0","0","0","0","0","0","0","1"
"0x7e1c777af4c0","      LOP3.LUT R27, R16, 0xa0, RZ, 0xfc, !PT","5","2","5","32768","1048576","1048576","32","32","0","0","0","-","-","-","0","0","0","0","0","0","0","0","-","0","0","0","0","0","0","0","0","0","0","0","0","0","0","0","0","0","0","0","1","0","0","0","4","0","0","0","0","0","0","0","0","0","0","0","0","0","0","0","0","0","2"
"0x7e1c777af4d0","      PLOP3.LUT P0, PT, PT, PT, UP0, 0x80, 0x0","7","5","7","32768","1048576","1048576","32","32","0","0","0","-","-","-","0","0","0","0","0","0","0","0","-","0","0","0","0","0","0","0","0","0","0","0","0","0","0","0","0","0","0","0","2","0","0","0","5","0","0","0","0","0","0","0","0","0","0","0","0","0","0","0","0","0","5"
"0x7e1c777af4e0","      SEL R72, R24, RZ, P3","18","5","18","32768","1048576","1048576","32","32","0","0","0","-","-","-","0","0","0","0","0","0","0","0","-","0","0","0","0","0","0","0","0","0","0","0","0","0","4","0","0","0","0","10","0","0","0","0","4","0","0","0","0","0","0","0","2","0","0","0","0","0","0","0","0","0","3"
"0x7e1c777af4f0","      SEL R73, R25, RZ, P3","5","3","5","32768","1048576","1048576","32","32","0","0","0","-","-","-","0","0","0","0","0","0","0","0","-","0","0","0","0","0","0","0","0","1","0","0","0","0","0","0","0","0","0","0","2","0","0","0","2","0","0","1","0","0","0","0","0","0","0","0","0","0","0","0","0","0","2"
"0x7e1c777af500","      CS2R R24, SRZ","3","2","3","32768","1048576","1048576","32","32","0","0","0","-","-","-","0","0","0","0","0","0","0","0","-","0","0","0","0","0","0","0","0","0","0","0","0","0","0","0","0","0","0","0","1","0","0","0","2","0","0","0","0","0","0","0","0","0","0","0","0","0","0","0","0","0","2"
"0x7e1c777af510","      SEL R74, R26, RZ, P3","5","3","5","32768","1048576","1048576","32","32","0","0","0","-","-","-","0","0","0","0","0","0","0","0","-","0","0","0","0","0","0","0","0","0","0","0","0","0","0","0","0","0","0","0","2","0","0","0","3","0","0","0","0","0","0","0","0","0","0","0","0","0","0","0","0","0","3"
"0x7e1c777af520","      ISETP.GE.AND P3, PT, R27, UR20, PT","5","3","5","32768","1048576","1048576","32","32","0","0","0","-","-","-","0","0","0","0","0","0","0","0","-","0","0","0","0","0","0","0","0","0","0","0","0","0","0","0","0","0","0","0","2","0","0","0","3","0","0","0","0","0","0","0","0","0","0","0","0","0","0","0","0","0","3"
"0x7e1c777af530","      CS2R R26, SRZ","4","2","4","32768","1048576","1048576","32","32","0","0","0","-","-","-","0","0","0","0","0","0","0","0","-","0","0","0","0","0","0","0","0","0","0","0","0","0","0","0","0","0","0","0","2","0","0","0","2","0","0","0","0","0","0","0","0","0","0","0","0","0","0","0","0","0","2"
"0x7e1c777af540","      SEL R77, R21, RZ, P0","24","9","24","32768","1048576","1048576","32","32","0","0","0","-","-","-","0","0","0","0","0","0","0","0","-","0","0","0","0","0","0","0","0","0","0","0","0","0","6","0","0","0","0","11","4","0","0","0","3","0","0","0","0","0","0","0","6","0","0","0","0","0","0","0","0","0","3"
"0x7e1c777af550","      SEL R21, RZ, 0x10, P2","3","1","3","32768","1048576","1048576","32","32","0","0","0","-","-","-","0","0","0","0","0","0","0","0","-","0","0","0","0","0","0","0","0","0","0","0","0","0","0","0","0","0","0","0","2","0","0","0","1","0","0","0","0","0","0","0","0","0","0","0","0","0","0","0","0","0","1"
"0x7e1c777af560","      PLOP3.LUT P2, PT, PT, PT, UP0, 0x80, 0x0","7","5","7","32768","1048576","1048576","32","32","0","0","0","-","-","-","0","0","0","0","0","0","0","0","-","0","0","0","0","0","0","0","0","0","0","0","0","0","2","0","0","0","0","1","1","0","0","0","3","0","0","0","0","0","0","0","2","0","0","0","0","0","0","0","0","0","3"
"0x7e1c777af570","@!P5  LDG.E.128 R24, desc[UR14][R22.64]","1","0","1","32768","1048576","1048576","32","32","0","0","0","Global","Load","128","131072","0","0","0","0","0","524288","524288","","0","0","0","0","0","0","0","0","0","0","0","0","0","0","0","0","0","0","0","1","0","0","0","0","0","0","0","0","0","0","0","0","0","0","0","0","0","0","0","0","0","0"
"0x7e1c777af580","      ISETP.GE.AND P6, PT, R19, UR4, PT","6","0","6","32768","1048576","1048576","32","32","0","0","0","-","-","-","0","0","0","0","0","0","0","0","-","0","0","0","0","0","0","0","0","0","0","0","0","0","0","0","0","0","0","0","6","0","0","0","0","0","0","0","0","0","0","0","0","0","0","0","0","0","0","0","0","0","0"
"0x7e1c777af590","      LOP3.LUT R34, R16, 0xb0, RZ, 0xfc, !PT","3","1","3","32768","1048576","1048576","32","32","0","0","0","-","-","-","0","0","0","0","0","0","0","0","-","0","0","0","0","0","0","0","0","0","0","0","0","0","0","0","0","0","0","0","2","0","0","0","1","0","0","0","0","0","0","0","0","0","0","0","0","0","0","0","0","0","1"
"0x7e1c777af5a0","      P2R R142, PR, RZ, 0x40","5","2","5","32768","1048576","1048576","32","32","0","0","0","-","-","-","0","0","0","0","0","0","0","0","-","0","0","0","0","0","0","0","0","0","0","0","0","0","1","0","0","0","0","1","2","0","0","0","1","0","0","0","0","0","0","0","1","0","0","0","0","0","0","0","0","0","1"
"0x7e1c777af5b0","      ISETP.GE.AND P0, PT, R34, UR20, PT","32","11","32","32768","1048576","1048576","32","32","0","0","0","-","-","-","0","0","0","0","0","0","0","0","-","0","0","0","0","0","0","0","0","0","0","0","0","0","12","0","0","0","0","16","2","0","0","0","2","0","0","0","0","0","0","0","9","0","0","0","0","0","0","0","0","0","2"
"0x7e1c777af5c0","      CS2R R34, SRZ","9","3","9","32768","1048576","1048576","32","32","0","0","0","-","-","-","0","0","0","0","0","0","0","0","-","0","0","0","0","0","0","0","0","0","0","0","0","0","0","0","0","0","0","0","4","0","0","0","5","0","0","0","0","0","0","0","0","0","0","0","0","0","0","0","0","0","3"
"0x7e1c777af5d0","      SEL R78, R21, RZ, P2","3","1","3","32768","1048576","1048576","32","32","0","0","0","-","-","-","0","0","0","0","0","0","0","0","-","0","0","0","0","0","0","0","0","2","0","0","0","0","0","0","0","0","0","0","0","0","0","0","1","0","0","0","0","0","0","0","0","0","0","0","0","0","0","0","0","0","1"
"0x7e1c777af5e0","      SEL R21, RZ, 0x10, P4","5","3","5","32768","1048576","1048576","32","32","0","0","0","-","-","-","0","0","0","0","0","0","0","0","-","0","0","0","0","0","0","0","0","0","0","0","0","0","0","0","0","0","0","0","2","0","0","0","3","0","0","0","0","0","0","0","0","0","0","0","0","0","0","0","0","0","3"
"0x7e1c777af5f0","      PLOP3.LUT P2, PT, PT, PT, UP1, 0x80, 0x0","3","0","3","32768","1048576","1048576","32","32","0","0","0","-","-","-","0","0","0","0","0","0","0","0","-","0","0","0","0","0","0","0","0","0","0","0","0","0","0","0","0","0","0","0","2","0","0","0","1","0","0","0","0","0","0","0","0","0","0","0","0","0","0","0","0","0","0"
"0x7e1c777af600","@!P6  LDG.E.128 R28, desc[UR14][R32.64]","3","0","3","32768","1048576","1048576","32","32","0","0","0","Global","Load","128","131072","0","0","0","0","0","524288","524288","","0","0","0","0","0","0","0","0","0","0","0","0","0","0","0","0","0","0","0","3","0","0","0","0","0","0","0","0","0","0","0","0","0","0","0","0","0","0","0","0","0","0"
"0x7e1c777af610","      PLOP3.LUT P4, PT, PT, PT, UP1, 0x80, 0x0","5","0","5","32768","1048576","1048576","32","32","0","0","0","-","-","-","0","0","0","0","0","0","0","0","-","0","0","0","0","0","0","0","0","0","0","0","0","0","0","0","0","0","0","0","5","0","0","0","0","0","0","0","0","0","0","0","0","0","0","0","0","0","0","0","0","0","0"
"0x7e1c777af620","      SEL R22, RZ, 0x10, P1","19","4","19","32768","1048576","1048576","32","32","0","0","0","-","-","-","0","0","0","0","0","0","0","0","-","0","0","0","0","0","0","0","0","2","0","0","0","0","3","0","0","0","0","6","4","0","0","0","4","0","0","0","0","0","0","0","3","0","0","0","0","0","0","0","0","0","1"
"0x7e1c777af630","      SEL R79, R21, RZ, P2","6","4","6","32768","1048576","1048576","32","32","0","0","0","-","-","-","0","0","0","0","0","0","0","0","-","0","0","0","0","0","0","0","0","0","0","0","0","0","0","0","0","0","0","0","2","0","0","0","4","0","0","0","0","0","0","0","0","0","0","0","0","0","0","0","0","0","4"
"0x7e1c777af640","      SEL R80, R22, RZ, P4","6","1","6","32768","1048576","1048576","32","32","0","0","0","-","-","-","0","0","0","0","0","0","0","0","-","0","0","0","0","0","0","0","0","0","0","0","0","0","0","0","0","0","0","0","5","0","0","0","1","0","0","0","0","0","0","0","0","0","0","0","0","0","0","0","0","0","1"
"0x7e1c777af650","      PLOP3.LUT P2, PT, PT, PT, UP1, 0x80, 0x0","5","1","5","32768","1048576","1048576","32","32","0","0","0","-","-","-","0","0","0","0","0","0","0","0","-","0","0","0","0","0","0","0","0","0","0","0","0","0","2","0","0","0","0","1","1","0","0","0","1","0","0","0","0","0","0","0","0","0","0","0","0","0","0","0","0","0","1"
"0x7e1c777af660","      PLOP3.LUT P1, PT, PT, PT, UP1, 0x80, 0x0","6","2","6","32768","1048576","1048576","32","32","0","0","0","-","-","-","0","0","0","0","0","0","0","0","-","0","0","0","0","0","0","0","0","0","0","0","0","0","0","0","0","0","0","1","2","0","0","0","3","0","0","0","0","0","0","0","0","0","0","0","0","0","0","0","0","0","2"
"0x7e1c777af670","      SEL R21, RZ, 0x10, P3","5","2","5","32768","1048576","1048576","32","32","0","0","0","-","-","-","0","0","0","0","0","0","0","0","-","0","0","0","0","0","0","0","0","0","0","0","0","0","0","0","0","0","0","0","3","0","0","0","2","0","0","0","0","0","0","0","0","0","0","0","0","0","0","0","0","0","2"
"0x7e1c777af680","      SEL R22, RZ, 0x10, P0","16","7","16","32768","1048576","1048576","32","32","0","0","0","-","-","-","0","0","0","0","0","0","0","0","-","0","0","0","0","0","0","0","0","0","0","0","0","0","7","0","0","0","0","6","1","0","0","0","2","0","0","0","0","0","0","0","6","0","0","0","0","0","0","0","0","0","1"
"0x7e1c777af690","      SEL R81, R21, RZ, P2","4","2","4","32768","1048576","1048576","32","32","0","0","0","-","-","-","0","0","0","0","0","0","0","0","-","0","0","0","0","0","0","0","0","0","0","0","0","0","0","0","0","0","0","0","2","0","0","0","2","0","0","0","0","0","0","0","0","0","0","0","0","0","0","0","0","0","2"
"0x7e1c777af6a0","      SEL R82, R22, RZ, P1","6","4","6","32768","1048576","1048576","32","32","0","0","0","-","-","-","0","0","0","0","0","0","0","0","-","0","0","0","0","0","0","0","0","2","0","0","0","0","0","0","0","0","0","0","0","0","0","0","4","0","0","0","0","0","0","0","0","0","0","0","0","0","0","0","0","0","4"
"0x7e1c777af6b0","      ISETP.GE.AND P3, PT, R18, UR4, PT","5","5","5","32768","1048576","1048576","32","32","0","0","0","-","-","-","0","0","0","0","0","0","0","0","-","0","0","0","0","0","0","0","0","0","0","0","0","0","0","0","0","0","0","0","0","0","0","0","5","0","0","0","0","0","0","0","0","0","0","0","0","0","0","0","0","0","5"
"0x7e1c777af6c0","      ISETP.GE.AND P6, PT, R14, UR4, PT","4","1","4","32768","1048576","1048576","32","32","0","0","0","-","-","-","0","0","0","0","0","0","0","0","-","0","0","0","0","0","0","0","0","0","0","0","0","0","0","0","0","0","0","0","3","0","0","0","1","0","0","0","0","0","0","0","0","0","0","0","0","0","0","0","0","0","1"
"0x7e1c777af6d0","      ISETP.GE.AND P5, PT, R13, UR4, PT","1","1","1","32768","1048576","1048576","32","32","0","0","0","-","-","-","0","0","0","0","0","0","0","0","-","0","0","0","0","0","0","0","0","0","0","0","0","0","0","0","0","0","0","0","0","0","0","0","1","0","0","0","0","0","0","0","0","0","0","0","0","0","0","0","0","0","1"
"0x7e1c777af6e0","      ISETP.GE.AND P0, PT, R12, UR4, PT","13","4","13","32768","1048576","1048576","32","32","0","0","0","-","-","-","0","0","0","0","0","0","0","0","-","0","0","0","0","0","0","0","0","0","0","0","0","0","4","0","0","0","0","8","1","0","0","0","0","0","0","0","0","0","0","0","4","0","0","0","0","0","0","0","0","0","0"
"0x7e1c777af6f0","      ISETP.GE.AND P1, PT, R3, UR4, PT","1","0","1","32768","1048576","1048576","32","32","0","0","0","-","-","-","0","0","0","0","0","0","0","0","-","0","0","0","0","0","0","0","0","0","0","0","0","0","0","0","0","0","0","0","1","0","0","0","0","0","0","0","0","0","0","0","0","0","0","0","0","0","0","0","0","0","0"
"0x7e1c777af700","      ISETP.GE.AND P2, PT, R2, UR4, PT","7","0","7","32768","1048576","1048576","32","32","0","0","0","-","-","-","0","0","0","0","0","0","0","0","-","0","0","0","0","0","0","0","0","0","0","0","0","0","0","0","0","0","0","3","2","0","0","0","2","0","0","0","0","0","0","0","0","0","0","0","0","0","0","0","0","0","0"
"0x7e1c777af710","      CS2R R44, SRZ","2","2","2","32768","1048576","1048576","32","32","0","0","0","-","-","-","0","0","0","0","0","0","0","0","-","0","0","0","0","0","0","0","0","0","0","0","0","0","0","0","0","0","0","0","0","0","0","0","2","0","0","0","0","0","0","0","0","0","0","0","0","0","0","0","0","0","2"
"0x7e1c777af720","      CS2R R46, SRZ","5","2","5","32768","1048576","1048576","32","32","0","0","0","-","-","-","0","0","0","0","0","0","0","0","-","0","0","0","0","0","0","0","0","0","0","0","0","0","0","0","0","0","0","0","3","0","0","0","2","0","0","0","0","0","0","0","0","0","0","0","0","0","0","0","0","0","2"
"0x7e1c777af730","      CS2R R40, SRZ","8","5","8","32768","1048576","1048576","32","32","0","0","0","-","-","-","0","0","0","0","0","0","0","0","-","0","0","0","0","0","0","0","0","0","0","0","0","0","3","0","0","0","0","1","2","0","0","0","2","0","0","0","0","0","0","0","3","0","0","0","0","0","0","0","0","0","2"
"0x7e1c777af740","      CS2R R42, SRZ","26","10","26","32768","1048576","1048576","32","32","0","0","0","-","-","-","0","0","0","0","0","0","0","0","-","0","0","0","0","0","0","0","0","0","0","0","0","0","12","0","0","0","0","12","1","0","0","0","1","0","0","0","0","0","0","0","10","0","0","0","0","0","0","0","0","0","0"
"0x7e1c777af750","      CS2R R36, SRZ","1","1","1","32768","1048576","1048576","32","32","0","0","0","-","-","-","0","0","0","0","0","0","0","0","-","0","0","0","0","0","0","0","0","0","0","0","0","0","0","0","0","0","0","0","0","0","0","0","1","0","0","0","0","0","0","0","0","0","0","0","0","0","0","0","0","0","1"
"0x7e1c777af760","      CS2R R38, SRZ","5","2","5","32768","1048576","1048576","32","32","0","0","0","-","-","-","0","0","0","0","0","0","0","0","-","0","0","0","0","0","0","0","0","0","0","0","0","0","0","0","0","0","0","0","2","0","0","0","3","0","0","0","0","0","0","0","0","0","0","0","0","0","0","0","0","0","2"
"0x7e1c777af770","      CS2R R32, SRZ","8","3","8","32768","1048576","1048576","32","32","0","0","0","-","-","-","0","0","0","0","0","0","0","0","-","0","0","0","0","0","0","0","0","0","0","0","0","0","0","0","0","0","0","0","5","0","0","0","3","0","0","0","0","0","0","0","0","0","0","0","0","0","0","0","0","0","3"
"0x7e1c777af780","      CS2R R48, SRZ","6","1","6","32768","1048576","1048576","32","32","0","0","0","-","-","-","0","0","0","0","0","0","0","0","-","0","0","0","0","0","0","0","0","1","0","0","0","0","0","0","0","0","0","0","4","0","0","0","1","0","0","0","0","0","0","0","0","0","0","0","0","0","0","0","0","0","1"
"0x7e1c777af790","      CS2R R50, SRZ","4","3","4","32768","1048576","1048576","32","32","0","0","0","-","-","-","0","0","0","0","0","0","0","0","-","0","0","0","0","0","0","0","0","0","0","0","0","0","0","0","0","0","0","0","1","0","0","0","3","0","0","0","0","0","0","0","0","0","0","0","0","0","0","0","0","0","3"
"0x7e1c777af7a0","      CS2R R68, SRZ","21","2","21","32768","1048576","1048576","32","32","0","0","0","-","-","-","0","0","0","0","0","0","0","0","-","0","0","0","0","0","0","0","0","0","0","0","0","0","3","0","0","0","0","8","9","0","0","0","1","0","0","0","0","0","0","0","2","0","0","0","0","0","0","0","0","0","0"
"0x7e1c777af7b0","      CS2R R70, SRZ","3","1","3","32768","1048576","1048576","32","32","0","0","0","-","-","-","0","0","0","0","0","0","0","0","-","0","0","0","0","0","0","0","0","0","0","0","0","0","0","0","0","0","0","0","2","0","0","0","1","0","0","0","0","0","0","0","0","0","0","0","0","0","0","0","0","0","1"
"0x7e1c777af7c0","      IMAD.WIDE.U32 R52, R67, 0x2, R52","4","0","4","32768","1048576","1048576","32","32","0","0","0","-","-","-","0","0","0","0","0","0","0","0","-","0","0","0","0","0","0","0","0","0","0","0","0","0","0","0","0","0","0","0","4","0","0","0","0","0","0","0","0","0","0","0","0","0","0","0","0","0","0","0","0","0","0"
"0x7e1c777af7d0","      IMAD.WIDE.U32 R54, R67, 0x2, R54","9","1","9","32768","1048576","1048576","32","32","0","0","0","-","-","-","0","0","0","0","0","0","0","0","-","0","0","0","0","0","0","0","0","0","0","0","0","0","0","0","0","0","0","0","1","0","0","0","8","0","0","0","0","0","0","0","0","0","0","0","0","0","0","0","0","0","1"
"0x7e1c777af7e0","@!P3  LDG.E.128 R44, desc[UR14][R52.64]","3","0","3","32768","1048576","1048576","32","32","0","0","0","Global","Load","128","131072","0","0","0","0","0","524288","524288","","0","0","0","0","0","0","0","0","2","0","0","0","0","0","0","0","0","0","0","1","0","0","0","0","0","0","0","0","0","0","0","0","0","0","0","0","0","0","0","0","0","0"
"0x7e1c777af7f0","      IMAD.WIDE.U32 R56, R67, 0x2, R56","8","2","8","32768","1048576","1048576","32","32","0","0","0","-","-","-","0","0","0","0","0","0","0","0","-","0","0","0","0","0","0","0","0","2","0","0","0","0","0","0","0","0","0","3","0","0","0","0","3","0","0","0","0","0","0","0","0","0","0","0","0","0","0","0","0","0","2"
"0x7e1c777af800","@!P6  LDG.E.128 R40, desc[UR14][R54.64]","4","0","4","32768","1048576","1048576","32","32","0","0","0","Global","Load","128","131072","0","0","0","0","0","524288","524288","","0","0","0","0","0","0","0","0","2","0","0","0","0","0","0","0","0","0","0","2","0","0","0","0","0","0","0","0","0","0","0","0","0","0","0","0","0","0","0","0","0","0"
"0x7e1c777af810","      IMAD.WIDE.U32 R58, R67, 0x2, R58","13","2","13","32768","1048576","1048576","32","32","0","0","0","-","-","-","0","0","0","0","0","0","0","0","-","0","0","0","0","0","0","0","0","6","0","0","0","0","0","0","0","0","0","2","2","0","0","0","3","0","0","0","0","0","0","0","0","0","0","0","0","0","0","0","0","0","2"
"0x7e1c777af820","@!P5  LDG.E.128 R36, desc[UR14][R56.64]","1","0","1","32768","1048576","1048576","32","32","0","0","0","Global","Load","128","131072","0","0","0","0","0","524288","524288","","0","0","0","0","0","0","0","0","1","0","0","0","0","0","0","0","0","0","0","0","0","0","0","0","0","0","0","0","0","0","0","0","0","0","0","0","0","0","0","0","0","0"
"0x7e1c777af830","      IMAD.WIDE.U32 R60, R67, 0x2, R60","10","3","10","32768","1048576","1048576","32","32","0","0","0","-","-","-","0","0","0","0","0","0","0","0","-","0","0","0","0","0","0","0","0","1","0","0","0","0","0","0","0","0","0","1","1","0","0","0","7","0","0","0","0","0","0","0","0","0","0","0","0","0","0","0","0","0","3"
"0x7e1c777af840","@!P0  LDG.E.128 R32, desc[UR14][R58.64]","1","0","1","32768","1048576","1048576","32","32","0","0","0","Global","Load","128","131072","0","0","0","0","0","524288","524288","","0","0","0","0","0","0","0","0","1","0","0","0","0","0","0","0","0","0","0","0","0","0","0","0","0","0","0","0","0","0","0","0","0","0","0","0","0","0","0","0","0","0"
"0x7e1c777af850","      IMAD.WIDE.U32 R62, R67, 0x2, R62","12","2","12","32768","1048576","1048576","32","32","0","0","0","-","-","-","0","0","0","0","0","0","0","0","-","0","0","0","0","0","0","0","0","4","0","0","0","0","0","0","0","0","0","1","1","0","0","0","6","0","0","0","0","0","0","0","0","0","0","0","0","0","0","0","0","0","2"
"0x7e1c777af860","@!P1  LDG.E.128 R48, desc[UR14][R60.64]","4","0","4","32768","1048576","1048576","32","32","0","0","0","Global","Load","128","131072","0","0","0","0","0","524288","524288","","0","0","0","0","0","0","0","0","0","0","0","0","0","0","0","0","0","0","0","4","0","0","0","0","0","0","0","0","0","0","0","0","0","0","0","0","0","0","0","0","0","0"
"0x7e1c777af870","@!P2  LDG.E.128 R68, desc[UR14][R62.64]","15","2","15","32768","1048576","1048576","32","32","0","0","0","Global","Load","128","131072","0","0","0","0","0","524288","524288","","0","0","0","0","0","0","0","0","3","0","0","0","0","0","0","0","0","0","1","3","0","0","0","8","0","0","0","0","0","0","0","0","0","0","0","0","0","0","0","0","0","2"
"0x7e1c777af880","      S2UR UR4, SR_CgaCtaId","0","0","0","32768","1048576","1048576","32","32","0","0","0","-","-","-","0","0","0","0","0","0","0","0","-","0","0","0","0","0","0","0","0","0","0","0","0","0","0","0","0","0","0","0","0","0","0","0","0","0","0","0","0","0","0","0","0","0","0","0","0","0","0","0","0","0","0"
"0x7e1c777af890","      IMAD.SHL.U32 R22, R0, 0x10, RZ","3","0","3","32768","1048576","1048576","32","32","0","0","0","-","-","-","0","0","0","0","0","0","0","0","-","0","0","0","0","0","0","0","0","0","0","0","0","0","0","0","0","0","0","0","3","0","0","0","0","0","0","0","0","0","0","0","0","0","0","0","0","0","0","0","0","0","0"
"0x7e1c777af8a0","      LOP3.LUT R21, R0, 0xf0, RZ, 0xc0, !PT","4","0","4","32768","1048576","1048576","32","32","0","0","0","-","-","-","0","0","0","0","0","0","0","0","-","0","0","0","0","0","0","0","0","0","0","0","0","0","0","0","0","0","0","0","4","0","0","0","0","0","0","0","0","0","0","0","0","0","0","0","0","0","0","0","0","0","0"
"0x7e1c777af8b0","      LOP3.LUT R22, R22, 0x70, RZ, 0xc0, !PT","21","8","21","32768","1048576","1048576","32","32","0","0","0","-","-","-","0","0","0","0","0","0","0","0","-","0","0","0","0","0","0","0","0","0","0","0","0","0","5","0","0","0","0","8","2","0","0","0","6","0","0","0","0","0","0","0","5","0","0","0","0","0","0","0","0","0","3"
"0x7e1c777af8c0","      UMOV UR9, 0x400","2","0","2","32768","1048576","1048576","32","32","0","0","0","-","-","-","0","0","0","0","0","0","0","0","-","0","0","0","0","0","0","0","0","0","0","0","0","0","0","0","0","0","0","0","2","0","0","0","0","0","0","0","0","0","0","0","0","0","0","0","0","0","0","0","0","0","0"
"0x7e1c777af8d0","      IMAD R21, R21, 0x8, R22","11","4","11","32768","1048576","1048576","32","32","0","0","0","-","-","-","0","0","0","0","0","0","0","0","-","0","0","0","0","0","0","0","0","0","0","0","0","0","1","0","0","0","0","1","1","0","0","0","8","0","0","0","0","0","0","0","1","0","0","0","0","0","0","0","0","0","3"
"0x7e1c777af8e0","      LOP3.LUT R23, R0, 0x8, RZ, 0xc0, !PT","2","0","2","32768","1048576","1048576","32","32","0","0","0","-","-","-","0","0","0","0","0","0","0","0","-","0","0","0","0","0","0","0","0","0","0","0","0","0","0","0","0","0","0","0","2","0","0","0","0","0","0","0","0","0","0","0","0","0","0","0","0","0","0","0","0","0","0"
"0x7e1c777af8f0","      P2R R143, PR, RZ, 0x8","2","1","2","32768","1048576","1048576","32","32","0","0","0","-","-","-","0","0","0","0","0","0","0","0","-","0","0","0","0","0","0","0","0","0","0","0","0","0","0","0","0","0","0","0","1","0","0","0","1","0","0","0","0","0","0","0","0","0","0","0","0","0","0","0","0","0","1"
"0x7e1c777af900","      LOP3.LUT R22, R21, 0x70, R0, 0x78, !PT","1","1","1","32768","1048576","1048576","32","32","0","0","0","-","-","-","0","0","0","0","0","0","0","0","-","0","0","0","0","0","0","0","0","0","0","0","0","0","0","0","0","0","0","0","0","0","0","0","1","0","0","0","0","0","0","0","0","0","0","0","0","0","0","0","0","0","1"
"0x7e1c777af910","      ISETP.NE.U32.AND P3, PT, R66, RZ, PT","2","0","2","32768","1048576","1048576","32","32","0","0","0","-","-","-","0","0","0","0","0","0","0","0","-","0","0","0","0","0","0","0","0","0","0","0","0","0","0","0","0","0","0","0","1","0","0","0","1","0","0","0","0","0","0","0","0","0","0","0","0","0","0","0","0","0","0"
"0x7e1c777af920","      ULEA UR9, UR4, UR9, 0x18","28","20","28","32768","1048576","1048576","32","32","0","0","0","-","-","-","0","0","0","0","0","0","0","0","-","0","0","0","0","0","0","0","0","0","0","0","0","26","0","0","0","0","0","0","2","0","0","0","0","0","0","0","0","0","0","20","0","0","0","0","0","0","0","0","0","0","0"
"0x7e1c777af930","      P2R R145, PR, RZ, 0x20","3","0","3","32768","1048576","1048576","32","32","0","0","0","-","-","-","0","0","0","0","0","0","0","0","-","0","0","0","0","0","0","0","0","0","0","0","0","0","0","0","0","0","0","0","3","0","0","0","0","0","0","0","0","0","0","0","0","0","0","0","0","0","0","0","0","0","0"
"0x7e1c777af940","      ISETP.NE.U32.AND P4, PT, R72, RZ, PT","5","2","5","32768","1048576","1048576","32","32","0","0","0","-","-","-","0","0","0","0","0","0","0","0","-","0","0","0","0","0","0","0","0","0","0","0","0","0","0","0","0","0","0","0","2","0","0","0","3","0","0","0","0","0","0","0","0","0","0","0","0","0","0","0","0","0","2"
"0x7e1c777af950","      P2R R146, PR, RZ, 0x40","7","5","7","32768","1048576","1048576","32","32","0","0","0","-","-","-","0","0","0","0","0","0","0","0","-","0","0","0","0","0","0","0","0","0","0","0","0","0","2","0","0","0","0","1","1","0","0","0","3","0","0","0","0","0","0","0","2","0","0","0","0","0","0","0","0","0","3"
"0x7e1c777af960","      LEA R53, R23, UR9, 0xb","4","4","4","32768","1048576","1048576","32","32","0","0","0","-","-","-","0","0","0","0","0","0","0","0","-","0","0","0","0","0","0","0","0","0","0","0","0","0","0","0","0","0","0","0","0","0","0","0","4","0","0","0","0","0","0","0","0","0","0","0","0","0","0","0","0","0","4"
"0x7e1c777af970","      ISETP.NE.U32.AND P5, PT, R73, RZ, PT","6","1","6","32768","1048576","1048576","32","32","0","0","0","-","-","-","0","0","0","0","0","0","0","0","-","0","0","0","0","0","0","0","0","0","0","0","0","0","0","0","0","0","0","2","2","0","0","0","2","0","0","0","0","0","0","0","0","0","0","0","0","0","0","0","0","0","1"
"0x7e1c777af980","      IMAD R21, R23, 0x400, R22","3","0","3","32768","1048576","1048576","32","32","0","0","0","-","-","-","0","0","0","0","0","0","0","0","-","0","0","0","0","0","0","0","0","0","0","0","0","0","0","0","0","0","0","0","3","0","0","0","0","0","0","0","0","0","0","0","0","0","0","0","0","0","0","0","0","0","0"
"0x7e1c777af990","      ISETP.NE.U32.AND P6, PT, R74, RZ, PT","2","0","2","32768","1048576","1048576","32","32","0","0","0","-","-","-","0","0","0","0","0","0","0","0","-","0","0","0","0","0","0","0","0","0","0","0","0","0","0","0","0","0","0","0","2","0","0","0","0","0","0","0","0","0","0","0","0","0","0","0","0","0","0","0","0","0","0"
"0x7e1c777af9a0","      IMAD.IADD R53, R22, 0x1, R53","2","0","2","32768","1048576","1048576","32","32","0","0","0","-","-","-","0","0","0","0","0","0","0","0","-","0","0","0","0","0","0","0","0","0","0","0","0","0","0","0","0","0","0","0","2","0","0","0","0","0","0","0","0","0","0","0","0","0","0","0","0","0","0","0","0","0","0"
"0x7e1c777af9b0","      VIADD R55, R21, UR9","3","0","3","32768","1048576","1048576","32","32","0","0","0","-","-","-","0","0","0","0","0","0","0","0","-","0","0","0","0","0","0","0","0","0","0","0","0","0","1","0","0","0","0","0","0","0","0","0","2","0","0","0","0","0","0","0","0","0","0","0","0","0","0","0","0","0","0"
"0x7e1c777af9c0","      IMAD.WIDE.U32 R22, R67, 0x2, R64","4","0","4","32768","1048576","1048576","32","32","0","0","0","-","-","-","0","0","0","0","0","0","0","0","-","0","0","0","0","0","0","0","0","0","0","0","0","0","0","0","0","0","0","0","3","0","0","0","1","0","0","0","0","0","0","0","0","0","0","0","0","0","0","0","0","0","0"
"0x7e1c777af9d0","      IMAD.WIDE.U32 R136, R67, 0x2, R136","8","2","8","32768","1048576","1048576","32","32","0","0","0","-","-","-","0","0","0","0","0","0","0","0","-","0","0","0","0","0","0","0","0","0","0","0","0","0","0","0","0","0","0","0","3","0","0","0","5","0","0","0","0","0","0","0","0","0","0","0","0","0","0","0","0","0","2"
"0x7e1c777af9e0","      IMAD.WIDE.U32 R138, R67, 0x2, R138","15","3","15","32768","1048576","1048576","32","32","0","0","0","-","-","-","0","0","0","0","0","0","0","0","-","0","0","0","0","0","0","0","0","0","0","0","0","0","0","0","0","0","0","0","3","0","0","0","12","0","0","0","0","0","0","0","0","0","0","0","0","0","0","0","0","0","3"
"0x7e1c777af9f0","      IMAD.WIDE.U32 R140, R67, 0x2, R140","12","5","12","32768","1048576","1048576","32","32","0","0","0","-","-","-","0","0","0","0","0","0","0","0","-","0","0","0","0","0","0","0","0","0","0","0","0","0","1","0","0","0","0","0","2","0","0","0","9","0","0","0","0","0","0","0","0","0","0","0","0","0","0","0","0","0","5"
"0x7e1c777afa00","      UISETP.GE.AND UP0, UPT, UR8, 0x1, UPT","4","0","4","32768","1048576","1048576","32","32","0","0","0","-","-","-","0","0","0","0","0","0","0","0","-","0","0","0","0","0","0","0","0","3","0","0","0","0","0","0","0","0","0","0","1","0","0","0","0","0","0","0","0","0","0","0","0","0","0","0","0","0","0","0","0","0","0"
"0x7e1c777afa10","      UIADD3 UR10, UR8, 0x80, URZ","8","3","8","32768","1048576","1048576","32","32","0","0","0","-","-","-","0","0","0","0","0","0","0","0","-","0","0","0","0","0","0","0","0","1","0","0","0","0","0","0","0","0","0","1","2","0","0","0","4","0","0","0","0","0","0","0","0","0","0","0","0","0","0","0","0","0","3"
"0x7e1c777afa20","      CS2R R56, SRZ","3","0","3","32768","1048576","1048576","32","32","0","0","0","-","-","-","0","0","0","0","0","0","0","0","-","0","0","0","0","0","0","0","0","0","0","0","0","0","0","0","0","0","0","0","3","0","0","0","0","0","0","0","0","0","0","0","0","0","0","0","0","0","0","0","0","0","0"
"0x7e1c777afa30","      CS2R R58, SRZ","7","0","7","32768","1048576","1048576","32","32","0","0","0","-","-","-","0","0","0","0","0","0","0","0","-","0","0","0","0","0","0","0","0","1","0","0","0","0","0","0","0","0","0","0","2","0","0","0","4","0","0","0","0","0","0","0","0","0","0","0","0","0","0","0","0","0","0"
"0x7e1c777afa40","      CS2R R60, SRZ","5","3","5","32768","1048576","1048576","32","32","0","0","0","-","-","-","0","0","0","0","0","0","0","0","-","0","0","0","0","0","0","0","0","0","0","0","0","0","0","0","0","0","0","0","2","0","0","0","3","0","0","0","0","0","0","0","0","0","0","0","0","0","0","0","0","0","3"
"0x7e1c777afa50","      CS2R R62, SRZ","5","3","5","32768","1048576","1048576","32","32","0","0","0","-","-","-","0","0","0","0","0","0","0","0","-","0","0","0","0","0","0","0","0","0","0","0","0","0","1","0","0","0","0","0","2","0","0","0","2","0","0","0","0","0","0","0","1","0","0","0","0","0","0","0","0","0","2"
"0x7e1c777afa60","      CS2R R64, SRZ","16","10","16","32768","1048576","1048576","32","32","0","0","0","-","-","-","0","0","0","0","0","0","0","0","-","0","0","0","0","0","0","0","0","1","0","0","0","0","6","0","0","0","0","3","1","0","0","0","5","0","0","0","0","0","0","0","5","0","0","0","0","0","0","0","0","0","5"
"0x7e1c777afa70","      CS2R R66, SRZ","6","1","6","32768","1048576","1048576","32","32","0","0","0","-","-","-","0","0","0","0","0","0","0","0","-","0","0","0","0","0","0","0","0","0","0","0","0","0","0","0","0","0","0","0","5","0","0","0","1","0","0","0","0","0","0","0","0","0","0","0","0","0","0","0","0","0","1"
"0x7e1c777afa80","      CS2R R72, SRZ","6","0","6","32768","1048576","1048576","32","32","0","0","0","-","-","-","0","0","0","0","0","0","0","0","-","0","0","0","0","0","0","0","0","0","0","0","0","0","0","0","0","0","0","2","1","0","0","0","3","0","0","0","0","0","0","0","0","0","0","0","0","0","0","0","0","0","0"
"0x7e1c777afa90","      CS2R R84, SRZ","2","0","2","32768","1048576","1048576","32","32","0","0","0","-","-","-","0","0","0","0","0","0","0","0","-","0","0","0","0","0","0","0","0","0","0","0","0","0","0","0","0","0","0","0","2","0","0","0","0","0","0","0","0","0","0","0","0","0","0","0","0","0","0","0","0","0","0"
"0x7e1c777afaa0","      CS2R R86, SRZ","14","2","14","32768","1048576","1048576","32","32","0","0","0","-","-","-","0","0","0","0","0","0","0","0","-","0","0","0","0","0","0","0","0","1","0","0","0","0","1","0","0","0","0","3","5","0","0","0","4","0","0","0","0","0","0","0","1","0","0","0","0","0","0","0","0","0","1"
"0x7e1c777afab0","      STS.128 [R53+0x20000], R24","773","723","773","32768","1048576","1048576","32","32","0","0","0","Shared","Store","128","0","4","0","131072","131072","0","0","0","-","0","0","0","0","0","0","0","0","0","0","0","0","768","0","0","0","0","0","1","4","0","0","0","0","0","0","0","0","0","0","723","0","0","0","0","0","0","0","0","0","0","0"
"0x7e1c777afac0","      STS.128 [R53+0x20800], R28","253","250","253","32768","1048576","1048576","32","32","0","0","0","Shared","Store","128","0","4","0","131072","131072","0","0","0","-","0","0","0","0","0","0","0","0","0","0","0","0","237","0","0","1","0","0","0","1","0","0","0","14","0","0","0","0","0","0","235","0","0","1","0","0","0","0","0","0","0","14"
"0x7e1c777afad0","      STS.128 [R53+0x21000], R44","860","827","860","32768","1048576","1048576","32","32","0","0","0","Shared","Store","128","0","4","0","131072","131072","0","0","0","-","0","0","0","0","0","0","0","0","0","0","0","0","844","0","0","5","0","0","0","5","0","0","0","6","0","0","0","0","0","0","817","0","0","5","0","0","0","0","0","0","0","5"
"0x7e1c777afae0","      STS.128 [R53+0x21800], R40","11","10","11","32768","1048576","1048576","32","32","0","0","0","Shared","Store","128","0","4","0","131072","131072","0","0","0","-","0","0","0","0","0","0","0","0","0","0","0","0","0","0","0","2","0","0","0","1","0","0","0","8","0","0","0","0","0","0","0","0","0","2","0","0","0","0","0","0","0","8"
"0x7e1c777afaf0","      STS.128 [R53+0x22000], R36","7","6","7","32768","1048576","1048576","32","32","0","0","0","Shared","Store","128","0","4","0","131072","131072","0","0","0","-","0","0","0","0","0","0","0","0","0","0","0","0","0","0","0","0","0","0","0","1","0","0","0","6","0","0","0","0","0","0","0","0","0","0","0","0","0","0","0","0","0","6"
"0x7e1c777afb00","      STS.128 [R53+0x22800], R32","14","10","14","32768","1048576","1048576","32","32","0","0","0","Shared","Store","128","0","4","0","131072","131072","0","0","0","-","0","0","0","0","0","0","0","0","0","0","0","0","0","0","0","0","0","0","0","4","0","0","0","10","0","0","0","0","0","0","0","0","0","0","0","0","0","0","0","0","0","10"
"0x7e1c777afb10","      STS.128 [R53+0x23000], R48","4","3","4","32768","1048576","1048576","32","32","0","0","0","Shared","Store","128","0","4","0","131072","131072","0","0","0","-","0","0","0","0","0","0","0","0","0","0","0","0","0","0","0","0","0","0","0","1","0","0","0","3","0","0","0","0","0","0","0","0","0","0","0","0","0","0","0","0","0","3"
"0x7e1c777afb20","      STS.128 [R53+0x23800], R68","7","6","7","32768","1048576","1048576","32","32","0","0","0","Shared","Store","128","0","4","0","131072","131072","0","0","0","-","0","0","0","0","0","0","0","0","0","0","0","0","0","0","0","2","0","0","0","1","0","0","0","4","0","0","0","0","0","0","0","0","0","2","0","0","0","0","0","0","0","4"
"0x7e1c777afb30","@!PT  LDS RZ, [RZ]","14","11","14","32768","1048576","0","32","0","32","32","0","","Load","32","0","0","0","0","0","0","0","0","-","0","0","0","0","0","0","0","0","0","0","0","0","0","0","0","3","0","0","0","3","0","0","0","8","0","0","0","0","0","0","0","0","0","3","0","0","0","0","0","0","0","8"
"0x7e1c777afb40","@!PT  LDS RZ, [RZ]","4","2","4","32768","1048576","0","32","0","0","32","0","","Load","32","0","0","0","0","0","0","0","0","-","0","0","0","0","0","0","0","0","0","0","0","0","0","0","0","2","0","0","0","2","0","0","0","0","0","0","0","0","0","0","0","0","0","2","0","0","0","0","0","0","0","0"
"0x7e1c777afb50","@!PT  LDS RZ, [RZ]","8","7","8","32768","1048576","0","32","0","0","32","0","","Load","32","0","0","0","0","0","0","0","0","-","0","0","0","0","0","0","0","0","0","0","0","0","0","0","0","7","0","0","0","1","0","0","0","0","0","0","0","0","0","0","0","0","0","7","0","0","0","0","0","0","0","0"
"0x7e1c777afb60","      LDGSTS.E.BYPASS.128 desc[UR14][R6.64], P3, [R55]","7","3","7","32768","1048576","1048576","32","32","32","0","0","Global,Shared","Load,Store","128","130048","4","0","131072","131072","0","520192","520192","","0","0","0","0","0","0","0","0","0","0","0","0","0","0","0","3","0","0","0","4","0","0","0","0","0","0","0","0","0","0","0","0","0","3","0","0","0","0","0","0","0","0"
"0x7e1c777afb70","      LDGSTS.E.BYPASS.128 desc[UR14][R8.64], P4, [R55+0x800]","15","12","15","32768","1048576","1048576","32","32","0","0","0","Global,Shared","Load,Store","128","130048","4","0","131072","131072","0","520192","520192","","0","0","0","0","0","0","0","0","0","0","0","0","0","0","0","6","0","0","0","2","0","0","0","7","0","0","0","0","0","0","0","0","0","6","0","0","0","0","0","0","0","6"
"0x7e1c777afb80","      LDGSTS.E.BYPASS.128 desc[UR14][R4.64], P5, [R55+0x1000]","19","15","19","32768","1048576","1048576","32","32","0","0","0","Global,Shared","Load,Store","128","130048","4","0","131072","131072","0","520192","520192","","0","0","0","0","0","0","0","0","0","0","0","0","0","0","0","6","0","0","0","4","0","0","0","9","0","0","0","0","0","0","0","0","0","6","0","0","0","0","0","0","0","9"
"0x7e1c777afb90","      LDGSTS.E.BYPASS.128 desc[UR14][R10.64], P6, [R55+0x1800]","17","14","17","32768","1048576","1048576","32","32","0","0","0","Global,Shared","Load,Store","128","130048","4","0","131072","131072","0","520192","520192","","0","0","0","0","0","0","0","0","0","0","0","0","0","0","0","9","0","0","0","3","0","0","0","5","0","0","0","0","0","0","0","0","0","9","0","0","0","0","0","0","0","5"
"0x7e1c777afba0","      LDGDEPBAR","26","23","26","32768","1048576","1048576","32","32","0","0","0","-","-","-","0","0","0","0","0","0","0","0","-","0","0","0","0","0","0","0","0","0","0","0","0","0","0","0","20","0","0","0","3","0","0","0","3","0","0","0","0","0","0","0","0","0","20","0","0","0","0","0","0","0","3"
"0x7e1c777afbb0","      LDGSTS.E.BYPASS.128 desc[UR14][R22.64], P3, [R55+0x10000]","22","21","22","32768","1048576","1048576","32","32","0","0","0","Global,Shared","Load,Store","128","130048","4","0","131072","131072","0","520192","520192","","0","0","0","0","0","0","0","0","0","0","0","0","0","0","0","16","0","0","0","1","0","0","0","5","0","0","0","0","0","0","0","0","0","16","0","0","0","0","0","0","0","5"
"0x7e1c777afbc0","      LDGSTS.E.BYPASS.128 desc[UR14][R136.64], P4, [R55+0x10800]","22","19","22","32768","1048576","1048576","32","32","0","0","0","Global,Shared","Load,Store","128","130048","4","0","131072","131072","0","520192","520192","","0","0","0","0","0","0","0","0","0","0","0","0","0","0","0","14","0","0","1","2","0","0","0","5","0","0","0","0","0","0","0","0","0","14","0","0","0","0","0","0","0","5"
"0x7e1c777afbd0","      LDGSTS.E.BYPASS.128 desc[UR14][R138.64], P5, [R55+0x11000]","9","8","9","32768","1048576","1048576","32","32","0","0","0","Global,Shared","Load,Store","128","130048","4","0","131072","131072","0","520192","520192","","0","0","0","0","0","0","0","0","0","0","0","1","0","0","0","1","0","0","0","1","0","0","0","6","0","0","0","0","0","1","0","0","0","1","0","0","0","0","0","0","0","6"
"0x7e1c777afbe0","      LDGSTS.E.BYPASS.128 desc[UR14][R140.64], P6, [R55+0x11800]","8","6","8","32768","1048576","1048576","32","32","0","0","0","Global,Shared","Load,Store","128","130048","4","0","131072","131072","0","520192","520192","","0","0","0","0","0","0","0","0","0","0","0","1","0","0","0","1","0","0","0","2","0","0","0","4","0","0","0","0","0","1","0","0","0","1","0","0","0","0","0","0","0","4"
"0x7e1c777afbf0","      LDGDEPBAR","9","7","9","32768","1048576","1048576","32","32","0","0","0","-","-","-","0","0","0","0","0","0","0","0","-","0","0","0","0","0","0","0","0","0","0","0","0","0","0","0","2","0","0","0","2","0","0","0","5","0","0","0","0","0","0","0","0","0","2","0","0","0","0","0","0","0","5"
"0x7e1c777afc00","      ISETP.NE.U32.AND P3, PT, R75, RZ, PT","2","0","2","32768","1048576","1048576","32","32","0","0","0","-","-","-","0","0","0","0","0","0","0","0","-","0","0","0","0","0","0","0","0","0","0","0","0","0","0","0","0","0","0","0","2","0","0","0","0","0","0","0","0","0","0","0","0","0","0","0","0","0","0","0","0","0","0"
"0x7e1c777afc10","      BAR.SYNC.DEFER_BLOCKING 0x0","2","0","2","32768","1048576","1048576","32","32","0","0","0","-","-","-","0","0","0","0","0","0","0","0","-","0","0","0","0","0","0","0","0","0","0","0","0","0","0","0","0","0","0","0","2","0","0","0","0","0","0","0","0","0","0","0","0","0","0","0","0","0","0","0","0","0","0"
"0x7e1c777afc20","      ISETP.NE.U32.AND P4, PT, R76, RZ, PT","4","0","4","32768","1048576","1048576","32","32","0","0","0","-","-","-","0","0","0","0","0","0","0","0","-","0","0","0","0","0","0","0","0","0","0","0","0","0","0","0","0","0","0","0","4","0","0","0","0","0","0","0","0","0","0","0","0","0","0","0","0","0","0","0","0","0","0"
"0x7e1c777afc30","      ISETP.NE.U32.AND P5, PT, R77, RZ, PT","3","2","3","32768","1048576","1048576","32","32","0","0","0","-","-","-","0","0","0","0","0","0","0","0","-","0","0","0","0","0","0","0","0","0","0","0","0","0","0","0","0","0","0","0","1","0","0","0","2","0","0","0","0","0","0","0","0","0","0","0","0","0","0","0","0","0","2"
"0x7e1c777afc40","      ISETP.NE.U32.AND P6, PT, R78, RZ, PT","4","3","4","32768","1048576","1048576","32","32","0","0","0","-","-","-","0","0","0","0","0","0","0","0","-","0","0","0","0","0","0","0","0","0","0","0","0","0","0","0","0","0","0","0","1","0","0","0","3","0","0","0","0","0","0","0","0","0","0","0","0","0","0","0","0","0","3"
"0x7e1c777afc50","@!PT  LDS RZ, [RZ]","684","657","684","32768","1048576","0","32","0","32","32","0","","Load","32","0","0","0","0","0","0","0","0","-","0","0","0","0","0","0","678","0","0","0","0","0","0","0","0","1","0","0","2","3","0","0","0","0","656","0","0","0","0","0","0","0","0","1","0","0","0","0","0","0","0","0"
"0x7e1c777afc60","@!PT  LDS RZ, [RZ]","0","0","0","32768","1048576","0","32","0","0","32","0","","Load","32","0","0","0","0","0","0","0","0","-","0","0","0","0","0","0","0","0","0","0","0","0","0","0","0","0","0","0","0","0","0","0","0","0","0","0","0","0","0","0","0","0","0","0","0","0","0","0","0","0","0","0"
"0x7e1c777afc70","@!PT  LDS RZ, [RZ]","7","4","7","32768","1048576","0","32","0","0","32","0","","Load","32","0","0","0","0","0","0","0","0","-","0","0","0","0","0","0","0","0","0","0","0","0","0","0","0","4","0","0","1","2","0","0","0","0","0","0","0","0","0","0","0","0","0","4","0","0","0","0","0","0","0","0"
"0x7e1c777afc80","      LDGSTS.E.BYPASS.128 desc[UR14][R6.64], P3, [R55+0x4000]","7","4","7","32768","1048576","1048576","32","32","32","0","0","Global,Shared","Load,Store","128","130048","4","0","131072","131072","0","520192","520192","","0","0","0","0","0","0","0","0","0","0","0","0","0","0","0","4","0","0","2","1","0","0","0","0","0","0","0","0","0","0","0","0","0","4","0","0","0","0","0","0","0","0"
"0x7e1c777afc90","      LDGSTS.E.BYPASS.128 desc[UR14][R8.64], P4, [R55+0x4800]","16","10","16","32768","1048576","1048576","32","32","0","0","0","Global,Shared","Load,Store","128","130048","4","0","131072","131072","0","520192","520192","","0","0","0","0","0","0","0","0","0","0","0","0","0","0","0","8","0","0","0","1","0","0","0","7","0","0","0","0","0","0","0","0","0","6","0","0","0","0","0","0","0","4"
"0x7e1c777afca0","      LDGSTS.E.BYPASS.128 desc[UR14][R4.64], P5, [R55+0x5000]","48","41","48","32768","1048576","1048576","32","32","0","0","0","Global,Shared","Load,Store","128","130048","4","0","131072","131072","0","520192","520192","","0","0","0","0","0","0","0","0","0","0","0","3","0","0","0","34","0","0","1","1","0","0","0","9","0","0","0","0","0","2","0","0","0","33","0","0","0","0","0","0","0","6"
"0x7e1c777afcb0","      LDGSTS.E.BYPASS.128 desc[UR14][R10.64], P6, [R55+0x5800]","16","11","16","32768","1048576","1048576","32","32","0","0","0","Global,Shared","Load,Store","128","130048","4","0","131072","131072","0","520192","520192","","0","0","0","0","0","0","0","0","0","0","0","3","0","0","0","3","0","0","2","3","0","0","0","5","0","0","0","0","0","3","0","0","0","3","0","0","0","0","0","0","0","5"
"0x7e1c777afcc0","      LDGDEPBAR","13","11","13","32768","1048576","1048576","32","32","0","0","0","-","-","-","0","0","0","0","0","0","0","0","-","0","0","0","0","0","0","0","0","0","0","0","5","0","0","0","2","0","0","0","2","0","0","0","4","0","0","0","0","0","5","0","0","0","2","0","0","0","0","0","0","0","4"
"0x7e1c777afcd0","      LDGSTS.E.BYPASS.128 desc[UR14][R22.64], P3, [R55+0x14000]","13","12","13","32768","1048576","1048576","32","32","0","0","0","Global,Shared","Load,Store","128","130048","4","0","131072","131072","0","520192","520192","","0","0","0","0","0","0","0","0","0","0","0","4","0","0","0","5","0","0","1","0","0","0","0","3","0","0","0","0","0","4","0","0","0","5","0","0","0","0","0","0","0","3"
"0x7e1c777afce0","      LDGSTS.E.BYPASS.128 desc[UR14][R136.64], P4, [R55+0x14800]","20","17","20","32768","1048576","1048576","32","32","0","0","0","Global,Shared","Load,Store","128","130048","4","0","131072","131072","0","520192","520192","","0","0","0","0","0","0","0","0","0","0","0","11","0","0","0","3","0","0","0","3","0","0","0","3","0","0","0","0","0","11","0","0","0","3","0","0","0","0","0","0","0","3"
"0x7e1c777afcf0","      LDGSTS.E.BYPASS.128 desc[UR14][R138.64], P5, [R55+0x15000]","20","18","20","32768","1048576","1048576","32","32","0","0","0","Global,Shared","Load,Store","128","130048","4","0","131072","131072","0","520192","520192","","0","0","0","0","0","0","0","0","0","0","0","11","0","0","0","0","0","0","0","0","0","0","0","9","0","0","0","0","0","9","0","0","0","0","0","0","0","0","0","0","0","9"
"0x7e1c777afd00","      LDGSTS.E.BYPASS.128 desc[UR14][R140.64], P6, [R55+0x15800]","23","20","23","32768","1048576","1048576","32","32","0","0","0","Global,Shared","Load,Store","128","130048","4","0","131072","131072","0","520192","520192","","0","0","0","0","0","0","0","0","0","0","0","13","0","0","0","1","0","0","2","1","0","0","0","6","0","0","0","0","0","13","0","0","0","1","0","0","0","0","0","0","0","6"
"0x7e1c777afd10","      LDGDEPBAR","26","23","26","32768","1048576","1048576","32","32","0","0","0","-","-","-","0","0","0","0","0","0","0","0","-","0","0","0","0","0","0","0","0","0","0","0","19","0","0","0","2","0","0","1","2","0","0","0","2","0","0","0","0","0","19","0","0","0","2","0","0","0","0","0","0","0","2"
"0x7e1c777afd20","      ISETP.NE.U32.AND P3, PT, R79, RZ, PT","1","0","1","32768","1048576","1048576","32","32","0","0","0","-","-","-","0","0","0","0","0","0","0","0","-","0","0","0","0","0","0","0","0","0","0","0","0","0","0","0","0","0","0","0","1","0","0","0","0","0","0","0","0","0","0","0","0","0","0","0","0","0","0","0","0","0","0"
"0x7e1c777afd30","      BAR.SYNC.DEFER_BLOCKING 0x0","0","0","0","32768","1048576","1048576","32","32","0","0","0","-","-","-","0","0","0","0","0","0","0","0","-","0","0","0","0","0","0","0","0","0","0","0","0","0","0","0","0","0","0","0","0","0","0","0","0","0","0","0","0","0","0","0","0","0","0","0","0","0","0","0","0","0","0"
"0x7e1c777afd40","      ISETP.NE.U32.AND P4, PT, R80, RZ, PT","2","0","2","32768","1048576","1048576","32","32","0","0","0","-","-","-","0","0","0","0","0","0","0","0","-","0","0","0","0","0","0","0","0","0","0","0","0","0","0","0","0","0","0","0","2","0","0","0","0","0","0","0","0","0","0","0","0","0","0","0","0","0","0","0","0","0","0"
"0x7e1c777afd50","      ISETP.NE.U32.AND P5, PT, R81, RZ, PT","2","2","2","32768","1048576","1048576","32","32","0","0","0","-","-","-","0","0","0","0","0","0","0","0","-","0","0","0","0","0","0","0","0","0","0","0","0","0","0","0","0","0","0","0","0","0","0","0","2","0","0","0","0","0","0","0","0","0","0","0","0","0","0","0","0","0","2"
"0x7e1c777afd60","      ISETP.NE.U32.AND P6, PT, R82, RZ, PT","3","1","3","32768","1048576","1048576","32","32","0","0","0","-","-","-","0","0","0","0","0","0","0","0","-","0","0","0","0","0","0","0","0","0","0","0","0","0","0","0","0","0","0","0","2","0","0","0","1","0","0","0","0","0","0","0","0","0","0","0","0","0","0","0","0","0","1"
"0x7e1c777afd70","      SHF.R.U32.HI R25, RZ, 0x5, R0","2","0","2","32768","1048576","1048576","32","32","0","0","0","-","-","-","0","0","0","0","0","0","0","0","-","0","0","0","0","0","0","0","0","0","0","0","0","0","0","0","0","0","0","0","2","0","0","0","0","0","0","0","0","0","0","0","0","0","0","0","0","0","0","0","0","0","0"
"0x7e1c777afd80","@!PT  LDS RZ, [RZ]","133","120","133","32768","1048576","0","32","0","32","32","0","","Load","32","0","0","0","0","0","0","0","0","-","0","0","0","0","0","0","86","0","0","0","0","0","0","0","0","41","0","0","5","1","0","0","0","0","79","0","0","0","0","0","0","0","0","41","0","0","0","0","0","0","0","0"
"0x7e1c777afd90","@!PT  LDS RZ, [RZ]","16","14","16","32768","1048576","0","32","0","0","32","0","","Load","32","0","0","0","0","0","0","0","0","-","0","0","0","0","0","0","0","0","0","0","0","0","0","0","0","14","0","0","0","2","0","0","0","0","0","0","0","0","0","0","0","0","0","14","0","0","0","0","0","0","0","0"
"0x7e1c777afda0","@!PT  LDS RZ, [RZ]","25","23","25","32768","1048576","0","32","0","0","32","0","","Load","32","0","0","0","0","0","0","0","0","-","0","0","0","0","0","0","0","0","0","0","0","0","0","0","0","24","0","0","0","1","0","0","0","0","0","0","0","0","0","0","0","0","0","23","0","0","0","0","0","0","0","0"
"0x7e1c777afdb0","      LDGSTS.E.BYPASS.128 desc[UR14][R6.64], P3, [R55+0x8000]","29","24","29","32768","1048576","1048576","32","32","32","0","0","Global,Shared","Load,Store","128","129024","4","0","131072","131072","0","516096","516096","","0","0","0","0","0","0","0","0","0","0","0","0","0","0","0","24","0","0","1","4","0","0","0","0","0","0","0","0","0","0","0","0","0","24","0","0","0","0","0","0","0","0"
"0x7e1c777afdc0","      LDGSTS.E.BYPASS.128 desc[UR14][R8.64], P4, [R55+0x8800]","31","26","31","32768","1048576","1048576","32","32","0","0","0","Global,Shared","Load,Store","128","129024","4","0","131072","131072","0","516096","516096","","0","0","0","0","0","0","0","0","0","0","0","0","0","0","0","23","0","0","1","2","0","0","0","5","0","0","0","0","0","0","0","0","0","22","0","0","0","0","0","0","0","4"
"0x7e1c777afdd0","      LDGSTS.E.BYPASS.128 desc[UR14][R4.64], P5, [R55+0x9000]","24","22","24","32768","1048576","1048576","32","32","0","0","0","Global,Shared","Load,Store","128","129024","4","0","131072","131072","0","516096","516096","","0","0","0","0","0","0","0","0","0","0","0","0","0","0","0","17","0","0","1","1","0","0","0","5","0","0","0","0","0","0","0","0","0","17","0","0","0","0","0","0","0","5"
"0x7e1c777afde0","      LDGSTS.E.BYPASS.128 desc[UR14][R10.64], P6, [R55+0x9800]","31","26","31","32768","1048576","1048576","32","32","0","0","0","Global,Shared","Load,Store","128","129024","4","0","131072","131072","0","516096","516096","","0","0","0","0","0","0","0","0","0","0","0","0","0","0","0","19","0","0","4","0","0","0","0","8","0","0","0","0","0","0","0","0","0","19","0","0","0","0","0","0","0","7"
"0x7e1c777afdf0","      LDGDEPBAR","23","22","23","32768","1048576","1048576","32","32","0","0","0","-","-","-","0","0","0","0","0","0","0","0","-","0","0","0","0","0","0","0","0","0","0","0","0","0","0","0","16","0","0","0","1","0","0","0","6","0","0","0","0","0","0","0","0","0","16","0","0","0","0","0","0","0","6"
"0x7e1c777afe00","      LDGSTS.E.BYPASS.128 desc[UR14][R22.64], P3, [R55+0x18000]","35","31","35","32768","1048576","1048576","32","32","0","0","0","Global,Shared","Load,Store","128","129024","4","0","131072","131072","0","516096","516096","","0","0","0","0","0","0","0","0","0","0","0","0","0","0","0","21","0","0","2","1","0","0","0","11","0","0","0","0","0","0","0","0","0","21","0","0","0","0","0","0","0","10"
"0x7e1c777afe10","      PLOP3.LUT P3, PT, PT, PT, UP0, 0x40, 0x0","2","0","2","32768","1048576","1048576","32","32","0","0","0","-","-","-","0","0","0","0","0","0","0","0","-","0","0","0","0","0","0","0","0","0","0","0","0","0","0","0","0","0","0","0","2","0","0","0","0","0","0","0","0","0","0","0","0","0","0","0","0","0","0","0","0","0","0"
"0x7e1c777afe20","      LDGSTS.E.BYPASS.128 desc[UR14][R136.64], P4, [R55+0x18800]","28","22","28","32768","1048576","1048576","32","32","0","0","0","Global,Shared","Load,Store","128","129024","4","0","131072","131072","0","516096","516096","","0","0","0","0","0","0","0","0","0","0","0","3","0","0","0","19","0","0","2","4","0","0","0","0","0","0","0","0","0","3","0","0","0","19","0","0","0","0","0","0","0","0"
"0x7e1c777afe30","      R2UR UR21, R25","4","0","4","32768","1048576","1048576","32","32","0","0","0","-","-","-","0","0","0","0","0","0","0","0","-","0","0","0","0","0","0","0","0","0","0","0","0","0","0","0","0","0","0","0","4","0","0","0","0","0","0","0","0","0","0","0","0","0","0","0","0","0","0","0","0","0","0"
"0x7e1c777afe40","      LDGSTS.E.BYPASS.128 desc[UR14][R138.64], P5, [R55+0x19000]","51","45","51","32768","1048576","1048576","32","32","0","0","0","Global,Shared","Load,Store","128","129024","4","0","131072","131072","0","516096","516096","","0","0","0","0","0","0","0","0","0","0","0","10","0","0","0","31","0","0","1","4","0","0","0","5","0","0","0","0","0","9","0","0","0","31","0","0","0","0","0","0","0","5"
"0x7e1c777afe50","      LDGSTS.E.BYPASS.128 desc[UR14][R140.64], P6, [R55+0x19800]","30","26","30","32768","1048576","1048576","32","32","0","0","0","Global,Shared","Load,Store","128","129024","4","0","131072","131072","0","516096","516096","","0","0","0","0","0","0","0","0","0","0","0","9","0","0","0","12","0","0","0","3","0","0","0","6","0","0","0","0","0","8","0","0","0","12","0","0","0","0","0","0","0","6"
"0x7e1c777afe60","      LDGDEPBAR","26","21","26","32768","1048576","1048576","32","32","0","0","0","-","-","-","0","0","0","0","0","0","0","0","-","0","0","0","0","0","0","0","0","0","0","0","6","0","0","0","8","0","0","1","3","0","0","0","8","0","0","0","0","0","6","0","0","0","8","0","0","0","0","0","0","0","7"
"0x7e1c777afe70","      CS2R R24, SRZ","1","0","1","32768","1048576","1048576","32","32","0","0","0","-","-","-","0","0","0","0","0","0","0","0","-","0","0","0","0","0","0","0","0","0","0","0","0","0","0","0","0","0","0","0","1","0","0","0","0","0","0","0","0","0","0","0","0","0","0","0","0","0","0","0","0","0","0"
"0x7e1c777afe80","@!PT  LDS RZ, [RZ]","20","19","20","32768","1048576","0","32","0","32","32","0","","Load","32","0","0","0","0","0","0","0","0","-","0","0","0","0","0","0","0","0","0","0","0","0","0","0","0","19","0","0","0","1","0","0","0","0","0","0","0","0","0","0","0","0","0","19","0","0","0","0","0","0","0","0"
"0x7e1c777afe90","      MEMBAR.ALL.CTA","40","35","40","32768","1048576","1048576","32","32","32","0","0","-","-","-","0","0","0","0","0","0","0","0","-","0","0","0","0","0","0","0","0","0","0","0","5","0","0","0","32","0","0","0","3","0","0","0","0","0","0","0","0","0","4","0","0","0","31","0","0","0","0","0","0","0","0"
"0x7e1c777afea0","      FENCE.VIEW.ASYNC.S","182","156","182","32768","1048576","1048576","32","32","0","0","0","-","-","-","0","0","0","0","0","0","0","0","-","0","0","0","0","0","0","0","0","0","0","0","0","169","0","0","0","0","0","0","2","0","0","0","11","0","0","0","0","0","0","145","0","0","0","0","0","0","0","0","0","0","11"
"0x7e1c777afeb0","      CS2R R26, SRZ","2","0","2","32768","1048576","1048576","32","32","0","0","0","-","-","-","0","0","0","0","0","0","0","0","-","0","0","0","0","0","0","0","0","0","0","0","0","0","0","0","0","0","0","0","2","0","0","0","0","0","0","0","0","0","0","0","0","0","0","0","0","0","0","0","0","0","0"
"0x7e1c777afec0","      CS2R R28, SRZ","10","4","10","32768","1048576","1048576","32","32","0","0","0","-","-","-","0","0","0","0","0","0","0","0","-","0","0","0","0","0","0","0","0","0","0","0","0","0","1","0","0","0","0","2","4","0","0","0","3","0","0","0","0","0","0","0","1","0","0","0","0","0","0","0","0","0","3"
"0x7e1c777afed0","      CS2R R30, SRZ","4","2","4","32768","1048576","1048576","32","32","0","0","0","-","-","-","0","0","0","0","0","0","0","0","-","0","0","0","0","0","0","0","0","0","0","0","0","0","0","0","0","0","0","0","2","0","0","0","2","0","0","0","0","0","0","0","0","0","0","0","0","0","0","0","0","0","2"
"0x7e1c777afee0","      CS2R R32, SRZ","2","2","2","32768","1048576","1048576","32","32","0","0","0","-","-","-","0","0","0","0","0","0","0","0","-","0","0","0","0","0","0","0","0","0","0","0","0","0","0","0","0","0","0","0","0","0","0","0","2","0","0","0","0","0","0","0","0","0","0","0","0","0","0","0","0","0","2"
"0x7e1c777afef0","      CS2R R34, SRZ","7","5","7","32768","1048576","1048576","32","32","0","0","0","-","-","-","0","0","0","0","0","0","0","0","-","0","0","0","0","0","0","0","0","0","0","0","0","0","1","0","0","0","0","0","2","0","0","0","4","0","0","0","0","0","0","0","1","0","0","0","0","0","0","0","0","0","4"
"0x7e1c777aff00","      CS2R R36, SRZ","2","1","2","32768","1048576","1048576","32","32","0","0","0","-","-","-","0","0","0","0","0","0","0","0","-","0","0","0","0","0","0","0","0","0","0","0","0","0","0","0","0","0","0","0","1","0","0","0","1","0","0","0","0","0","0","0","0","0","0","0","0","0","0","0","0","0","1"
"0x7e1c777aff10","      CS2R R38, SRZ","2","0","2","32768","1048576","1048576","32","32","0","0","0","-","-","-","0","0","0","0","0","0","0","0","-","0","0","0","0","0","0","0","0","0","0","0","0","0","0","0","0","0","0","0","2","0","0","0","0","0","0","0","0","0","0","0","0","0","0","0","0","0","0","0","0","0","0"
"0x7e1c777aff20","      CS2R R40, SRZ","8","3","8","32768","1048576","1048576","32","32","0","0","0","-","-","-","0","0","0","0","0","0","0","0","-","0","0","0","0","0","0","0","0","0","0","0","0","0","2","0","0","0","0","1","4","0","0","0","1","0","0","0","0","0","0","0","2","0","0","0","0","0","0","0","0","0","1"
"0x7e1c777aff30","      CS2R R42, SRZ","5","1","5","32768","1048576","1048576","32","32","0","0","0","-","-","-","0","0","0","0","0","0","0","0","-","0","0","0","0","0","0","0","0","0","0","0","0","0","0","0","0","0","0","0","4","0","0","0","1","0","0","0","0","0","0","0","0","0","0","0","0","0","0","0","0","0","1"
"0x7e1c777aff40","      CS2R R44, SRZ","6","3","6","32768","1048576","1048576","32","32","0","0","0","-","-","-","0","0","0","0","0","0","0","0","-","0","0","0","0","0","0","0","0","0","0","0","0","0","0","0","0","0","0","0","3","0","0","0","3","0","0","0","0","0","0","0","0","0","0","0","0","0","0","0","0","0","3"
"0x7e1c777aff50","      CS2R R46, SRZ","2","1","2","32768","1048576","1048576","32","32","0","0","0","-","-","-","0","0","0","0","0","0","0","0","-","0","0","0","0","0","0","0","0","0","0","0","0","0","0","0","0","0","0","0","1","0","0","0","1","0","0","0","0","0","0","0","0","0","0","0","0","0","0","0","0","0","1"
"0x7e1c777aff60","      CS2R R48, SRZ","4","1","4","32768","1048576","1048576","32","32","0","0","0","-","-","-","0","0","0","0","0","0","0","0","-","0","0","0","0","0","0","0","0","0","0","0","0","0","0","0","0","0","0","0","3","0","0","0","1","0","0","0","0","0","0","0","0","0","0","0","0","0","0","0","0","0","1"
"0x7e1c777aff70","      CS2R R50, SRZ","2","0","2","32768","1048576","1048576","32","32","0","0","0","-","-","-","0","0","0","0","0","0","0","0","-","0","0","0","0","0","0","0","0","0","0","0","0","0","0","0","0","0","0","0","2","0","0","0","0","0","0","0","0","0","0","0","0","0","0","0","0","0","0","0","0","0","0"
"0x7e1c777aff80","      CS2R R52, SRZ","8","5","8","32768","1048576","1048576","32","32","0","0","0","-","-","-","0","0","0","0","0","0","0","0","-","0","0","0","0","0","0","0","0","0","0","0","0","0","3","0","0","0","0","1","2","0","0","0","2","0","0","0","0","0","0","0","3","0","0","0","0","0","0","0","0","0","2"
"0x7e1c777aff90","      CS2R R54, SRZ","5","3","5","32768","1048576","1048576","32","32","0","0","0","-","-","-","0","0","0","0","0","0","0","0","-","0","0","0","0","0","0","0","0","0","0","0","0","0","0","0","0","0","0","0","2","0","0","0","3","0","0","0","0","0","0","0","0","0","0","0","0","0","0","0","0","0","3"
"0x7e1c777affa0","      CS2R R68, SRZ","10","5","10","32768","1048576","1048576","32","32","0","0","0","-","-","-","0","0","0","0","0","0","0","0","-","0","0","0","0","0","0","0","0","0","0","0","0","0","0","0","0","0","0","0","5","0","0","0","5","0","0","0","0","0","0","0","0","0","0","0","0","0","0","0","0","0","5"
"0x7e1c777affb0","      CS2R R70, SRZ","4","1","4","32768","1048576","1048576","32","32","0","0","0","-","-","-","0","0","0","0","0","0","0","0","-","0","0","0","0","0","0","0","0","0","0","0","0","0","0","0","0","0","0","0","3","0","0","0","1","0","0","0","0","0","0","0","0","0","0","0","0","0","0","0","0","0","1"
"0x7e1c777affc0","      CS2R R74, SRZ","5","2","5","32768","1048576","1048576","32","32","0","0","0","-","-","-","0","0","0","0","0","0","0","0","-","0","0","0","0","0","0","0","0","0","0","0","0","0","0","0","0","0","0","0","3","0","0","0","2","0","0","0","0","0","0","0","0","0","0","0","0","0","0","0","0","0","2"
"0x7e1c777affd0","      CS2R R76, SRZ","2","1","2","32768","1048576","1048576","32","32","0","0","0","-","-","-","0","0","0","0","0","0","0","0","-","0","0","0","0","0","0","0","0","0","0","0","0","0","0","0","0","0","0","0","1","0","0","0","1","0","0","0","0","0","0","0","0","0","0","0","0","0","0","0","0","0","1"
"0x7e1c777affe0","      CS2R R78, SRZ","22","11","22","32768","1048576","1048576","32","32","0","0","0","-","-","-","0","0","0","0","0","0","0","0","-","0","0","0","0","0","0","0","0","0","0","0","0","0","9","0","0","0","0","7","2","0","0","0","4","0","0","0","0","0","0","0","9","0","0","0","0","0","0","0","0","0","2"
"0x7e1c777afff0","      CS2R R80, SRZ","0","0","0","32768","1048576","1048576","32","32","0","0","0","-","-","-","0","0","0","0","0","0","0","0","-","0","0","0","0","0","0","0","0","0","0","0","0","0","0","0","0","0","0","0","0","0","0","0","0","0","0","0","0","0","0","0","0","0","0","0","0","0","0","0","0","0","0"
"0x7e1c777b0000","      CS2R R82, SRZ","7","4","7","32768","1048576","1048576","32","32","0","0","0","-","-","-","0","0","0","0","0","0","0","0","-","0","0","0","0","0","0","0","0","0","0","0","0","0","0","0","0","0","0","0","3","0","0","0","4","0","0","0","0","0","0","0","0","0","0","0","0","0","0","0","0","0","4"
"0x7e1c777b0010","@P3   BRA 0x7e1c777b0aa0","35","24","35","32768","1048576","8192","32","0","32","32","0","-","-","-","0","0","0","0","0","0","0","0","-","0","0","0","0","0","0","0","0","0","0","0","0","32","0","0","0","0","0","0","3","0","0","0","0","0","0","0","0","0","0","24","0","0","0","0","0","0","0","0","0","0","0"
"0x7e1c777b0020","      CS2R R24, SRZ","18","8","18","32512","1040384","1040384","32","32","32","0","0","-","-","-","0","0","0","0","0","0","0","0","-","0","0","0","0","0","0","0","0","0","0","0","0","0","5","0","0","0","0","2","4","0","0","0","7","0","0","0","0","0","0","0","5","0","0","0","0","0","0","0","0","0","3"
"0x7e1c777b0030","      CS2R R26, SRZ","3","1","3","32512","1040384","1040384","32","32","0","0","0","-","-","-","0","0","0","0","0","0","0","0","-","0","0","0","0","0","0","0","0","0","0","0","0","0","0","0","0","0","0","0","2","0","0","0","1","0","0","0","0","0","0","0","0","0","0","0","0","0","0","0","0","0","1"
"0x7e1c777b0040","      CS2R R28, SRZ","8","2","8","32512","1040384","1040384","32","32","0","0","0","-","-","-","0","0","0","0","0","0","0","0","-","0","0","0","0","0","0","0","0","0","0","0","0","0","0","0","0","0","0","0","6","0","0","0","2","0","0","0","0","0","0","0","0","0","0","0","0","0","0","0","0","0","2"
"0x7e1c777b0050","      CS2R R30, SRZ","5","2","5","32512","1040384","1040384","32","32","0","0","0","-","-","-","0","0","0","0","0","0","0","0","-","0","0","0","0","0","0","0","0","0","0","0","0","0","0","0","0","0","0","0","3","0","0","0","2","0","0","0","0","0","0","0","0","0","0","0","0","0","0","0","0","0","2"
"0x7e1c777b0060","      CS2R R32, SRZ","5","3","5","32512","1040384","1040384","32","32","0","0","0","-","-","-","0","0","0","0","0","0","0","0","-","0","0","0","0","0","0","0","0","0","0","0","0","0","0","0","0","0","0","0","2","0","0","0","3","0","0","0","0","0","0","0","0","0","0","0","0","0","0","0","0","0","3"
"0x7e1c777b0070","      CS2R R34, SRZ","5","3","5","32512","1040384","1040384","32","32","0","0","0","-","-","-","0","0","0","0","0","0","0","0","-","0","0","0","0","0","0","0","0","0","0","0","0","0","0","0","0","0","0","0","2","0","0","0","3","0","0","0","0","0","0","0","0","0","0","0","0","0","0","0","0","0","3"
"0x7e1c777b0080","      CS2R R36, SRZ","24","15","24","32512","1040384","1040384","32","32","0","0","0","-","-","-","0","0","0","0","0","0","0","0","-","0","0","0","0","0","0","0","0","0","0","0","0","0","14","0","0","0","0","6","3","0","0","0","1","0","0","0","0","0","0","0","14","0","0","0","0","0","0","0","0","0","1"
"0x7e1c777b0090","      CS2R R38, SRZ","4","1","4","32512","1040384","1040384","32","32","0","0","0","-","-","-","0","0","0","0","0","0","0","0","-","0","0","0","0","0","0","0","0","0","0","0","0","0","0","0","0","0","0","0","3","0","0","0","1","0","0","0","0","0","0","0","0","0","0","0","0","0","0","0","0","0","1"
"0x7e1c777b00a0","      CS2R R40, SRZ","3","1","3","32512","1040384","1040384","32","32","0","0","0","-","-","-","0","0","0","0","0","0","0","0","-","0","0","0","0","0","0","0","0","0","0","0","0","0","0","0","0","0","0","0","2","0","0","0","1","0","0","0","0","0","0","0","0","0","0","0","0","0","0","0","0","0","1"
"0x7e1c777b00b0","      CS2R R42, SRZ","4","2","4","32512","1040384","1040384","32","32","0","0","0","-","-","-","0","0","0","0","0","0","0","0","-","0","0","0","0","0","0","0","0","0","0","0","0","0","0","0","0","0","0","0","2","0","0","0","2","0","0","0","0","0","0","0","0","0","0","0","0","0","0","0","0","0","2"
"0x7e1c777b00c0","      CS2R R44, SRZ","3","1","3","32512","1040384","1040384","32","32","0","0","0","-","-","-","0","0","0","0","0","0","0","0","-","0","0","0","0","0","0","0","0","0","0","0","0","0","0","0","0","0","0","0","2","0","0","0","1","0","0","0","0","0","0","0","0","0","0","0","0","0","0","0","0","0","1"
"0x7e1c777b00d0","      CS2R R46, SRZ","2","1","2","32512","1040384","1040384","32","32","0","0","0","-","-","-","0","0","0","0","0","0","0","0","-","0","0","0","0","0","0","0","0","0","0","0","0","0","0","0","0","0","0","0","1","0","0","0","1","0","0","0","0","0","0","0","0","0","0","0","0","0","0","0","0","0","1"
"0x7e1c777b00e0","      CS2R R48, SRZ","13","5","13","32512","1040384","1040384","32","32","0","0","0","-","-","-","0","0","0","0","0","0","0","0","-","0","0","0","0","0","0","0","0","0","0","0","0","0","5","0","0","0","0","6","2","0","0","0","0","0","0","0","0","0","0","0","5","0","0","0","0","0","0","0","0","0","0"
"0x7e1c777b00f0","      CS2R R50, SRZ","3","1","3","32512","1040384","1040384","32","32","0","0","0","-","-","-","0","0","0","0","0","0","0","0","-","0","0","0","0","0","0","0","0","0","0","0","0","0","0","0","0","0","0","0","2","0","0","0","1","0","0","0","0","0","0","0","0","0","0","0","0","0","0","0","0","0","1"
"0x7e1c777b0100","      CS2R R52, SRZ","5","3","5","32512","1040384","1040384","32","32","0","0","0","-","-","-","0","0","0","0","0","0","0","0","-","0","0","0","0","0","0","0","0","0","0","0","0","0","0","0","0","0","0","0","2","0","0","0","3","0","0","0","0","0","0","0","0","0","0","0","0","0","0","0","0","0","3"
"0x7e1c777b0110","      CS2R R54, SRZ","9","4","9","32512","1040384","1040384","32","32","0","0","0","-","-","-","0","0","0","0","0","0","0","0","-","0","0","0","0","0","0","0","0","0","0","0","0","0","0","0","0","0","0","0","5","0","0","0","4","0","0","0","0","0","0","0","0","0","0","0","0","0","0","0","0","0","4"
"0x7e1c777b0120","      CS2R R56, SRZ","4","0","4","32512","1040384","1040384","32","32","0","0","0","-","-","-","0","0","0","0","0","0","0","0","-","0","0","0","0","0","0","0","0","0","0","0","0","0","0","0","0","0","0","0","4","0","0","0","0","0","0","0","0","0","0","0","0","0","0","0","0","0","0","0","0","0","0"
"0x7e1c777b0130","      CS2R R58, SRZ","4","3","4","32512","1040384","1040384","32","32","0","0","0","-","-","-","0","0","0","0","0","0","0","0","-","0","0","0","0","0","0","0","0","0","0","0","0","0","0","0","0","0","0","0","1","0","0","0","3","0","0","0","0","0","0","0","0","0","0","0","0","0","0","0","0","0","3"
"0x7e1c777b0140","      CS2R R60, SRZ","28","16","28","32512","1040384","1040384","32","32","0","0","0","-","-","-","0","0","0","0","0","0","0","0","-","0","0","0","0","0","0","0","0","0","0","0","0","0","12","0","0","0","0","9","3","0","0","0","4","0","0","0","0","0","0","0","12","0","0","0","0","0","0","0","0","0","4"
"0x7e1c777b0150","      CS2R R62, SRZ","3","1","3","32512","1040384","1040384","32","32","0","0","0","-","-","-","0","0","0","0","0","0","0","0","-","0","0","0","0","0","0","0","0","0","0","0","0","0","0","0","0","0","0","1","1","0","0","0","1","0","0","0","0","0","0","0","0","0","0","0","0","0","0","0","0","0","1"
"0x7e1c777b0160","      CS2R R64, SRZ","4","2","4","32512","1040384","1040384","32","32","0","0","0","-","-","-","0","0","0","0","0","0","0","0","-","0","0","0","0","0","0","0","0","0","0","0","0","0","0","0","0","0","0","0","2","0","0","0","2","0","0","0","0","0","0","0","0","0","0","0","0","0","0","0","0","0","2"
"0x7e1c777b0170","      CS2R R66, SRZ","1","0","1","32512","1040384","1040384","32","32","0","0","0","-","-","-","0","0","0","0","0","0","0","0","-","0","0","0","0","0","0","0","0","0","0","0","0","0","0","0","0","0","0","0","1","0","0","0","0","0","0","0","0","0","0","0","0","0","0","0","0","0","0","0","0","0","0"
"0x7e1c777b0180","      CS2R R68, SRZ","5","2","5","32512","1040384","1040384","32","32","0","0","0","-","-","-","0","0","0","0","0","0","0","0","-","0","0","0","0","0","0","0","0","0","0","0","0","0","0","0","0","0","0","0","3","0","0","0","2","0","0","0","0","0","0","0","0","0","0","0","0","0","0","0","0","0","2"
"0x7e1c777b0190","      CS2R R70, SRZ","3","1","3","32512","1040384","1040384","32","32","0","0","0","-","-","-","0","0","0","0","0","0","0","0","-","0","0","0","0","0","0","0","0","0","0","0","0","0","0","0","0","0","0","0","2","0","0","0","1","0","0","0","0","0","0","0","0","0","0","0","0","0","0","0","0","0","1"
"0x7e1c777b01a0","      CS2R R72, SRZ","14","9","14","32512","1040384","1040384","32","32","0","0","0","-","-","-","0","0","0","0","0","0","0","0","-","0","0","0","0","0","0","0","0","0","0","0","0","0","7","0","0","0","0","4","1","0","0","0","2","0","0","0","0","0","0","0","7","0","0","0","0","0","0","0","0","0","2"
"0x7e1c777b01b0","      CS2R R74, SRZ","6","3","6","32512","1040384","1040384","32","32","0","0","0","-","-","-","0","0","0","0","0","0","0","0","-","0","0","0","0","0","0","0","0","0","0","0","0","0","0","0","0","0","0","1","2","0","0","0","3","0","0","0","0","0","0","0","0","0","0","0","0","0","0","0","0","0","3"
"0x7e1c777b01c0","      CS2R R76, SRZ","9","1","9","32512","1040384","1040384","32","32","0","0","0","-","-","-","0","0","0","0","0","0","0","0","-","0","0","0","0","0","0","0","0","0","0","0","0","0","0","0","0","0","0","4","3","0","0","0","2","0","0","0","0","0","0","0","0","0","0","0","0","0","0","0","0","0","1"
"0x7e1c777b01d0","      CS2R R78, SRZ","5","2","5","32512","1040384","1040384","32","32","0","0","0","-","-","-","0","0","0","0","0","0","0","0","-","0","0","0","0","0","0","0","0","0","0","0","0","0","0","0","0","0","0","0","3","0","0","0","2","0","0","0","0","0","0","0","0","0","0","0","0","0","0","0","0","0","2"
"0x7e1c777b01e0","      CS2R R80, SRZ","2","1","2","32512","1040384","1040384","32","32","0","0","0","-","-","-","0","0","0","0","0","0","0","0","-","0","0","0","0","0","0","0","0","0","0","0","0","0","0","0","0","0","0","0","1","0","0","0","1","0","0","0","0","0","0","0","0","0","0","0","0","0","0","0","0","0","1"
"0x7e1c777b01f0","      CS2R R82, SRZ","5","3","5","32512","1040384","1040384","32","32","0","0","0","-","-","-","0","0","0","0","0","0","0","0","-","0","0","0","0","0","0","0","0","0","0","0","0","0","0","0","0","0","0","0","2","0","0","0","3","0","0","0","0","0","0","0","0","0","0","0","0","0","0","0","0","0","3"
"0x7e1c777b0200","      CS2R R84, SRZ","22","9","22","32512","1040384","1040384","32","32","0","0","0","-","-","-","0","0","0","0","0","0","0","0","-","0","0","0","0","0","0","0","0","0","0","0","0","0","6","0","0","0","0","9","2","0","0","0","5","0","0","0","0","0","0","0","6","0","0","0","0","0","0","0","0","0","3"
"0x7e1c777b0210","      CS2R R86, SRZ","5","1","5","32512","1040384","1040384","32","32","0","0","0","-","-","-","0","0","0","0","0","0","0","0","-","0","0","0","0","0","0","0","0","0","0","0","0","0","0","0","0","0","0","1","2","0","0","0","2","0","0","0","0","0","0","0","0","0","0","0","0","0","0","0","0","0","1"
"0x7e1c777b0220","      UIADD3 UR13, UR8, -0xc0, URZ","3","0","3","32512","1040384","1040384","32","32","0","0","0","-","-","-","0","0","0","0","0","0","0","0","-","0","0","0","0","0","0","0","0","0","0","0","0","0","0","0","0","0","0","0","3","0","0","0","0","0","0","0","0","0","0","0","0","0","0","0","0","0","0","0","0","0","0"
"0x7e1c777b0230","      UIADD3 UR22, UR9, 0x20000, URZ","3","0","3","32512","1040384","1040384","32","32","0","0","0","-","-","-","0","0","0","0","0","0","0","0","-","0","0","0","0","0","0","0","0","0","0","0","0","0","0","0","0","0","0","1","1","0","0","0","1","0","0","0","0","0","0","0","0","0","0","0","0","0","0","0","0","0","0"
"0x7e1c777b0240","      UMOV UR11, 0x2","1","0","1","32512","1040384","1040384","32","32","0","0","0","-","-","-","0","0","0","0","0","0","0","0","-","0","0","0","0","0","0","0","0","0","0","0","0","0","0","0","0","0","0","0","1","0","0","0","0","0","0","0","0","0","0","0","0","0","0","0","0","0","0","0","0","0","0"
"0x7e1c777b0250","      UMOV UR7, 0xffffffff","1","0","1","32512","1040384","1040384","32","32","0","0","0","-","-","-","0","0","0","0","0","0","0","0","-","0","0","0","0","0","0","0","0","0","0","0","0","0","0","0","0","0","0","0","1","0","0","0","0","0","0","0","0","0","0","0","0","0","0","0","0","0","0","0","0","0","0"
"0x7e1c777b0260","      UMOV UR4, URZ","3","0","3","32512","1040384","1040384","32","32","0","0","0","-","-","-","0","0","0","0","0","0","0","0","-","0","0","0","0","0","0","0","0","0","0","0","0","0","0","0","0","0","0","0","3","0","0","0","0","0","0","0","0","0","0","0","0","0","0","0","0","0","0","0","0","0","0"
"0x7e1c777b0270","      VIADD R88, R16, UR4","1213","1201","1213","4161536","133169152","133169152","32","32","0","0","0","-","-","-","0","0","0","0","0","0","0","0","-","0","0","0","0","0","0","0","687","0","0","0","0","0","0","0","0","0","500","0","2","0","0","0","24","0","687","0","0","0","0","0","0","0","0","0","500","0","0","0","0","0","14"
"0x7e1c777b0280","      DEPBAR.LE SB0, 0x4","726","498","726","4161536","133169152","133169152","32","32","0","0","0","-","-","-","0","0","0","0","0","0","0","0","-","0","0","0","0","0","0","0","0","0","0","0","0","0","0","0","0","0","498","0","228","0","0","0","0","0","0","0","0","0","0","0","0","0","0","0","498","0","0","0","0","0","0"
"0x7e1c777b0290","      VIADD R89, R88, 0xc0","26404","23097","26404","4161536","133169152","133169152","32","32","0","0","0","-","-","-","0","0","0","0","0","0","0","0","-","0","0","0","0","0","0","0","0","0","0","0","0","24996","0","0","0","0","0","0","257","0","0","0","1151","0","0","0","0","0","0","22071","0","0","0","0","0","0","0","0","0","0","1026"
"0x7e1c777b02a0","      BAR.SYNC.DEFER_BLOCKING 0x0","281","0","281","4161536","133169152","133169152","32","32","0","0","0","-","-","-","0","0","0","0","0","0","0","0","-","0","0","0","0","0","0","0","0","0","0","0","0","0","0","0","0","0","0","0","281","0","0","0","0","0","0","0","0","0","0","0","0","0","0","0","0","0","0","0","0","0","0"
"0x7e1c777b02b0","      VIADD R90, R88, 0xd0","261","0","261","4161536","133169152","133169152","32","32","0","0","0","-","-","-","0","0","0","0","0","0","0","0","-","0","0","0","0","0","0","0","0","0","0","0","0","0","0","0","0","0","0","0","261","0","0","0","0","0","0","0","0","0","0","0","0","0","0","0","0","0","0","0","0","0","0"
"0x7e1c777b02c0","      UISETP.GE.AND UP0, UPT, UR4, UR13, UPT","273","0","273","4161536","133169152","133169152","32","32","0","0","0","-","-","-","0","0","0","0","0","0","0","0","-","0","0","0","0","0","0","0","0","0","0","0","0","0","0","0","0","0","0","0","273","0","0","0","0","0","0","0","0","0","0","0","0","0","0","0","0","0","0","0","0","0","0"
"0x7e1c777b02d0","      VIADD R91, R88, 0xe0","280","0","280","4161536","133169152","133169152","32","32","0","0","0","-","-","-","0","0","0","0","0","0","0","0","-","0","0","0","0","0","0","0","0","0","0","0","0","0","0","0","0","0","0","0","280","0","0","0","0","0","0","0","0","0","0","0","0","0","0","0","0","0","0","0","0","0","0"
"0x7e1c777b02e0","      ISETP.GE.AND P3, PT, R89, UR20, PT","719","0","719","4161536","133169152","133169152","32","32","0","0","0","-","-","-","0","0","0","0","0","0","0","0","-","0","0","0","0","0","0","0","0","468","0","0","0","0","0","0","0","0","0","0","251","0","0","0","0","0","0","0","0","0","0","0","0","0","0","0","0","0","0","0","0","0","0"
"0x7e1c777b02f0","      VIADD R88, R88, 0xf0","244","0","244","4161536","133169152","133169152","32","32","0","0","0","-","-","-","0","0","0","0","0","0","0","0","-","0","0","0","0","0","0","0","0","0","0","0","0","0","0","0","0","0","0","0","244","0","0","0","0","0","0","0","0","0","0","0","0","0","0","0","0","0","0","0","0","0","0"
"0x7e1c777b0300","      UIADD3 UR7, UR7, 0x1, URZ","733","0","733","4161536","133169152","133169152","32","32","0","0","0","-","-","-","0","0","0","0","0","0","0","0","-","0","0","0","0","0","0","0","0","487","0","0","0","0","0","0","0","0","0","0","246","0","0","0","0","0","0","0","0","0","0","0","0","0","0","0","0","0","0","0","0","0","0"
"0x7e1c777b0310","      SEL R89, RZ, 0x10, P3","1043","792","1043","4161536","133169152","133169152","32","32","0","0","0","-","-","-","0","0","0","0","0","0","0","0","-","0","0","0","0","0","0","0","0","526","0","0","0","0","1","0","0","0","0","0","250","0","0","0","266","0","0","526","0","0","0","0","1","0","0","0","0","0","0","0","0","0","265"
"0x7e1c777b0320","      USHF.L.U32 UR5, UR21, 0x7, URZ","310","0","310","4161536","133169152","133169152","32","32","0","0","0","-","-","-","0","0","0","0","0","0","0","0","-","0","0","0","0","0","0","0","0","43","0","0","0","0","0","0","0","0","0","0","267","0","0","0","0","0","0","0","0","0","0","0","0","0","0","0","0","0","0","0","0","0","0"
"0x7e1c777b0330","      ISETP.GE.AND P3, PT, R90, UR20, PT","744","0","744","4161536","133169152","133169152","32","32","0","0","0","-","-","-","0","0","0","0","0","0","0","0","-","0","0","0","0","0","0","0","0","469","0","0","0","0","0","0","0","0","0","0","275","0","0","0","0","0","0","0","0","0","0","0","0","0","0","0","0","0","0","0","0","0","0"
"0x7e1c777b0340","      UMOV UR17, 0x40000040","10554","7145","10554","4161536","133169152","133169152","32","32","0","0","0","-","-","-","0","0","0","0","0","0","0","0","-","0","0","0","0","0","0","9198","0","199","0","0","0","0","0","0","0","0","0","913","244","0","0","0","0","7142","0","3","0","0","0","0","0","0","0","0","0","0","0","0","0","0","0"
"0x7e1c777b0350","      UMOV UR19, 0x40000040","416","0","416","4161536","133169152","133169152","32","32","0","0","0","-","-","-","0","0","0","0","0","0","0","0","-","0","0","0","0","0","0","0","0","155","0","0","0","0","0","0","0","0","0","0","261","0","0","0","0","0","0","0","0","0","0","0","0","0","0","0","0","0","0","0","0","0","0"
"0x7e1c777b0360","      ULOP3.LUT UR5, UR5, 0x200, URZ, 0xc0, !UPT","294","0","294","4161536","133169152","133169152","32","32","0","0","0","-","-","-","0","0","0","0","0","0","0","0","-","0","0","0","0","0","0","0","0","53","0","0","0","0","0","0","0","0","0","0","241","0","0","0","0","0","0","0","0","0","0","0","0","0","0","0","0","0","0","0","0","0","0"
"0x7e1c777b0370","      SEL R90, RZ, 0x10, P3","245","0","245","4161536","133169152","133169152","32","32","0","0","0","-","-","-","0","0","0","0","0","0","0","0","-","0","0","0","0","0","0","0","0","0","0","0","0","0","0","0","0","0","0","0","245","0","0","0","0","0","0","0","0","0","0","0","0","0","0","0","0","0","0","0","0","0","0"
"0x7e1c777b0380","      UMOV UR6, URZ","245","0","245","4161536","133169152","133169152","32","32","0","0","0","-","-","-","0","0","0","0","0","0","0","0","-","0","0","0","0","0","0","0","0","0","0","0","0","0","0","0","0","0","0","0","245","0","0","0","0","0","0","0","0","0","0","0","0","0","0","0","0","0","0","0","0","0","0"
"0x7e1c777b0390","      ISETP.GE.AND P3, PT, R91, UR20, PT","464","0","464","4161536","133169152","133169152","32","32","0","0","0","-","-","-","0","0","0","0","0","0","0","0","-","0","0","0","0","0","0","0","0","200","0","0","0","0","0","0","0","0","0","0","264","0","0","0","0","0","0","0","0","0","0","0","0","0","0","0","0","0","0","0","0","0","0"
"0x7e1c777b03a0","      ULEA.HI UR5, UR22, UR5, URZ, 0x1c","257","0","257","4161536","133169152","133169152","32","32","0","0","0","-","-","-","0","0","0","0","0","0","0","0","-","0","0","0","0","0","0","0","0","6","0","0","0","0","0","0","0","0","0","0","251","0","0","0","0","0","0","0","0","0","0","0","0","0","0","0","0","0","0","0","0","0","0"
"0x7e1c777b03b0","      UIADD3 UR11, UR11, 0x1, URZ","3199","316","3199","4161536","133169152","133169152","32","32","0","0","0","-","-","-","0","0","0","0","0","0","0","0","-","0","0","0","0","0","0","0","0","447","0","0","0","0","802","0","0","0","0","1482","243","0","0","0","225","0","0","57","0","0","0","0","136","0","0","0","0","0","0","0","0","0","123"
"0x7e1c777b03c0","      SEL R91, RZ, 0x10, P3","376","0","376","4161536","133169152","133169152","32","32","0","0","0","-","-","-","0","0","0","0","0","0","0","0","-","0","0","0","0","0","0","0","0","129","0","0","0","0","0","0","0","0","0","0","247","0","0","0","0","0","0","0","0","0","0","0","0","0","0","0","0","0","0","0","0","0","0"
"0x7e1c777b03d0","      ULOP3.LUT UR16, UR5, 0x3fff, URZ, 0xc0, !UPT","252","0","252","4161536","133169152","133169152","32","32","0","0","0","-","-","-","0","0","0","0","0","0","0","0","-","0","0","0","0","0","0","0","0","0","0","0","0","0","0","0","0","0","0","0","252","0","0","0","0","0","0","0","0","0","0","0","0","0","0","0","0","0","0","0","0","0","0"
"0x7e1c777b03e0","      ISETP.GE.AND P3, PT, R88, UR20, PT","269","0","269","4161536","133169152","133169152","32","32","0","0","0","-","-","-","0","0","0","0","0","0","0","0","-","0","0","0","0","0","0","0","0","0","0","0","0","0","0","0","0","0","0","0","269","0","0","0","0","0","0","0","0","0","0","0","0","0","0","0","0","0","0","0","0","0","0"
"0x7e1c777b03f0","      UIADD3 UR4, UR4, 0x40, URZ","248","0","248","4161536","133169152","133169152","32","32","0","0","0","-","-","-","0","0","0","0","0","0","0","0","-","0","0","0","0","0","0","0","0","0","0","0","0","0","0","0","0","0","0","0","248","0","0","0","0","0","0","0","0","0","0","0","0","0","0","0","0","0","0","0","0","0","0"
"0x7e1c777b0400","@!PT  LDS RZ, [RZ]","238","0","238","4161536","133169152","0","32","0","32","32","0","","Load","32","0","0","0","0","0","0","0","0","-","0","0","0","0","0","0","0","0","0","0","0","0","0","0","0","0","0","0","0","238","0","0","0","0","0","0","0","0","0","0","0","0","0","0","0","0","0","0","0","0","0","0"
"0x7e1c777b0410","@!PT  LDS RZ, [RZ]","636","0","636","4161536","133169152","0","32","0","0","32","0","","Load","32","0","0","0","0","0","0","0","0","-","0","0","0","0","0","0","0","0","383","0","0","0","0","0","0","0","0","0","0","253","0","0","0","0","0","0","0","0","0","0","0","0","0","0","0","0","0","0","0","0","0","0"
"0x7e1c777b0420","@!PT  LDS RZ, [RZ]","253","0","253","4161536","133169152","0","32","0","0","32","0","","Load","32","0","0","0","0","0","0","0","0","-","0","0","0","0","0","0","0","0","0","0","0","0","0","0","0","0","0","0","0","253","0","0","0","0","0","0","0","0","0","0","0","0","0","0","0","0","0","0","0","0","0","0"
"0x7e1c777b0430","@!PT  LDS RZ, [RZ]","261","0","261","4161536","133169152","0","32","0","0","32","0","","Load","32","0","0","0","0","0","0","0","0","-","0","0","0","0","0","0","0","0","0","0","0","0","0","0","0","0","0","0","0","261","0","0","0","0","0","0","0","0","0","0","0","0","0","0","0","0","0","0","0","0","0","0"
"0x7e1c777b0440","      MEMBAR.ALL.CTA","244","0","244","4161536","133169152","133169152","32","32","32","0","0","-","-","-","0","0","0","0","0","0","0","0","-","0","0","0","0","0","0","0","0","0","0","0","0","0","0","0","0","0","0","0","244","0","0","0","0","0","0","0","0","0","0","0","0","0","0","0","0","0","0","0","0","0","0"
"0x7e1c777b0450","      FENCE.VIEW.ASYNC.S","5349","2567","5349","4161536","133169152","133169152","32","32","0","0","0","-","-","-","0","0","0","0","0","0","0","0","-","0","0","0","0","0","0","0","0","1","0","0","0","3745","0","0","0","0","0","28","252","0","0","0","1323","0","0","0","0","0","0","2009","0","0","0","0","0","0","0","0","0","0","558"
"0x7e1c777b0460","      UMOV UR5, URZ","232","0","232","4161536","133169152","133169152","32","32","0","0","0","-","-","-","0","0","0","0","0","0","0","0","-","0","0","0","0","0","0","0","0","0","0","0","0","0","0","0","0","0","0","0","232","0","0","0","0","0","0","0","0","0","0","0","0","0","0","0","0","0","0","0","0","0","0"
"0x7e1c777b0470","      SEL R88, RZ, 0x10, P3","297","0","297","4161536","133169152","133169152","32","32","0","0","0","-","-","-","0","0","0","0","0","0","0","0","-","0","0","0","0","0","0","0","0","21","0","0","0","0","0","0","0","0","0","0","276","0","0","0","0","0","0","0","0","0","0","0","0","0","0","0","0","0","0","0","0","0","0"
"0x7e1c777b0480","      PLOP3.LUT P3, PT, PT, PT, UP0, 0x40, 0x0","1724","736","1724","4161536","133169152","133169152","32","32","0","0","0","-","-","-","0","0","0","0","0","0","0","0","-","0","0","0","0","0","0","0","0","47","0","0","0","0","625","0","0","0","0","561","235","0","0","0","256","0","0","47","0","0","0","0","433","0","0","0","0","0","0","0","0","0","256"
"0x7e1c777b0490","      SEL R147, R89, RZ, P3","1121","631","1121","4161536","133169152","133169152","32","32","0","0","0","-","-","-","0","0","0","0","0","0","0","0","-","0","0","0","0","0","0","0","0","0","0","0","0","0","1","0","0","0","0","1","232","0","0","0","887","0","0","0","0","0","0","0","1","0","0","0","0","0","0","0","0","0","630"
"0x7e1c777b04a0","      PLOP3.LUT P3, PT, PT, PT, UP0, 0x40, 0x0","549","273","549","4161536","133169152","133169152","32","32","0","0","0","-","-","-","0","0","0","0","0","0","0","0","-","0","0","0","0","0","0","0","0","19","0","0","0","0","13","0","0","0","0","14","248","0","0","0","255","0","0","8","0","0","0","0","13","0","0","0","0","0","0","0","0","0","252"
"0x7e1c777b04b0","      SEL R148, R90, RZ, P3","1235","939","1235","4161536","133169152","133169152","32","32","0","0","0","-","-","-","0","0","0","0","0","0","0","0","-","0","0","0","0","0","0","0","0","0","0","0","0","0","7","0","0","0","0","15","247","0","0","0","966","0","0","0","0","0","0","0","7","0","0","0","0","0","0","0","0","0","932"
"0x7e1c777b04c0","      PLOP3.LUT P3, PT, PT, PT, UP0, 0x40, 0x0","871","328","871","4161536","133169152","133169152","32","32","0","0","0","-","-","-","0","0","0","0","0","0","0","0","-","0","0","0","0","0","0","0","0","63","0","0","0","0","98","0","0","0","0","192","241","0","0","0","277","0","0","59","0","0","0","0","98","0","0","0","0","0","0","0","0","0","171"
"0x7e1c777b04d0","      ISETP.NE.U32.AND P4, PT, R148, RZ, PT","730","246","730","4161536","133169152","133169152","32","32","0","0","0","-","-","-","0","0","0","0","0","0","0","0","-","0","0","0","0","0","0","0","0","17","0","0","0","0","96","0","0","0","0","142","235","0","0","0","240","0","0","0","0","0","0","0","79","0","0","0","0","0","0","0","0","0","167"
"0x7e1c777b04e0","      SEL R149, R91, RZ, P3","683","242","683","4161536","133169152","133169152","32","32","0","0","0","-","-","-","0","0","0","0","0","0","0","0","-","0","0","0","0","0","0","0","0","0","0","0","0","0","34","0","0","0","0","50","280","0","0","0","319","0","0","0","0","0","0","0","34","0","0","0","0","0","0","0","0","0","208"
"0x7e1c777b04f0","      PLOP3.LUT P3, PT, PT, PT, UP0, 0x40, 0x0","578","195","578","4161536","133169152","133169152","32","32","0","0","0","-","-","-","0","0","0","0","0","0","0","0","-","0","0","0","0","0","0","0","0","4","0","0","0","0","37","0","0","0","0","50","271","0","0","0","216","0","0","1","0","0","0","0","37","0","0","0","0","0","0","0","0","0","157"
"0x7e1c777b0500","      UISETP.GT.AND UP0, UPT, UR7, 0x3, UPT","262","0","262","4161536","133169152","133169152","32","32","0","0","0","-","-","-","0","0","0","0","0","0","0","0","-","0","0","0","0","0","0","0","0","2","0","0","0","0","0","0","0","0","0","0","260","0","0","0","0","0","0","0","0","0","0","0","0","0","0","0","0","0","0","0","0","0","0"
"0x7e1c777b0510","      ISETP.NE.U32.AND P5, PT, R149, RZ, PT","256","0","256","4161536","133169152","133169152","32","32","0","0","0","-","-","-","0","0","0","0","0","0","0","0","-","0","0","0","0","0","0","0","0","0","0","0","0","0","0","0","0","0","0","0","256","0","0","0","0","0","0","0","0","0","0","0","0","0","0","0","0","0","0","0","0","0","0"
"0x7e1c777b0520","      SEL R150, R88, RZ, P3","1022","354","1022","4161536","133169152","133169152","32","32","0","0","0","-","-","-","0","0","0","0","0","0","0","0","-","0","0","0","0","0","0","0","0","0","0","0","0","0","179","0","0","0","0","260","253","0","0","0","330","0","0","0","0","0","0","0","179","0","0","0","0","0","0","0","0","0","175"
"0x7e1c777b0530","      USEL UR7, UR7, URZ, !UP0","263","0","263","4161536","133169152","133169152","32","32","0","0","0","-","-","-","0","0","0","0","0","0","0","0","-","0","0","0","0","0","0","0","0","11","0","0","0","0","0","0","0","0","0","0","252","0","0","0","0","0","0","0","0","0","0","0","0","0","0","0","0","0","0","0","0","0","0"
"0x7e1c777b0540","      WARPGROUP.ARRIVE","2259","1017","2259","4161536","133169152","133169152","32","32","0","0","0","-","-","-","0","0","0","0","0","0","0","0","-","0","0","0","0","0","0","0","0","8","0","0","0","1849","0","0","0","0","0","128","274","0","0","0","0","0","0","0","0","0","0","1017","0","0","0","0","0","0","0","0","0","0","0"
"0x7e1c777b0550","      ISETP.NE.U32.AND P3, PT, R147, RZ, PT","247","0","247","4161536","133169152","133169152","32","32","0","0","0","-","-","-","0","0","0","0","0","0","0","0","-","0","0","0","0","0","0","0","0","1","0","0","0","0","0","0","0","0","0","0","246","0","0","0","0","0","0","0","0","0","0","0","0","0","0","0","0","0","0","0","0","0","0"
"0x7e1c777b0560","      ULEA UR12, UR7, UR9, 0xe","1006","443","1006","4161536","133169152","133169152","32","32","0","0","0","-","-","-","0","0","0","0","0","0","0","0","-","0","0","0","0","0","0","0","0","3","0","0","0","0","288","0","0","0","0","201","240","0","0","0","274","0","0","2","0","0","0","0","284","0","0","0","0","0","0","0","0","0","157"
"0x7e1c777b0570","      ISETP.NE.U32.AND P6, PT, R150, RZ, PT","267","0","267","4161536","133169152","133169152","32","32","0","0","0","-","-","-","0","0","0","0","0","0","0","0","-","0","0","0","0","0","0","0","0","15","0","0","0","0","0","0","0","0","0","0","252","0","0","0","0","0","0","0","0","0","0","0","0","0","0","0","0","0","0","0","0","0","0"
"0x7e1c777b0580","      USHF.R.U32.HI UR18, URZ, 0x4, UR12","1249","543","1249","4161536","133169152","133169152","32","32","0","0","0","-","-","-","0","0","0","0","0","0","0","0","-","0","0","0","0","0","0","0","0","0","0","0","0","0","216","0","0","0","0","211","248","0","0","0","574","0","0","0","0","0","0","0","162","0","0","0","0","0","0","0","0","0","381"
"0x7e1c777b0590","      UIADD3 UR12, UR12, 0x10000, URZ","630","186","630","4161536","133169152","133169152","32","32","0","0","0","-","-","-","0","0","0","0","0","0","0","0","-","0","0","0","0","0","0","0","0","12","0","0","0","0","37","0","0","0","0","91","243","0","0","0","247","0","0","0","0","0","0","0","8","0","0","0","0","0","0","0","0","0","178"
"0x7e1c777b05a0","      USGXT.U32 UR18, UR18, 0xe","1534","587","1534","4161536","133169152","133169152","32","32","0","0","0","-","-","-","0","0","0","0","0","0","0","0","-","0","0","0","0","0","0","0","0","19","0","0","0","0","486","0","0","0","0","508","267","0","0","0","254","0","0","0","0","0","0","0","466","0","0","0","0","0","0","0","0","0","121"
"0x7e1c777b05b0","      HGMMA.64x64x16.F32 R88, gdesc[UR16], RZ, !UPT","2374","1149","2374","4161536","133169152","133169152","32","32","0","0","0","Shared","Load","-","0","8","0","33292288","33292288","0","0","0","-","0","0","0","0","0","0","0","0","9","0","0","0","0","0","0","0","0","0","20","244","0","0","0","1747","0","0","0","0","0","0","0","0","0","0","0","0","0","0","0","0","0","1033"
"0x7e1c777b05c0","      UIADD3 UR16, UP0, UR16, 0x2, URZ","259","0","259","4161536","133169152","133169152","32","32","0","0","0","-","-","-","0","0","0","0","0","0","0","0","-","0","0","0","0","0","0","0","0","2","0","0","0","0","0","0","0","0","0","0","257","0","0","0","0","0","0","0","0","0","0","0","0","0","0","0","0","0","0","0","0","0","0"
"0x7e1c777b05d0","      UIADD3 UR18, UP1, UR18, 0x2, URZ","589","254","589","4161536","133169152","133169152","32","32","0","0","0","-","-","-","0","0","0","0","0","0","0","0","-","0","0","0","0","0","0","0","0","4","0","0","0","0","39","0","0","0","0","59","234","0","0","0","253","0","0","4","0","0","0","0","36","0","0","0","0","0","0","0","0","0","214"
"0x7e1c777b05e0","      UIADD3.X UR17, UR5, 0x40000040, URZ, UP0, !UPT","498","254","498","4161536","133169152","133169152","32","32","0","0","0","-","-","-","0","0","0","0","0","0","0","0","-","0","0","0","0","0","0","0","0","7","0","0","0","0","3","0","0","0","0","2","241","0","0","0","245","0","0","7","0","0","0","0","3","0","0","0","0","0","0","0","0","0","244"
"0x7e1c777b05f0","      UIADD3.X UR19, UR6, 0x40000040, URZ, UP1, !UPT","538","286","538","4161536","133169152","133169152","32","32","0","0","0","-","-","-","0","0","0","0","0","0","0","0","-","0","0","0","0","0","0","0","0","0","0","0","0","0","6","0","0","0","0","3","248","0","0","0","281","0","0","0","0","0","0","0","6","0","0","0","0","0","0","0","0","0","280"
"0x7e1c777b0600","      UIADD3.64 UR24, UR16, 0x2, URZ","553","284","553","4161536","133169152","133169152","32","32","0","0","0","-","-","-","0","0","0","0","0","0","0","0","-","0","0","0","0","0","0","0","0","0","0","0","0","0","27","0","0","0","0","19","246","0","0","0","261","0","0","0","0","0","0","0","27","0","0","0","0","0","0","0","0","0","257"
"0x7e1c777b0610","      UIADD3.64 UR26, UR18, 0x2, URZ","634","300","634","4161536","133169152","133169152","32","32","0","0","0","-","-","-","0","0","0","0","0","0","0","0","-","0","0","0","0","0","0","0","0","9","0","0","0","0","41","0","0","0","0","43","260","0","0","0","281","0","0","9","0","0","0","0","41","0","0","0","0","0","0","0","0","0","250"
"0x7e1c777b0620","      USHF.R.U32.HI UR5, URZ, 0x4, UR12","1078","407","1078","4161536","133169152","133169152","32","32","0","0","0","-","-","-","0","0","0","0","0","0","0","0","-","0","0","0","0","0","0","0","0","0","0","0","0","0","240","0","0","0","0","320","251","0","0","0","267","0","0","0","0","0","0","0","140","0","0","0","0","0","0","0","0","0","267"
"0x7e1c777b0630","      USGXT.U32 UR5, UR5, 0xe","1558","880","1558","4161536","133169152","133169152","32","32","0","0","0","-","-","-","0","0","0","0","0","0","0","0","-","0","0","0","0","0","0","0","0","46","0","0","0","0","244","0","0","0","0","230","274","0","0","0","764","0","0","15","0","0","0","0","244","0","0","0","0","0","0","0","0","0","621"
"0x7e1c777b0640","      ULOP3.LUT UR6, UR5, 0x2000000, URZ, 0xfc, !UPT","2249","1220","2249","4161536","133169152","133169152","32","32","0","0","0","-","-","-","0","0","0","0","0","0","0","0","-","0","0","0","0","0","0","0","0","6","0","0","0","0","632","0","0","0","0","636","236","0","0","0","739","0","0","6","0","0","0","0","632","0","0","0","0","0","0","0","0","0","582"
"0x7e1c777b0650","      HGMMA.64x64x16.F32 R88, gdesc[UR16], R88","239","0","239","4161536","133169152","133169152","32","32","0","0","0","Shared","Load","-","0","8","0","33292288","33292288","0","0","0","-","0","0","0","0","0","0","0","0","0","0","0","0","0","0","0","0","0","0","0","239","0","0","0","0","0","0","0","0","0","0","0","0","0","0","0","0","0","0","0","0","0","0"
"0x7e1c777b0660","      HGMMA.64x64x16.F32 R88, gdesc[UR24], R88","1011","413","1011","4161536","133169152","133169152","32","32","0","0","0","Shared","Load","-","0","8","0","33292288","33292288","0","0","0","-","0","0","0","0","0","0","0","0","0","0","0","0","0","0","0","1","0","0","0","267","0","0","0","743","0","0","0","0","0","0","0","0","0","1","0","0","0","0","0","0","0","412"
"0x7e1c777b0670","      UIADD3.64 UR24, UR16, 0x4, URZ","370","0","370","4161536","133169152","133169152","32","32","0","0","0","-","-","-","0","0","0","0","0","0","0","0","-","0","0","0","0","0","0","0","0","132","0","0","0","0","0","0","0","0","0","0","238","0","0","0","0","0","0","0","0","0","0","0","0","0","0","0","0","0","0","0","0","0","0"
"0x7e1c777b0680","      UIADD3.64 UR26, UR18, 0x4, URZ","764","394","764","4161536","133169152","133169152","32","32","0","0","0","-","-","-","0","0","0","0","0","0","0","0","-","0","0","0","0","0","0","0","0","102","0","0","0","0","63","0","0","0","0","66","287","0","0","0","246","0","0","102","0","0","0","0","63","0","0","0","0","0","0","0","0","0","229"
"0x7e1c777b0690","      HGMMA.64x64x16.F32 R88, gdesc[UR24], R88","2786","1853","2786","4161536","133169152","133169152","32","32","0","0","0","Shared","Load","-","0","8","0","33292288","33292288","0","0","0","-","0","0","0","0","0","0","0","0","0","0","0","0","0","0","0","405","0","0","42","267","0","0","0","2072","0","0","0","0","0","0","0","0","0","362","0","0","0","0","0","0","0","1491"
"0x7e1c777b06a0","      UIADD3.64 UR24, UR16, 0x3fe, URZ","260","0","260","4161536","133169152","133169152","32","32","0","0","0","-","-","-","0","0","0","0","0","0","0","0","-","0","0","0","0","0","0","0","0","5","0","0","0","0","0","0","0","0","0","0","255","0","0","0","0","0","0","0","0","0","0","0","0","0","0","0","0","0","0","0","0","0","0"
"0x7e1c777b06b0","      UIADD3.64 UR26, UR18, 0x1fe, URZ","1521","652","1521","4161536","133169152","133169152","32","32","0","0","0","-","-","-","0","0","0","0","0","0","0","0","-","0","0","0","0","0","0","0","0","296","0","0","0","0","374","0","0","0","0","347","258","0","0","0","246","0","0","227","0","0","0","0","374","0","0","0","0","0","0","0","0","0","51"
"0x7e1c777b06c0","      HGMMA.64x64x16.F32 R88, gdesc[UR24], R88","4984","3991","4984","4161536","133169152","133169152","32","32","0","0","0","Shared","Load","-","0","8","0","33292288","33292288","0","0","0","-","0","0","0","0","0","0","0","0","0","0","0","0","0","0","0","2629","0","0","50","255","0","0","0","2050","0","0","0","0","0","0","0","0","0","2424","0","0","0","0","0","0","0","1567"
"0x7e1c777b06d0","      UIADD3.64 UR24, UR16, 0x400, URZ","211","0","211","4161536","133169152","133169152","32","32","0","0","0","-","-","-","0","0","0","0","0","0","0","0","-","0","0","0","0","0","0","0","0","0","0","0","0","0","0","0","0","0","0","0","211","0","0","0","0","0","0","0","0","0","0","0","0","0","0","0","0","0","0","0","0","0","0"
"0x7e1c777b06e0","      UIADD3.64 UR26, UR18, 0x200, URZ","612","349","612","4161536","133169152","133169152","32","32","0","0","0","-","-","-","0","0","0","0","0","0","0","0","-","0","0","0","0","0","0","0","0","84","0","0","0","0","19","0","0","0","0","21","236","0","0","0","252","0","0","84","0","0","0","0","19","0","0","0","0","0","0","0","0","0","246"
"0x7e1c777b06f0","      HGMMA.64x64x16.F32 R88, gdesc[UR24], R88","5389","4411","5389","4161536","133169152","133169152","32","32","0","0","0","Shared","Load","-","0","8","0","33292288","33292288","0","0","0","-","0","0","0","0","0","0","0","0","0","0","0","0","0","0","0","2965","0","0","52","258","0","0","0","2114","0","0","0","0","0","0","0","0","0","2718","0","0","0","0","0","0","0","1693"
"0x7e1c777b0700","      UIADD3.64 UR24, UR16, 0x402, URZ","251","0","251","4161536","133169152","133169152","32","32","0","0","0","-","-","-","0","0","0","0","0","0","0","0","-","0","0","0","0","0","0","0","0","0","0","0","0","0","0","0","0","0","0","0","251","0","0","0","0","0","0","0","0","0","0","0","0","0","0","0","0","0","0","0","0","0","0"
"0x7e1c777b0710","      UIADD3.64 UR26, UR18, 0x202, URZ","935","372","935","4161536","133169152","133169152","32","32","0","0","0","-","-","-","0","0","0","0","0","0","0","0","-","0","0","0","0","0","0","0","0","107","0","0","0","0","161","0","0","0","0","153","245","0","0","0","269","0","0","107","0","0","0","0","161","0","0","0","0","0","0","0","0","0","104"
"0x7e1c777b0720","      UIADD3.64 UR16, UR16, 0x404, URZ","570","333","570","4161536","133169152","133169152","32","32","0","0","0","-","-","-","0","0","0","0","0","0","0","0","-","0","0","0","0","0","0","0","0","71","0","0","0","0","0","0","0","0","0","0","237","0","0","0","262","0","0","71","0","0","0","0","0","0","0","0","0","0","0","0","0","0","262"
"0x7e1c777b0730","      UIADD3.64 UR18, UR18, 0x204, URZ","967","308","967","4161536","133169152","133169152","32","32","0","0","0","-","-","-","0","0","0","0","0","0","0","0","-","0","0","0","0","0","0","0","0","157","0","0","0","0","71","0","0","0","0","222","276","0","0","0","241","0","0","72","0","0","0","0","71","0","0","0","0","0","0","0","0","0","165"
"0x7e1c777b0740","      HGMMA.64x64x16.F32 R88, gdesc[UR24], R88","4424","3455","4424","4161536","133169152","133169152","32","32","0","0","0","Shared","Load","-","0","8","0","33292288","33292288","0","0","0","-","0","0","0","0","0","0","0","0","0","0","0","0","0","0","0","2891","0","0","140","264","0","0","0","1129","0","0","0","0","0","0","0","0","0","2743","0","0","0","0","0","0","0","712"
"0x7e1c777b0750","      HGMMA.64x64x16.F32 R88, gdesc[UR16], R88, gsb0","2937","2415","2937","4161536","133169152","133169152","32","32","0","0","0","Shared","Load","-","0","8","0","33292288","33292288","0","0","0","-","0","0","0","0","0","0","0","0","0","0","0","0","0","0","0","1878","0","0","5","258","0","0","0","796","0","0","0","0","0","0","0","0","0","1868","0","0","0","0","0","0","0","547"
"0x7e1c777b0760","      UMOV UR18, UR6","366","0","366","4161536","133169152","133169152","32","32","0","0","0","-","-","-","0","0","0","0","0","0","0","0","-","0","0","0","0","0","0","0","0","103","0","0","0","0","0","0","0","0","0","0","263","0","0","0","0","0","0","0","0","0","0","0","0","0","0","0","0","0","0","0","0","0","0"
"0x7e1c777b0770","      UMOV UR19, 0x40000040","266","0","266","4161536","133169152","133169152","32","32","0","0","0","-","-","-","0","0","0","0","0","0","0","0","-","0","0","0","0","0","0","0","0","0","0","0","0","0","0","0","0","0","0","0","266","0","0","0","0","0","0","0","0","0","0","0","0","0","0","0","0","0","0","0","0","0","0"
"0x7e1c777b0780","      UIADD3 UR6, UP0, UR5, 0x2000080, URZ","239","0","239","4161536","133169152","133169152","32","32","0","0","0","-","-","-","0","0","0","0","0","0","0","0","-","0","0","0","0","0","0","0","0","0","0","0","0","0","0","0","0","0","0","0","239","0","0","0","0","0","0","0","0","0","0","0","0","0","0","0","0","0","0","0","0","0","0"
"0x7e1c777b0790","      UMOV UR5, URZ","822","356","822","4161536","133169152","133169152","32","32","0","0","0","-","-","-","0","0","0","0","0","0","0","0","-","0","0","0","0","0","0","0","0","0","0","0","0","0","0","0","0","0","0","0","265","0","0","0","557","0","0","0","0","0","0","0","0","0","0","0","0","0","0","0","0","0","356"
"0x7e1c777b07a0","      UIADD3.X UR5, UR5, 0x40000040, URZ, UP0, !UPT","596","249","596","4161536","133169152","133169152","32","32","0","0","0","-","-","-","0","0","0","0","0","0","0","0","-","0","0","0","0","0","0","0","0","3","0","0","0","0","9","0","0","0","0","3","255","0","0","0","326","0","0","3","0","0","0","0","9","0","0","0","0","0","0","0","0","0","237"
"0x7e1c777b07b0","      UISETP.GT.AND UP0, UPT, UR11, 0x3, UPT","526","259","526","4161536","133169152","133169152","32","32","0","0","0","-","-","-","0","0","0","0","0","0","0","0","-","0","0","0","0","0","0","0","0","0","0","0","0","0","8","0","0","0","0","12","251","0","0","0","255","0","0","0","0","0","0","0","8","0","0","0","0","0","0","0","0","0","251"
"0x7e1c777b07c0","      USEL UR11, UR11, URZ, !UP0","1005","667","1005","4161536","133169152","133169152","32","32","0","0","0","-","-","-","0","0","0","0","0","0","0","0","-","0","0","0","0","0","0","0","0","0","0","0","0","0","13","0","0","0","0","3","244","0","0","0","745","0","0","0","0","0","0","0","13","0","0","0","0","0","0","0","0","0","654"
"0x7e1c777b07d0","      UISETP.GE.AND UP0, UPT, UR4, UR8, UPT","888","272","888","4161536","133169152","133169152","32","32","0","0","0","-","-","-","0","0","0","0","0","0","0","0","-","0","0","0","0","0","0","0","0","11","0","0","0","0","114","0","0","0","0","264","260","0","0","0","239","0","0","0","0","0","0","0","114","0","0","0","0","0","0","0","0","0","158"
"0x7e1c777b07e0","      WARPGROUP.DEPBAR.LE gsb0, 0x0","85782","78027","85782","4161536","133169152","133169152","32","32","0","0","0","-","-","-","0","0","0","0","0","0","0","0","-","0","0","0","0","0","0","85541","0","0","0","0","0","0","0","0","0","0","0","0","241","0","0","0","0","78027","0","0","0","0","0","0","0","0","0","0","0","0","0","0","0","0","0"
"0x7e1c777b07f0","      F2FP.F16.F32.PACK_AB R120, R89, R88","547","267","547","4161536","133169152","133169152","32","32","0","0","0","-","-","-","0","0","0","0","0","0","0","0","-","0","0","0","0","0","0","0","0","0","0","0","0","0","21","0","0","0","0","14","261","0","0","0","251","0","0","0","0","0","0","0","21","0","0","0","0","0","0","0","0","0","246"
"0x7e1c777b0800","      F2FP.F16.F32.PACK_AB R121, R91, R90","545","303","545","4161536","133169152","133169152","32","32","0","0","0","-","-","-","0","0","0","0","0","0","0","0","-","0","0","0","0","0","0","0","0","0","0","0","0","0","0","0","0","0","0","0","242","0","0","0","303","0","0","0","0","0","0","0","0","0","0","0","0","0","0","0","0","0","303"
"0x7e1c777b0810","      F2FP.F16.F32.PACK_AB R122, R93, R92","475","161","475","4161536","133169152","133169152","32","32","0","0","0","-","-","-","0","0","0","0","0","0","0","0","-","0","0","0","0","0","0","0","0","0","0","0","0","0","0","0","0","0","0","0","264","0","0","0","211","0","0","0","0","0","0","0","0","0","0","0","0","0","0","0","0","0","161"
"0x7e1c777b0820","      F2FP.F16.F32.PACK_AB R123, R95, R94","491","258","491","4161536","133169152","133169152","32","32","0","0","0","-","-","-","0","0","0","0","0","0","0","0","-","0","0","0","0","0","0","0","0","0","0","0","0","0","0","0","0","0","0","0","233","0","0","0","258","0","0","0","0","0","0","0","0","0","0","0","0","0","0","0","0","0","258"
"0x7e1c777b0830","      F2FP.F16.F32.PACK_AB R124, R97, R96","940","206","940","4161536","133169152","133169152","32","32","0","0","0","-","-","-","0","0","0","0","0","0","0","0","-","0","0","0","0","0","0","0","0","0","0","0","0","0","0","0","0","0","0","116","223","0","0","0","601","0","0","0","0","0","0","0","0","0","0","0","0","0","0","0","0","0","206"
"0x7e1c777b0840","      F2FP.F16.F32.PACK_AB R125, R99, R98","896","213","896","4161536","133169152","133169152","32","32","0","0","0","-","-","-","0","0","0","0","0","0","0","0","-","0","0","0","0","0","0","0","0","0","0","0","0","0","0","0","0","0","0","0","233","0","0","0","663","0","0","0","0","0","0","0","0","0","0","0","0","0","0","0","0","0","213"
"0x7e1c777b0850","      F2FP.F16.F32.PACK_AB R126, R101, R100","941","278","941","4161536","133169152","133169152","32","32","0","0","0","-","-","-","0","0","0","0","0","0","0","0","-","0","0","0","0","0","0","0","0","0","0","0","0","0","0","0","0","0","0","0","236","0","0","0","705","0","0","0","0","0","0","0","0","0","0","0","0","0","0","0","0","0","278"
"0x7e1c777b0860","      F2FP.F16.F32.PACK_AB R127, R103, R102","973","193","973","4161536","133169152","133169152","32","32","0","0","0","-","-","-","0","0","0","0","0","0","0","0","-","0","0","0","0","0","0","0","0","0","0","0","0","0","0","0","0","0","0","10","259","0","0","0","704","0","0","0","0","0","0","0","0","0","0","0","0","0","0","0","0","0","193"
"0x7e1c777b0870","      F2FP.F16.F32.PACK_AB R128, R105, R104","1113","162","1113","4161536","133169152","133169152","32","32","0","0","0","-","-","-","0","0","0","0","0","0","0","0","-","0","0","0","0","0","0","0","0","118","0","0","0","0","0","0","0","0","0","67","265","0","0","0","663","0","0","0","0","0","0","0","0","0","0","0","0","0","0","0","0","0","162"
"0x7e1c777b0880","      F2FP.F16.F32.PACK_AB R129, R107, R106","930","347","930","4161536","133169152","133169152","32","32","0","0","0","-","-","-","0","0","0","0","0","0","0","0","-","0","0","0","0","0","0","0","0","131","0","0","0","0","0","0","0","0","0","38","251","0","0","0","510","0","0","131","0","0","0","0","0","0","0","0","0","0","0","0","0","0","216"
"0x7e1c777b0890","      F2FP.F16.F32.PACK_AB R130, R109, R108","981","343","981","4161536","133169152","133169152","32","32","0","0","0","-","-","-","0","0","0","0","0","0","0","0","-","0","0","0","0","0","0","0","0","40","0","0","0","0","0","0","0","0","0","0","284","0","0","0","657","0","0","40","0","0","0","0","0","0","0","0","0","0","0","0","0","0","303"
"0x7e1c777b08a0","      F2FP.F16.F32.PACK_AB R131, R111, R110","858","269","858","4161536","133169152","133169152","32","32","0","0","0","-","-","-","0","0","0","0","0","0","0","0","-","0","0","0","0","0","0","0","0","0","0","0","0","0","0","0","0","0","0","0","246","0","0","0","612","0","0","0","0","0","0","0","0","0","0","0","0","0","0","0","0","0","269"
"0x7e1c777b08b0","      F2FP.F16.F32.PACK_AB R132, R113, R112","1002","275","1002","4161536","133169152","133169152","32","32","0","0","0","-","-","-","0","0","0","0","0","0","0","0","-","0","0","0","0","0","0","0","0","0","0","0","0","0","0","0","0","0","0","1","269","0","0","0","732","0","0","0","0","0","0","0","0","0","0","0","0","0","0","0","0","0","275"
"0x7e1c777b08c0","      F2FP.F16.F32.PACK_AB R133, R115, R114","925","264","925","4161536","133169152","133169152","32","32","0","0","0","-","-","-","0","0","0","0","0","0","0","0","-","0","0","0","0","0","0","0","0","2","0","0","0","0","0","0","0","0","0","0","243","0","0","0","680","0","0","2","0","0","0","0","0","0","0","0","0","0","0","0","0","0","262"
"0x7e1c777b08d0","      F2FP.F16.F32.PACK_AB R134, R117, R116","953","253","953","4161536","133169152","133169152","32","32","0","0","0","-","-","-","0","0","0","0","0","0","0","0","-","0","0","0","0","0","0","0","0","0","0","0","0","0","0","0","0","0","0","0","237","0","0","0","716","0","0","0","0","0","0","0","0","0","0","0","0","0","0","0","0","0","253"
"0x7e1c777b08e0","      F2FP.F16.F32.PACK_AB R135, R119, R118","903","193","903","4161536","133169152","133169152","32","32","0","0","0","-","-","-","0","0","0","0","0","0","0","0","-","0","0","0","0","0","0","0","0","0","0","0","0","0","0","0","0","0","0","0","259","0","0","0","644","0","0","0","0","0","0","0","0","0","0","0","0","0","0","0","0","0","193"
"0x7e1c777b08f0","      WARPGROUP.ARRIVE","2042","1399","2042","4161536","133169152","133169152","32","32","0","0","0","-","-","-","0","0","0","0","0","0","0","0","-","0","0","0","0","0","0","0","0","0","0","0","0","0","0","0","0","0","0","3","251","0","0","0","1788","0","0","0","0","0","0","0","0","0","0","0","0","0","0","0","0","0","1399"
"0x7e1c777b0900","      HGMMA.64x128x16.F32 R24, R120, gdesc[UR16].tnspB, R24","2753","1747","2753","4161536","133169152","133169152","32","32","0","0","0","Shared","Load","-","0","8","0","33292288","33292288","0","0","0","-","0","0","0","0","0","0","0","0","0","0","0","0","0","0","0","0","0","0","37","279","0","0","0","1689","0","0","0","0","0","0","0","0","0","0","0","0","0","0","0","0","0","1108"
"0x7e1c777b0910","      UMOV UR18, UR6","243","0","243","4161536","133169152","133169152","32","32","0","0","0","-","-","-","0","0","0","0","0","0","0","0","-","0","0","0","0","0","0","0","0","0","0","0","0","0","0","0","0","0","0","0","243","0","0","0","0","0","0","0","0","0","0","0","0","0","0","0","0","0","0","0","0","0","0"
"0x7e1c777b0920","      UMOV UR19, UR5","273","0","273","4161536","133169152","133169152","32","32","0","0","0","-","-","-","0","0","0","0","0","0","0","0","-","0","0","0","0","0","0","0","0","0","0","0","0","0","0","0","0","0","0","0","273","0","0","0","0","0","0","0","0","0","0","0","0","0","0","0","0","0","0","0","0","0","0"
"0x7e1c777b0930","      ULEA UR5, UR11, UR9, 0xe","303","0","303","4161536","133169152","133169152","32","32","0","0","0","-","-","-","0","0","0","0","0","0","0","0","-","0","0","0","0","0","0","0","0","39","0","0","0","0","0","0","0","0","0","0","264","0","0","0","0","0","0","0","0","0","0","0","0","0","0","0","0","0","0","0","0","0","0"
"0x7e1c777b0940","      UIADD3.64 UR26, UR18, 0x80, URZ","551","257","551","4161536","133169152","133169152","32","32","0","0","0","-","-","-","0","0","0","0","0","0","0","0","-","0","0","0","0","0","0","0","0","34","0","0","0","0","0","0","0","0","0","4","243","0","0","0","270","0","0","32","0","0","0","0","0","0","0","0","0","0","0","0","0","0","225"
"0x7e1c777b0950","      VIADD R89, R21, UR5","1011","684","1011","4161536","133169152","133169152","32","32","0","0","0","-","-","-","0","0","0","0","0","0","0","0","-","0","0","0","0","0","0","0","0","0","0","0","0","0","0","0","0","0","0","0","255","0","0","0","756","0","0","0","0","0","0","0","0","0","0","0","0","0","0","0","0","0","684"
"0x7e1c777b0960","      HGMMA.64x128x16.F32 R24, R124, gdesc[UR16].tnspB, R24","768","451","768","4161536","133169152","133169152","32","32","0","0","0","Shared","Load","-","0","8","0","33292288","33292288","0","0","0","-","0","0","0","0","0","0","0","0","0","0","0","0","0","0","0","0","0","0","42","237","0","0","0","489","0","0","0","0","0","0","0","0","0","0","0","0","0","0","0","0","0","451"
"0x7e1c777b0970","      UIADD3.64 UR18, UR18, 0x100, URZ","253","0","253","4161536","133169152","133169152","32","32","0","0","0","-","-","-","0","0","0","0","0","0","0","0","-","0","0","0","0","0","0","0","0","0","0","0","0","0","0","0","0","0","0","0","253","0","0","0","0","0","0","0","0","0","0","0","0","0","0","0","0","0","0","0","0","0","0"
"0x7e1c777b0980","      HGMMA.64x128x16.F32 R24, R128, gdesc[UR24].tnspB, R24","3463","2431","3463","4161536","133169152","133169152","32","32","0","0","0","Shared","Load","-","0","8","0","33292288","33292288","0","0","0","-","0","0","0","0","0","0","0","0","0","0","0","0","0","0","0","0","0","0","48","259","0","0","0","3156","0","0","0","0","0","0","0","0","0","0","0","0","0","0","0","0","0","2431"
"0x7e1c777b0990","      HGMMA.64x128x16.F32 R24, R132, gdesc[UR16].tnspB, R24, gsb0","3935","2364","3935","4161536","133169152","133169152","32","32","0","0","0","Shared","Load","-","0","8","0","33292288","33292288","0","0","0","-","0","0","0","0","0","0","0","0","147","0","0","0","0","0","0","1","0","0","8","251","0","0","0","3528","0","0","0","0","0","0","0","0","0","1","0","0","0","0","0","0","0","2363"
"0x7e1c777b09a0","      BAR.SYNC.DEFER_BLOCKING 0x0","272","0","272","4161536","133169152","133169152","32","32","0","0","0","-","-","-","0","0","0","0","0","0","0","0","-","0","0","0","0","0","0","0","0","4","0","0","0","0","0","0","0","0","0","0","268","0","0","0","0","0","0","0","0","0","0","0","0","0","0","0","0","0","0","0","0","0","0"
"0x7e1c777b09b0","@!PT  LDS RZ, [RZ]","15954","10887","15954","4161536","133169152","0","32","0","32","32","0","","Load","32","0","0","0","0","0","0","0","0","-","0","0","0","0","0","0","13766","0","0","0","0","0","0","0","0","0","0","0","530","268","0","0","0","1390","10028","0","0","0","0","0","0","0","0","0","0","0","0","0","0","0","0","859"
"0x7e1c777b09c0","@!PT  LDS RZ, [RZ]","240","0","240","4161536","133169152","0","32","0","0","32","0","","Load","32","0","0","0","0","0","0","0","0","-","0","0","0","0","0","0","0","0","0","0","0","0","0","0","0","0","0","0","0","240","0","0","0","0","0","0","0","0","0","0","0","0","0","0","0","0","0","0","0","0","0","0"
"0x7e1c777b09d0","@!PT  LDS RZ, [RZ]","238","0","238","4161536","133169152","0","32","0","0","32","0","","Load","32","0","0","0","0","0","0","0","0","-","0","0","0","0","0","0","0","0","0","0","0","0","0","0","0","0","0","0","0","238","0","0","0","0","0","0","0","0","0","0","0","0","0","0","0","0","0","0","0","0","0","0"
"0x7e1c777b09e0","      LDGSTS.E.BYPASS.128 desc[UR14][R6.64], P3, [R89]","246","0","246","4161536","133169152","133169152","32","32","32","0","0","Global,Shared","Load,Store","128","16257024","4","0","16646144","16646144","0","65028096","65028096","","0","0","0","0","0","0","0","0","0","0","0","0","0","0","0","0","0","0","0","246","0","0","0","0","0","0","0","0","0","0","0","0","0","0","0","0","0","0","0","0","0","0"
"0x7e1c777b09f0","      LDGSTS.E.BYPASS.128 desc[UR14][R8.64], P4, [R89+0x800]","1142","233","1142","4161536","133169152","133169152","32","32","0","0","0","Global,Shared","Load,Store","128","16257024","4","0","16646144","16646144","0","65028096","65028096","","0","0","0","0","0","0","0","0","0","0","0","0","0","0","0","0","0","0","126","279","0","0","0","737","0","0","0","0","0","0","0","0","0","0","0","0","0","0","0","0","0","233"
"0x7e1c777b0a00","      LDGSTS.E.BYPASS.128 desc[UR14][R4.64], P5, [R89+0x1000]","1023","482","1023","4161536","133169152","133169152","32","32","0","0","0","Global,Shared","Load,Store","128","16257024","4","0","16646144","16646144","0","65028096","65028096","","0","0","0","0","0","0","0","0","0","0","0","0","0","0","0","0","0","0","0","285","0","0","0","738","0","0","0","0","0","0","0","0","0","0","0","0","0","0","0","0","0","482"
"0x7e1c777b0a10","      LDGSTS.E.BYPASS.128 desc[UR14][R10.64], P6, [R89+0x1800]","2790","2071","2790","4161536","133169152","133169152","32","32","0","0","0","Global,Shared","Load,Store","128","16257024","4","0","16646144","16646144","0","65028096","65028096","","0","0","0","0","0","0","0","0","0","0","0","0","0","0","0","1620","0","0","130","261","0","0","0","779","0","0","0","0","0","0","0","0","0","1564","0","0","0","0","0","0","0","507"
"0x7e1c777b0a20","      LDGDEPBAR","7978","7150","7978","4161536","133169152","133169152","32","32","0","0","0","-","-","-","0","0","0","0","0","0","0","0","-","0","0","0","0","0","0","0","0","27","0","0","5066","0","0","0","1531","0","0","363","236","0","0","0","755","0","0","27","0","0","5027","0","0","0","1468","0","0","0","0","0","0","0","628"
"0x7e1c777b0a30","      LDGSTS.E.BYPASS.128 desc[UR14][R22.64], P3, [R89+0x10000]","4398","3861","4398","4161536","133169152","133169152","32","32","0","0","0","Global,Shared","Load,Store","128","16257024","4","0","16646144","16646144","0","65028096","65028096","","0","0","0","0","0","0","0","0","126","0","0","3175","0","0","0","3","0","0","97","272","0","0","0","725","0","0","126","0","0","3008","0","0","0","3","0","0","0","0","0","0","0","724"
"0x7e1c777b0a40","      PLOP3.LUT P3, PT, PT, PT, UP0, 0x40, 0x0","229","0","229","4161536","133169152","133169152","32","32","0","0","0","-","-","-","0","0","0","0","0","0","0","0","-","0","0","0","0","0","0","0","0","0","0","0","0","0","0","0","0","0","0","0","229","0","0","0","0","0","0","0","0","0","0","0","0","0","0","0","0","0","0","0","0","0","0"
"0x7e1c777b0a50","      LDGSTS.E.BYPASS.128 desc[UR14][R136.64], P4, [R89+0x10800]","3935","3374","3935","4161536","133169152","133169152","32","32","0","0","0","Global,Shared","Load,Store","128","16257024","4","0","16646144","16646144","0","65028096","65028096","","0","0","0","0","0","0","0","0","27","0","0","3072","0","0","0","1","0","0","84","274","0","0","0","477","0","0","27","0","0","2931","0","0","0","1","0","0","0","0","0","0","0","415"
"0x7e1c777b0a60","      LDGSTS.E.BYPASS.128 desc[UR14][R138.64], P5, [R89+0x11000]","4381","4046","4381","4161536","133169152","133169152","32","32","0","0","0","Global,Shared","Load,Store","128","16257024","4","0","16646144","16646144","0","65028096","65028096","","0","0","0","0","0","0","0","0","7","0","0","3314","0","0","0","0","0","0","43","244","0","0","0","773","0","0","7","0","0","3266","0","0","0","0","0","0","0","0","0","0","0","773"
"0x7e1c777b0a70","      LDGSTS.E.BYPASS.128 desc[UR14][R140.64], P6, [R89+0x11800]","4238","3924","4238","4161536","133169152","133169152","32","32","0","0","0","Global,Shared","Load,Store","128","16257024","4","0","16646144","16646144","0","65028096","65028096","","0","0","0","0","0","0","0","0","15","0","0","3175","0","0","0","0","0","0","43","246","0","0","0","759","0","0","15","0","0","3152","0","0","0","0","0","0","0","0","0","0","0","757"
"0x7e1c777b0a80","      LDGDEPBAR","5775","5363","5775","4161536","133169152","133169152","32","32","0","0","0","-","-","-","0","0","0","0","0","0","0","0","-","0","0","0","0","0","0","0","0","2","0","0","4619","0","0","0","0","0","0","104","262","0","0","0","788","0","0","2","0","0","4575","0","0","0","0","0","0","0","0","0","0","0","786"
"0x7e1c777b0a90","@P3   BRA 0x7e1c777b0270","255","0","255","4161536","133169152","132128768","32","31","1","1","0","-","-","-","0","0","0","0","0","0","0","0","-","0","0","0","0","0","0","0","0","0","0","0","0","0","0","0","0","0","0","0","255","0","0","0","0","0","0","0","0","0","0","0","0","0","0","0","0","0","0","0","0","0","0"
"0x7e1c777b0aa0","      UISETP.LT.AND UP0, UPT, UR10, UR20, UPT","1208","922","1208","32768","1048576","1048576","32","32","1","0","0","-","-","-","0","0","0","0","0","0","0","0","-","0","0","0","0","0","0","0","0","0","0","0","0","0","0","0","0","0","1","0","279","0","0","0","928","0","0","0","0","0","0","0","0","0","0","0","1","0","0","0","0","0","921"
"0x7e1c777b0ab0","      ISETP.GE.AND P3, PT, R20, UR20, PT","2","0","2","32768","1048576","1048576","32","32","0","0","0","-","-","-","0","0","0","0","0","0","0","0","-","0","0","0","0","0","0","0","0","0","0","0","0","0","0","0","0","0","0","0","2","0","0","0","0","0","0","0","0","0","0","0","0","0","0","0","0","0","0","0","0","0","0"
"0x7e1c777b0ac0","      IMAD.U32 R89, RZ, RZ, UR8","392","366","392","32768","1048576","1048576","32","32","0","0","0","-","-","-","0","0","0","0","0","0","0","0","-","0","0","0","0","0","0","0","0","0","0","0","0","388","0","0","0","0","0","0","4","0","0","0","0","0","0","0","0","0","0","366","0","0","0","0","0","0","0","0","0","0","0"
"0x7e1c777b0ad0","      WARPGROUP.DEPBAR.LE gsb0, 0x0","4","2","4","32768","1048576","1048576","32","32","0","0","0","-","-","-","0","0","0","0","0","0","0","0","-","0","0","0","0","0","0","2","0","0","0","0","0","0","0","0","0","0","0","0","2","0","0","0","0","2","0","0","0","0","0","0","0","0","0","0","0","0","0","0","0","0","0"
"0x7e1c777b0ae0","      USEL UR10, UR10, UR20, UP0","3","1","3","32768","1048576","1048576","32","32","0","0","0","-","-","-","0","0","0","0","0","0","0","0","-","0","0","0","0","0","0","0","0","0","0","0","0","0","0","0","0","0","0","0","2","0","0","0","1","0","0","0","0","0","0","0","0","0","0","0","0","0","0","0","0","0","1"
"0x7e1c777b0af0","      DEPBAR.LE SB0, 0x0","2","0","2","32768","1048576","1048576","32","32","0","0","0","-","-","-","0","0","0","0","0","0","0","0","-","0","0","0","0","0","0","0","0","0","0","0","0","0","0","0","0","0","0","0","2","0","0","0","0","0","0","0","0","0","0","0","0","0","0","0","0","0","0","0","0","0","0"
"0x7e1c777b0b00","      UISETP.GE.AND UP0, UPT, UR8, UR10, UPT","277","262","277","32768","1048576","1048576","32","32","0","0","0","-","-","-","0","0","0","0","0","0","0","0","-","0","0","0","0","0","0","0","0","0","0","0","0","268","0","0","0","0","0","0","1","0","0","0","8","0","0","0","0","0","0","257","0","0","0","0","0","0","0","0","0","0","5"
"0x7e1c777b0b10","      LOP3.LUT R88, R16, 0x40, R89, 0xfe, !PT","1","0","1","32768","1048576","1048576","32","32","0","0","0","-","-","-","0","0","0","0","0","0","0","0","-","0","0","0","0","0","0","0","0","0","0","0","0","0","0","0","0","0","0","0","1","0","0","0","0","0","0","0","0","0","0","0","0","0","0","0","0","0","0","0","0","0","0"
"0x7e1c777b0b20","      USEL UR4, URZ, 0x10, UP0","5","1","5","32768","1048576","1048576","32","32","0","0","0","-","-","-","0","0","0","0","0","0","0","0","-","0","0","0","0","0","0","0","0","0","0","0","0","0","0","0","0","0","0","0","4","0","0","0","1","0","0","0","0","0","0","0","0","0","0","0","0","0","0","0","0","0","1"
"0x7e1c777b0b30","      SEL R90, RZ, UR4, P3","18","11","18","32768","1048576","1048576","32","32","0","0","0","-","-","-","0","0","0","0","0","0","0","0","-","0","0","0","0","0","0","0","0","0","0","0","0","0","1","0","0","0","0","2","2","0","0","0","13","0","0","0","0","0","0","0","1","0","0","0","0","0","0","0","0","0","10"
"0x7e1c777b0b40","      BAR.SYNC.DEFER_BLOCKING 0x0","1","0","1","32768","1048576","1048576","32","32","0","0","0","-","-","-","0","0","0","0","0","0","0","0","-","0","0","0","0","0","0","0","0","0","0","0","0","0","0","0","0","0","0","0","1","0","0","0","0","0","0","0","0","0","0","0","0","0","0","0","0","0","0","0","0","0","0"
"0x7e1c777b0b50","      ISETP.GE.AND P3, PT, R19, UR20, PT","2","0","2","32768","1048576","1048576","32","32","0","0","0","-","-","-","0","0","0","0","0","0","0","0","-","0","0","0","0","0","0","0","0","0","0","0","0","0","0","0","0","0","0","0","2","0","0","0","0","0","0","0","0","0","0","0","0","0","0","0","0","0","0","0","0","0","0"
"0x7e1c777b0b60","      SEL R91, RZ, UR4, P3","20","8","20","32768","1048576","1048576","32","32","0","0","0","-","-","-","0","0","0","0","0","0","0","0","-","0","0","0","0","0","0","0","0","0","0","0","0","0","4","0","0","0","0","4","4","0","0","0","8","0","0","0","0","0","0","0","2","0","0","0","0","0","0","0","0","0","6"
"0x7e1c777b0b70","      ISETP.GE.AND P3, PT, R18, UR20, PT","4","1","4","32768","1048576","1048576","32","32","0","0","0","-","-","-","0","0","0","0","0","0","0","0","-","0","0","0","0","0","0","0","0","0","0","0","0","0","0","0","0","0","0","0","1","0","0","0","3","0","0","0","0","0","0","0","0","0","0","0","0","0","0","0","0","0","1"
"0x7e1c777b0b80","      ISETP.NE.U32.AND P4, PT, R91, RZ, PT","1","0","1","32768","1048576","1048576","32","32","0","0","0","-","-","-","0","0","0","0","0","0","0","0","-","0","0","0","0","0","0","0","0","0","0","0","0","0","0","0","0","0","0","0","1","0","0","0","0","0","0","0","0","0","0","0","0","0","0","0","0","0","0","0","0","0","0"
"0x7e1c777b0b90","      SEL R92, RZ, UR4, P3","5","1","5","32768","1048576","1048576","32","32","0","0","0","-","-","-","0","0","0","0","0","0","0","0","-","0","0","0","0","0","0","0","0","0","0","0","0","0","0","0","0","0","0","0","4","0","0","0","1","0","0","0","0","0","0","0","0","0","0","0","0","0","0","0","0","0","1"
"0x7e1c777b0ba0","      ISETP.GE.AND P3, PT, R14, UR20, PT","7","6","7","32768","1048576","1048576","32","32","0","0","0","-","-","-","0","0","0","0","0","0","0","0","-","0","0","0","0","0","0","0","0","0","0","0","0","0","0","0","0","0","0","0","1","0","0","0","6","0","0","0","0","0","0","0","0","0","0","0","0","0","0","0","0","0","6"
"0x7e1c777b0bb0","      ISETP.NE.U32.AND P5, PT, R92, RZ, PT","1","1","1","32768","1048576","1048576","32","32","0","0","0","-","-","-","0","0","0","0","0","0","0","0","-","0","0","0","0","0","0","0","0","0","0","0","0","0","0","0","0","0","0","0","0","0","0","0","1","0","0","0","0","0","0","0","0","0","0","0","0","0","0","0","0","0","1"
"0x7e1c777b0bc0","      SEL R93, RZ, UR4, P3","9","3","9","32768","1048576","1048576","32","32","0","0","0","-","-","-","0","0","0","0","0","0","0","0","-","0","0","0","0","0","0","0","0","0","0","0","0","0","5","0","0","0","0","2","2","0","0","0","0","0","0","0","0","0","0","0","3","0","0","0","0","0","0","0","0","0","0"
"0x7e1c777b0bd0","      ULOP3.LUT UR4, UR8, 0x40, URZ, 0xfc, !UPT","0","0","0","32768","1048576","1048576","32","32","0","0","0","-","-","-","0","0","0","0","0","0","0","0","-","0","0","0","0","0","0","0","0","0","0","0","0","0","0","0","0","0","0","0","0","0","0","0","0","0","0","0","0","0","0","0","0","0","0","0","0","0","0","0","0","0","0"
"0x7e1c777b0be0","      ISETP.GE.AND P3, PT, R88, UR20, PT","2","0","2","32768","1048576","1048576","32","32","0","0","0","-","-","-","0","0","0","0","0","0","0","0","-","0","0","0","0","0","0","0","0","0","0","0","0","0","0","0","0","0","0","0","2","0","0","0","0","0","0","0","0","0","0","0","0","0","0","0","0","0","0","0","0","0","0"
"0x7e1c777b0bf0","      LOP3.LUT R88, R16, 0x20, RZ, 0xfc, !PT","4","2","4","32768","1048576","1048576","32","32","0","0","0","-","-","-","0","0","0","0","0","0","0","0","-","0","0","0","0","0","0","0","0","0","0","0","0","0","0","0","0","0","0","0","2","0","0","0","2","0","0","0","0","0","0","0","0","0","0","0","0","0","0","0","0","0","2"
"0x7e1c777b0c00","      UISETP.GE.AND UP0, UPT, UR4, UR10, UPT","2","0","2","32768","1048576","1048576","32","32","0","0","0","-","-","-","0","0","0","0","0","0","0","0","-","0","0","0","0","0","0","0","0","0","0","0","0","0","0","0","0","0","0","0","2","0","0","0","0","0","0","0","0","0","0","0","0","0","0","0","0","0","0","0","0","0","0"
"0x7e1c777b0c10","      ISETP.NE.U32.AND P6, PT, R93, RZ, PT","2","0","2","32768","1048576","1048576","32","32","0","0","0","-","-","-","0","0","0","0","0","0","0","0","-","0","0","0","0","0","0","0","0","0","0","0","0","0","0","0","0","0","0","0","2","0","0","0","0","0","0","0","0","0","0","0","0","0","0","0","0","0","0","0","0","0","0"
"0x7e1c777b0c20","      LOP3.LUT R88, R88, 0x40, R89, 0xfe, !PT","6","1","6","32768","1048576","1048576","32","32","0","0","0","-","-","-","0","0","0","0","0","0","0","0","-","0","0","0","0","0","0","0","0","0","0","0","0","0","0","0","0","0","0","1","4","0","0","0","1","0","0","0","0","0","0","0","0","0","0","0","0","0","0","0","0","0","1"
"0x7e1c777b0c30","      USEL UR4, URZ, 0x10, UP0","2","0","2","32768","1048576","1048576","32","32","0","0","0","-","-","-","0","0","0","0","0","0","0","0","-","0","0","0","0","0","0","0","0","0","0","0","0","0","0","0","0","0","0","0","2","0","0","0","0","0","0","0","0","0","0","0","0","0","0","0","0","0","0","0","0","0","0"
"0x7e1c777b0c40","      UISETP.GE.AND UP0, UPT, UR8, UR10, UPT","5","1","5","32768","1048576","1048576","32","32","0","0","0","-","-","-","0","0","0","0","0","0","0","0","-","0","0","0","0","0","0","0","0","0","0","0","0","0","1","0","0","0","0","0","3","0","0","0","1","0","0","0","0","0","0","0","0","0","0","0","0","0","0","0","0","0","1"
"0x7e1c777b0c50","      SEL R94, RZ, UR4, P3","27","11","27","32768","1048576","1048576","32","32","0","0","0","-","-","-","0","0","0","0","0","0","0","0","-","0","0","0","0","0","0","0","0","0","0","0","0","0","8","0","0","0","0","9","2","0","0","0","8","0","0","0","0","0","0","0","6","0","0","0","0","0","0","0","0","0","5"
"0x7e1c777b0c60","      ISETP.GE.AND P3, PT, R88, UR20, PT","5","2","5","32768","1048576","1048576","32","32","0","0","0","-","-","-","0","0","0","0","0","0","0","0","-","0","0","0","0","0","0","0","0","0","0","0","0","0","0","0","0","0","0","0","3","0","0","0","2","0","0","0","0","0","0","0","0","0","0","0","0","0","0","0","0","0","2"
"0x7e1c777b0c70","      LOP3.LUT R88, R16, 0x10, RZ, 0xfc, !PT","3","3","3","32768","1048576","1048576","32","32","0","0","0","-","-","-","0","0","0","0","0","0","0","0","-","0","0","0","0","0","0","0","0","0","0","0","0","0","0","0","0","0","0","0","0","0","0","0","3","0","0","0","0","0","0","0","0","0","0","0","0","0","0","0","0","0","3"
"0x7e1c777b0c80","      SEL R96, RZ, UR4, P3","5","2","5","32768","1048576","1048576","32","32","0","0","0","-","-","-","0","0","0","0","0","0","0","0","-","0","0","0","0","0","0","0","0","0","0","0","0","0","0","0","0","0","0","0","3","0","0","0","2","0","0","0","0","0","0","0","0","0","0","0","0","0","0","0","0","0","2"
"0x7e1c777b0c90","      LOP3.LUT R88, R88, 0x40, R89, 0xfe, !PT","7","3","7","32768","1048576","1048576","32","32","0","0","0","-","-","-","0","0","0","0","0","0","0","0","-","0","0","0","0","0","0","0","0","0","0","0","0","0","0","0","0","0","0","0","4","0","0","0","3","0","0","0","0","0","0","0","0","0","0","0","0","0","0","0","0","0","3"
"0x7e1c777b0ca0","      ISETP.GE.AND P3, PT, R88, UR20, PT","17","8","17","32768","1048576","1048576","32","32","0","0","0","-","-","-","0","0","0","0","0","0","0","0","-","0","0","0","0","0","0","0","0","0","0","0","0","0","5","0","0","0","0","4","2","0","0","0","6","0","0","0","0","0","0","0","4","0","0","0","0","0","0","0","0","0","4"
"0x7e1c777b0cb0","      LOP3.LUT R88, R16, 0x30, RZ, 0xfc, !PT","2","0","2","32768","1048576","1048576","32","32","0","0","0","-","-","-","0","0","0","0","0","0","0","0","-","0","0","0","0","0","0","0","0","0","0","0","0","0","0","0","0","0","0","0","2","0","0","0","0","0","0","0","0","0","0","0","0","0","0","0","0","0","0","0","0","0","0"
"0x7e1c777b0cc0","      SEL R95, RZ, UR4, P3","2","2","2","32768","1048576","1048576","32","32","0","0","0","-","-","-","0","0","0","0","0","0","0","0","-","0","0","0","0","0","0","0","0","0","0","0","0","0","0","0","0","0","0","0","0","0","0","0","2","0","0","0","0","0","0","0","0","0","0","0","0","0","0","0","0","0","2"
"0x7e1c777b0cd0","      LOP3.LUT R88, R88, 0x40, R89, 0xfe, !PT","3","1","3","32768","1048576","1048576","32","32","0","0","0","-","-","-","0","0","0","0","0","0","0","0","-","0","0","0","0","0","0","0","0","0","0","0","0","0","0","0","0","0","0","0","2","0","0","0","1","0","0","0","0","0","0","0","0","0","0","0","0","0","0","0","0","0","1"
"0x7e1c777b0ce0","      VIADD R89, R21, UR9","1","0","1","32768","1048576","1048576","32","32","0","0","0","-","-","-","0","0","0","0","0","0","0","0","-","0","0","0","0","0","0","0","0","0","0","0","0","0","0","0","0","0","0","0","1","0","0","0","0","0","0","0","0","0","0","0","0","0","0","0","0","0","0","0","0","0","0"
"0x7e1c777b0cf0","      ISETP.GE.AND P3, PT, R88, UR20, PT","12","1","12","32768","1048576","1048576","32","32","0","0","0","-","-","-","0","0","0","0","0","0","0","0","-","0","0","0","0","0","0","0","0","0","0","0","0","0","0","0","0","0","0","4","0","0","0","0","8","0","0","0","0","0","0","0","0","0","0","0","0","0","0","0","0","0","1"
"0x7e1c777b0d00","      SEL R88, RZ, UR4, P3","4","1","4","32768","1048576","1048576","32","32","0","0","0","-","-","-","0","0","0","0","0","0","0","0","-","0","0","0","0","0","0","0","0","0","0","0","0","0","0","0","0","0","0","1","2","0","0","0","1","0","0","0","0","0","0","0","0","0","0","0","0","0","0","0","0","0","1"
"0x7e1c777b0d10","      ISETP.NE.U32.AND P3, PT, R90, RZ, PT","3","1","3","32768","1048576","1048576","32","32","0","0","0","-","-","-","0","0","0","0","0","0","0","0","-","0","0","0","0","0","0","0","0","0","0","0","0","0","0","0","0","0","0","0","2","0","0","0","1","0","0","0","0","0","0","0","0","0","0","0","0","0","0","0","0","0","1"
"0x7e1c777b0d20","@!PT  LDS RZ, [RZ]","26","16","26","32768","1048576","0","32","0","32","32","0","","Load","32","0","0","0","0","0","0","0","0","-","0","0","0","0","0","0","1","0","0","0","0","0","0","0","0","0","0","0","0","3","0","0","0","22","0","0","0","0","0","0","0","0","0","0","0","0","0","0","0","0","0","16"
"0x7e1c777b0d30","@!PT  LDS RZ, [RZ]","0","0","0","32768","1048576","0","32","0","0","32","0","","Load","32","0","0","0","0","0","0","0","0","-","0","0","0","0","0","0","0","0","0","0","0","0","0","0","0","0","0","0","0","0","0","0","0","0","0","0","0","0","0","0","0","0","0","0","0","0","0","0","0","0","0","0"
"0x7e1c777b0d40","@!PT  LDS RZ, [RZ]","0","0","0","32768","1048576","0","32","0","0","32","0","","Load","32","0","0","0","0","0","0","0","0","-","0","0","0","0","0","0","0","0","0","0","0","0","0","0","0","0","0","0","0","0","0","0","0","0","0","0","0","0","0","0","0","0","0","0","0","0","0","0","0","0","0","0"
"0x7e1c777b0d50","      LDGSTS.E.BYPASS.128 desc[UR14][R6.64], P3, [R89]","0","0","0","32768","1048576","1048576","32","32","32","0","0","Global,Shared","Load,Store","128","131072","4","0","131072","131072","0","524288","524288","","0","0","0","0","0","0","0","0","0","0","0","0","0","0","0","0","0","0","0","0","0","0","0","0","0","0","0","0","0","0","0","0","0","0","0","0","0","0","0","0","0","0"
"0x7e1c777b0d60","      LDGSTS.E.BYPASS.128 desc[UR14][R8.64], P4, [R89+0x800]","8","2","8","32768","1048576","1048576","32","32","0","0","0","Global,Shared","Load,Store","128","131072","4","0","131072","131072","0","524288","524288","","0","0","0","0","0","0","0","0","0","0","0","0","0","0","0","0","0","0","0","5","0","0","0","3","0","0","0","0","0","0","0","0","0","0","0","0","0","0","0","0","0","2"
"0x7e1c777b0d70","      LDGSTS.E.BYPASS.128 desc[UR14][R4.64], P5, [R89+0x1000]","10","5","10","32768","1048576","1048576","32","32","0","0","0","Global,Shared","Load,Store","128","131072","4","0","131072","131072","0","524288","524288","","0","0","0","0","0","0","0","0","0","0","0","0","0","0","0","1","0","0","1","2","0","0","0","6","0","0","0","0","0","0","0","0","0","1","0","0","0","0","0","0","0","4"
"0x7e1c777b0d80","      LDGSTS.E.BYPASS.128 desc[UR14][R10.64], P6, [R89+0x1800]","12","8","12","32768","1048576","1048576","32","32","0","0","0","Global,Shared","Load,Store","128","131072","4","0","131072","131072","0","524288","524288","","0","0","0","0","0","0","0","0","0","0","0","0","0","0","0","5","0","0","1","2","0","0","0","4","0","0","0","0","0","0","0","0","0","5","0","0","0","0","0","0","0","3"
"0x7e1c777b0d90","      LDGDEPBAR","15","12","15","32768","1048576","1048576","32","32","0","0","0","-","-","-","0","0","0","0","0","0","0","0","-","0","0","0","0","0","0","0","0","0","0","0","2","0","0","0","5","0","0","0","1","0","0","0","7","0","0","0","0","0","2","0","0","0","5","0","0","0","0","0","0","0","5"
"0x7e1c777b0da0","      LDGSTS.E.BYPASS.128 desc[UR14][R22.64], P3, [R89+0x10000]","21","18","21","32768","1048576","1048576","32","32","0","0","0","Global,Shared","Load,Store","128","131072","4","0","131072","131072","0","524288","524288","","0","0","0","0","0","0","0","0","0","0","0","10","0","0","0","4","0","0","1","1","0","0","0","5","0","0","0","0","0","9","0","0","0","4","0","0","0","0","0","0","0","5"
"0x7e1c777b0db0","      ISETP.NE.U32.AND P3, PT, R94, RZ, PT","2","0","2","32768","1048576","1048576","32","32","0","0","0","-","-","-","0","0","0","0","0","0","0","0","-","0","0","0","0","0","0","0","0","0","0","0","0","0","0","0","0","0","0","0","2","0","0","0","0","0","0","0","0","0","0","0","0","0","0","0","0","0","0","0","0","0","0"
"0x7e1c777b0dc0","      LDGSTS.E.BYPASS.128 desc[UR14][R136.64], P4, [R89+0x10800]","20","16","20","32768","1048576","1048576","32","32","0","0","0","Global,Shared","Load,Store","128","131072","4","0","131072","131072","0","524288","524288","","0","0","0","0","0","0","0","0","0","0","0","12","0","0","0","2","0","0","0","2","0","0","0","4","0","0","0","0","0","10","0","0","0","2","0","0","0","0","0","0","0","4"
"0x7e1c777b0dd0","      ISETP.NE.U32.AND P4, PT, R95, RZ, PT","1","0","1","32768","1048576","1048576","32","32","0","0","0","-","-","-","0","0","0","0","0","0","0","0","-","0","0","0","0","0","0","0","0","0","0","0","0","0","0","0","0","0","0","0","1","0","0","0","0","0","0","0","0","0","0","0","0","0","0","0","0","0","0","0","0","0","0"
"0x7e1c777b0de0","      LDGSTS.E.BYPASS.128 desc[UR14][R138.64], P5, [R89+0x11000]","26","23","26","32768","1048576","1048576","32","32","0","0","0","Global,Shared","Load,Store","128","131072","4","0","131072","131072","0","524288","524288","","0","0","0","0","0","0","0","0","0","0","0","21","0","0","0","1","0","0","1","0","0","0","0","3","0","0","0","0","0","19","0","0","0","1","0","0","0","0","0","0","0","3"
"0x7e1c777b0df0","      ISETP.NE.U32.AND P5, PT, R96, RZ, PT","2","0","2","32768","1048576","1048576","32","32","0","0","0","-","-","-","0","0","0","0","0","0","0","0","-","0","0","0","0","0","0","0","0","0","0","0","0","0","0","0","0","0","0","0","2","0","0","0","0","0","0","0","0","0","0","0","0","0","0","0","0","0","0","0","0","0","0"
"0x7e1c777b0e00","      LDGSTS.E.BYPASS.128 desc[UR14][R140.64], P6, [R89+0x11800]","40","31","40","32768","1048576","1048576","32","32","0","0","0","Global,Shared","Load,Store","128","131072","4","0","131072","131072","0","524288","524288","","0","0","0","0","0","0","0","0","0","0","0","27","0","0","0","1","0","0","4","2","0","0","0","6","0","0","0","0","0","24","0","0","0","1","0","0","0","0","0","0","0","6"
"0x7e1c777b0e10","      ISETP.NE.U32.AND P6, PT, R88, RZ, PT","1","0","1","32768","1048576","1048576","32","32","0","0","0","-","-","-","0","0","0","0","0","0","0","0","-","0","0","0","0","0","0","0","0","0","0","0","0","0","0","0","0","0","0","0","1","0","0","0","0","0","0","0","0","0","0","0","0","0","0","0","0","0","0","0","0","0","0"
"0x7e1c777b0e20","      LDGDEPBAR","25","20","25","32768","1048576","1048576","32","32","0","0","0","-","-","-","0","0","0","0","0","0","0","0","-","0","0","0","0","0","0","0","0","0","0","0","15","0","0","0","2","0","0","2","2","0","0","0","4","0","0","0","0","0","14","0","0","0","2","0","0","0","0","0","0","0","4"
"0x7e1c777b0e30","      BAR.SYNC.DEFER_BLOCKING 0x0","1","0","1","32768","1048576","1048576","32","32","0","0","0","-","-","-","0","0","0","0","0","0","0","0","-","0","0","0","0","0","0","0","0","0","0","0","0","0","0","0","0","0","0","0","1","0","0","0","0","0","0","0","0","0","0","0","0","0","0","0","0","0","0","0","0","0","0"
"0x7e1c777b0e40","@!PT  LDS RZ, [RZ]","115","106","115","32768","1048576","0","32","0","32","32","0","","Load","32","0","0","0","0","0","0","0","0","-","0","0","0","0","0","0","81","0","0","0","0","0","0","0","0","22","0","0","2","2","0","0","0","8","77","0","0","0","0","0","0","0","0","22","0","0","0","0","0","0","0","7"
"0x7e1c777b0e50","@!PT  LDS RZ, [RZ]","17","15","17","32768","1048576","0","32","0","0","32","0","","Load","32","0","0","0","0","0","0","0","0","-","0","0","0","0","0","0","0","0","0","0","0","0","0","0","0","15","0","0","0","2","0","0","0","0","0","0","0","0","0","0","0","0","0","15","0","0","0","0","0","0","0","0"
"0x7e1c777b0e60","@!PT  LDS RZ, [RZ]","15","13","15","32768","1048576","0","32","0","0","32","0","","Load","32","0","0","0","0","0","0","0","0","-","0","0","0","0","0","0","0","0","0","0","0","0","0","0","0","13","0","0","2","0","0","0","0","0","0","0","0","0","0","0","0","0","0","13","0","0","0","0","0","0","0","0"
"0x7e1c777b0e70","      LDGSTS.E.BYPASS.128 desc[UR14][R6.64], P3, [R89+0x4000]","32","28","32","32768","1048576","1048576","32","32","32","0","0","Global,Shared","Load,Store","128","131072","4","0","131072","131072","0","524288","524288","","0","0","0","0","0","0","0","0","0","0","0","0","0","0","0","28","0","0","3","1","0","0","0","0","0","0","0","0","0","0","0","0","0","28","0","0","0","0","0","0","0","0"
"0x7e1c777b0e80","      LDGSTS.E.BYPASS.128 desc[UR14][R8.64], P4, [R89+0x4800]","30","27","30","32768","1048576","1048576","32","32","0","0","0","Global,Shared","Load,Store","128","131072","4","0","131072","131072","0","524288","524288","","0","0","0","0","0","0","0","0","0","0","0","0","0","0","0","22","0","0","2","1","0","0","0","5","0","0","0","0","0","0","0","0","0","22","0","0","0","0","0","0","0","5"
"0x7e1c777b0e90","      LDGSTS.E.BYPASS.128 desc[UR14][R4.64], P5, [R89+0x5000]","35","34","35","32768","1048576","1048576","32","32","0","0","0","Global,Shared","Load,Store","128","131072","4","0","131072","131072","0","524288","524288","","0","0","0","0","0","0","0","0","0","0","0","0","0","0","0","27","0","0","0","1","0","0","0","7","0","0","0","0","0","0","0","0","0","27","0","0","0","0","0","0","0","7"
"0x7e1c777b0ea0","      LDGSTS.E.BYPASS.128 desc[UR14][R10.64], P6, [R89+0x5800]","26","25","26","32768","1048576","1048576","32","32","0","0","0","Global,Shared","Load,Store","128","131072","4","0","131072","131072","0","524288","524288","","0","0","0","0","0","0","0","0","0","0","0","1","0","0","0","19","0","0","0","1","0","0","0","5","0","0","0","0","0","1","0","0","0","19","0","0","0","0","0","0","0","5"
"0x7e1c777b0eb0","      LDGDEPBAR","37","29","37","32768","1048576","1048576","32","32","0","0","0","-","-","-","0","0","0","0","0","0","0","0","-","0","0","0","0","0","0","0","0","0","0","0","4","0","0","0","17","0","0","3","5","0","0","0","8","0","0","0","0","0","4","0","0","0","17","0","0","0","0","0","0","0","8"
"0x7e1c777b0ec0","      LDGSTS.E.BYPASS.128 desc[UR14][R22.64], P3, [R89+0x14000]","39","34","39","32768","1048576","1048576","32","32","0","0","0","Global,Shared","Load,Store","128","131072","4","0","131072","131072","0","524288","524288","","0","0","0","0","0","0","0","0","0","0","0","15","0","0","0","11","0","0","3","1","0","0","0","9","0","0","0","0","0","14","0","0","0","11","0","0","0","0","0","0","0","9"
"0x7e1c777b0ed0","      PLOP3.LUT P3, PT, PT, PT, UP0, 0x80, 0x0","4","0","4","32768","1048576","1048576","32","32","0","0","0","-","-","-","0","0","0","0","0","0","0","0","-","0","0","0","0","0","0","0","0","0","0","0","0","0","0","0","0","0","0","0","4","0","0","0","0","0","0","0","0","0","0","0","0","0","0","0","0","0","0","0","0","0","0"
"0x7e1c777b0ee0","      LDGSTS.E.BYPASS.128 desc[UR14][R136.64], P4, [R89+0x14800]","35","29","35","32768","1048576","1048576","32","32","0","0","0","Global,Shared","Load,Store","128","131072","4","0","131072","131072","0","524288","524288","","0","0","0","0","0","0","0","0","0","0","0","14","0","0","0","10","0","0","4","2","0","0","0","5","0","0","0","0","0","14","0","0","0","10","0","0","0","0","0","0","0","5"
"0x7e1c777b0ef0","      LDGSTS.E.BYPASS.128 desc[UR14][R138.64], P5, [R89+0x15000]","26","23","26","32768","1048576","1048576","32","32","0","0","0","Global,Shared","Load,Store","128","131072","4","0","131072","131072","0","524288","524288","","0","0","0","0","0","0","0","0","0","0","0","9","0","0","0","5","0","0","2","0","0","0","0","10","0","0","0","0","0","8","0","0","0","5","0","0","0","0","0","0","0","10"
"0x7e1c777b0f00","      LDGSTS.E.BYPASS.128 desc[UR14][R140.64], P6, [R89+0x15800]","21","18","21","32768","1048576","1048576","32","32","0","0","0","Global,Shared","Load,Store","128","131072","4","0","131072","131072","0","524288","524288","","0","0","0","0","0","0","0","0","0","0","0","10","0","0","0","5","0","0","0","3","0","0","0","3","0","0","0","0","0","10","0","0","0","5","0","0","0","0","0","0","0","3"
"0x7e1c777b0f10","      LDGDEPBAR","30","28","30","32768","1048576","1048576","32","32","0","0","0","-","-","-","0","0","0","0","0","0","0","0","-","0","0","0","0","0","0","0","0","0","0","0","20","0","0","0","0","0","0","0","2","0","0","0","8","0","0","0","0","0","20","0","0","0","0","0","0","0","0","0","0","0","8"
"0x7e1c777b0f20","      BAR.SYNC.DEFER_BLOCKING 0x0","1","0","1","32768","1048576","1048576","32","32","0","0","0","-","-","-","0","0","0","0","0","0","0","0","-","0","0","0","0","0","0","0","0","0","0","0","0","0","0","0","0","0","0","0","1","0","0","0","0","0","0","0","0","0","0","0","0","0","0","0","0","0","0","0","0","0","0"
"0x7e1c777b0f30","@!PT  LDS RZ, [RZ]","148","140","148","32768","1048576","0","32","0","32","32","0","","Load","32","0","0","0","0","0","0","0","0","-","0","0","0","0","0","0","109","0","0","0","0","0","0","0","0","29","0","0","3","1","0","0","0","6","105","0","0","0","0","0","0","0","0","29","0","0","0","0","0","0","0","6"
"0x7e1c777b0f40","@!PT  LDS RZ, [RZ]","24","18","24","32768","1048576","0","32","0","0","32","0","","Load","32","0","0","0","0","0","0","0","0","-","0","0","0","0","0","0","0","0","0","0","0","0","0","0","0","18","0","0","4","2","0","0","0","0","0","0","0","0","0","0","0","0","0","18","0","0","0","0","0","0","0","0"
"0x7e1c777b0f50","@!PT  LDS RZ, [RZ]","26","23","26","32768","1048576","0","32","0","0","32","0","","Load","32","0","0","0","0","0","0","0","0","-","0","0","0","0","0","0","0","0","0","0","0","0","0","0","0","23","0","0","1","2","0","0","0","0","0","0","0","0","0","0","0","0","0","23","0","0","0","0","0","0","0","0"
"0x7e1c777b0f60","      LDGSTS.E.BYPASS.128 desc[UR14][R6.64], !PT, [R89+0x8000]","43","38","43","32768","1048576","1048576","32","32","32","0","0","Global,Shared","Load,Store","128","0","4","0","131072","131072","0","0","0","","0","0","0","0","0","0","0","0","0","0","0","0","0","0","0","38","0","0","2","3","0","0","0","0","0","0","0","0","0","0","0","0","0","38","0","0","0","0","0","0","0","0"
"0x7e1c777b0f70","      LDGSTS.E.BYPASS.128 desc[UR14][R8.64], !PT, [R89+0x8800]","44","42","44","32768","1048576","1048576","32","32","0","0","0","Global,Shared","Load,Store","128","0","4","0","131072","131072","0","0","0","","0","0","0","0","0","0","0","0","0","0","0","0","0","0","0","33","0","0","0","0","0","0","0","11","0","0","0","0","0","0","0","0","0","33","0","0","0","0","0","0","0","9"
"0x7e1c777b0f80","      LDGSTS.E.BYPASS.128 desc[UR14][R4.64], !PT, [R89+0x9000]","65","61","65","32768","1048576","1048576","32","32","0","0","0","Global,Shared","Load,Store","128","0","4","0","131072","131072","0","0","0","","0","0","0","0","0","0","0","0","0","0","0","0","0","0","0","55","0","0","1","3","0","0","0","6","0","0","0","0","0","0","0","0","0","55","0","0","0","0","0","0","0","6"
"0x7e1c777b0f90","      LDGSTS.E.BYPASS.128 desc[UR14][R10.64], !PT, [R89+0x9800]","87","81","87","32768","1048576","1048576","32","32","0","0","0","Global,Shared","Load,Store","128","0","4","0","131072","131072","0","0","0","","0","0","0","0","0","0","0","0","0","0","0","4","0","0","0","69","0","0","4","2","0","0","0","8","0","0","0","0","0","4","0","0","0","69","0","0","0","0","0","0","0","8"
"0x7e1c777b0fa0","      LDGDEPBAR","91","89","91","32768","1048576","1048576","32","32","0","0","0","-","-","-","0","0","0","0","0","0","0","0","-","0","0","0","0","0","0","0","0","0","0","0","14","0","0","0","65","0","0","0","2","0","0","0","10","0","0","0","0","0","14","0","0","0","65","0","0","0","0","0","0","0","10"
"0x7e1c777b0fb0","      LDGSTS.E.BYPASS.128 desc[UR14][R22.64], !PT, [R89+0x18000]","124","120","124","32768","1048576","1048576","32","32","0","0","0","Global,Shared","Load,Store","128","0","4","0","131072","131072","0","0","0","","0","0","0","0","0","0","0","0","0","0","0","82","0","0","0","31","0","0","2","2","0","0","0","7","0","0","0","0","0","82","0","0","0","31","0","0","0","0","0","0","0","7"
"0x7e1c777b0fc0","      LDGSTS.E.BYPASS.128 desc[UR14][R136.64], !PT, [R89+0x18800]","95","92","95","32768","1048576","1048576","32","32","0","0","0","Global,Shared","Load,Store","128","0","4","0","131072","131072","0","0","0","","0","0","0","0","0","0","0","0","0","0","0","57","0","0","0","25","0","0","2","1","0","0","0","10","0","0","0","0","0","57","0","0","0","25","0","0","0","0","0","0","0","10"
"0x7e1c777b0fd0","      LDGSTS.E.BYPASS.128 desc[UR14][R138.64], !PT, [R89+0x19000]","62","58","62","32768","1048576","1048576","32","32","0","0","0","Global,Shared","Load,Store","128","0","4","0","131072","131072","0","0","0","","0","0","0","0","0","0","0","0","0","0","0","30","0","0","0","22","0","0","2","2","0","0","0","6","0","0","0","0","0","30","0","0","0","22","0","0","0","0","0","0","0","6"
"0x7e1c777b0fe0","      LDGSTS.E.BYPASS.128 desc[UR14][R140.64], !PT, [R89+0x19800]","97","96","97","32768","1048576","1048576","32","32","0","0","0","Global,Shared","Load,Store","128","0","4","0","131072","131072","0","0","0","","0","0","0","0","0","0","0","0","0","0","0","57","0","0","0","34","0","0","0","1","0","0","0","5","0","0","0","0","0","57","0","0","0","34","0","0","0","0","0","0","0","5"
"0x7e1c777b0ff0","      LDGDEPBAR","87","84","87","32768","1048576","1048576","32","32","0","0","0","-","-","-","0","0","0","0","0","0","0","0","-","0","0","0","0","0","0","0","0","0","0","0","34","0","0","0","48","0","0","1","2","0","0","0","2","0","0","0","0","0","34","0","0","0","48","0","0","0","0","0","0","0","2"
"0x7e1c777b1000","@!PT  LDS RZ, [RZ]","61","58","61","32768","1048576","0","32","0","32","32","0","","Load","32","0","0","0","0","0","0","0","0","-","0","0","0","0","0","0","0","0","0","0","0","0","0","0","0","58","0","0","0","3","0","0","0","0","0","0","0","0","0","0","0","0","0","58","0","0","0","0","0","0","0","0"
"0x7e1c777b1010","      MEMBAR.ALL.CTA","88","86","88","32768","1048576","1048576","32","32","32","0","0","-","-","-","0","0","0","0","0","0","0","0","-","0","0","0","0","0","0","0","0","0","0","0","6","0","0","0","80","0","0","0","2","0","0","0","0","0","0","0","0","0","6","0","0","0","80","0","0","0","0","0","0","0","0"
"0x7e1c777b1020","      FENCE.VIEW.ASYNC.S","252","233","252","32768","1048576","1048576","32","32","0","0","0","-","-","-","0","0","0","0","0","0","0","0","-","0","0","0","0","0","0","0","0","0","0","0","0","245","0","0","0","0","0","0","0","0","0","0","7","0","0","0","0","0","0","226","0","0","0","0","0","0","0","0","0","0","7"
"0x7e1c777b1030","@P3   BRA 0x7e1c777b18f0","3","0","3","32768","1048576","0","32","0","32","32","0","-","-","-","0","0","0","0","0","0","0","0","-","0","0","0","0","0","0","0","0","0","0","0","0","0","0","0","0","0","0","0","3","0","0","0","0","0","0","0","0","0","0","0","0","0","0","0","0","0","0","0","0","0","0"
"0x7e1c777b1040","      UIADD3 UR22, UR10, -0xc0, URZ","5","2","5","32768","1048576","1048576","32","32","32","0","0","-","-","-","0","0","0","0","0","0","0","0","-","0","0","0","0","0","0","0","0","0","0","0","0","0","0","0","0","0","0","0","3","0","0","0","2","0","0","0","0","0","0","0","0","0","0","0","0","0","0","0","0","0","2"
"0x7e1c777b1050","      UIADD3 UR23, UR9, 0x20000, URZ","2","2","2","32768","1048576","1048576","32","32","0","0","0","-","-","-","0","0","0","0","0","0","0","0","-","0","0","0","0","0","0","0","0","0","0","0","0","0","0","0","0","0","0","0","0","0","0","0","2","0","0","0","0","0","0","0","0","0","0","0","0","0","0","0","0","0","2"
"0x7e1c777b1060","      UMOV UR12, 0x2","0","0","0","32768","1048576","1048576","32","32","0","0","0","-","-","-","0","0","0","0","0","0","0","0","-","0","0","0","0","0","0","0","0","0","0","0","0","0","0","0","0","0","0","0","0","0","0","0","0","0","0","0","0","0","0","0","0","0","0","0","0","0","0","0","0","0","0"
"0x7e1c777b1070","      UMOV UR11, 0xffffffff","3","0","3","32768","1048576","1048576","32","32","0","0","0","-","-","-","0","0","0","0","0","0","0","0","-","0","0","0","0","0","0","0","0","0","0","0","0","0","0","0","0","0","0","0","3","0","0","0","0","0","0","0","0","0","0","0","0","0","0","0","0","0","0","0","0","0","0"
"0x7e1c777b1080","      VIADD R88, R16, UR8","37","33","37","65536","2097152","2097152","32","32","0","0","0","-","-","-","0","0","0","0","0","0","0","0","-","0","0","0","0","0","0","0","7","0","0","0","0","0","0","0","0","0","6","0","3","0","0","0","21","0","7","0","0","0","0","0","0","0","0","0","6","0","0","0","0","0","20"
"0x7e1c777b1090","      DEPBAR.LE SB0, 0x4","6","0","6","65536","2097152","2097152","32","32","0","0","0","-","-","-","0","0","0","0","0","0","0","0","-","0","0","0","0","0","0","0","0","0","0","0","0","0","0","0","0","0","0","0","6","0","0","0","0","0","0","0","0","0","0","0","0","0","0","0","0","0","0","0","0","0","0"
"0x7e1c777b10a0","      VIADD R89, R88, 0xc0","373","351","373","65536","2097152","2097152","32","32","0","0","0","-","-","-","0","0","0","0","0","0","0","0","-","0","0","0","0","0","0","0","0","0","0","0","0","358","0","0","0","0","0","0","2","0","0","0","13","0","0","0","0","0","0","338","0","0","0","0","0","0","0","0","0","0","13"
"0x7e1c777b10b0","      BAR.SYNC.DEFER_BLOCKING 0x0","154","136","154","65536","2097152","2097152","32","32","0","0","0","-","-","-","0","0","0","0","0","0","0","0","-","0","0","0","0","0","0","0","0","0","0","0","0","150","0","0","0","0","0","1","3","0","0","0","0","0","0","0","0","0","0","136","0","0","0","0","0","0","0","0","0","0","0"
"0x7e1c777b10c0","      VIADD R90, R88, 0xd0","5","0","5","65536","2097152","2097152","32","32","0","0","0","-","-","-","0","0","0","0","0","0","0","0","-","0","0","0","0","0","0","0","0","0","0","0","0","0","0","0","0","0","0","0","5","0","0","0","0","0","0","0","0","0","0","0","0","0","0","0","0","0","0","0","0","0","0"
"0x7e1c777b10d0","      UISETP.GE.AND UP0, UPT, UR8, UR22, UPT","8","0","8","65536","2097152","2097152","32","32","0","0","0","-","-","-","0","0","0","0","0","0","0","0","-","0","0","0","0","0","0","0","0","0","0","0","0","0","0","0","0","0","0","0","8","0","0","0","0","0","0","0","0","0","0","0","0","0","0","0","0","0","0","0","0","0","0"
"0x7e1c777b10e0","      VIADD R91, R88, 0xe0","1","0","1","65536","2097152","2097152","32","32","0","0","0","-","-","-","0","0","0","0","0","0","0","0","-","0","0","0","0","0","0","0","0","0","0","0","0","0","0","0","0","0","0","0","1","0","0","0","0","0","0","0","0","0","0","0","0","0","0","0","0","0","0","0","0","0","0"
"0x7e1c777b10f0","      ISETP.GE.AND P3, PT, R89, UR20, PT","8","0","8","65536","2097152","2097152","32","32","0","0","0","-","-","-","0","0","0","0","0","0","0","0","-","0","0","0","0","0","0","0","0","3","0","0","0","0","0","0","0","0","0","0","5","0","0","0","0","0","0","0","0","0","0","0","0","0","0","0","0","0","0","0","0","0","0"
"0x7e1c777b1100","      VIADD R88, R88, 0xf0","3","0","3","65536","2097152","2097152","32","32","0","0","0","-","-","-","0","0","0","0","0","0","0","0","-","0","0","0","0","0","0","0","0","0","0","0","0","0","0","0","0","0","0","0","3","0","0","0","0","0","0","0","0","0","0","0","0","0","0","0","0","0","0","0","0","0","0"
"0x7e1c777b1110","      UIADD3 UR11, UR11, 0x1, URZ","3","0","3","65536","2097152","2097152","32","32","0","0","0","-","-","-","0","0","0","0","0","0","0","0","-","0","0","0","0","0","0","0","0","1","0","0","0","0","0","0","0","0","0","0","2","0","0","0","0","0","0","0","0","0","0","0","0","0","0","0","0","0","0","0","0","0","0"
"0x7e1c777b1120","      SEL R89, RZ, 0x10, P3","11","1","11","65536","2097152","2097152","32","32","0","0","0","-","-","-","0","0","0","0","0","0","0","0","-","0","0","0","0","0","0","0","0","0","0","0","0","0","0","0","0","0","0","1","7","0","0","0","3","0","0","0","0","0","0","0","0","0","0","0","0","0","0","0","0","0","1"
"0x7e1c777b1130","      USHF.L.U32 UR4, UR21, 0x7, URZ","2","0","2","65536","2097152","2097152","32","32","0","0","0","-","-","-","0","0","0","0","0","0","0","0","-","0","0","0","0","0","0","0","0","0","0","0","0","0","0","0","0","0","0","0","2","0","0","0","0","0","0","0","0","0","0","0","0","0","0","0","0","0","0","0","0","0","0"
"0x7e1c777b1140","      ISETP.GE.AND P3, PT, R90, UR20, PT","6","0","6","65536","2097152","2097152","32","32","0","0","0","-","-","-","0","0","0","0","0","0","0","0","-","0","0","0","0","0","0","0","0","3","0","0","0","0","0","0","0","0","0","0","3","0","0","0","0","0","0","0","0","0","0","0","0","0","0","0","0","0","0","0","0","0","0"
"0x7e1c777b1150","      UMOV UR5, 0x40000040","171","134","171","65536","2097152","2097152","32","32","0","0","0","-","-","-","0","0","0","0","0","0","0","0","-","0","0","0","0","0","0","155","0","0","0","0","0","0","0","0","0","0","0","12","4","0","0","0","0","134","0","0","0","0","0","0","0","0","0","0","0","0","0","0","0","0","0"
"0x7e1c777b1160","      UMOV UR7, 0x40000040","13","0","13","65536","2097152","2097152","32","32","0","0","0","-","-","-","0","0","0","0","0","0","0","0","-","0","0","0","0","0","0","0","0","0","0","0","0","0","0","0","0","0","0","0","13","0","0","0","0","0","0","0","0","0","0","0","0","0","0","0","0","0","0","0","0","0","0"
"0x7e1c777b1170","      ULOP3.LUT UR4, UR4, 0x200, URZ, 0xc0, !UPT","0","0","0","65536","2097152","2097152","32","32","0","0","0","-","-","-","0","0","0","0","0","0","0","0","-","0","0","0","0","0","0","0","0","0","0","0","0","0","0","0","0","0","0","0","0","0","0","0","0","0","0","0","0","0","0","0","0","0","0","0","0","0","0","0","0","0","0"
"0x7e1c777b1180","      SEL R90, RZ, 0x10, P3","4","0","4","65536","2097152","2097152","32","32","0","0","0","-","-","-","0","0","0","0","0","0","0","0","-","0","0","0","0","0","0","0","0","0","0","0","0","0","0","0","0","0","0","0","4","0","0","0","0","0","0","0","0","0","0","0","0","0","0","0","0","0","0","0","0","0","0"
"0x7e1c777b1190","      UIADD3 UR12, UR12, 0x1, URZ","6","0","6","65536","2097152","2097152","32","32","0","0","0","-","-","-","0","0","0","0","0","0","0","0","-","0","0","0","0","0","0","0","0","0","0","0","0","0","0","0","0","0","0","0","6","0","0","0","0","0","0","0","0","0","0","0","0","0","0","0","0","0","0","0","0","0","0"
"0x7e1c777b11a0","      ISETP.GE.AND P3, PT, R91, UR20, PT","7","0","7","65536","2097152","2097152","32","32","0","0","0","-","-","-","0","0","0","0","0","0","0","0","-","0","0","0","0","0","0","0","0","0","0","0","0","0","0","0","0","0","0","0","7","0","0","0","0","0","0","0","0","0","0","0","0","0","0","0","0","0","0","0","0","0","0"
"0x7e1c777b11b0","      ULEA.HI UR4, UR23, UR4, URZ, 0x1c","4","0","4","65536","2097152","2097152","32","32","0","0","0","-","-","-","0","0","0","0","0","0","0","0","-","0","0","0","0","0","0","0","0","3","0","0","0","0","0","0","0","0","0","0","1","0","0","0","0","0","0","0","0","0","0","0","0","0","0","0","0","0","0","0","0","0","0"
"0x7e1c777b11c0","      UIADD3 UR8, UR8, 0x40, URZ","49","4","49","65536","2097152","2097152","32","32","0","0","0","-","-","-","0","0","0","0","0","0","0","0","-","0","0","0","0","0","0","0","0","1","0","0","0","0","12","0","0","0","0","28","5","0","0","0","3","0","0","0","0","0","0","0","2","0","0","0","0","0","0","0","0","0","2"
"0x7e1c777b11d0","      SEL R91, RZ, 0x10, P3","5","0","5","65536","2097152","2097152","32","32","0","0","0","-","-","-","0","0","0","0","0","0","0","0","-","0","0","0","0","0","0","0","0","0","0","0","0","0","0","0","0","0","0","0","5","0","0","0","0","0","0","0","0","0","0","0","0","0","0","0","0","0","0","0","0","0","0"
"0x7e1c777b11e0","      ULOP3.LUT UR4, UR4, 0x3fff, URZ, 0xc0, !UPT","2","0","2","65536","2097152","2097152","32","32","0","0","0","-","-","-","0","0","0","0","0","0","0","0","-","0","0","0","0","0","0","0","0","0","0","0","0","0","0","0","0","0","0","0","2","0","0","0","0","0","0","0","0","0","0","0","0","0","0","0","0","0","0","0","0","0","0"
"0x7e1c777b11f0","      ISETP.GE.AND P3, PT, R88, UR20, PT","4","0","4","65536","2097152","2097152","32","32","0","0","0","-","-","-","0","0","0","0","0","0","0","0","-","0","0","0","0","0","0","0","0","0","0","0","0","0","0","0","0","0","0","0","4","0","0","0","0","0","0","0","0","0","0","0","0","0","0","0","0","0","0","0","0","0","0"
"0x7e1c777b1200","@!PT  LDS RZ, [RZ]","2","0","2","65536","2097152","0","32","0","32","32","0","","Load","32","0","0","0","0","0","0","0","0","-","0","0","0","0","0","0","0","0","0","0","0","0","0","0","0","0","0","0","0","2","0","0","0","0","0","0","0","0","0","0","0","0","0","0","0","0","0","0","0","0","0","0"
"0x7e1c777b1210","@!PT  LDS RZ, [RZ]","4","0","4","65536","2097152","0","32","0","0","32","0","","Load","32","0","0","0","0","0","0","0","0","-","0","0","0","0","0","0","0","0","0","0","0","0","0","0","0","0","0","0","0","4","0","0","0","0","0","0","0","0","0","0","0","0","0","0","0","0","0","0","0","0","0","0"
"0x7e1c777b1220","@!PT  LDS RZ, [RZ]","3","0","3","65536","2097152","0","32","0","0","32","0","","Load","32","0","0","0","0","0","0","0","0","-","0","0","0","0","0","0","0","0","0","0","0","0","0","0","0","0","0","0","0","3","0","0","0","0","0","0","0","0","0","0","0","0","0","0","0","0","0","0","0","0","0","0"
"0x7e1c777b1230","@!PT  LDS RZ, [RZ]","3","0","3","65536","2097152","0","32","0","0","32","0","","Load","32","0","0","0","0","0","0","0","0","-","0","0","0","0","0","0","0","0","0","0","0","0","0","0","0","0","0","0","0","3","0","0","0","0","0","0","0","0","0","0","0","0","0","0","0","0","0","0","0","0","0","0"
"0x7e1c777b1240","      MEMBAR.ALL.CTA","2","0","2","65536","2097152","2097152","32","32","32","0","0","-","-","-","0","0","0","0","0","0","0","0","-","0","0","0","0","0","0","0","0","0","0","0","0","0","0","0","0","0","0","0","2","0","0","0","0","0","0","0","0","0","0","0","0","0","0","0","0","0","0","0","0","0","0"
"0x7e1c777b1250","      FENCE.VIEW.ASYNC.S","97","59","97","65536","2097152","2097152","32","32","0","0","0","-","-","-","0","0","0","0","0","0","0","0","-","0","0","0","0","0","0","0","0","0","0","0","0","84","0","0","0","0","0","1","2","0","0","0","10","0","0","0","0","0","0","52","0","0","0","0","0","0","0","0","0","0","7"
"0x7e1c777b1260","      UIADD3 UR24, UP1, UR4, 0x2, URZ","5","0","5","65536","2097152","2097152","32","32","0","0","0","-","-","-","0","0","0","0","0","0","0","0","-","0","0","0","0","0","0","0","0","0","0","0","0","0","0","0","0","0","0","0","5","0","0","0","0","0","0","0","0","0","0","0","0","0","0","0","0","0","0","0","0","0","0"
"0x7e1c777b1270","      SEL R88, RZ, 0x10, P3","4","0","4","65536","2097152","2097152","32","32","0","0","0","-","-","-","0","0","0","0","0","0","0","0","-","0","0","0","0","0","0","0","0","0","0","0","0","0","0","0","0","0","0","0","4","0","0","0","0","0","0","0","0","0","0","0","0","0","0","0","0","0","0","0","0","0","0"
"0x7e1c777b1280","      PLOP3.LUT P3, PT, PT, PT, UP0, 0x40, 0x0","19","8","19","65536","2097152","2097152","32","32","0","0","0","-","-","-","0","0","0","0","0","0","0","0","-","0","0","0","0","0","0","0","0","0","0","0","0","0","7","0","0","0","0","1","5","0","0","0","6","0","0","0","0","0","0","0","2","0","0","0","0","0","0","0","0","0","6"
"0x7e1c777b1290","      SEL R147, R89, RZ, P3","19","11","19","65536","2097152","2097152","32","32","0","0","0","-","-","-","0","0","0","0","0","0","0","0","-","0","0","0","0","0","0","0","0","0","0","0","0","0","0","0","0","0","0","0","8","0","0","0","11","0","0","0","0","0","0","0","0","0","0","0","0","0","0","0","0","0","11"
"0x7e1c777b12a0","      PLOP3.LUT P3, PT, PT, PT, UP0, 0x40, 0x0","14","9","14","65536","2097152","2097152","32","32","0","0","0","-","-","-","0","0","0","0","0","0","0","0","-","0","0","0","0","0","0","0","0","0","0","0","0","0","0","0","0","0","0","0","5","0","0","0","9","0","0","0","0","0","0","0","0","0","0","0","0","0","0","0","0","0","9"
"0x7e1c777b12b0","      SEL R148, R90, RZ, P3","14","11","14","65536","2097152","2097152","32","32","0","0","0","-","-","-","0","0","0","0","0","0","0","0","-","0","0","0","0","0","0","0","0","0","0","0","0","0","0","0","0","0","0","0","3","0","0","0","11","0","0","0","0","0","0","0","0","0","0","0","0","0","0","0","0","0","11"
"0x7e1c777b12c0","      PLOP3.LUT P3, PT, PT, PT, UP0, 0x40, 0x0","8","5","8","65536","2097152","2097152","32","32","0","0","0","-","-","-","0","0","0","0","0","0","0","0","-","0","0","0","0","0","0","0","0","0","0","0","0","0","0","0","0","0","0","0","3","0","0","0","5","0","0","0","0","0","0","0","0","0","0","0","0","0","0","0","0","0","5"
"0x7e1c777b12d0","      ISETP.NE.U32.AND P4, PT, R148, RZ, PT","12","4","12","65536","2097152","2097152","32","32","0","0","0","-","-","-","0","0","0","0","0","0","0","0","-","0","0","0","0","0","0","0","0","0","0","0","0","0","2","0","0","0","0","2","5","0","0","0","3","0","0","0","0","0","0","0","2","0","0","0","0","0","0","0","0","0","2"
"0x7e1c777b12e0","      SEL R149, R91, RZ, P3","5","4","5","65536","2097152","2097152","32","32","0","0","0","-","-","-","0","0","0","0","0","0","0","0","-","0","0","0","0","0","0","0","0","0","0","0","0","0","0","0","0","0","0","0","1","0","0","0","4","0","0","0","0","0","0","0","0","0","0","0","0","0","0","0","0","0","4"
"0x7e1c777b12f0","      PLOP3.LUT P3, PT, PT, PT, UP0, 0x40, 0x0","5","3","5","65536","2097152","2097152","32","32","0","0","0","-","-","-","0","0","0","0","0","0","0","0","-","0","0","0","0","0","0","0","0","0","0","0","0","0","0","0","0","0","0","0","2","0","0","0","3","0","0","0","0","0","0","0","0","0","0","0","0","0","0","0","0","0","3"
"0x7e1c777b1300","      UISETP.GT.AND UP0, UPT, UR11, 0x3, UPT","6","0","6","65536","2097152","2097152","32","32","0","0","0","-","-","-","0","0","0","0","0","0","0","0","-","0","0","0","0","0","0","0","0","0","0","0","0","0","0","0","0","0","0","0","6","0","0","0","0","0","0","0","0","0","0","0","0","0","0","0","0","0","0","0","0","0","0"
"0x7e1c777b1310","      ISETP.NE.U32.AND P5, PT, R149, RZ, PT","1","0","1","65536","2097152","2097152","32","32","0","0","0","-","-","-","0","0","0","0","0","0","0","0","-","0","0","0","0","0","0","0","0","0","0","0","0","0","0","0","0","0","0","0","1","0","0","0","0","0","0","0","0","0","0","0","0","0","0","0","0","0","0","0","0","0","0"
"0x7e1c777b1320","      SEL R150, R88, RZ, P3","9","4","9","65536","2097152","2097152","32","32","0","0","0","-","-","-","0","0","0","0","0","0","0","0","-","0","0","0","0","0","0","0","0","0","0","0","0","0","1","0","0","0","0","1","4","0","0","0","3","0","0","0","0","0","0","0","1","0","0","0","0","0","0","0","0","0","3"
"0x7e1c777b1330","      USEL UR11, UR11, URZ, !UP0","6","0","6","65536","2097152","2097152","32","32","0","0","0","-","-","-","0","0","0","0","0","0","0","0","-","0","0","0","0","0","0","0","0","0","0","0","0","0","0","0","0","0","0","0","6","0","0","0","0","0","0","0","0","0","0","0","0","0","0","0","0","0","0","0","0","0","0"
"0x7e1c777b1340","      WARPGROUP.ARRIVE","83","39","83","65536","2097152","2097152","32","32","0","0","0","-","-","-","0","0","0","0","0","0","0","0","-","0","0","0","0","0","0","0","0","0","0","0","0","77","0","0","0","0","0","2","4","0","0","0","0","0","0","0","0","0","0","39","0","0","0","0","0","0","0","0","0","0","0"
"0x7e1c777b1350","      ISETP.NE.U32.AND P3, PT, R147, RZ, PT","4","0","4","65536","2097152","2097152","32","32","0","0","0","-","-","-","0","0","0","0","0","0","0","0","-","0","0","0","0","0","0","0","0","0","0","0","0","0","0","0","0","0","0","0","4","0","0","0","0","0","0","0","0","0","0","0","0","0","0","0","0","0","0","0","0","0","0"
"0x7e1c777b1360","      ULEA UR13, UR11, UR9, 0xe","12","4","12","65536","2097152","2097152","32","32","0","0","0","-","-","-","0","0","0","0","0","0","0","0","-","0","0","0","0","0","0","0","0","0","0","0","0","0","3","0","0","0","0","2","5","0","0","0","2","0","0","0","0","0","0","0","3","0","0","0","0","0","0","0","0","0","1"
"0x7e1c777b1370","      ISETP.NE.U32.AND P6, PT, R150, RZ, PT","5","0","5","65536","2097152","2097152","32","32","0","0","0","-","-","-","0","0","0","0","0","0","0","0","-","0","0","0","0","0","0","0","0","0","0","0","0","0","0","0","0","0","0","0","5","0","0","0","0","0","0","0","0","0","0","0","0","0","0","0","0","0","0","0","0","0","0"
"0x7e1c777b1380","      USHF.R.U32.HI UR6, URZ, 0x4, UR13","13","10","13","65536","2097152","2097152","32","32","0","0","0","-","-","-","0","0","0","0","0","0","0","0","-","0","0","0","0","0","0","0","0","0","0","0","0","0","1","0","0","0","0","0","2","0","0","0","10","0","0","0","0","0","0","0","0","0","0","0","0","0","0","0","0","0","10"
"0x7e1c777b1390","      UIADD3 UR13, UR13, 0x10000, URZ","14","3","14","65536","2097152","2097152","32","32","0","0","0","-","-","-","0","0","0","0","0","0","0","0","-","0","0","0","0","0","0","0","0","0","0","0","0","0","3","0","0","0","0","0","7","0","0","0","4","0","0","0","0","0","0","0","0","0","0","0","0","0","0","0","0","0","3"
"0x7e1c777b13a0","      USGXT.U32 UR6, UR6, 0xe","45","19","45","65536","2097152","2097152","32","32","0","0","0","-","-","-","0","0","0","0","0","0","0","0","-","0","0","0","0","0","0","0","0","1","0","0","0","0","19","0","0","0","0","18","1","0","0","0","6","0","0","1","0","0","0","0","17","0","0","0","0","0","0","0","0","0","1"
"0x7e1c777b13b0","      HGMMA.64x64x16.F32 R88, gdesc[UR4], RZ, !UPT","51","30","51","65536","2097152","2097152","32","32","0","0","0","Shared","Load","-","0","8","0","524288","524288","0","0","0","-","0","0","0","0","0","0","0","0","0","0","0","0","0","0","0","0","0","0","0","11","0","0","0","37","0","0","0","0","0","0","0","0","0","0","0","0","0","0","0","0","0","28"
"0x7e1c777b13c0","      UIADD3 UR6, UP0, UR6, 0x2, URZ","6","0","6","65536","2097152","2097152","32","32","0","0","0","-","-","-","0","0","0","0","0","0","0","0","-","0","0","0","0","0","0","0","0","0","0","0","0","0","0","0","0","0","0","0","6","0","0","0","0","0","0","0","0","0","0","0","0","0","0","0","0","0","0","0","0","0","0"
"0x7e1c777b13d0","      UMOV UR5, URZ","1","0","1","65536","2097152","2097152","32","32","0","0","0","-","-","-","0","0","0","0","0","0","0","0","-","0","0","0","0","0","0","0","0","0","0","0","0","0","0","0","0","0","0","0","1","0","0","0","0","0","0","0","0","0","0","0","0","0","0","0","0","0","0","0","0","0","0"
"0x7e1c777b13e0","      UMOV UR4, URZ","3","0","3","65536","2097152","2097152","32","32","0","0","0","-","-","-","0","0","0","0","0","0","0","0","-","0","0","0","0","0","0","0","0","0","0","0","0","0","0","0","0","0","0","0","3","0","0","0","0","0","0","0","0","0","0","0","0","0","0","0","0","0","0","0","0","0","0"
"0x7e1c777b13f0","      UIADD3.X UR5, UR5, 0x40000040, URZ, UP1, !UPT","6","0","6","65536","2097152","2097152","32","32","0","0","0","-","-","-","0","0","0","0","0","0","0","0","-","0","0","0","0","0","0","0","0","0","0","0","0","0","0","0","0","0","0","0","6","0","0","0","0","0","0","0","0","0","0","0","0","0","0","0","0","0","0","0","0","0","0"
"0x7e1c777b1400","      UIADD3.X UR7, UR4, 0x40000040, URZ, UP0, !UPT","15","4","15","65536","2097152","2097152","32","32","0","0","0","-","-","-","0","0","0","0","0","0","0","0","-","0","0","0","0","0","0","0","0","0","0","0","0","0","2","0","0","0","0","2","4","0","0","0","7","0","0","0","0","0","0","0","2","0","0","0","0","0","0","0","0","0","2"
"0x7e1c777b1410","      UIADD3 UR16, UP0, UR24, 0x2, URZ","12","6","12","65536","2097152","2097152","32","32","0","0","0","-","-","-","0","0","0","0","0","0","0","0","-","0","0","0","0","0","0","0","0","3","0","0","0","0","1","0","0","0","0","0","5","0","0","0","3","0","0","2","0","0","0","0","1","0","0","0","0","0","0","0","0","0","3"
"0x7e1c777b1420","      UMOV UR4, UR24","9","5","9","65536","2097152","2097152","32","32","0","0","0","-","-","-","0","0","0","0","0","0","0","0","-","0","0","0","0","0","0","0","0","0","0","0","0","0","0","0","0","0","0","0","4","0","0","0","5","0","0","0","0","0","0","0","0","0","0","0","0","0","0","0","0","0","5"
"0x7e1c777b1430","      UIADD3.64 UR18, UR6, 0x2, URZ","9","0","9","65536","2097152","2097152","32","32","0","0","0","-","-","-","0","0","0","0","0","0","0","0","-","0","0","0","0","0","0","0","0","0","0","0","0","0","0","0","0","0","0","0","9","0","0","0","0","0","0","0","0","0","0","0","0","0","0","0","0","0","0","0","0","0","0"
"0x7e1c777b1440","      UIADD3.X UR17, UR5, URZ, URZ, UP0, !UPT","21","11","21","65536","2097152","2097152","32","32","0","0","0","-","-","-","0","0","0","0","0","0","0","0","-","0","0","0","0","0","0","0","0","4","0","0","0","0","3","0","0","0","0","4","6","0","0","0","4","0","0","4","0","0","0","0","3","0","0","0","0","0","0","0","0","0","4"
"0x7e1c777b1450","      HGMMA.64x64x16.F32 R88, gdesc[UR4], R88","10","7","10","65536","2097152","2097152","32","32","0","0","0","Shared","Load","-","0","8","0","524288","524288","0","0","0","-","0","0","0","0","0","0","0","0","1","0","0","0","0","0","0","0","0","0","0","3","0","0","0","6","0","0","1","0","0","0","0","0","0","0","0","0","0","0","0","0","0","6"
"0x7e1c777b1460","      HGMMA.64x64x16.F32 R88, gdesc[UR16], R88","42","20","42","65536","2097152","2097152","32","32","0","0","0","Shared","Load","-","0","8","0","524288","524288","0","0","0","-","0","0","0","0","0","0","0","0","0","0","0","0","0","0","0","0","0","0","6","3","0","0","0","33","0","0","0","0","0","0","0","0","0","0","0","0","0","0","0","0","0","20"
"0x7e1c777b1470","      UIADD3 UR16, UP0, UR24, 0x4, URZ","4","0","4","65536","2097152","2097152","32","32","0","0","0","-","-","-","0","0","0","0","0","0","0","0","-","0","0","0","0","0","0","0","0","0","0","0","0","0","0","0","0","0","0","0","4","0","0","0","0","0","0","0","0","0","0","0","0","0","0","0","0","0","0","0","0","0","0"
"0x7e1c777b1480","      UIADD3.64 UR18, UR6, 0x4, URZ","23","14","23","65536","2097152","2097152","32","32","0","0","0","-","-","-","0","0","0","0","0","0","0","0","-","0","0","0","0","0","0","0","0","1","0","0","0","0","6","0","0","0","0","6","3","0","0","0","7","0","0","1","0","0","0","0","6","0","0","0","0","0","0","0","0","0","7"
"0x7e1c777b1490","      UIADD3.X UR17, UR5, URZ, URZ, UP0, !UPT","5","3","5","65536","2097152","2097152","32","32","0","0","0","-","-","-","0","0","0","0","0","0","0","0","-","0","0","0","0","0","0","0","0","1","0","0","0","0","0","0","0","0","0","0","2","0","0","0","2","0","0","1","0","0","0","0","0","0","0","0","0","0","0","0","0","0","2"
"0x7e1c777b14a0","      HGMMA.64x64x16.F32 R88, gdesc[UR16], R88","56","40","56","65536","2097152","2097152","32","32","0","0","0","Shared","Load","-","0","8","0","524288","524288","0","0","0","-","0","0","0","0","0","0","0","0","4","0","0","0","0","0","0","12","0","0","0","4","0","0","0","36","0","0","3","0","0","0","0","0","0","12","0","0","0","0","0","0","0","25"
"0x7e1c777b14b0","      UIADD3 UR16, UP0, UR24, 0x3fe, URZ","6","0","6","65536","2097152","2097152","32","32","0","0","0","-","-","-","0","0","0","0","0","0","0","0","-","0","0","0","0","0","0","0","0","1","0","0","0","0","0","0","0","0","0","0","5","0","0","0","0","0","0","0","0","0","0","0","0","0","0","0","0","0","0","0","0","0","0"
"0x7e1c777b14c0","      UIADD3.64 UR18, UR6, 0x1fe, URZ","11","3","11","65536","2097152","2097152","32","32","0","0","0","-","-","-","0","0","0","0","0","0","0","0","-","0","0","0","0","0","0","0","0","0","0","0","0","0","3","0","0","0","0","3","3","0","0","0","2","0","0","0","0","0","0","0","3","0","0","0","0","0","0","0","0","0","0"
"0x7e1c777b14d0","      UIADD3.X UR17, UR5, URZ, URZ, UP0, !UPT","12","8","12","65536","2097152","2097152","32","32","0","0","0","-","-","-","0","0","0","0","0","0","0","0","-","0","0","0","0","0","0","0","0","1","0","0","0","0","0","0","0","0","0","0","4","0","0","0","7","0","0","1","0","0","0","0","0","0","0","0","0","0","0","0","0","0","7"
"0x7e1c777b14e0","      HGMMA.64x64x16.F32 R88, gdesc[UR16], R88","57","50","57","65536","2097152","2097152","32","32","0","0","0","Shared","Load","-","0","8","0","524288","524288","0","0","0","-","0","0","0","0","0","0","0","0","0","0","0","0","0","0","0","24","0","0","0","3","0","0","0","30","0","0","0","0","0","0","0","0","0","23","0","0","0","0","0","0","0","27"
"0x7e1c777b14f0","      UIADD3 UR16, UP0, UR24, 0x400, URZ","4","0","4","65536","2097152","2097152","32","32","0","0","0","-","-","-","0","0","0","0","0","0","0","0","-","0","0","0","0","0","0","0","0","0","0","0","0","0","0","0","0","0","0","0","4","0","0","0","0","0","0","0","0","0","0","0","0","0","0","0","0","0","0","0","0","0","0"
"0x7e1c777b1500","      UIADD3.64 UR18, UR6, 0x200, URZ","25","8","25","65536","2097152","2097152","32","32","0","0","0","-","-","-","0","0","0","0","0","0","0","0","-","0","0","0","0","0","0","0","0","2","0","0","0","0","3","0","0","0","0","11","5","0","0","0","4","0","0","2","0","0","0","0","3","0","0","0","0","0","0","0","0","0","3"
"0x7e1c777b1510","      UIADD3.X UR17, UR5, URZ, URZ, UP0, !UPT","14","5","14","65536","2097152","2097152","32","32","0","0","0","-","-","-","0","0","0","0","0","0","0","0","-","0","0","0","0","0","0","0","0","2","0","0","0","0","3","0","0","0","0","5","2","0","0","0","2","0","0","2","0","0","0","0","3","0","0","0","0","0","0","0","0","0","0"
"0x7e1c777b1520","      HGMMA.64x64x16.F32 R88, gdesc[UR16], R88","73","64","73","65536","2097152","2097152","32","32","0","0","0","Shared","Load","-","0","8","0","524288","524288","0","0","0","-","0","0","0","0","0","0","0","0","0","0","0","0","0","0","0","47","0","0","0","3","0","0","0","23","0","0","0","0","0","0","0","0","0","45","0","0","0","0","0","0","0","19"
"0x7e1c777b1530","      UIADD3 UR16, UP0, UR24, 0x402, URZ","6","0","6","65536","2097152","2097152","32","32","0","0","0","-","-","-","0","0","0","0","0","0","0","0","-","0","0","0","0","0","0","0","0","0","0","0","0","0","0","0","0","0","0","0","6","0","0","0","0","0","0","0","0","0","0","0","0","0","0","0","0","0","0","0","0","0","0"
"0x7e1c777b1540","      UIADD3.64 UR18, UR6, 0x202, URZ","7","4","7","65536","2097152","2097152","32","32","0","0","0","-","-","-","0","0","0","0","0","0","0","0","-","0","0","0","0","0","0","0","0","2","0","0","0","0","0","0","0","0","0","0","3","0","0","0","2","0","0","2","0","0","0","0","0","0","0","0","0","0","0","0","0","0","2"
"0x7e1c777b1550","      UIADD3.X UR17, UR5, URZ, URZ, UP0, !UPT","9","5","9","65536","2097152","2097152","32","32","0","0","0","-","-","-","0","0","0","0","0","0","0","0","-","0","0","0","0","0","0","0","0","1","0","0","0","0","0","0","0","0","0","0","4","0","0","0","4","0","0","1","0","0","0","0","0","0","0","0","0","0","0","0","0","0","4"
"0x7e1c777b1560","      UIADD3 UR4, UP0, UR24, 0x404, URZ","9","3","9","65536","2097152","2097152","32","32","0","0","0","-","-","-","0","0","0","0","0","0","0","0","-","0","0","0","0","0","0","0","0","0","0","0","0","0","0","0","0","0","0","0","6","0","0","0","3","0","0","0","0","0","0","0","0","0","0","0","0","0","0","0","0","0","3"
"0x7e1c777b1570","      UIADD3.64 UR6, UR6, 0x204, URZ","11","6","11","65536","2097152","2097152","32","32","0","0","0","-","-","-","0","0","0","0","0","0","0","0","-","0","0","0","0","0","0","0","0","0","0","0","0","0","2","0","0","0","0","1","4","0","0","0","4","0","0","0","0","0","0","0","2","0","0","0","0","0","0","0","0","0","4"
"0x7e1c777b1580","      UIADD3.X UR5, UR5, URZ, URZ, UP0, !UPT","7","5","7","65536","2097152","2097152","32","32","0","0","0","-","-","-","0","0","0","0","0","0","0","0","-","0","0","0","0","0","0","0","0","0","0","0","0","0","0","0","0","0","0","0","2","0","0","0","5","0","0","0","0","0","0","0","0","0","0","0","0","0","0","0","0","0","5"
"0x7e1c777b1590","      HGMMA.64x64x16.F32 R88, gdesc[UR16], R88","66","52","66","65536","2097152","2097152","32","32","0","0","0","Shared","Load","-","0","8","0","524288","524288","0","0","0","-","0","0","0","0","0","0","0","0","0","0","0","0","0","0","0","54","0","0","0","4","0","0","0","8","0","0","0","0","0","0","0","0","0","48","0","0","0","0","0","0","0","4"
"0x7e1c777b15a0","      HGMMA.64x64x16.F32 R88, gdesc[UR4], R88, gsb0","60","47","60","65536","2097152","2097152","32","32","0","0","0","Shared","Load","-","0","8","0","524288","524288","0","0","0","-","0","0","0","0","0","0","0","0","0","0","0","0","0","0","0","37","0","0","0","9","0","0","0","14","0","0","0","0","0","0","0","0","0","37","0","0","0","0","0","0","0","10"
"0x7e1c777b15b0","      USHF.R.U32.HI UR4, URZ, 0x4, UR13","3","0","3","65536","2097152","2097152","32","32","0","0","0","-","-","-","0","0","0","0","0","0","0","0","-","0","0","0","0","0","0","0","0","0","0","0","0","0","0","0","0","0","0","0","3","0","0","0","0","0","0","0","0","0","0","0","0","0","0","0","0","0","0","0","0","0","0"
"0x7e1c777b15c0","      UMOV UR7, 0x40000040","4","0","4","65536","2097152","2097152","32","32","0","0","0","-","-","-","0","0","0","0","0","0","0","0","-","0","0","0","0","0","0","0","0","0","0","0","0","0","0","0","0","0","0","0","4","0","0","0","0","0","0","0","0","0","0","0","0","0","0","0","0","0","0","0","0","0","0"
"0x7e1c777b15d0","      USGXT.U32 UR4, UR4, 0xe","34","16","34","65536","2097152","2097152","32","32","0","0","0","-","-","-","0","0","0","0","0","0","0","0","-","0","0","0","0","0","0","0","0","2","0","0","0","0","9","0","0","0","0","11","3","0","0","0","9","0","0","0","0","0","0","0","9","0","0","0","0","0","0","0","0","0","7"
"0x7e1c777b15e0","      ULOP3.LUT UR6, UR4, 0x2000000, URZ, 0xfc, !UPT","24","14","24","65536","2097152","2097152","32","32","0","0","0","-","-","-","0","0","0","0","0","0","0","0","-","0","0","0","0","0","0","0","0","0","0","0","0","0","2","0","0","0","0","0","6","0","0","0","16","0","0","0","0","0","0","0","2","0","0","0","0","0","0","0","0","0","12"
"0x7e1c777b15f0","      WARPGROUP.DEPBAR.LE gsb0, 0x0","1376","1278","1376","65536","2097152","2097152","32","32","0","0","0","-","-","-","0","0","0","0","0","0","0","0","-","0","0","0","0","0","0","1370","0","0","0","0","0","0","0","0","0","0","0","0","6","0","0","0","0","1278","0","0","0","0","0","0","0","0","0","0","0","0","0","0","0","0","0"
"0x7e1c777b1600","      F2FP.F16.F32.PACK_AB R120, R89, R88","11","6","11","65536","2097152","2097152","32","32","0","0","0","-","-","-","0","0","0","0","0","0","0","0","-","0","0","0","0","0","0","0","0","0","0","0","0","0","0","0","0","0","0","0","5","0","0","0","6","0","0","0","0","0","0","0","0","0","0","0","0","0","0","0","0","0","6"
"0x7e1c777b1610","      F2FP.F16.F32.PACK_AB R121, R91, R90","10","2","10","65536","2097152","2097152","32","32","0","0","0","-","-","-","0","0","0","0","0","0","0","0","-","0","0","0","0","0","0","0","0","0","0","0","0","0","0","0","0","0","0","0","8","0","0","0","2","0","0","0","0","0","0","0","0","0","0","0","0","0","0","0","0","0","2"
"0x7e1c777b1620","      F2FP.F16.F32.PACK_AB R122, R93, R92","8","1","8","65536","2097152","2097152","32","32","0","0","0","-","-","-","0","0","0","0","0","0","0","0","-","0","0","0","0","0","0","0","0","0","0","0","0","0","0","0","0","0","0","0","7","0","0","0","1","0","0","0","0","0","0","0","0","0","0","0","0","0","0","0","0","0","1"
"0x7e1c777b1630","      F2FP.F16.F32.PACK_AB R123, R95, R94","10","3","10","65536","2097152","2097152","32","32","0","0","0","-","-","-","0","0","0","0","0","0","0","0","-","0","0","0","0","0","0","0","0","0","0","0","0","0","0","0","0","0","0","0","7","0","0","0","3","0","0","0","0","0","0","0","0","0","0","0","0","0","0","0","0","0","3"
"0x7e1c777b1640","      F2FP.F16.F32.PACK_AB R124, R97, R96","7","3","7","65536","2097152","2097152","32","32","0","0","0","-","-","-","0","0","0","0","0","0","0","0","-","0","0","0","0","0","0","0","0","0","0","0","0","0","0","0","0","0","0","0","2","0","0","0","5","0","0","0","0","0","0","0","0","0","0","0","0","0","0","0","0","0","3"
"0x7e1c777b1650","      F2FP.F16.F32.PACK_AB R125, R99, R98","12","3","12","65536","2097152","2097152","32","32","0","0","0","-","-","-","0","0","0","0","0","0","0","0","-","0","0","0","0","0","0","0","0","0","0","0","0","0","0","0","0","0","0","1","4","0","0","0","7","0","0","0","0","0","0","0","0","0","0","0","0","0","0","0","0","0","3"
"0x7e1c777b1660","      F2FP.F16.F32.PACK_AB R126, R101, R100","15","7","15","65536","2097152","2097152","32","32","0","0","0","-","-","-","0","0","0","0","0","0","0","0","-","0","0","0","0","0","0","0","0","0","0","0","0","0","0","0","0","0","0","0","4","0","0","0","11","0","0","0","0","0","0","0","0","0","0","0","0","0","0","0","0","0","7"
"0x7e1c777b1670","      F2FP.F16.F32.PACK_AB R127, R103, R102","11","2","11","65536","2097152","2097152","32","32","0","0","0","-","-","-","0","0","0","0","0","0","0","0","-","0","0","0","0","0","0","0","0","0","0","0","0","0","0","0","0","0","0","0","4","0","0","0","7","0","0","0","0","0","0","0","0","0","0","0","0","0","0","0","0","0","2"
"0x7e1c777b1680","      F2FP.F16.F32.PACK_AB R128, R105, R104","12","0","12","65536","2097152","2097152","32","32","0","0","0","-","-","-","0","0","0","0","0","0","0","0","-","0","0","0","0","0","0","0","0","0","0","0","0","0","0","0","0","0","0","0","2","0","0","0","10","0","0","0","0","0","0","0","0","0","0","0","0","0","0","0","0","0","0"
"0x7e1c777b1690","      F2FP.F16.F32.PACK_AB R129, R107, R106","15","5","15","65536","2097152","2097152","32","32","0","0","0","-","-","-","0","0","0","0","0","0","0","0","-","0","0","0","0","0","0","0","0","0","0","0","0","0","0","0","0","0","0","0","5","0","0","0","10","0","0","0","0","0","0","0","0","0","0","0","0","0","0","0","0","0","5"
"0x7e1c777b16a0","      F2FP.F16.F32.PACK_AB R130, R109, R108","18","3","18","65536","2097152","2097152","32","32","0","0","0","-","-","-","0","0","0","0","0","0","0","0","-","0","0","0","0","0","0","0","0","0","0","0","0","0","0","0","0","0","0","0","3","0","0","0","15","0","0","0","0","0","0","0","0","0","0","0","0","0","0","0","0","0","3"
"0x7e1c777b16b0","      F2FP.F16.F32.PACK_AB R131, R111, R110","17","2","17","65536","2097152","2097152","32","32","0","0","0","-","-","-","0","0","0","0","0","0","0","0","-","0","0","0","0","0","0","0","0","0","0","0","0","0","0","0","0","0","0","0","3","0","0","0","14","0","0","0","0","0","0","0","0","0","0","0","0","0","0","0","0","0","2"
"0x7e1c777b16c0","      F2FP.F16.F32.PACK_AB R132, R113, R112","11","1","11","65536","2097152","2097152","32","32","0","0","0","-","-","-","0","0","0","0","0","0","0","0","-","0","0","0","0","0","0","0","0","0","0","0","0","0","0","0","0","0","0","0","4","0","0","0","7","0","0","0","0","0","0","0","0","0","0","0","0","0","0","0","0","0","1"
"0x7e1c777b16d0","      F2FP.F16.F32.PACK_AB R133, R115, R114","12","1","12","65536","2097152","2097152","32","32","0","0","0","-","-","-","0","0","0","0","0","0","0","0","-","0","0","0","0","0","0","0","0","0","0","0","0","0","0","0","0","0","0","0","6","0","0","0","6","0","0","0","0","0","0","0","0","0","0","0","0","0","0","0","0","0","1"
"0x7e1c777b16e0","      F2FP.F16.F32.PACK_AB R134, R117, R116","22","3","22","65536","2097152","2097152","32","32","0","0","0","-","-","-","0","0","0","0","0","0","0","0","-","0","0","0","0","0","0","0","0","3","0","0","0","0","0","0","0","0","0","0","5","0","0","0","14","0","0","0","0","0","0","0","0","0","0","0","0","0","0","0","0","0","3"
"0x7e1c777b16f0","      F2FP.F16.F32.PACK_AB R135, R119, R118","13","6","13","65536","2097152","2097152","32","32","0","0","0","-","-","-","0","0","0","0","0","0","0","0","-","0","0","0","0","0","0","0","0","3","0","0","0","0","0","0","0","0","0","0","6","0","0","0","4","0","0","3","0","0","0","0","0","0","0","0","0","0","0","0","0","0","3"
"0x7e1c777b1700","      WARPGROUP.ARRIVE","33","19","33","65536","2097152","2097152","32","32","0","0","0","-","-","-","0","0","0","0","0","0","0","0","-","0","0","0","0","0","0","0","0","0","0","0","0","0","0","0","0","0","0","0","7","0","0","0","26","0","0","0","0","0","0","0","0","0","0","0","0","0","0","0","0","0","19"
"0x7e1c777b1710","      HGMMA.64x128x16.F32 R24, R120, gdesc[UR4].tnspB, R24","43","26","43","65536","2097152","2097152","32","32","0","0","0","Shared","Load","-","0","8","0","524288","524288","0","0","0","-","0","0","0","0","0","0","0","0","0","0","0","0","0","0","0","0","0","0","0","2","0","0","0","29","0","0","0","0","0","0","0","0","0","0","0","0","0","0","0","0","0","17"
"0x7e1c777b1720","      UIADD3 UR6, UP0, UR4, 0x2000080, URZ","5","0","5","65536","2097152","2097152","32","32","0","0","0","-","-","-","0","0","0","0","0","0","0","0","-","0","0","0","0","0","0","0","0","0","0","0","0","0","0","0","0","0","0","0","5","0","0","0","0","0","0","0","0","0","0","0","0","0","0","0","0","0","0","0","0","0","0"
"0x7e1c777b1730","      UMOV UR4, URZ","10","7","10","65536","2097152","2097152","32","32","0","0","0","-","-","-","0","0","0","0","0","0","0","0","-","0","0","0","0","0","0","0","0","0","0","0","0","0","0","0","0","0","0","0","3","0","0","0","7","0","0","0","0","0","0","0","0","0","0","0","0","0","0","0","0","0","7"
"0x7e1c777b1740","      UIADD3.X UR7, UR4, 0x40000040, URZ, UP0, !UPT","8","2","8","65536","2097152","2097152","32","32","0","0","0","-","-","-","0","0","0","0","0","0","0","0","-","0","0","0","0","0","0","0","0","0","0","0","0","0","0","0","0","0","0","0","5","0","0","0","3","0","0","0","0","0","0","0","0","0","0","0","0","0","0","0","0","0","2"
"0x7e1c777b1750","      UISETP.GT.AND UP0, UPT, UR12, 0x3, UPT","6","1","6","65536","2097152","2097152","32","32","0","0","0","-","-","-","0","0","0","0","0","0","0","0","-","0","0","0","0","0","0","0","0","0","0","0","0","0","0","0","0","0","0","0","5","0","0","0","1","0","0","0","0","0","0","0","0","0","0","0","0","0","0","0","0","0","1"
"0x7e1c777b1760","      UIADD3.64 UR18, UR6, 0x80, URZ","5","5","5","65536","2097152","2097152","32","32","0","0","0","-","-","-","0","0","0","0","0","0","0","0","-","0","0","0","0","0","0","0","0","0","0","0","0","0","0","0","0","0","0","0","0","0","0","0","5","0","0","0","0","0","0","0","0","0","0","0","0","0","0","0","0","0","5"
"0x7e1c777b1770","      USEL UR12, UR12, URZ, !UP0","5","0","5","65536","2097152","2097152","32","32","0","0","0","-","-","-","0","0","0","0","0","0","0","0","-","0","0","0","0","0","0","0","0","0","0","0","0","0","0","0","0","0","0","0","4","0","0","0","1","0","0","0","0","0","0","0","0","0","0","0","0","0","0","0","0","0","0"
"0x7e1c777b1780","      UISETP.GE.AND UP0, UPT, UR8, UR10, UPT","8","2","8","65536","2097152","2097152","32","32","0","0","0","-","-","-","0","0","0","0","0","0","0","0","-","0","0","0","0","0","0","0","0","0","0","0","0","0","0","0","0","0","0","0","4","0","0","0","4","0","0","0","0","0","0","0","0","0","0","0","0","0","0","0","0","0","2"
"0x7e1c777b1790","      ULEA UR4, UR12, UR9, 0xe","9","2","9","65536","2097152","2097152","32","32","0","0","0","-","-","-","0","0","0","0","0","0","0","0","-","0","0","0","0","0","0","0","0","1","0","0","0","0","0","0","0","0","0","0","4","0","0","0","4","0","0","0","0","0","0","0","0","0","0","0","0","0","0","0","0","0","2"
"0x7e1c777b17a0","      VIADD R89, R21, UR4","26","11","26","65536","2097152","2097152","32","32","0","0","0","-","-","-","0","0","0","0","0","0","0","0","-","0","0","0","0","0","0","0","0","0","0","0","0","0","0","0","0","0","0","2","9","0","0","0","15","0","0","0","0","0","0","0","0","0","0","0","0","0","0","0","0","0","11"
"0x7e1c777b17b0","      HGMMA.64x128x16.F32 R24, R124, gdesc[UR4].tnspB, R24","11","5","11","65536","2097152","2097152","32","32","0","0","0","Shared","Load","-","0","8","0","524288","524288","0","0","0","-","0","0","0","0","0","0","0","0","0","0","0","0","0","0","0","0","0","0","2","3","0","0","0","6","0","0","0","0","0","0","0","0","0","0","0","0","0","0","0","0","0","5"
"0x7e1c777b17c0","      UIADD3.64 UR6, UR6, 0x100, URZ","2","0","2","65536","2097152","2097152","32","32","0","0","0","-","-","-","0","0","0","0","0","0","0","0","-","0","0","0","0","0","0","0","0","1","0","0","0","0","0","0","0","0","0","0","1","0","0","0","0","0","0","0","0","0","0","0","0","0","0","0","0","0","0","0","0","0","0"
"0x7e1c777b17d0","      HGMMA.64x128x16.F32 R24, R128, gdesc[UR16].tnspB, R24","57","35","57","65536","2097152","2097152","32","32","0","0","0","Shared","Load","-","0","8","0","524288","524288","0","0","0","-","0","0","0","0","0","0","0","0","5","0","0","0","0","0","0","0","0","0","2","2","0","0","0","48","0","0","0","0","0","0","0","0","0","0","0","0","0","0","0","0","0","35"
"0x7e1c777b17e0","      HGMMA.64x128x16.F32 R24, R132, gdesc[UR4].tnspB, R24, gsb0","65","33","65","65536","2097152","2097152","32","32","0","0","0","Shared","Load","-","0","8","0","524288","524288","0","0","0","-","0","0","0","0","0","0","0","0","2","0","0","0","0","0","0","0","0","0","0","11","0","0","0","52","0","0","0","0","0","0","0","0","0","0","0","0","0","0","0","0","0","33"
"0x7e1c777b17f0","      BAR.SYNC.DEFER_BLOCKING 0x0","2","0","2","65536","2097152","2097152","32","32","0","0","0","-","-","-","0","0","0","0","0","0","0","0","-","0","0","0","0","0","0","0","0","0","0","0","0","0","0","0","0","0","0","0","2","0","0","0","0","0","0","0","0","0","0","0","0","0","0","0","0","0","0","0","0","0","0"
"0x7e1c777b1800","@!PT  LDS RZ, [RZ]","178","139","178","65536","2097152","0","32","0","32","32","0","","Load","32","0","0","0","0","0","0","0","0","-","0","0","0","0","0","0","144","0","0","0","0","0","0","0","0","0","0","0","12","3","0","0","0","19","126","0","0","0","0","0","0","0","0","0","0","0","0","0","0","0","0","13"
"0x7e1c777b1810","@!PT  LDS RZ, [RZ]","2","0","2","65536","2097152","0","32","0","0","32","0","","Load","32","0","0","0","0","0","0","0","0","-","0","0","0","0","0","0","0","0","0","0","0","0","0","0","0","0","0","0","0","2","0","0","0","0","0","0","0","0","0","0","0","0","0","0","0","0","0","0","0","0","0","0"
"0x7e1c777b1820","@!PT  LDS RZ, [RZ]","3","0","3","65536","2097152","0","32","0","0","32","0","","Load","32","0","0","0","0","0","0","0","0","-","0","0","0","0","0","0","0","0","0","0","0","0","0","0","0","0","0","0","0","3","0","0","0","0","0","0","0","0","0","0","0","0","0","0","0","0","0","0","0","0","0","0"
"0x7e1c777b1830","      LDGSTS.E.BYPASS.128 desc[UR14][R6.64], P3, [R89]","3","0","3","65536","2097152","2097152","32","32","32","0","0","Global,Shared","Load,Store","128","0","4","0","262144","262144","0","0","0","","0","0","0","0","0","0","0","0","0","0","0","0","0","0","0","0","0","0","0","3","0","0","0","0","0","0","0","0","0","0","0","0","0","0","0","0","0","0","0","0","0","0"
"0x7e1c777b1840","      LDGSTS.E.BYPASS.128 desc[UR14][R8.64], P4, [R89+0x800]","21","6","21","65536","2097152","2097152","32","32","0","0","0","Global,Shared","Load,Store","128","0","4","0","262144","262144","0","0","0","","0","0","0","0","0","0","0","0","0","0","0","0","0","0","0","0","0","0","6","2","0","0","0","13","0","0","0","0","0","0","0","0","0","0","0","0","0","0","0","0","0","6"
"0x7e1c777b1850","      LDGSTS.E.BYPASS.128 desc[UR14][R4.64], P5, [R89+0x1000]","15","5","15","65536","2097152","2097152","32","32","0","0","0","Global,Shared","Load,Store","128","0","4","0","262144","262144","0","0","0","","0","0","0","0","0","0","0","0","0","0","0","0","0","0","0","0","0","0","0","3","0","0","0","12","0","0","0","0","0","0","0","0","0","0","0","0","0","0","0","0","0","5"
"0x7e1c777b1860","      LDGSTS.E.BYPASS.128 desc[UR14][R10.64], P6, [R89+0x1800]","42","31","42","65536","2097152","2097152","32","32","0","0","0","Global,Shared","Load,Store","128","0","4","0","262144","262144","0","0","0","","0","0","0","0","0","0","0","0","0","0","0","0","0","0","0","27","0","0","0","3","0","0","0","12","0","0","0","0","0","0","0","0","0","27","0","0","0","0","0","0","0","4"
"0x7e1c777b1870","      LDGDEPBAR","100","83","100","65536","2097152","2097152","32","32","0","0","0","-","-","-","0","0","0","0","0","0","0","0","-","0","0","0","0","0","0","0","0","2","0","0","46","0","0","0","31","0","0","4","8","0","0","0","9","0","0","2","0","0","44","0","0","0","30","0","0","0","0","0","0","0","7"
"0x7e1c777b1880","      LDGSTS.E.BYPASS.128 desc[UR14][R22.64], P3, [R89+0x10000]","96","86","96","65536","2097152","2097152","32","32","0","0","0","Global,Shared","Load,Store","128","0","4","0","262144","262144","0","0","0","","0","0","0","0","0","0","0","0","0","0","0","78","0","0","0","0","0","0","6","3","0","0","0","9","0","0","0","0","0","78","0","0","0","0","0","0","0","0","0","0","0","8"
"0x7e1c777b1890","      PLOP3.LUT P3, PT, PT, PT, UP0, 0x40, 0x0","2","0","2","65536","2097152","2097152","32","32","0","0","0","-","-","-","0","0","0","0","0","0","0","0","-","0","0","0","0","0","0","0","0","0","0","0","0","0","0","0","0","0","0","0","2","0","0","0","0","0","0","0","0","0","0","0","0","0","0","0","0","0","0","0","0","0","0"
"0x7e1c777b18a0","      LDGSTS.E.BYPASS.128 desc[UR14][R136.64], P4, [R89+0x10800]","82","67","82","65536","2097152","2097152","32","32","0","0","0","Global,Shared","Load,Store","128","0","4","0","262144","262144","0","0","0","","0","0","0","0","0","0","0","0","3","0","0","68","0","0","0","1","0","0","1","1","0","0","0","8","0","0","3","0","0","56","0","0","0","1","0","0","0","0","0","0","0","7"
"0x7e1c777b18b0","      LDGSTS.E.BYPASS.128 desc[UR14][R138.64], P5, [R89+0x11000]","85","74","85","65536","2097152","2097152","32","32","0","0","0","Global,Shared","Load,Store","128","0","4","0","262144","262144","0","0","0","","0","0","0","0","0","0","0","0","0","0","0","65","0","0","0","0","0","0","2","7","0","0","0","11","0","0","0","0","0","63","0","0","0","0","0","0","0","0","0","0","0","11"
"0x7e1c777b18c0","      LDGSTS.E.BYPASS.128 desc[UR14][R140.64], P6, [R89+0x11800]","103","97","103","65536","2097152","2097152","32","32","0","0","0","Global,Shared","Load,Store","128","0","4","0","262144","262144","0","0","0","","0","0","0","0","0","0","0","0","0","0","0","84","0","0","0","0","0","0","2","4","0","0","0","13","0","0","0","0","0","84","0","0","0","0","0","0","0","0","0","0","0","13"
"0x7e1c777b18d0","      LDGDEPBAR","116","113","116","65536","2097152","2097152","32","32","0","0","0","-","-","-","0","0","0","0","0","0","0","0","-","0","0","0","0","0","0","0","0","0","0","0","101","0","0","0","0","0","0","0","3","0","0","0","12","0","0","0","0","0","101","0","0","0","0","0","0","0","0","0","0","0","12"
"0x7e1c777b18e0","@P3   BRA 0x7e1c777b1080","4","0","4","65536","2097152","1048576","32","16","16","16","0","-","-","-","0","0","0","0","0","0","0","0","-","0","0","0","0","0","0","0","0","0","0","0","0","0","0","0","0","0","0","0","4","0","0","0","0","0","0","0","0","0","0","0","0","0","0","0","0","0","0","0","0","0","0"
"0x7e1c777b18f0","      ULDC UR4, c[0x0][0x254]","21","18","21","32768","1048576","1048576","32","32","16","0","0","-","-","-","0","0","0","0","0","0","0","0","-","0","0","0","0","0","0","0","0","0","0","0","0","0","0","0","0","0","0","0","2","0","0","0","19","0","0","0","0","0","0","0","0","0","0","0","0","0","0","0","0","0","18"
"0x7e1c777b1900","      ULDC.64 UR6, c[0x0][0x258]","3","0","3","32768","1048576","1048576","32","32","0","0","0","-","-","-","0","0","0","0","0","0","0","0","-","0","0","0","0","0","0","0","0","0","0","0","0","0","0","0","0","0","0","0","3","0","0","0","0","0","0","0","0","0","0","0","0","0","0","0","0","0","0","0","0","0","0"
"0x7e1c777b1910","      IMAD R15, R15, UR4, RZ","0","0","0","32768","1048576","1048576","32","32","0","0","0","-","-","-","0","0","0","0","0","0","0","0","-","0","0","0","0","0","0","0","0","0","0","0","0","0","0","0","0","0","0","0","0","0","0","0","0","0","0","0","0","0","0","0","0","0","0","0","0","0","0","0","0","0","0"
"0x7e1c777b1920","      ULDC.64 UR4, c[0x0][0x228]","3","0","3","32768","1048576","1048576","32","32","0","0","0","-","-","-","0","0","0","0","0","0","0","0","-","0","0","0","0","0","0","0","0","0","0","0","0","0","0","0","0","0","0","0","3","0","0","0","0","0","0","0","0","0","0","0","0","0","0","0","0","0","0","0","0","0","0"
"0x7e1c777b1930","      IMAD R17, R17, UR6, RZ","2","0","2","32768","1048576","1048576","32","32","0","0","0","-","-","-","0","0","0","0","0","0","0","0","-","0","0","0","0","0","0","0","0","0","0","0","0","0","0","0","0","0","0","0","2","0","0","0","0","0","0","0","0","0","0","0","0","0","0","0","0","0","0","0","0","0","0"
"0x7e1c777b1940","      NOP","2","0","2","32768","1048576","1048576","32","32","0","0","0","-","-","-","0","0","0","0","0","0","0","0","-","0","0","0","0","0","0","0","0","0","0","0","0","0","0","0","0","0","0","0","2","0","0","0","0","0","0","0","0","0","0","0","0","0","0","0","0","0","0","0","0","0","0"
"0x7e1c777b1950","      WARPGROUP.DEPBAR.LE gsb0, 0x0","253","240","253","32768","1048576","1048576","32","32","0","0","0","-","-","-","0","0","0","0","0","0","0","0","-","0","0","0","0","0","0","247","0","1","0","0","0","0","0","0","0","0","0","0","5","0","0","0","0","239","0","1","0","0","0","0","0","0","0","0","0","0","0","0","0","0","0"
"0x7e1c777b1960","      IMAD.SHL.U32 R4, R15, 0x2, RZ","109","103","109","32768","1048576","1048576","32","32","0","0","0","-","-","-","0","0","0","0","0","0","0","0","-","0","0","0","0","0","0","0","0","0","0","0","0","103","0","0","0","0","0","0","4","0","0","0","2","0","0","0","0","0","0","101","0","0","0","0","0","0","0","0","0","0","2"
"0x7e1c777b1970","      DEPBAR.LE SB0, 0x0","1","0","1","32768","1048576","1048576","32","32","0","0","0","-","-","-","0","0","0","0","0","0","0","0","-","0","0","0","0","0","0","0","0","0","0","0","0","0","0","0","0","0","0","0","1","0","0","0","0","0","0","0","0","0","0","0","0","0","0","0","0","0","0","0","0","0","0"
"0x7e1c777b1980","      IMAD.SHL.U32 R5, R17, 0x2, RZ","299","268","299","32768","1048576","1048576","32","32","0","0","0","-","-","-","0","0","0","0","0","0","0","0","-","0","0","0","0","0","0","0","0","0","0","0","0","294","2","0","0","0","0","1","0","0","0","0","2","0","0","0","0","0","0","266","0","0","0","0","0","0","0","0","0","0","2"
"0x7e1c777b1990","      F2FP.F16.F32.PACK_AB R24, R25, R24","2","0","2","32768","1048576","1048576","32","32","0","0","0","-","-","-","0","0","0","0","0","0","0","0","-","0","0","0","0","0","0","0","0","0","0","0","0","0","0","0","0","0","0","0","2","0","0","0","0","0","0","0","0","0","0","0","0","0","0","0","0","0","0","0","0","0","0"
"0x7e1c777b19a0","      IMAD.HI R15, R15, 0x2, RZ","3","0","3","32768","1048576","1048576","32","32","0","0","0","-","-","-","0","0","0","0","0","0","0","0","-","0","0","0","0","0","0","0","0","0","0","0","0","0","0","0","0","0","0","0","3","0","0","0","0","0","0","0","0","0","0","0","0","0","0","0","0","0","0","0","0","0","0"
"0x7e1c777b19b0","      F2FP.F16.F32.PACK_AB R25, R29, R28","3","0","3","32768","1048576","1048576","32","32","0","0","0","-","-","-","0","0","0","0","0","0","0","0","-","0","0","0","0","0","0","0","0","1","0","0","0","0","0","0","0","0","0","0","2","0","0","0","0","0","0","0","0","0","0","0","0","0","0","0","0","0","0","0","0","0","0"
"0x7e1c777b19c0","      IADD3 R22, P3, P4, R5, UR4, R4","4","1","4","32768","1048576","1048576","32","32","0","0","0","-","-","-","0","0","0","0","0","0","0","0","-","0","0","0","0","0","0","0","0","1","0","0","0","0","0","0","0","0","0","2","0","0","0","0","1","0","0","0","0","0","0","0","0","0","0","0","0","0","0","0","0","0","1"
"0x7e1c777b19d0","      IMAD.SHL.U32 R4, R0, 0x8, RZ","0","0","0","32768","1048576","1048576","32","32","0","0","0","-","-","-","0","0","0","0","0","0","0","0","-","0","0","0","0","0","0","0","0","0","0","0","0","0","0","0","0","0","0","0","0","0","0","0","0","0","0","0","0","0","0","0","0","0","0","0","0","0","0","0","0","0","0"
"0x7e1c777b19e0","      F2FP.F16.F32.PACK_AB R40, R41, R40","8","0","8","32768","1048576","1048576","32","32","0","0","0","-","-","-","0","0","0","0","0","0","0","0","-","0","0","0","0","0","0","0","0","6","0","0","0","0","0","0","0","0","0","0","2","0","0","0","0","0","0","0","0","0","0","0","0","0","0","0","0","0","0","0","0","0","0"
"0x7e1c777b19f0","      IMAD.HI R6, R17, 0x2, RZ","5","0","5","32768","1048576","1048576","32","32","0","0","0","-","-","-","0","0","0","0","0","0","0","0","-","0","0","0","0","0","0","0","0","0","0","0","0","0","0","0","0","0","0","0","5","0","0","0","0","0","0","0","0","0","0","0","0","0","0","0","0","0","0","0","0","0","0"
"0x7e1c777b1a00","      F2FP.F16.F32.PACK_AB R28, R43, R42","1","0","1","32768","1048576","1048576","32","32","0","0","0","-","-","-","0","0","0","0","0","0","0","0","-","0","0","0","0","0","0","0","0","0","0","0","0","0","0","0","0","0","0","0","1","0","0","0","0","0","0","0","0","0","0","0","0","0","0","0","0","0","0","0","0","0","0"
"0x7e1c777b1a10","      LOP3.LUT R4, R4, 0x78, RZ, 0xc0, !PT","17","2","17","32768","1048576","1048576","32","32","0","0","0","-","-","-","0","0","0","0","0","0","0","0","-","0","0","0","0","0","0","0","0","1","0","0","0","0","4","0","0","0","0","9","2","0","0","0","1","0","0","0","0","0","0","0","1","0","0","0","0","0","0","0","0","0","1"
"0x7e1c777b1a20","      IMAD R20, R20, UR7, RZ","0","0","0","32768","1048576","1048576","32","32","0","0","0","-","-","-","0","0","0","0","0","0","0","0","-","0","0","0","0","0","0","0","0","0","0","0","0","0","0","0","0","0","0","0","0","0","0","0","0","0","0","0","0","0","0","0","0","0","0","0","0","0","0","0","0","0","0"
"0x7e1c777b1a30","      IADD3.X R23, R6, UR5, R15, P3, P4","6","0","6","32768","1048576","1048576","32","32","0","0","0","-","-","-","0","0","0","0","0","0","0","0","-","0","0","0","0","0","0","0","0","5","0","0","0","0","0","0","0","0","0","0","1","0","0","0","0","0","0","0","0","0","0","0","0","0","0","0","0","0","0","0","0","0","0"
"0x7e1c777b1a40","      IMAD R19, R19, UR7, RZ","1","0","1","32768","1048576","1048576","32","32","0","0","0","-","-","-","0","0","0","0","0","0","0","0","-","0","0","0","0","0","0","0","0","0","0","0","0","0","0","0","0","0","0","0","1","0","0","0","0","0","0","0","0","0","0","0","0","0","0","0","0","0","0","0","0","0","0"
"0x7e1c777b1a50","      F2FP.F16.F32.PACK_AB R41, R45, R44","1","0","1","32768","1048576","1048576","32","32","0","0","0","-","-","-","0","0","0","0","0","0","0","0","-","0","0","0","0","0","0","0","0","0","0","0","0","0","0","0","0","0","0","0","1","0","0","0","0","0","0","0","0","0","0","0","0","0","0","0","0","0","0","0","0","0","0"
"0x7e1c777b1a60","      IMAD.SHL.U32 R21, R4, 0x2, RZ","1","0","1","32768","1048576","1048576","32","32","0","0","0","-","-","-","0","0","0","0","0","0","0","0","-","0","0","0","0","0","0","0","0","0","0","0","0","0","0","0","0","0","0","0","1","0","0","0","0","0","0","0","0","0","0","0","0","0","0","0","0","0","0","0","0","0","0"
"0x7e1c777b1a70","      F2FP.F16.F32.PACK_AB R29, R47, R46","1","0","1","32768","1048576","1048576","32","32","0","0","0","-","-","-","0","0","0","0","0","0","0","0","-","0","0","0","0","0","0","0","0","0","0","0","0","0","0","0","0","0","0","0","1","0","0","0","0","0","0","0","0","0","0","0","0","0","0","0","0","0","0","0","0","0","0"
"0x7e1c777b1a80","      IMAD.SHL.U32 R6, R20, 0x2, RZ","5","0","5","32768","1048576","1048576","32","32","0","0","0","-","-","-","0","0","0","0","0","0","0","0","-","0","0","0","0","0","0","0","0","0","0","0","0","0","0","0","0","0","0","0","5","0","0","0","0","0","0","0","0","0","0","0","0","0","0","0","0","0","0","0","0","0","0"
"0x7e1c777b1a90","      F2FP.F16.F32.PACK_AB R42, R49, R48","1","0","1","32768","1048576","1048576","32","32","0","0","0","-","-","-","0","0","0","0","0","0","0","0","-","0","0","0","0","0","0","0","0","0","0","0","0","0","0","0","0","0","0","0","1","0","0","0","0","0","0","0","0","0","0","0","0","0","0","0","0","0","0","0","0","0","0"
"0x7e1c777b1aa0","      IMAD.HI R20, R20, 0x2, RZ","5","0","5","32768","1048576","1048576","32","32","0","0","0","-","-","-","0","0","0","0","0","0","0","0","-","0","0","0","0","0","0","0","0","0","0","0","0","0","0","0","0","0","0","0","5","0","0","0","0","0","0","0","0","0","0","0","0","0","0","0","0","0","0","0","0","0","0"
"0x7e1c777b1ab0","      F2FP.F16.F32.PACK_AB R43, R53, R52","0","0","0","32768","1048576","1048576","32","32","0","0","0","-","-","-","0","0","0","0","0","0","0","0","-","0","0","0","0","0","0","0","0","0","0","0","0","0","0","0","0","0","0","0","0","0","0","0","0","0","0","0","0","0","0","0","0","0","0","0","0","0","0","0","0","0","0"
"0x7e1c777b1ac0","      IADD3 R6, P3, P4, R21, R6, R22","37","6","37","32768","1048576","1048576","32","32","0","0","0","-","-","-","0","0","0","0","0","0","0","0","-","0","0","0","0","0","0","0","0","4","0","0","0","0","19","0","0","0","0","13","1","0","0","0","0","0","0","0","0","0","0","0","6","0","0","0","0","0","0","0","0","0","0"
"0x7e1c777b1ad0","      IMAD.SHL.U32 R4, R19, 0x2, RZ","5","0","5","32768","1048576","1048576","32","32","0","0","0","-","-","-","0","0","0","0","0","0","0","0","-","0","0","0","0","0","0","0","0","1","0","0","0","0","0","0","0","0","0","0","4","0","0","0","0","0","0","0","0","0","0","0","0","0","0","0","0","0","0","0","0","0","0"
"0x7e1c777b1ae0","      F2FP.F16.F32.PACK_AB R56, R57, R56","5","0","5","32768","1048576","1048576","32","32","0","0","0","-","-","-","0","0","0","0","0","0","0","0","-","0","0","0","0","0","0","0","0","2","0","0","0","0","0","0","0","0","0","0","3","0","0","0","0","0","0","0","0","0","0","0","0","0","0","0","0","0","0","0","0","0","0"
"0x7e1c777b1af0","      IMAD R18, R18, UR7, RZ","4","0","4","32768","1048576","1048576","32","32","0","0","0","-","-","-","0","0","0","0","0","0","0","0","-","0","0","0","0","0","0","0","0","0","0","0","0","0","0","0","0","0","0","0","4","0","0","0","0","0","0","0","0","0","0","0","0","0","0","0","0","0","0","0","0","0","0"
"0x7e1c777b1b00","      IADD3.X R7, RZ, R20, R23, P3, P4","2","0","2","32768","1048576","1048576","32","32","0","0","0","-","-","-","0","0","0","0","0","0","0","0","-","0","0","0","0","0","0","0","0","0","0","0","0","0","0","0","0","0","0","0","2","0","0","0","0","0","0","0","0","0","0","0","0","0","0","0","0","0","0","0","0","0","0"
"0x7e1c777b1b10","      IMAD.HI R19, R19, 0x2, RZ","2","0","2","32768","1048576","1048576","32","32","0","0","0","-","-","-","0","0","0","0","0","0","0","0","-","0","0","0","0","0","0","0","0","0","0","0","0","0","0","0","0","0","0","0","2","0","0","0","0","0","0","0","0","0","0","0","0","0","0","0","0","0","0","0","0","0","0"
"0x7e1c777b1b20","      IADD3 R4, P3, P4, R21, R4, R22","1","0","1","32768","1048576","1048576","32","32","0","0","0","-","-","-","0","0","0","0","0","0","0","0","-","0","0","0","0","0","0","0","0","0","0","0","0","0","0","0","0","0","0","0","1","0","0","0","0","0","0","0","0","0","0","0","0","0","0","0","0","0","0","0","0","0","0"
"0x7e1c777b1b30","      F2FP.F16.F32.PACK_AB R57, R61, R60","6","2","6","32768","1048576","1048576","32","32","0","0","0","-","-","-","0","0","0","0","0","0","0","0","-","0","0","0","0","0","0","0","0","0","0","0","0","0","1","0","0","0","0","2","0","0","0","0","3","0","0","0","0","0","0","0","0","0","0","0","0","0","0","0","0","0","2"
"0x7e1c777b1b40","      IMAD.SHL.U32 R8, R18, 0x2, RZ","3","0","3","32768","1048576","1048576","32","32","0","0","0","-","-","-","0","0","0","0","0","0","0","0","-","0","0","0","0","0","0","0","0","0","0","0","0","0","0","0","0","0","0","0","3","0","0","0","0","0","0","0","0","0","0","0","0","0","0","0","0","0","0","0","0","0","0"
"0x7e1c777b1b50","      IADD3.X R5, RZ, R19, R23, P3, P4","4","0","4","32768","1048576","1048576","32","32","0","0","0","-","-","-","0","0","0","0","0","0","0","0","-","0","0","0","0","0","0","0","0","3","0","0","0","0","0","0","0","0","0","0","1","0","0","0","0","0","0","0","0","0","0","0","0","0","0","0","0","0","0","0","0","0","0"
"0x7e1c777b1b60","      IMAD R14, R14, UR7, RZ","3","0","3","32768","1048576","1048576","32","32","0","0","0","-","-","-","0","0","0","0","0","0","0","0","-","0","0","0","0","0","0","0","0","0","0","0","0","0","0","0","0","0","0","0","3","0","0","0","0","0","0","0","0","0","0","0","0","0","0","0","0","0","0","0","0","0","0"
"0x7e1c777b1b70","      LOP3.LUT R19, R0, 0x18, RZ, 0xc0, !PT","1","0","1","32768","1048576","1048576","32","32","0","0","0","-","-","-","0","0","0","0","0","0","0","0","-","0","0","0","0","0","0","0","0","0","0","0","0","0","0","0","0","0","0","0","1","0","0","0","0","0","0","0","0","0","0","0","0","0","0","0","0","0","0","0","0","0","0"
"0x7e1c777b1b80","      IMAD.HI R18, R18, 0x2, RZ","1","0","1","32768","1048576","1048576","32","32","0","0","0","-","-","-","0","0","0","0","0","0","0","0","-","0","0","0","0","0","0","0","0","0","0","0","0","0","0","0","0","0","0","0","1","0","0","0","0","0","0","0","0","0","0","0","0","0","0","0","0","0","0","0","0","0","0"
"0x7e1c777b1b90","      IADD3 R8, P3, P4, R21, R8, R22","0","0","0","32768","1048576","1048576","32","32","0","0","0","-","-","-","0","0","0","0","0","0","0","0","-","0","0","0","0","0","0","0","0","0","0","0","0","0","0","0","0","0","0","0","0","0","0","0","0","0","0","0","0","0","0","0","0","0","0","0","0","0","0","0","0","0","0"
"0x7e1c777b1ba0","      F2FP.F16.F32.PACK_AB R72, R73, R72","19","1","19","32768","1048576","1048576","32","32","0","0","0","-","-","-","0","0","0","0","0","0","0","0","-","0","0","0","0","0","0","0","0","3","0","0","0","0","5","0","0","0","0","10","0","0","0","0","1","0","0","0","0","0","0","0","0","0","0","0","0","0","0","0","0","0","1"
"0x7e1c777b1bb0","      IMAD.SHL.U32 R10, R14, 0x2, RZ","1","0","1","32768","1048576","1048576","32","32","0","0","0","-","-","-","0","0","0","0","0","0","0","0","-","0","0","0","0","0","0","0","0","0","0","0","0","0","0","0","0","0","0","0","1","0","0","0","0","0","0","0","0","0","0","0","0","0","0","0","0","0","0","0","0","0","0"
"0x7e1c777b1bc0","      IADD3.X R9, RZ, R18, R23, P3, P4","0","0","0","32768","1048576","1048576","32","32","0","0","0","-","-","-","0","0","0","0","0","0","0","0","-","0","0","0","0","0","0","0","0","0","0","0","0","0","0","0","0","0","0","0","0","0","0","0","0","0","0","0","0","0","0","0","0","0","0","0","0","0","0","0","0","0","0"
"0x7e1c777b1bd0","      IMAD.HI R14, R14, 0x2, RZ","2","0","2","32768","1048576","1048576","32","32","0","0","0","-","-","-","0","0","0","0","0","0","0","0","-","0","0","0","0","0","0","0","0","0","0","0","0","0","0","0","0","0","0","0","2","0","0","0","0","0","0","0","0","0","0","0","0","0","0","0","0","0","0","0","0","0","0"
"0x7e1c777b1be0","      F2FP.F16.F32.PACK_AB R73, R77, R76","2","0","2","32768","1048576","1048576","32","32","0","0","0","-","-","-","0","0","0","0","0","0","0","0","-","0","0","0","0","0","0","0","0","0","0","0","0","0","0","0","0","0","0","0","2","0","0","0","0","0","0","0","0","0","0","0","0","0","0","0","0","0","0","0","0","0","0"
"0x7e1c777b1bf0","      IADD3 R10, P3, P4, R21, R10, R22","3","0","3","32768","1048576","1048576","32","32","0","0","0","-","-","-","0","0","0","0","0","0","0","0","-","0","0","0","0","0","0","0","0","0","0","0","0","0","0","0","0","0","0","0","1","0","0","0","2","0","0","0","0","0","0","0","0","0","0","0","0","0","0","0","0","0","0"
"0x7e1c777b1c00","      IMAD R13, R13, UR7, RZ","4","0","4","32768","1048576","1048576","32","32","0","0","0","-","-","-","0","0","0","0","0","0","0","0","-","0","0","0","0","0","0","0","0","0","0","0","0","0","0","0","0","0","0","0","4","0","0","0","0","0","0","0","0","0","0","0","0","0","0","0","0","0","0","0","0","0","0"
"0x7e1c777b1c10","      P2R R89, PR, RZ, 0x4","12","0","12","32768","1048576","1048576","32","32","0","0","0","-","-","-","0","0","0","0","0","0","0","0","-","0","0","0","0","0","0","0","0","10","0","0","0","0","0","0","0","0","0","0","2","0","0","0","0","0","0","0","0","0","0","0","0","0","0","0","0","0","0","0","0","0","0"
"0x7e1c777b1c20","      IMAD R12, R12, UR7, RZ","2","0","2","32768","1048576","1048576","32","32","0","0","0","-","-","-","0","0","0","0","0","0","0","0","-","0","0","0","0","0","0","0","0","0","0","0","0","0","0","0","0","0","0","0","2","0","0","0","0","0","0","0","0","0","0","0","0","0","0","0","0","0","0","0","0","0","0"
"0x7e1c777b1c30","      IADD3.X R11, RZ, R14, R23, P3, P4","4","0","4","32768","1048576","1048576","32","32","0","0","0","-","-","-","0","0","0","0","0","0","0","0","-","0","0","0","0","0","0","0","0","0","0","0","0","0","0","0","0","0","0","0","4","0","0","0","0","0","0","0","0","0","0","0","0","0","0","0","0","0","0","0","0","0","0"
"0x7e1c777b1c40","      IMAD.SHL.U32 R14, R13, 0x2, RZ","1","0","1","32768","1048576","1048576","32","32","0","0","0","-","-","-","0","0","0","0","0","0","0","0","-","0","0","0","0","0","0","0","0","0","0","0","0","0","0","0","0","0","0","0","1","0","0","0","0","0","0","0","0","0","0","0","0","0","0","0","0","0","0","0","0","0","0"
"0x7e1c777b1c50","      ISETP.NE.AND P2, PT, R144, RZ, PT","3","0","3","32768","1048576","1048576","32","32","0","0","0","-","-","-","0","0","0","0","0","0","0","0","-","0","0","0","0","0","0","0","0","0","0","0","0","0","0","0","0","0","0","0","3","0","0","0","0","0","0","0","0","0","0","0","0","0","0","0","0","0","0","0","0","0","0"
"0x7e1c777b1c60","      IMAD.HI R13, R13, 0x2, RZ","2","0","2","32768","1048576","1048576","32","32","0","0","0","-","-","-","0","0","0","0","0","0","0","0","-","0","0","0","0","0","0","0","0","0","0","0","0","0","0","0","0","0","0","0","2","0","0","0","0","0","0","0","0","0","0","0","0","0","0","0","0","0","0","0","0","0","0"
"0x7e1c777b1c70","      BAR.SYNC.DEFER_BLOCKING 0x0","2","0","2","32768","1048576","1048576","32","32","0","0","0","-","-","-","0","0","0","0","0","0","0","0","-","0","0","0","0","0","0","0","0","0","0","0","0","0","0","0","0","0","0","0","2","0","0","0","0","0","0","0","0","0","0","0","0","0","0","0","0","0","0","0","0","0","0"
"0x7e1c777b1c80","      ISETP.NE.AND P6, PT, R146, RZ, PT","0","0","0","32768","1048576","1048576","32","32","0","0","0","-","-","-","0","0","0","0","0","0","0","0","-","0","0","0","0","0","0","0","0","0","0","0","0","0","0","0","0","0","0","0","0","0","0","0","0","0","0","0","0","0","0","0","0","0","0","0","0","0","0","0","0","0","0"
"0x7e1c777b1c90","      IADD3 R14, P3, P4, R21, R14, R22","45","5","45","32768","1048576","1048576","32","32","0","0","0","-","-","-","0","0","0","0","0","0","0","0","-","0","0","0","0","0","0","0","0","3","0","0","0","0","22","0","0","0","0","13","3","0","0","0","4","0","0","0","0","0","0","0","2","0","0","0","0","0","0","0","0","0","3"
"0x7e1c777b1ca0","      IMAD.HI R16, R12, 0x2, RZ","3","0","3","32768","1048576","1048576","32","32","0","0","0","-","-","-","0","0","0","0","0","0","0","0","-","0","0","0","0","0","0","0","0","1","0","0","0","0","0","0","0","0","0","0","2","0","0","0","0","0","0","0","0","0","0","0","0","0","0","0","0","0","0","0","0","0","0"
"0x7e1c777b1cb0","      ISETP.NE.AND P5, PT, R145, RZ, PT","4","0","4","32768","1048576","1048576","32","32","0","0","0","-","-","-","0","0","0","0","0","0","0","0","-","0","0","0","0","0","0","0","0","3","0","0","0","0","0","0","0","0","0","0","1","0","0","0","0","0","0","0","0","0","0","0","0","0","0","0","0","0","0","0","0","0","0"
"0x7e1c777b1cc0","      IADD3.X R15, RZ, R13, R23, P3, P4","4","3","4","32768","1048576","1048576","32","32","0","0","0","-","-","-","0","0","0","0","0","0","0","0","-","0","0","0","0","0","0","0","0","1","0","0","0","0","1","0","0","0","0","0","0","0","0","0","2","0","0","1","0","0","0","0","1","0","0","0","0","0","0","0","0","0","1"
"0x7e1c777b1cd0","      IMAD.SHL.U32 R13, R12, 0x2, RZ","4","0","4","32768","1048576","1048576","32","32","0","0","0","-","-","-","0","0","0","0","0","0","0","0","-","0","0","0","0","0","0","0","0","0","0","0","0","0","0","0","0","0","0","0","4","0","0","0","0","0","0","0","0","0","0","0","0","0","0","0","0","0","0","0","0","0","0"
"0x7e1c777b1ce0","      IMAD R3, R3, UR7, RZ","10","2","10","32768","1048576","1048576","32","32","0","0","0","-","-","-","0","0","0","0","0","0","0","0","-","0","0","0","0","0","0","0","0","0","0","0","0","0","2","0","0","0","0","2","1","0","0","0","5","0","0","0","0","0","0","0","0","0","0","0","0","0","0","0","0","0","2"
"0x7e1c777b1cf0","      IMAD R2, R2, UR7, RZ","19","6","19","32768","1048576","1048576","32","32","0","0","0","-","-","-","0","0","0","0","0","0","0","0","-","0","0","0","0","0","0","0","0","0","0","0","0","0","9","0","0","0","0","6","0","0","0","0","4","0","0","0","0","0","0","0","5","0","0","0","0","0","0","0","0","0","1"
"0x7e1c777b1d00","      IADD3 R12, P3, P4, R21, R13, R22","1","0","1","32768","1048576","1048576","32","32","0","0","0","-","-","-","0","0","0","0","0","0","0","0","-","0","0","0","0","0","0","0","0","0","0","0","0","0","0","0","0","0","0","0","1","0","0","0","0","0","0","0","0","0","0","0","0","0","0","0","0","0","0","0","0","0","0"
"0x7e1c777b1d10","      IMAD.SHL.U32 R20, R0, 0x4, RZ","3","0","3","32768","1048576","1048576","32","32","0","0","0","-","-","-","0","0","0","0","0","0","0","0","-","0","0","0","0","0","0","0","0","1","0","0","0","0","0","0","0","0","0","0","2","0","0","0","0","0","0","0","0","0","0","0","0","0","0","0","0","0","0","0","0","0","0"
"0x7e1c777b1d20","      IMAD.HI R18, R2, 0x2, RZ","12","3","12","32768","1048576","1048576","32","32","0","0","0","-","-","-","0","0","0","0","0","0","0","0","-","0","0","0","0","0","0","0","0","0","0","0","0","0","2","0","0","0","0","4","3","0","0","0","3","0","0","0","0","0","0","0","1","0","0","0","0","0","0","0","0","0","2"
"0x7e1c777b1d30","      IADD3.X R13, RZ, R16, R23, P3, P4","2","0","2","32768","1048576","1048576","32","32","0","0","0","-","-","-","0","0","0","0","0","0","0","0","-","0","0","0","0","0","0","0","0","0","0","0","0","0","0","0","0","0","0","0","2","0","0","0","0","0","0","0","0","0","0","0","0","0","0","0","0","0","0","0","0","0","0"
"0x7e1c777b1d40","      IMAD.SHL.U32 R16, R3, 0x2, RZ","21","5","21","32768","1048576","1048576","32","32","0","0","0","-","-","-","0","0","0","0","0","0","0","0","-","0","0","0","0","0","0","0","0","0","0","0","0","0","7","0","0","0","0","1","4","0","0","0","9","0","0","0","0","0","0","0","3","0","0","0","0","0","0","0","0","0","2"
"0x7e1c777b1d50","      IMAD.HI R3, R3, 0x2, RZ","5","2","5","32768","1048576","1048576","32","32","0","0","0","-","-","-","0","0","0","0","0","0","0","0","-","0","0","0","0","0","0","0","0","0","0","0","0","0","0","0","0","0","0","0","1","0","0","0","4","0","0","0","0","0","0","0","0","0","0","0","0","0","0","0","0","0","2"
"0x7e1c777b1d60","      IADD3 R16, P3, P4, R21, R16, R22","11","1","11","32768","1048576","1048576","32","32","0","0","0","-","-","-","0","0","0","0","0","0","0","0","-","0","0","0","0","0","0","0","0","0","0","0","0","0","1","0","0","0","0","2","4","0","0","0","4","0","0","0","0","0","0","0","0","0","0","0","0","0","0","0","0","0","1"
"0x7e1c777b1d70","      IADD3.X R17, RZ, R3, R23, P3, P4","22","6","22","32768","1048576","1048576","32","32","0","0","0","-","-","-","0","0","0","0","0","0","0","0","-","0","0","0","0","0","0","0","0","0","0","0","0","0","5","0","0","0","0","5","5","0","0","0","7","0","0","0","0","0","0","0","1","0","0","0","0","0","0","0","0","0","5"
"0x7e1c777b1d80","      IMAD.SHL.U32 R3, R2, 0x2, RZ","3","0","3","32768","1048576","1048576","32","32","0","0","0","-","-","-","0","0","0","0","0","0","0","0","-","0","0","0","0","0","0","0","0","0","0","0","0","0","0","0","0","0","0","0","3","0","0","0","0","0","0","0","0","0","0","0","0","0","0","0","0","0","0","0","0","0","0"
"0x7e1c777b1d90","      IADD3 R2, P3, P4, R21, R3, R22","18","6","18","32768","1048576","1048576","32","32","0","0","0","-","-","-","0","0","0","0","0","0","0","0","-","0","0","0","0","0","0","0","0","0","0","0","0","0","2","0","0","0","0","6","1","0","0","0","9","0","0","0","0","0","0","0","1","0","0","0","0","0","0","0","0","0","5"
"0x7e1c777b1da0","      LOP3.LUT R21, R20, 0x10, RZ, 0xc0, !PT","3","1","3","32768","1048576","1048576","32","32","0","0","0","-","-","-","0","0","0","0","0","0","0","0","-","0","0","0","0","0","0","0","0","0","0","0","0","0","0","0","0","0","0","0","2","0","0","0","1","0","0","0","0","0","0","0","0","0","0","0","0","0","0","0","0","0","1"
"0x7e1c777b1db0","      IADD3.X R3, RZ, R18, R23, P3, P4","2","1","2","32768","1048576","1048576","32","32","0","0","0","-","-","-","0","0","0","0","0","0","0","0","-","0","0","0","0","0","0","0","0","0","0","0","0","0","0","0","0","0","0","0","1","0","0","0","1","0","0","0","0","0","0","0","0","0","0","0","0","0","0","0","0","0","1"
"0x7e1c777b1dc0","      IMAD.SHL.U32 R18, R0, 0x20, RZ","2","0","2","32768","1048576","1048576","32","32","0","0","0","-","-","-","0","0","0","0","0","0","0","0","-","0","0","0","0","0","0","0","0","0","0","0","0","0","0","0","0","0","0","0","2","0","0","0","0","0","0","0","0","0","0","0","0","0","0","0","0","0","0","0","0","0","0"
"0x7e1c777b1dd0","      LOP3.LUT R0, R0, 0x3, RZ, 0xc0, !PT","2","0","2","32768","1048576","1048576","32","32","0","0","0","-","-","-","0","0","0","0","0","0","0","0","-","0","0","0","0","0","0","0","0","0","0","0","0","0","0","0","0","0","0","0","2","0","0","0","0","0","0","0","0","0","0","0","0","0","0","0","0","0","0","0","0","0","0"
"0x7e1c777b1de0","      F2FP.F16.F32.PACK_AB R23, R39, R38","2","2","2","32768","1048576","1048576","32","32","0","0","0","-","-","-","0","0","0","0","0","0","0","0","-","0","0","0","0","0","0","0","0","0","0","0","0","0","0","0","0","0","0","0","0","0","0","0","2","0","0","0","0","0","0","0","0","0","0","0","0","0","0","0","0","0","2"
"0x7e1c777b1df0","      LOP3.LUT R18, R18, 0x1c60, RZ, 0xc0, !PT","4","3","4","32768","1048576","1048576","32","32","0","0","0","-","-","-","0","0","0","0","0","0","0","0","-","0","0","0","0","0","0","0","0","0","0","0","0","0","0","0","0","0","0","0","1","0","0","0","3","0","0","0","0","0","0","0","0","0","0","0","0","0","0","0","0","0","3"
"0x7e1c777b1e00","      IMAD R22, R19, 0x20, R0","1","0","1","32768","1048576","1048576","32","32","0","0","0","-","-","-","0","0","0","0","0","0","0","0","-","0","0","0","0","0","0","0","0","0","0","0","0","0","0","0","0","0","0","0","1","0","0","0","0","0","0","0","0","0","0","0","0","0","0","0","0","0","0","0","0","0","0"
"0x7e1c777b1e10","      F2FP.F16.F32.PACK_AB R38, R83, R82","2","0","2","32768","1048576","1048576","32","32","0","0","0","-","-","-","0","0","0","0","0","0","0","0","-","0","0","0","0","0","0","0","0","0","0","0","0","0","0","0","0","0","0","0","2","0","0","0","0","0","0","0","0","0","0","0","0","0","0","0","0","0","0","0","0","0","0"
"0x7e1c777b1e20","      IMAD R21, R0, 0x2000, R21","1","0","1","32768","1048576","1048576","32","32","0","0","0","-","-","-","0","0","0","0","0","0","0","0","-","0","0","0","0","0","0","0","0","0","0","0","0","0","0","0","0","0","0","0","1","0","0","0","0","0","0","0","0","0","0","0","0","0","0","0","0","0","0","0","0","0","0"
"0x7e1c777b1e30","      F2FP.F16.F32.PACK_AB R39, R87, R86","1","0","1","32768","1048576","1048576","32","32","0","0","0","-","-","-","0","0","0","0","0","0","0","0","-","0","0","0","0","0","0","0","0","0","0","0","0","0","0","0","0","0","0","0","1","0","0","0","0","0","0","0","0","0","0","0","0","0","0","0","0","0","0","0","0","0","0"
"0x7e1c777b1e40","      IMAD R18, R19, 0x10, R18","0","0","0","32768","1048576","1048576","32","32","0","0","0","-","-","-","0","0","0","0","0","0","0","0","-","0","0","0","0","0","0","0","0","0","0","0","0","0","0","0","0","0","0","0","0","0","0","0","0","0","0","0","0","0","0","0","0","0","0","0","0","0","0","0","0","0","0"
"0x7e1c777b1e50","      ISETP.NE.AND P3, PT, R142, RZ, PT","4","0","4","32768","1048576","1048576","32","32","0","0","0","-","-","-","0","0","0","0","0","0","0","0","-","0","0","0","0","0","0","0","0","0","0","0","0","0","0","0","0","0","0","0","4","0","0","0","0","0","0","0","0","0","0","0","0","0","0","0","0","0","0","0","0","0","0"
"0x7e1c777b1e60","      IMAD.SHL.U32 R19, R22, 0x20, RZ","1","0","1","32768","1048576","1048576","32","32","0","0","0","-","-","-","0","0","0","0","0","0","0","0","-","0","0","0","0","0","0","0","0","0","0","0","0","0","0","0","0","0","0","0","1","0","0","0","0","0","0","0","0","0","0","0","0","0","0","0","0","0","0","0","0","0","0"
"0x7e1c777b1e70","      F2FP.F16.F32.PACK_AB R22, R35, R34","0","0","0","32768","1048576","1048576","32","32","0","0","0","-","-","-","0","0","0","0","0","0","0","0","-","0","0","0","0","0","0","0","0","0","0","0","0","0","0","0","0","0","0","0","0","0","0","0","0","0","0","0","0","0","0","0","0","0","0","0","0","0","0","0","0","0","0"
"0x7e1c777b1e80","      IMAD.IADD R18, R21, 0x1, R18","3","0","3","32768","1048576","1048576","32","32","0","0","0","-","-","-","0","0","0","0","0","0","0","0","-","0","0","0","0","0","0","0","0","0","0","0","0","0","0","0","0","0","0","0","3","0","0","0","0","0","0","0","0","0","0","0","0","0","0","0","0","0","0","0","0","0","0"
"0x7e1c777b1e90","      F2FP.F16.F32.PACK_AB R21, R31, R30","1","0","1","32768","1048576","1048576","32","32","0","0","0","-","-","-","0","0","0","0","0","0","0","0","-","0","0","0","0","0","0","0","0","0","0","0","0","0","0","0","0","0","0","0","1","0","0","0","0","0","0","0","0","0","0","0","0","0","0","0","0","0","0","0","0","0","0"
"0x7e1c777b1ea0","      LOP3.LUT R88, R19, 0x3f0, R20, 0x78, !PT","25","8","25","32768","1048576","1048576","32","32","0","0","0","-","-","-","0","0","0","0","0","0","0","0","-","0","0","0","0","0","0","0","0","0","0","0","0","0","12","0","0","0","0","12","1","0","0","0","0","0","0","0","0","0","0","0","8","0","0","0","0","0","0","0","0","0","0"
"0x7e1c777b1eb0","      F2FP.F16.F32.PACK_AB R20, R27, R26","6","2","6","32768","1048576","1048576","32","32","0","0","0","-","-","-","0","0","0","0","0","0","0","0","-","0","0","0","0","0","0","0","0","0","0","0","0","0","0","0","0","0","0","0","4","0","0","0","2","0","0","0","0","0","0","0","0","0","0","0","0","0","0","0","0","0","2"
"0x7e1c777b1ec0","      F2FP.F16.F32.PACK_AB R26, R33, R32","3","1","3","32768","1048576","1048576","32","32","0","0","0","-","-","-","0","0","0","0","0","0","0","0","-","0","0","0","0","0","0","0","0","0","0","0","0","0","0","0","0","0","0","0","2","0","0","0","1","0","0","0","0","0","0","0","0","0","0","0","0","0","0","0","0","0","1"
"0x7e1c777b1ed0","      F2FP.F16.F32.PACK_AB R27, R37, R36","2","0","2","32768","1048576","1048576","32","32","0","0","0","-","-","-","0","0","0","0","0","0","0","0","-","0","0","0","0","0","0","0","0","0","0","0","0","0","0","0","0","0","0","0","1","0","0","0","1","0","0","0","0","0","0","0","0","0","0","0","0","0","0","0","0","0","0"
"0x7e1c777b1ee0","      STS.128 [R18+UR9+0x200], R20","1","0","1","32768","1048576","1048576","32","32","0","0","0","Shared","Store","128","0","4","0","131072","131072","0","0","0","-","0","0","0","0","0","0","0","0","0","0","0","0","0","0","0","0","0","0","0","1","0","0","0","0","0","0","0","0","0","0","0","0","0","0","0","0","0","0","0","0","0","0"
"0x7e1c777b1ef0","      F2FP.F16.F32.PACK_AB R30, R51, R50","3","0","3","32768","1048576","1048576","32","32","0","0","0","-","-","-","0","0","0","0","0","0","0","0","-","0","0","0","0","0","0","0","0","0","0","0","0","0","0","0","0","0","0","0","3","0","0","0","0","0","0","0","0","0","0","0","0","0","0","0","0","0","0","0","0","0","0"
"0x7e1c777b1f00","      F2FP.F16.F32.PACK_AB R31, R55, R54","0","0","0","32768","1048576","1048576","32","32","0","0","0","-","-","-","0","0","0","0","0","0","0","0","-","0","0","0","0","0","0","0","0","0","0","0","0","0","0","0","0","0","0","0","0","0","0","0","0","0","0","0","0","0","0","0","0","0","0","0","0","0","0","0","0","0","0"
"0x7e1c777b1f10","      STS.128 [R18+UR9], R24","3","0","3","32768","1048576","1048576","32","32","0","0","0","Shared","Store","128","0","4","0","131072","131072","0","0","0","-","0","0","0","0","0","0","0","0","0","0","0","0","0","0","0","0","0","0","0","3","0","0","0","0","0","0","0","0","0","0","0","0","0","0","0","0","0","0","0","0","0","0"
"0x7e1c777b1f20","      F2FP.F16.F32.PACK_AB R32, R59, R58","3","0","3","32768","1048576","1048576","32","32","0","0","0","-","-","-","0","0","0","0","0","0","0","0","-","0","0","0","0","0","0","0","0","0","0","0","0","0","0","0","0","0","0","0","3","0","0","0","0","0","0","0","0","0","0","0","0","0","0","0","0","0","0","0","0","0","0"
"0x7e1c777b1f30","      LOP3.LUT R0, R18, 0x20, RZ, 0x3c, !PT","42","12","42","32768","1048576","1048576","32","32","0","0","0","-","-","-","0","0","0","0","0","0","0","0","-","0","0","0","0","0","0","0","0","0","0","0","0","0","18","0","0","0","0","21","3","0","0","0","0","0","0","0","0","0","0","0","12","0","0","0","0","0","0","0","0","0","0"
"0x7e1c777b1f40","      F2FP.F16.F32.PACK_AB R33, R63, R62","4","0","4","32768","1048576","1048576","32","32","0","0","0","-","-","-","0","0","0","0","0","0","0","0","-","0","0","0","0","0","0","0","0","0","0","0","0","0","0","0","0","0","0","0","4","0","0","0","0","0","0","0","0","0","0","0","0","0","0","0","0","0","0","0","0","0","0"
"0x7e1c777b1f50","      F2FP.F16.F32.PACK_AB R58, R65, R64","6","3","6","32768","1048576","1048576","32","32","0","0","0","-","-","-","0","0","0","0","0","0","0","0","-","0","0","0","0","0","0","0","0","0","0","0","0","0","0","0","0","0","0","0","3","0","0","0","3","0","0","0","0","0","0","0","0","0","0","0","0","0","0","0","0","0","3"
"0x7e1c777b1f60","      STS.128 [R0+UR9], R40","4","0","4","32768","1048576","1048576","32","32","0","0","0","Shared","Store","128","0","4","0","131072","131072","0","0","0","-","0","0","0","0","0","0","0","0","0","0","0","0","0","0","0","0","0","0","0","4","0","0","0","0","0","0","0","0","0","0","0","0","0","0","0","0","0","0","0","0","0","0"
"0x7e1c777b1f70","      F2FP.F16.F32.PACK_AB R34, R67, R66","2","0","2","32768","1048576","1048576","32","32","0","0","0","-","-","-","0","0","0","0","0","0","0","0","-","0","0","0","0","0","0","0","0","0","0","0","0","0","0","0","0","0","0","0","2","0","0","0","0","0","0","0","0","0","0","0","0","0","0","0","0","0","0","0","0","0","0"
"0x7e1c777b1f80","      F2FP.F16.F32.PACK_AB R59, R69, R68","5","2","5","32768","1048576","1048576","32","32","0","0","0","-","-","-","0","0","0","0","0","0","0","0","-","0","0","0","0","0","0","0","0","0","0","0","0","0","0","0","0","0","0","1","2","0","0","0","2","0","0","0","0","0","0","0","0","0","0","0","0","0","0","0","0","0","2"
"0x7e1c777b1f90","      STS.128 [R0+UR9+0x200], R28","1","0","1","32768","1048576","1048576","32","32","0","0","0","Shared","Store","128","0","4","0","131072","131072","0","0","0","-","0","0","0","0","0","0","0","0","0","0","0","0","0","0","0","0","0","0","0","1","0","0","0","0","0","0","0","0","0","0","0","0","0","0","0","0","0","0","0","0","0","0"
"0x7e1c777b1fa0","      F2FP.F16.F32.PACK_AB R35, R71, R70","1","0","1","32768","1048576","1048576","32","32","0","0","0","-","-","-","0","0","0","0","0","0","0","0","-","0","0","0","0","0","0","0","0","0","0","0","0","0","0","0","0","0","0","0","1","0","0","0","0","0","0","0","0","0","0","0","0","0","0","0","0","0","0","0","0","0","0"
"0x7e1c777b1fb0","      F2FP.F16.F32.PACK_AB R36, R75, R74","6","3","6","32768","1048576","1048576","32","32","0","0","0","-","-","-","0","0","0","0","0","0","0","0","-","0","0","0","0","0","0","0","0","0","0","0","0","0","1","0","0","0","0","1","2","0","0","0","2","0","0","0","0","0","0","0","1","0","0","0","0","0","0","0","0","0","2"
"0x7e1c777b1fc0","      LOP3.LUT R19, R18, 0x40, RZ, 0x3c, !PT","1","0","1","32768","1048576","1048576","32","32","0","0","0","-","-","-","0","0","0","0","0","0","0","0","-","0","0","0","0","0","0","0","0","0","0","0","0","0","0","0","0","0","0","0","1","0","0","0","0","0","0","0","0","0","0","0","0","0","0","0","0","0","0","0","0","0","0"
"0x7e1c777b1fd0","      F2FP.F16.F32.PACK_AB R37, R79, R78","4","2","4","32768","1048576","1048576","32","32","0","0","0","-","-","-","0","0","0","0","0","0","0","0","-","0","0","0","0","0","0","0","0","0","0","0","0","0","0","0","0","0","0","0","2","0","0","0","2","0","0","0","0","0","0","0","0","0","0","0","0","0","0","0","0","0","2"
"0x7e1c777b1fe0","      F2FP.F16.F32.PACK_AB R74, R81, R80","2","0","2","32768","1048576","1048576","32","32","0","0","0","-","-","-","0","0","0","0","0","0","0","0","-","0","0","0","0","0","0","0","0","0","0","0","0","0","0","0","0","0","0","0","2","0","0","0","0","0","0","0","0","0","0","0","0","0","0","0","0","0","0","0","0","0","0"
"0x7e1c777b1ff0","      STS.128 [R19+UR9], R56","0","0","0","32768","1048576","1048576","32","32","0","0","0","Shared","Store","128","0","4","0","131072","131072","0","0","0","-","0","0","0","0","0","0","0","0","0","0","0","0","0","0","0","0","0","0","0","0","0","0","0","0","0","0","0","0","0","0","0","0","0","0","0","0","0","0","0","0","0","0"
"0x7e1c777b2000","      F2FP.F16.F32.PACK_AB R75, R85, R84","3","0","3","32768","1048576","1048576","32","32","0","0","0","-","-","-","0","0","0","0","0","0","0","0","-","0","0","0","0","0","0","0","0","0","0","0","0","0","0","0","0","0","0","0","3","0","0","0","0","0","0","0","0","0","0","0","0","0","0","0","0","0","0","0","0","0","0"
"0x7e1c777b2010","      LOP3.LUT R44, R18, 0x60, RZ, 0x3c, !PT","1","0","1","32768","1048576","1048576","32","32","0","0","0","-","-","-","0","0","0","0","0","0","0","0","-","0","0","0","0","0","0","0","0","0","0","0","0","0","0","0","0","0","0","0","1","0","0","0","0","0","0","0","0","0","0","0","0","0","0","0","0","0","0","0","0","0","0"
"0x7e1c777b2020","      STS.128 [R19+UR9+0x200], R32","6","0","6","32768","1048576","1048576","32","32","0","0","0","Shared","Store","128","0","4","0","131072","131072","0","0","0","-","0","0","0","0","0","0","0","0","0","0","0","0","0","0","0","0","0","0","0","6","0","0","0","0","0","0","0","0","0","0","0","0","0","0","0","0","0","0","0","0","0","0"
"0x7e1c777b2030","      ISETP.NE.AND P4, PT, R143, RZ, PT","1","0","1","32768","1048576","1048576","32","32","0","0","0","-","-","-","0","0","0","0","0","0","0","0","-","0","0","0","0","0","0","0","0","0","0","0","0","0","0","0","0","0","0","0","1","0","0","0","0","0","0","0","0","0","0","0","0","0","0","0","0","0","0","0","0","0","0"
"0x7e1c777b2040","      STS.128 [R44+UR9], R72","13","10","13","32768","1048576","1048576","32","32","0","0","0","Shared","Store","128","0","4","0","131072","131072","0","0","0","-","0","0","0","0","0","0","0","0","0","0","0","0","0","0","0","8","0","0","0","2","0","0","0","3","0","0","0","0","0","0","0","0","0","8","0","0","0","0","0","0","0","2"
"0x7e1c777b2050","      STS.128 [R44+UR9+0x200], R36","13","9","13","32768","1048576","1048576","32","32","0","0","0","Shared","Store","128","0","4","0","131072","131072","0","0","0","-","0","0","0","0","0","0","0","0","0","0","0","0","0","0","0","4","0","0","1","1","0","0","0","7","0","0","0","0","0","0","0","0","0","4","0","0","0","0","0","0","0","5"
"0x7e1c777b2060","      BAR.SYNC.DEFER_BLOCKING 0x0","4","0","4","32768","1048576","1048576","32","32","0","0","0","-","-","-","0","0","0","0","0","0","0","0","-","0","0","0","0","0","0","0","0","0","0","0","0","0","0","0","0","0","0","0","4","0","0","0","0","0","0","0","0","0","0","0","0","0","0","0","0","0","0","0","0","0","0"
"0x7e1c777b2070","      LDSM.16.M88.4 R24, [R88+UR9]","153","123","153","32768","1048576","1048576","32","32","0","0","0","Shared","Load","128","0","4","0","131072","131072","0","0","0","-","0","0","0","0","0","0","73","0","0","0","0","0","0","0","0","58","0","0","4","4","0","0","0","14","56","0","0","0","0","0","0","0","0","58","0","0","0","0","0","0","0","9"
"0x7e1c777b2080","      LDSM.16.M88.4 R20, [R88+UR9+0x400]","48","46","48","32768","1048576","1048576","32","32","0","0","0","Shared","Load","128","0","4","0","131072","131072","0","0","0","-","0","0","0","0","0","0","0","0","0","0","0","0","0","0","0","43","0","0","2","0","0","0","0","3","0","0","0","0","0","0","0","0","0","43","0","0","0","0","0","0","0","3"
"0x7e1c777b2090","      LDSM.16.M88.4 R48, [R88+UR9+0x800]","46","43","46","32768","1048576","1048576","32","32","0","0","0","Shared","Load","128","0","4","0","131072","131072","0","0","0","-","0","0","0","0","0","0","0","0","0","0","0","0","0","0","0","37","0","0","1","2","0","0","0","6","0","0","0","0","0","0","0","0","0","37","0","0","0","0","0","0","0","6"
"0x7e1c777b20a0","      LDSM.16.M88.4 R40, [R88+UR9+0xc00]","24","22","24","32768","1048576","1048576","32","32","0","0","0","Shared","Load","128","0","4","0","131072","131072","0","0","0","-","0","0","0","0","0","0","0","0","0","0","0","0","0","0","0","20","0","0","0","2","0","0","0","2","0","0","0","0","0","0","0","0","0","20","0","0","0","0","0","0","0","2"
"0x7e1c777b20b0","      LDSM.16.M88.4 R28, [R88+UR9+0x1000]","26","23","26","32768","1048576","1048576","32","32","0","0","0","Shared","Load","128","0","4","0","131072","131072","0","0","0","-","0","0","0","0","0","0","0","0","0","0","0","0","0","0","0","15","0","0","0","3","0","0","0","8","0","0","0","0","0","0","0","0","0","15","0","0","0","0","0","0","0","8"
"0x7e1c777b20c0","      LDSM.16.M88.4 R52, [R88+UR9+0x1400]","19","19","19","32768","1048576","1048576","32","32","0","0","0","Shared","Load","128","0","4","0","131072","131072","0","0","0","-","0","0","0","0","0","0","0","0","0","0","0","0","0","0","0","13","0","0","0","0","0","0","0","6","0","0","0","0","0","0","0","0","0","13","0","0","0","0","0","0","0","6"
"0x7e1c777b20d0","      LDSM.16.M88.4 R32, [R88+UR9+0x1800]","16","14","16","32768","1048576","1048576","32","32","0","0","0","Shared","Load","128","0","4","0","131072","131072","0","0","0","-","0","0","0","0","0","0","0","0","0","0","0","0","0","0","0","9","0","0","0","2","0","0","0","5","0","0","0","0","0","0","0","0","0","9","0","0","0","0","0","0","0","5"
"0x7e1c777b20e0","      LDSM.16.M88.4 R56, [R88+UR9+0x1c00]","38","36","38","32768","1048576","1048576","32","32","0","0","0","Shared","Load","128","0","4","0","131072","131072","0","0","0","-","0","0","0","0","0","0","0","0","0","0","0","0","0","0","0","29","0","0","0","2","0","0","0","7","0","0","0","0","0","0","0","0","0","29","0","0","0","0","0","0","0","7"
"0x7e1c777b20f0","@!P2  STG.E.128 desc[UR14][R6.64], R24","251","229","251","32768","1048576","1048576","32","32","0","0","0","Global","Store","128","131072","0","0","0","0","0","524288","524288","","0","0","0","0","0","0","0","0","0","0","0","0","0","0","0","0","0","0","0","3","247","0","0","1","0","0","0","0","0","0","0","0","0","0","0","0","0","0","228","0","0","1"
"0x7e1c777b2100","      ISETP.NE.AND P2, PT, R89, RZ, PT","3","0","3","32768","1048576","1048576","32","32","0","0","0","-","-","-","0","0","0","0","0","0","0","0","-","0","0","0","0","0","0","0","0","0","0","0","0","0","0","0","0","0","0","0","3","0","0","0","0","0","0","0","0","0","0","0","0","0","0","0","0","0","0","0","0","0","0"
"0x7e1c777b2110","@!P3  STG.E.128 desc[UR14][R4.64], R20","6","5","6","32768","1048576","1048576","32","32","0","0","0","Global","Store","128","131072","0","0","0","0","0","524288","524288","","0","0","0","0","0","0","0","0","0","0","0","0","0","0","0","0","0","0","0","1","0","0","0","5","0","0","0","0","0","0","0","0","0","0","0","0","0","0","0","0","0","5"
"0x7e1c777b2120","@!P4  STG.E.128 desc[UR14][R8.64], R48","9","9","9","32768","1048576","1048576","32","32","0","0","0","Global","Store","128","131072","0","0","0","0","0","524288","524288","","0","0","0","0","0","0","0","0","0","0","0","4","0","0","0","2","0","0","0","0","0","0","0","3","0","0","0","0","0","4","0","0","0","2","0","0","0","0","0","0","0","3"
"0x7e1c777b2130","@!P6  STG.E.128 desc[UR14][R10.64], R40","46","42","46","32768","1048576","1048576","32","32","0","0","0","Global","Store","128","131072","0","0","0","0","0","524288","524288","","0","0","0","0","0","0","0","0","0","0","0","27","0","0","0","4","0","0","0","3","4","0","0","8","0","0","0","0","0","27","0","0","0","4","0","0","0","0","3","0","0","8"
"0x7e1c777b2140","@!P5  STG.E.128 desc[UR14][R14.64], R28","117","114","117","32768","1048576","1048576","32","32","0","0","0","Global","Store","128","131072","0","0","0","0","0","524288","524288","","0","0","0","0","0","0","0","0","0","0","0","21","0","0","0","0","0","0","0","3","92","0","0","1","0","0","0","0","0","21","0","0","0","0","0","0","0","0","92","0","0","1"
"0x7e1c777b2150","@!P0  STG.E.128 desc[UR14][R12.64], R52","35","35","35","32768","1048576","1048576","32","32","0","0","0","Global","Store","128","131072","0","0","0","0","0","524288","524288","","0","0","0","0","0","0","0","0","0","0","0","29","0","0","0","0","0","0","0","0","0","0","0","6","0","0","0","0","0","29","0","0","0","0","0","0","0","0","0","0","0","6"
"0x7e1c777b2160","@!P1  STG.E.128 desc[UR14][R16.64], R32","24","23","24","32768","1048576","1048576","32","32","0","0","0","Global","Store","128","131072","0","0","0","0","0","524288","524288","","0","0","0","0","0","0","0","0","0","0","0","18","0","0","0","0","0","0","0","1","0","0","0","5","0","0","0","0","0","18","0","0","0","0","0","0","0","0","0","0","0","5"
"0x7e1c777b2170","@P2   EXIT","1","0","1","32768","1048576","0","32","0","32","32","0","-","-","-","0","0","0","0","0","0","0","0","-","0","0","0","0","0","0","0","0","0","0","0","0","0","0","0","0","0","0","0","1","0","0","0","0","0","0","0","0","0","0","0","0","0","0","0","0","0","0","0","0","0","0"
"0x7e1c777b2180","      STG.E.128 desc[UR14][R2.64], R56","54","52","54","32768","1048576","1048576","32","32","32","0","0","Global","Store","128","131072","0","0","0","0","0","524288","524288","","0","0","0","0","0","0","0","0","0","0","0","42","0","0","0","0","0","0","0","1","0","0","0","11","0","0","0","0","0","42","0","0","0","0","0","0","0","0","0","0","0","10"
"0x7e1c777b2190","      EXIT","2","0","2","32768","1048576","1048576","32","32","0","0","0","-","-","-","0","0","0","0","0","0","0","0","-","0","0","0","0","0","0","0","0","0","0","0","0","0","0","0","0","0","0","0","2","0","0","0","0","0","0","0","0","0","0","0","0","0","0","0","0","0","0","0","0","0","0"
"0x7e1c777b21a0","      BRA 0x7e1c777b21a0","1869","1856","1869","0","0","0","0","0","0","0","0","-","-","-","0","0","0","0","0","0","0","0","-","0","0","0","0","0","0","0","22","0","1835","0","0","0","0","0","0","0","0","0","1","0","0","0","11","0","22","0","1823","0","0","0","0","0","0","0","0","0","0","0","0","0","11"
"0x7e1c777b21b0","      NOP","0","0","0","0","0","0","0","0","0","0","0","-","-","-","0","0","0","0","0","0","0","0","-","0","0","0","0","0","0","0","0","0","0","0","0","0","0","0","0","0","0","0","0","0","0","0","0","0","0","0","0","0","0","0","0","0","0","0","0","0","0","0","0","0","0"
"0x7e1c777b21c0","      NOP","0","0","0","0","0","0","0","0","0","0","0","-","-","-","0","0","0","0","0","0","0","0","-","0","0","0","0","0","0","0","0","0","0","0","0","0","0","0","0","0","0","0","0","0","0","0","0","0","0","0","0","0","0","0","0","0","0","0","0","0","0","0","0","0","0"
"0x7e1c777b21d0","      NOP","0","0","0","0","0","0","0","0","0","0","0","-","-","-","0","0","0","0","0","0","0","0","-","0","0","0","0","0","0","0","0","0","0","0","0","0","0","0","0","0","0","0","0","0","0","0","0","0","0","0","0","0","0","0","0","0","0","0","0","0","0","0","0","0","0"
"0x7e1c777b21e0","      NOP","0","0","0","0","0","0","0","0","0","0","0","-","-","-","0","0","0","0","0","0","0","0","-","0","0","0","0","0","0","0","0","0","0","0","0","0","0","0","0","0","0","0","0","0","0","0","0","0","0","0","0","0","0","0","0","0","0","0","0","0","0","0","0","0","0"
"0x7e1c777b21f0","      NOP","0","0","0","0","0","0","0","0","0","0","0","-","-","-","0","0","0","0","0","0","0","0","-","0","0","0","0","0","0","0","0","0","0","0","0","0","0","0","0","0","0","0","0","0","0","0","0","0","0","0","0","0","0","0","0","0","0","0","0","0","0","0","0","0","0"
"0x7e1c777b2200","      NOP","0","0","0","0","0","0","0","0","0","0","0","-","-","-","0","0","0","0","0","0","0","0","-","0","0","0","0","0","0","0","0","0","0","0","0","0","0","0","0","0","0","0","0","0","0","0","0","0","0","0","0","0","0","0","0","0","0","0","0","0","0","0","0","0","0"
"0x7e1c777b2210","      NOP","0","0","0","0","0","0","0","0","0","0","0","-","-","-","0","0","0","0","0","0","0","0","-","0","0","0","0","0","0","0","0","0","0","0","0","0","0","0","0","0","0","0","0","0","0","0","0","0","0","0","0","0","0","0","0","0","0","0","0","0","0","0","0","0","0"
"0x7e1c777b2220","      NOP","0","0","0","0","0","0","0","0","0","0","0","-","-","-","0","0","0","0","0","0","0","0","-","0","0","0","0","0","0","0","0","0","0","0","0","0","0","0","0","0","0","0","0","0","0","0","0","0","0","0","0","0","0","0","0","0","0","0","0","0","0","0","0","0","0"
"0x7e1c777b2230","      NOP","0","0","0","0","0","0","0","0","0","0","0","-","-","-","0","0","0","0","0","0","0","0","-","0","0","0","0","0","0","0","0","0","0","0","0","0","0","0","0","0","0","0","0","0","0","0","0","0","0","0","0","0","0","0","0","0","0","0","0","0","0","0","0","0","0"
"0x7e1c777b2240","      NOP","0","0","0","0","0","0","0","0","0","0","0","-","-","-","0","0","0","0","0","0","0","0","-","0","0","0","0","0","0","0","0","0","0","0","0","0","0","0","0","0","0","0","0","0","0","0","0","0","0","0","0","0","0","0","0","0","0","0","0","0","0","0","0","0","0"
"0x7e1c777b2250","      NOP","0","0","0","0","0","0","0","0","0","0","0","-","-","-","0","0","0","0","0","0","0","0","-","0","0","0","0","0","0","0","0","0","0","0","0","0","0","0","0","0","0","0","0","0","0","0","0","0","0","0","0","0","0","0","0","0","0","0","0","0","0","0","0","0","0"
"0x7e1c777b2260","      NOP","0","0","0","0","0","0","0","0","0","0","0","-","-","-","0","0","0","0","0","0","0","0","-","0","0","0","0","0","0","0","0","0","0","0","0","0","0","0","0","0","0","0","0","0","0","0","0","0","0","0","0","0","0","0","0","0","0","0","0","0","0","0","0","0","0"
"0x7e1c777b2270","      NOP","0","0","0","0","0","0","0","0","0","0","0","-","-","-","0","0","0","0","0","0","0","0","-","0","0","0","0","0","0","0","0","0","0","0","0","0","0","0","0","0","0","0","0","0","0","0","0","0","0","0","0","0","0","0","0","0","0","0","0","0","0","0","0","0","0"
