"Kernel Name","_attn_fwd_ablate",
"Address","Source","Warp Stall Sampling (All Samples)","Warp Stall Sampling (Not-issued Samples)","# Samples","Instructions Executed","Thread Instructions Executed","Predicated-On Thread Instructions Executed","Avg. Threads Executed","Avg. Predicated-On Threads Executed","Derivative Avg. Predicated-On Threads Executed","Avg. Predicated-On Threads Unexecuted","Divergent Branches","Address Space","Access Operation","Access Size","L1 Tag Requests Global","L1 Conflicts Shared N-Way","L1 Wavefronts Shared Excessive","L1 Wavefronts Shared","L1 Wavefronts Shared Ideal","L2 Theoretical Sectors Global Excessive","L2 Theoretical Sectors Global","L2 Theoretical Sectors Global Ideal","L2 Explicit Evict Policies","L2 Explicit Hit Policy Evict First","L2 Explicit Hit Policy Evict Last","L2 Explicit Hit Policy Evict Normal","L2 Explicit Hit Policy Evict Normal Demote","L2 Explicit Miss Policy Evict First","L2 Explicit Miss Policy Evict Normal","stall_barrier","stall_branch_resolving","stall_dispatch","stall_drain","stall_imc","stall_lg","stall_long_sb","stall_math","stall_membar","stall_mio","stall_misc","stall_no_inst","stall_not_selected","stall_selected","stall_short_sb","stall_sleep","stall_tex","stall_wait","stall_barrier (Not Issued)","stall_branch_resolving (Not Issued)","stall_dispatch (Not Issued)","stall_drain (Not Issued)","stall_imc (Not Issued)","stall_lg (Not Issued)","stall_long_sb (Not Issued)","stall_math (Not Issued)","stall_membar (Not Issued)","stall_mio (Not Issued)","stall_misc (Not Issued)","stall_no_inst (Not Issued)","stall_not_selected (Not Issued)","stall_selected (Not Issued)","stall_short_sb (Not Issued)","stall_sleeping (Not Issued)","stall_tex (Not Issued)","stall_wait (Not Issued)"
"0x7b03637aea00","      LDC R1, c[0x0][0x28]","67","63","67","32768","1048576","1048576","32","32","0","0","0","-","-","-","0","0","0","0","0","0","0","0","-","0","0","0","0","0","0","0","0","0","0","0","0","0","0","0","0","0","64","3","0","0","0","0","0","0","0","0","0","0","0","0","0","0","0","0","63","0","0","0","0","0","0"
"0x7b03637aea10","      LDC R6, c[0x0][0x260]","24","9","24","32768","1048576","1048576","32","32","0","0","0","-","-","-","0","0","0","0","0","0","0","0","-","0","0","0","0","0","0","0","0","0","0","0","0","0","0","0","4","0","0","2","4","0","0","0","14","0","0","0","0","0","0","0","0","0","3","0","0","0","0","0","0","0","6"
"0x7b03637aea20","      S2R R17, SR_CTAID.Y","7","5","7","32768","1048576","1048576","32","32","0","0","0","-","-","-","0","0","0","0","0","0","0","0","-","0","0","0","0","0","0","0","0","0","0","0","0","0","0","0","5","0","0","0","2","0","0","0","0","0","0","0","0","0","0","0","0","0","5","0","0","0","0","0","0","0","0"
"0x7b03637aea30","      ULDC.64 UR4, c[0x0][0x230]","13","6","13","32768","1048576","1048576","32","32","0","0","0","-","-","-","0","0","0","0","0","0","0","0","-","0","0","0","0","0","0","0","0","0","0","6","0","0","0","0","0","0","0","0","7","0","0","0","0","0","0","0","0","6","0","0","0","0","0","0","0","0","0","0","0","0","0"
"0x7b03637aea40","      ULDC.64 UR6, c[0x0][0x210]","1","0","1","32768","1048576","1048576","32","32","0","0","0","-","-","-","0","0","0","0","0","0","0","0","-","0","0","0","0","0","0","0","0","0","0","0","0","0","0","0","0","0","0","0","1","0","0","0","0","0","0","0","0","0","0","0","0","0","0","0","0","0","0","0","0","0","0"
"0x7b03637aea50","      ULDC UR22, c[0x0][0x268]","24","18","24","32768","1048576","1048576","32","32","0","0","0","-","-","-","0","0","0","0","0","0","0","0","-","0","0","0","0","0","0","0","0","0","0","18","0","0","0","0","0","0","2","0","4","0","0","0","0","0","0","0","0","18","0","0","0","0","0","0","0","0","0","0","0","0","0"
"0x7b03637aea60","      S2R R18, SR_CTAID.X","2","2","2","32768","1048576","1048576","32","32","0","0","0","-","-","-","0","0","0","0","0","0","0","0","-","0","0","0","0","0","0","0","0","0","0","0","0","0","0","0","2","0","0","0","0","0","0","0","0","0","0","0","0","0","0","0","0","0","2","0","0","0","0","0","0","0","0"
"0x7b03637aea70","      ULDC.64 UR8, c[0x0][0x238]","4","0","4","32768","1048576","1048576","32","32","0","0","0","-","-","-","0","0","0","0","0","0","0","0","-","0","0","0","0","0","0","0","0","0","0","0","0","0","0","0","0","0","0","0","4","0","0","0","0","0","0","0","0","0","0","0","0","0","0","0","0","0","0","0","0","0","0"
"0x7b03637aea80","      ULDC.64 UR20, c[0x0][0x208]","0","0","0","32768","1048576","1048576","32","32","0","0","0","-","-","-","0","0","0","0","0","0","0","0","-","0","0","0","0","0","0","0","0","0","0","0","0","0","0","0","0","0","0","0","0","0","0","0","0","0","0","0","0","0","0","0","0","0","0","0","0","0","0","0","0","0","0"
"0x7b03637aea90","      LDC R139, c[0x0][0x250]","19","12","19","32768","1048576","1048576","32","32","0","0","0","-","-","-","0","0","0","0","0","0","0","0","-","0","0","0","0","0","0","0","0","0","0","0","0","0","0","0","16","0","0","1","2","0","0","0","0","0","0","0","0","0","0","0","0","0","12","0","0","0","0","0","0","0","0"
"0x7b03637aeaa0","      LDC R140, c[0x0][0x244]","36","32","36","32768","1048576","1048576","32","32","0","0","0","-","-","-","0","0","0","0","0","0","0","0","-","0","0","0","0","0","0","0","0","0","0","0","0","0","0","0","17","0","0","1","0","0","0","0","18","0","0","0","0","0","0","0","0","0","15","0","0","0","0","0","0","0","17"
"0x7b03637aeab0","      IABS R4, R6","28","19","28","32768","1048576","1048576","32","32","0","0","0","-","-","-","0","0","0","0","0","0","0","0","-","0","0","0","0","0","0","0","0","0","0","0","0","0","0","0","0","0","0","1","2","25","0","0","0","0","0","0","0","0","0","0","0","0","0","0","0","0","0","19","0","0","0"
"0x7b03637aeac0","      I2F.RP R0, R4","9","5","9","32768","1048576","1048576","32","32","0","0","0","-","-","-","0","0","0","0","0","0","0","0","-","0","0","0","0","0","0","0","0","0","0","0","0","0","0","0","0","0","0","0","2","0","0","0","7","0","0","0","0","0","0","0","0","0","0","0","0","0","0","0","0","0","5"
"0x7b03637aead0","      IABS R7, R17","5","3","5","32768","1048576","1048576","32","32","0","0","0","-","-","-","0","0","0","0","0","0","0","0","-","0","0","0","0","0","0","0","0","0","0","0","0","0","0","0","0","0","0","0","2","3","0","0","0","0","0","0","0","0","0","0","0","0","0","0","0","0","0","3","0","0","0"
"0x7b03637aeae0","      IMAD.SHL.U32 R18, R18, 0x80, RZ","3","3","3","32768","1048576","1048576","32","32","0","0","0","-","-","-","0","0","0","0","0","0","0","0","-","0","0","0","0","0","0","0","0","0","0","0","0","0","0","0","0","0","0","0","0","3","0","0","0","0","0","0","0","0","0","0","0","0","0","0","0","0","0","3","0","0","0"
"0x7b03637aeaf0","      MUFU.RCP R0, R0","24","23","24","32768","1048576","1048576","32","32","0","0","0","-","-","-","0","0","0","0","0","0","0","0","-","0","0","0","0","0","0","0","0","0","0","0","0","0","0","0","0","0","0","0","0","16","0","0","8","0","0","0","0","0","0","0","0","0","0","0","0","0","0","15","0","0","8"
"0x7b03637aeb00","      VIADD R2, R0, 0xffffffe","29","20","29","32768","1048576","1048576","32","32","0","0","0","-","-","-","0","0","0","0","0","0","0","0","-","0","0","0","0","0","0","0","0","0","0","0","0","0","0","0","0","0","0","1","0","27","0","0","1","0","0","0","0","0","0","0","0","0","0","0","0","0","0","19","0","0","1"
"0x7b03637aeb10","      S2R R0, SR_TID.X","5","3","5","32768","1048576","1048576","32","32","0","0","0","-","-","-","0","0","0","0","0","0","0","0","-","0","0","0","0","0","0","0","0","0","0","0","0","0","0","0","0","0","0","0","1","0","0","0","4","0","0","0","0","0","0","0","0","0","0","0","0","0","0","0","0","0","3"
"0x7b03637aeb20","      F2I.FTZ.U32.TRUNC.NTZ R3, R2","13","9","13","32768","1048576","1048576","32","32","0","0","0","-","-","-","0","0","0","0","0","0","0","0","-","0","0","0","0","0","0","0","0","0","0","0","0","0","0","0","0","0","0","0","3","0","0","0","10","0","0","0","0","0","0","0","0","0","0","0","0","0","0","0","0","0","9"
"0x7b03637aeb30","      IMAD.MOV.U32 R2, RZ, RZ, RZ","25","13","25","32768","1048576","1048576","32","32","0","0","0","-","-","-","0","0","0","0","0","0","0","0","-","0","0","0","0","0","0","0","0","0","0","0","0","0","0","0","0","0","0","1","3","21","0","0","0","0","0","0","0","0","0","0","0","0","0","0","0","0","0","13","0","0","0"
"0x7b03637aeb40","      IMAD.MOV R5, RZ, RZ, -R3","8","4","8","32768","1048576","1048576","32","32","0","0","0","-","-","-","0","0","0","0","0","0","0","0","-","0","0","0","0","0","0","0","0","0","0","0","0","0","2","0","0","0","0","0","2","2","0","0","2","0","0","0","0","0","0","0","0","0","0","0","0","0","0","2","0","0","2"
"0x7b03637aeb50","      IMAD R5, R5, R4, RZ","13","4","13","32768","1048576","1048576","32","32","0","0","0","-","-","-","0","0","0","0","0","0","0","0","-","0","0","0","0","0","0","0","0","0","0","0","0","0","0","0","0","0","0","0","2","0","0","0","11","0","0","0","0","0","0","0","0","0","0","0","0","0","0","0","0","0","4"
"0x7b03637aeb60","      IMAD.HI.U32 R3, R3, R5, R2","7","3","7","32768","1048576","1048576","32","32","0","0","0","-","-","-","0","0","0","0","0","0","0","0","-","0","0","0","0","0","0","0","0","0","0","0","0","0","0","0","0","0","0","0","2","0","0","0","5","0","0","0","0","0","0","0","0","0","0","0","0","0","0","0","0","0","3"
"0x7b03637aeb70","      LOP3.LUT R2, R17, R6, RZ, 0x3c, !PT","3","0","3","32768","1048576","1048576","32","32","0","0","0","-","-","-","0","0","0","0","0","0","0","0","-","0","0","0","0","0","0","0","0","0","0","0","0","0","0","0","0","0","0","0","3","0","0","0","0","0","0","0","0","0","0","0","0","0","0","0","0","0","0","0","0","0","0"
"0x7b03637aeb80","      IMAD.MOV.U32 R5, RZ, RZ, R7","15","7","15","32768","1048576","1048576","32","32","0","0","0","-","-","-","0","0","0","0","0","0","0","0","-","0","0","0","0","0","0","0","0","0","0","0","0","0","3","0","0","0","0","2","1","0","0","0","9","0","0","0","0","0","0","0","2","0","0","0","0","0","0","0","0","0","5"
"0x7b03637aeb90","      ISETP.GE.AND P2, PT, R2, RZ, PT","7","0","7","32768","1048576","1048576","32","32","0","0","0","-","-","-","0","0","0","0","0","0","0","0","-","0","0","0","0","0","0","0","0","5","0","0","0","0","0","0","0","0","0","0","2","0","0","0","0","0","0","0","0","0","0","0","0","0","0","0","0","0","0","0","0","0","0"
"0x7b03637aeba0","      SHF.R.U32.HI R147, RZ, 0x4, R0","6","4","6","32768","1048576","1048576","32","32","0","0","0","-","-","-","0","0","0","0","0","0","0","0","-","0","0","0","0","0","0","0","0","1","0","0","0","0","0","0","0","0","0","0","1","0","0","0","4","0","0","1","0","0","0","0","0","0","0","0","0","0","0","0","0","0","3"
"0x7b03637aebb0","      IMAD.HI.U32 R16, R3, R5, RZ","2","0","2","32768","1048576","1048576","32","32","0","0","0","-","-","-","0","0","0","0","0","0","0","0","-","0","0","0","0","0","0","0","0","0","0","0","0","0","0","0","0","0","0","0","2","0","0","0","0","0","0","0","0","0","0","0","0","0","0","0","0","0","0","0","0","0","0"
"0x7b03637aebc0","      SGXT.U32 R147, R147, 0x4","14","6","14","32768","1048576","1048576","32","32","0","0","0","-","-","-","0","0","0","0","0","0","0","0","-","0","0","0","0","0","0","0","0","2","0","0","0","0","3","0","0","0","0","6","2","0","0","0","1","0","0","2","0","0","0","0","3","0","0","0","0","0","0","0","0","0","1"
"0x7b03637aebd0","      IMAD.MOV R3, RZ, RZ, -R16","3","0","3","32768","1048576","1048576","32","32","0","0","0","-","-","-","0","0","0","0","0","0","0","0","-","0","0","0","0","0","0","0","0","0","0","0","0","0","0","0","0","0","0","0","3","0","0","0","0","0","0","0","0","0","0","0","0","0","0","0","0","0","0","0","0","0","0"
"0x7b03637aebe0","      LOP3.LUT R19, R147, R18, RZ, 0xfc, !PT","13","0","13","32768","1048576","1048576","32","32","0","0","0","-","-","-","0","0","0","0","0","0","0","0","-","0","0","0","0","0","0","0","0","0","0","0","0","0","1","0","0","0","0","5","2","0","0","0","5","0","0","0","0","0","0","0","0","0","0","0","0","0","0","0","0","0","0"
"0x7b03637aebf0","      IMAD R3, R4, R3, R5","2","0","2","32768","1048576","1048576","32","32","0","0","0","-","-","-","0","0","0","0","0","0","0","0","-","0","0","0","0","0","0","0","0","0","0","0","0","0","0","0","0","0","0","0","2","0","0","0","0","0","0","0","0","0","0","0","0","0","0","0","0","0","0","0","0","0","0"
"0x7b03637aec00","      LOP3.LUT R20, R18, 0x10, R147, 0xfe, !PT","1","0","1","32768","1048576","1048576","32","32","0","0","0","-","-","-","0","0","0","0","0","0","0","0","-","0","0","0","0","0","0","0","0","0","0","0","0","0","0","0","0","0","0","0","1","0","0","0","0","0","0","0","0","0","0","0","0","0","0","0","0","0","0","0","0","0","0"
"0x7b03637aec10","      LOP3.LUT R21, R18, 0x20, R147, 0xfe, !PT","5","2","5","32768","1048576","1048576","32","32","0","0","0","-","-","-","0","0","0","0","0","0","0","0","-","0","0","0","0","0","0","0","0","1","0","0","0","0","0","0","0","0","0","0","1","0","0","0","3","0","0","1","0","0","0","0","0","0","0","0","0","0","0","0","0","0","1"
"0x7b03637aec20","      ISETP.GT.U32.AND P1, PT, R4, R3, PT","5","0","5","32768","1048576","1048576","32","32","0","0","0","-","-","-","0","0","0","0","0","0","0","0","-","0","0","0","0","0","0","0","0","0","0","0","0","0","3","0","0","0","0","0","2","0","0","0","0","0","0","0","0","0","0","0","0","0","0","0","0","0","0","0","0","0","0"
"0x7b03637aec30","      LOP3.LUT R22, R18, 0x30, R147, 0xfe, !PT","2","1","2","32768","1048576","1048576","32","32","0","0","0","-","-","-","0","0","0","0","0","0","0","0","-","0","0","0","0","0","0","0","0","0","0","0","0","0","0","0","0","0","0","0","1","0","0","0","1","0","0","0","0","0","0","0","0","0","0","0","0","0","0","0","0","0","1"
"0x7b03637aec40","      LOP3.LUT R23, R18, 0x40, R147, 0xfe, !PT","4","2","4","32768","1048576","1048576","32","32","0","0","0","-","-","-","0","0","0","0","0","0","0","0","-","0","0","0","0","0","0","0","0","0","0","0","0","0","0","0","0","0","0","0","2","0","0","0","2","0","0","0","0","0","0","0","0","0","0","0","0","0","0","0","0","0","2"
"0x7b03637aec50","      LOP3.LUT R136, R18, 0x50, R147, 0xfe, !PT","3","1","3","32768","1048576","1048576","32","32","0","0","0","-","-","-","0","0","0","0","0","0","0","0","-","0","0","0","0","0","0","0","0","0","0","0","0","0","0","0","0","0","0","2","0","0","0","0","1","0","0","0","0","0","0","0","0","0","0","0","0","0","0","0","0","0","1"
"0x7b03637aec60","      IMAD R11, R22, UR8, RZ","2","0","2","32768","1048576","1048576","32","32","0","0","0","-","-","-","0","0","0","0","0","0","0","0","-","0","0","0","0","0","0","0","0","0","0","0","0","0","0","0","0","0","0","0","2","0","0","0","0","0","0","0","0","0","0","0","0","0","0","0","0","0","0","0","0","0","0"
"0x7b03637aec70","      LOP3.LUT R137, R18, 0x60, R147, 0xfe, !PT","4","0","4","32768","1048576","1048576","32","32","0","0","0","-","-","-","0","0","0","0","0","0","0","0","-","0","0","0","0","0","0","0","0","1","0","0","0","0","0","0","0","0","0","0","3","0","0","0","0","0","0","0","0","0","0","0","0","0","0","0","0","0","0","0","0","0","0"
"0x7b03637aec80","      IMAD R13, R23, UR8, RZ","1","0","1","32768","1048576","1048576","32","32","0","0","0","-","-","-","0","0","0","0","0","0","0","0","-","0","0","0","0","0","0","0","0","0","0","0","0","0","0","0","0","0","0","0","1","0","0","0","0","0","0","0","0","0","0","0","0","0","0","0","0","0","0","0","0","0","0"
"0x7b03637aec90","      LOP3.LUT R138, R18, 0x70, R147, 0xfe, !PT","2","0","2","32768","1048576","1048576","32","32","0","0","0","-","-","-","0","0","0","0","0","0","0","0","-","0","0","0","0","0","0","0","0","1","0","0","0","0","0","0","0","0","0","0","1","0","0","0","0","0","0","0","0","0","0","0","0","0","0","0","0","0","0","0","0","0","0"
"0x7b03637aeca0","      IMAD R26, R136, UR8, RZ","2","0","2","32768","1048576","1048576","32","32","0","0","0","-","-","-","0","0","0","0","0","0","0","0","-","0","0","0","0","0","0","0","0","0","0","0","0","0","0","0","0","0","0","0","2","0","0","0","0","0","0","0","0","0","0","0","0","0","0","0","0","0","0","0","0","0","0"
"0x7b03637aecb0","@!P1  IMAD.IADD R3, R3, 0x1, -R4","4","1","4","32768","1048576","0","32","0","32","32","0","-","-","-","0","0","0","0","0","0","0","0","-","0","0","0","0","0","0","0","0","0","0","0","0","0","0","0","0","0","0","0","2","0","0","0","2","0","0","0","0","0","0","0","0","0","0","0","0","0","0","0","0","0","1"
"0x7b03637aecc0","@!P1  VIADD R16, R16, 0x1","2","0","2","32768","1048576","0","32","0","0","32","0","-","-","-","0","0","0","0","0","0","0","0","-","0","0","0","0","0","0","0","0","0","0","0","0","0","0","0","0","0","0","0","1","0","0","0","1","0","0","0","0","0","0","0","0","0","0","0","0","0","0","0","0","0","0"
"0x7b03637aecd0","      ISETP.NE.AND P1, PT, R6, RZ, PT","3","0","3","32768","1048576","1048576","32","32","32","0","0","-","-","-","0","0","0","0","0","0","0","0","-","0","0","0","0","0","0","0","0","0","0","0","0","0","0","0","0","0","0","0","3","0","0","0","0","0","0","0","0","0","0","0","0","0","0","0","0","0","0","0","0","0","0"
"0x7b03637aece0","      IMAD R27, R137, UR8, RZ","3","0","3","32768","1048576","1048576","32","32","0","0","0","-","-","-","0","0","0","0","0","0","0","0","-","0","0","0","0","0","0","0","0","0","0","0","0","0","0","0","0","0","0","0","3","0","0","0","0","0","0","0","0","0","0","0","0","0","0","0","0","0","0","0","0","0","0"
"0x7b03637aecf0","      ISETP.GE.U32.AND P0, PT, R3, R4, PT","2","0","2","32768","1048576","1048576","32","32","0","0","0","-","-","-","0","0","0","0","0","0","0","0","-","0","0","0","0","0","0","0","0","0","0","0","0","0","0","0","0","0","0","0","2","0","0","0","0","0","0","0","0","0","0","0","0","0","0","0","0","0","0","0","0","0","0"
"0x7b03637aed00","      IMAD R28, R138, UR8, RZ","1","0","1","32768","1048576","1048576","32","32","0","0","0","-","-","-","0","0","0","0","0","0","0","0","-","0","0","0","0","0","0","0","0","0","0","0","0","0","0","0","0","0","0","0","1","0","0","0","0","0","0","0","0","0","0","0","0","0","0","0","0","0","0","0","0","0","0"
"0x7b03637aed10","      LOP3.LUT R4, R147, 0x20, RZ, 0xfc, !PT","1","0","1","32768","1048576","1048576","32","32","0","0","0","-","-","-","0","0","0","0","0","0","0","0","-","0","0","0","0","0","0","0","0","0","0","0","0","0","0","0","0","0","0","0","1","0","0","0","0","0","0","0","0","0","0","0","0","0","0","0","0","0","0","0","0","0","0"
"0x7b03637aed20","      LOP3.LUT R3, R147, 0x10, RZ, 0xfc, !PT","11","3","11","32768","1048576","1048576","32","32","0","0","0","-","-","-","0","0","0","0","0","0","0","0","-","0","0","0","0","0","0","0","0","0","0","0","0","0","3","0","0","0","0","3","1","0","0","0","4","0","0","0","0","0","0","0","2","0","0","0","0","0","0","0","0","0","1"
"0x7b03637aed30","      ISETP.GE.AND P3, PT, R3, UR22, PT","13","1","13","32768","1048576","1048576","32","32","0","0","0","-","-","-","0","0","0","0","0","0","0","0","-","0","0","0","0","0","0","0","0","0","0","0","0","0","1","0","0","0","0","4","1","0","0","0","7","0","0","0","0","0","0","0","0","0","0","0","0","0","0","0","0","0","1"
"0x7b03637aed40","@P0   VIADD R16, R16, 0x1","14","5","14","32768","1048576","0","32","0","32","32","0","-","-","-","0","0","0","0","0","0","0","0","-","0","0","0","0","0","0","0","0","0","0","0","0","0","0","0","0","0","0","0","1","0","0","0","13","0","0","0","0","0","0","0","0","0","0","0","0","0","0","0","0","0","5"
"0x7b03637aed50","      ISETP.GE.AND P0, PT, R4, UR22, PT","1","0","1","32768","1048576","1048576","32","32","32","0","0","-","-","-","0","0","0","0","0","0","0","0","-","0","0","0","0","0","0","0","0","0","0","0","0","0","0","0","0","0","0","0","1","0","0","0","0","0","0","0","0","0","0","0","0","0","0","0","0","0","0","0","0","0","0"
"0x7b03637aed60","@!P2  IMAD.MOV R16, RZ, RZ, -R16","13","4","13","32768","1048576","0","32","0","32","32","0","-","-","-","0","0","0","0","0","0","0","0","-","0","0","0","0","0","0","0","0","0","0","0","0","0","8","0","0","0","0","2","1","0","0","0","2","0","0","0","0","0","0","0","3","0","0","0","0","0","0","0","0","0","1"
"0x7b03637aed70","@!P1  LOP3.LUT R16, RZ, R6, RZ, 0x33, !PT","3","0","3","32768","1048576","0","32","0","0","32","0","-","-","-","0","0","0","0","0","0","0","0","-","0","0","0","0","0","0","0","0","0","0","0","0","0","0","0","0","0","0","0","3","0","0","0","0","0","0","0","0","0","0","0","0","0","0","0","0","0","0","0","0","0","0"
"0x7b03637aed80","      IMAD.MOV R2, RZ, RZ, -R16","8","1","8","32768","1048576","1048576","32","32","32","0","0","-","-","-","0","0","0","0","0","0","0","0","-","0","0","0","0","0","0","0","0","0","0","0","0","0","2","0","0","0","0","0","1","0","0","0","5","0","0","0","0","0","0","0","1","0","0","0","0","0","0","0","0","0","0"
"0x7b03637aed90","      IMAD R5, R16, UR4, RZ","9","1","9","32768","1048576","1048576","32","32","0","0","0","-","-","-","0","0","0","0","0","0","0","0","-","0","0","0","0","0","0","0","0","0","0","0","0","0","0","0","0","0","0","3","4","0","0","0","2","0","0","0","0","0","0","0","0","0","0","0","0","0","0","0","0","0","1"
"0x7b03637aeda0","      ULDC UR4, c[0x0][0x240]","6","0","6","32768","1048576","1048576","32","32","0","0","0","-","-","-","0","0","0","0","0","0","0","0","-","0","0","0","0","0","0","0","0","3","0","0","0","0","0","0","0","0","0","0","3","0","0","0","0","0","0","0","0","0","0","0","0","0","0","0","0","0","0","0","0","0","0"
"0x7b03637aedb0","      IMAD R17, R6, R2, R17","2","0","2","32768","1048576","1048576","32","32","0","0","0","-","-","-","0","0","0","0","0","0","0","0","-","0","0","0","0","0","0","0","0","0","0","0","0","0","0","0","0","0","0","0","2","0","0","0","0","0","0","0","0","0","0","0","0","0","0","0","0","0","0","0","0","0","0"
"0x7b03637aedc0","      IMAD.SHL.U32 R6, R5, 0x2, RZ","15","3","15","32768","1048576","1048576","32","32","0","0","0","-","-","-","0","0","0","0","0","0","0","0","-","0","0","0","0","0","0","0","0","0","0","0","0","0","4","0","0","0","0","1","2","0","0","0","8","0","0","0","0","0","0","0","0","0","0","0","0","0","0","0","0","0","3"
"0x7b03637aedd0","      IMAD R7, R17, UR5, RZ","3","0","3","32768","1048576","1048576","32","32","0","0","0","-","-","-","0","0","0","0","0","0","0","0","-","0","0","0","0","0","0","0","0","0","0","0","0","0","0","0","0","0","0","0","2","0","0","0","1","0","0","0","0","0","0","0","0","0","0","0","0","0","0","0","0","0","0"
"0x7b03637aede0","      SHF.R.U32.HI R2, RZ, 0x2, R17","3","0","3","32768","1048576","1048576","32","32","0","0","0","-","-","-","0","0","0","0","0","0","0","0","-","0","0","0","0","0","0","0","0","1","0","0","0","0","0","0","0","0","0","0","2","0","0","0","0","0","0","0","0","0","0","0","0","0","0","0","0","0","0","0","0","0","0"
"0x7b03637aedf0","      IMAD.HI R5, R5, 0x2, RZ","3","0","3","32768","1048576","1048576","32","32","0","0","0","-","-","-","0","0","0","0","0","0","0","0","-","0","0","0","0","0","0","0","0","0","0","0","0","0","0","0","0","0","0","0","3","0","0","0","0","0","0","0","0","0","0","0","0","0","0","0","0","0","0","0","0","0","0"
"0x7b03637aee00","      IMAD.SHL.U32 R9, R7, 0x2, RZ","13","4","13","32768","1048576","1048576","32","32","0","0","0","-","-","-","0","0","0","0","0","0","0","0","-","0","0","0","0","0","0","0","0","0","0","0","0","0","5","0","0","0","0","3","0","0","0","0","5","0","0","0","0","0","0","0","1","0","0","0","0","0","0","0","0","0","3"
"0x7b03637aee10","      IMAD R4, R2, UR4, RZ","5","1","5","32768","1048576","1048576","32","32","0","0","0","-","-","-","0","0","0","0","0","0","0","0","-","0","0","0","0","0","0","0","0","0","0","0","0","0","0","0","0","0","0","0","2","0","0","0","3","0","0","0","0","0","0","0","0","0","0","0","0","0","0","0","0","0","1"
"0x7b03637aee20","      ULDC.64 UR4, c[0x0][0x218]","4","0","4","32768","1048576","1048576","32","32","0","0","0","-","-","-","0","0","0","0","0","0","0","0","-","0","0","0","0","0","0","0","0","1","0","0","0","0","0","0","0","0","0","0","3","0","0","0","0","0","0","0","0","0","0","0","0","0","0","0","0","0","0","0","0","0","0"
"0x7b03637aee30","      IMAD R3, R16, UR9, RZ","3","0","3","32768","1048576","1048576","32","32","0","0","0","-","-","-","0","0","0","0","0","0","0","0","-","0","0","0","0","0","0","0","0","0","0","0","0","0","0","0","0","0","0","0","3","0","0","0","0","0","0","0","0","0","0","0","0","0","0","0","0","0","0","0","0","0","0"
"0x7b03637aee40","      IADD3 R40, P1, P2, R9, UR6, R6","1","0","1","32768","1048576","1048576","32","32","0","0","0","-","-","-","0","0","0","0","0","0","0","0","-","0","0","0","0","0","0","0","0","0","0","0","0","0","0","0","0","0","0","0","1","0","0","0","0","0","0","0","0","0","0","0","0","0","0","0","0","0","0","0","0","0","0"
"0x7b03637aee50","      IMAD.HI R6, R7, 0x2, RZ","6","0","6","32768","1048576","1048576","32","32","0","0","0","-","-","-","0","0","0","0","0","0","0","0","-","0","0","0","0","0","0","0","0","0","0","0","0","0","0","0","0","0","0","0","6","0","0","0","0","0","0","0","0","0","0","0","0","0","0","0","0","0","0","0","0","0","0"
"0x7b03637aee60","      IMAD R7, R20, UR8, RZ","14","3","14","32768","1048576","1048576","32","32","0","0","0","-","-","-","0","0","0","0","0","0","0","0","-","0","0","0","0","0","0","0","0","0","0","0","0","0","5","0","0","0","0","6","1","0","0","0","2","0","0","0","0","0","0","0","3","0","0","0","0","0","0","0","0","0","0"
"0x7b03637aee70","      IADD3.X R30, R6, UR7, R5, P1, P2","2","0","2","32768","1048576","1048576","32","32","0","0","0","-","-","-","0","0","0","0","0","0","0","0","-","0","0","0","0","0","0","0","0","0","0","0","0","0","0","0","0","0","0","0","2","0","0","0","0","0","0","0","0","0","0","0","0","0","0","0","0","0","0","0","0","0","0"
"0x7b03637aee80","      IMAD R5, R19, UR8, RZ","1","0","1","32768","1048576","1048576","32","32","0","0","0","-","-","-","0","0","0","0","0","0","0","0","-","0","0","0","0","0","0","0","0","0","0","0","0","0","0","0","0","0","0","0","1","0","0","0","0","0","0","0","0","0","0","0","0","0","0","0","0","0","0","0","0","0","0"
"0x7b03637aee90","      ULDC.64 UR6, c[0x0][0x248]","3","0","3","32768","1048576","1048576","32","32","0","0","0","-","-","-","0","0","0","0","0","0","0","0","-","0","0","0","0","0","0","0","0","2","0","0","0","0","0","0","0","0","0","0","1","0","0","0","0","0","0","0","0","0","0","0","0","0","0","0","0","0","0","0","0","0","0"
"0x7b03637aeea0","      IMAD R9, R21, UR8, RZ","0","0","0","32768","1048576","1048576","32","32","0","0","0","-","-","-","0","0","0","0","0","0","0","0","-","0","0","0","0","0","0","0","0","0","0","0","0","0","0","0","0","0","0","0","0","0","0","0","0","0","0","0","0","0","0","0","0","0","0","0","0","0","0","0","0","0","0"
"0x7b03637aeeb0","      IMAD R33, R2, UR7, RZ","10","1","10","32768","1048576","1048576","32","32","0","0","0","-","-","-","0","0","0","0","0","0","0","0","-","0","0","0","0","0","0","0","0","0","0","0","0","0","1","0","0","0","0","7","1","0","0","0","1","0","0","0","0","0","0","0","0","0","0","0","0","0","0","0","0","0","1"
"0x7b03637aeec0","      LEA R2, P4, R5, R40, 0x1","5","0","5","32768","1048576","1048576","32","32","0","0","0","-","-","-","0","0","0","0","0","0","0","0","-","0","0","0","0","0","0","0","0","0","0","0","0","0","0","0","0","0","0","0","5","0","0","0","0","0","0","0","0","0","0","0","0","0","0","0","0","0","0","0","0","0","0"
"0x7b03637aeed0","      IMAD.SHL.U32 R43, R4, 0x2, RZ","1","0","1","32768","1048576","1048576","32","32","0","0","0","-","-","-","0","0","0","0","0","0","0","0","-","0","0","0","0","0","0","0","0","0","0","0","0","0","0","0","0","0","0","0","1","0","0","0","0","0","0","0","0","0","0","0","0","0","0","0","0","0","0","0","0","0","0"
"0x7b03637aeee0","      LEA R6, P2, R9, R40, 0x1","3","0","3","32768","1048576","1048576","32","32","0","0","0","-","-","-","0","0","0","0","0","0","0","0","-","0","0","0","0","0","0","0","0","1","0","0","0","0","0","0","0","0","0","0","2","0","0","0","0","0","0","0","0","0","0","0","0","0","0","0","0","0","0","0","0","0","0"
"0x7b03637aeef0","      IMAD.HI R24, R4, 0x2, RZ","0","0","0","32768","1048576","1048576","32","32","0","0","0","-","-","-","0","0","0","0","0","0","0","0","-","0","0","0","0","0","0","0","0","0","0","0","0","0","0","0","0","0","0","0","0","0","0","0","0","0","0","0","0","0","0","0","0","0","0","0","0","0","0","0","0","0","0"
"0x7b03637aef00","      LEA R4, P6, R7, R40, 0x1","2","0","2","32768","1048576","1048576","32","32","0","0","0","-","-","-","0","0","0","0","0","0","0","0","-","0","0","0","0","0","0","0","0","0","0","0","0","0","0","0","0","0","0","0","2","0","0","0","0","0","0","0","0","0","0","0","0","0","0","0","0","0","0","0","0","0","0"
"0x7b03637aef10","      IMAD.SHL.U32 R42, R3, 0x2, RZ","10","1","10","32768","1048576","1048576","32","32","0","0","0","-","-","-","0","0","0","0","0","0","0","0","-","0","0","0","0","0","0","0","0","0","0","0","0","0","1","0","0","0","0","2","2","0","0","0","5","0","0","0","0","0","0","0","0","0","0","0","0","0","0","0","0","0","1"
"0x7b03637aef20","      IMAD.HI R15, R3, 0x2, RZ","5","1","5","32768","1048576","1048576","32","32","0","0","0","-","-","-","0","0","0","0","0","0","0","0","-","0","0","0","0","0","0","0","0","0","0","0","0","0","0","0","0","0","0","0","1","0","0","0","4","0","0","0","0","0","0","0","0","0","0","0","0","0","0","0","0","0","1"
"0x7b03637aef30","      LEA.HI.X.SX32 R3, R5, R30, 0x1, P4","3","0","3","32768","1048576","1048576","32","32","0","0","0","-","-","-","0","0","0","0","0","0","0","0","-","0","0","0","0","0","0","0","0","2","0","0","0","0","0","0","0","0","0","0","1","0","0","0","0","0","0","0","0","0","0","0","0","0","0","0","0","0","0","0","0","0","0"
"0x7b03637aef40","      LEA R8, P4, R11, R40, 0x1","14","3","14","32768","1048576","1048576","32","32","0","0","0","-","-","-","0","0","0","0","0","0","0","0","-","0","0","0","0","0","0","0","0","1","0","0","0","0","4","0","0","0","0","3","2","0","0","0","4","0","0","0","0","0","0","0","2","0","0","0","0","0","0","0","0","0","1"
"0x7b03637aef50","      IMAD R32, R16, UR6, RZ","4","0","4","32768","1048576","1048576","32","32","0","0","0","-","-","-","0","0","0","0","0","0","0","0","-","0","0","0","0","0","0","0","0","0","0","0","0","0","0","0","0","0","0","0","4","0","0","0","0","0","0","0","0","0","0","0","0","0","0","0","0","0","0","0","0","0","0"
"0x7b03637aef60","      LEA.HI.X.SX32 R5, R7, R30, 0x1, P6","6","0","6","32768","1048576","1048576","32","32","0","0","0","-","-","-","0","0","0","0","0","0","0","0","-","0","0","0","0","0","0","0","0","5","0","0","0","0","0","0","0","0","0","0","1","0","0","0","0","0","0","0","0","0","0","0","0","0","0","0","0","0","0","0","0","0","0"
"0x7b03637aef70","      IMAD.SHL.U32 R25, R33, 0x2, RZ","2","0","2","32768","1048576","1048576","32","32","0","0","0","-","-","-","0","0","0","0","0","0","0","0","-","0","0","0","0","0","0","0","0","0","0","0","0","0","0","0","0","0","0","0","2","0","0","0","0","0","0","0","0","0","0","0","0","0","0","0","0","0","0","0","0","0","0"
"0x7b03637aef80","      LEA R10, P6, R13, R40, 0x1","2","0","2","32768","1048576","1048576","32","32","0","0","0","-","-","-","0","0","0","0","0","0","0","0","-","0","0","0","0","0","0","0","0","0","0","0","0","0","0","0","0","0","0","0","2","0","0","0","0","0","0","0","0","0","0","0","0","0","0","0","0","0","0","0","0","0","0"
"0x7b03637aef90","      IMAD.SHL.U32 R14, R32, 0x2, RZ","1","0","1","32768","1048576","1048576","32","32","0","0","0","-","-","-","0","0","0","0","0","0","0","0","-","0","0","0","0","0","0","0","0","0","0","0","0","0","0","0","0","0","0","0","1","0","0","0","0","0","0","0","0","0","0","0","0","0","0","0","0","0","0","0","0","0","0"
"0x7b03637aefa0","      LEA.HI.X.SX32 R7, R9, R30, 0x1, P2","2","0","2","32768","1048576","1048576","32","32","0","0","0","-","-","-","0","0","0","0","0","0","0","0","-","0","0","0","0","0","0","0","0","0","0","0","0","0","0","0","0","0","0","0","2","0","0","0","0","0","0","0","0","0","0","0","0","0","0","0","0","0","0","0","0","0","0"
"0x7b03637aefb0","      ULDC.64 UR6, c[0x0][0x220]","1","0","1","32768","1048576","1048576","32","32","0","0","0","-","-","-","0","0","0","0","0","0","0","0","-","0","0","0","0","0","0","0","0","0","0","0","0","0","0","0","0","0","0","0","1","0","0","0","0","0","0","0","0","0","0","0","0","0","0","0","0","0","0","0","0","0","0"
"0x7b03637aefc0","      IADD3 R42, P5, P1, R43, UR4, R42","2","0","2","32768","1048576","1048576","32","32","0","0","0","-","-","-","0","0","0","0","0","0","0","0","-","0","0","0","0","0","0","0","0","0","0","0","0","0","0","0","0","0","0","0","2","0","0","0","0","0","0","0","0","0","0","0","0","0","0","0","0","0","0","0","0","0","0"
"0x7b03637aefd0","      ULDC UR4, c[0x0][0x264]","2","0","2","32768","1048576","1048576","32","32","0","0","0","-","-","-","0","0","0","0","0","0","0","0","-","0","0","0","0","0","0","0","0","0","0","0","0","0","0","0","0","0","0","0","2","0","0","0","0","0","0","0","0","0","0","0","0","0","0","0","0","0","0","0","0","0","0"
"0x7b03637aefe0","      LEA.HI.X.SX32 R9, R11, R30, 0x1, P4","1","0","1","32768","1048576","1048576","32","32","0","0","0","-","-","-","0","0","0","0","0","0","0","0","-","0","0","0","0","0","0","0","0","0","0","0","0","0","0","0","0","0","0","0","1","0","0","0","0","0","0","0","0","0","0","0","0","0","0","0","0","0","0","0","0","0","0"
"0x7b03637aeff0","      IMAD.HI R32, R32, 0x2, RZ","3","0","3","32768","1048576","1048576","32","32","0","0","0","-","-","-","0","0","0","0","0","0","0","0","-","0","0","0","0","0","0","0","0","0","0","0","0","0","0","0","0","0","0","0","3","0","0","0","0","0","0","0","0","0","0","0","0","0","0","0","0","0","0","0","0","0","0"
"0x7b03637af000","      LEA R12, P2, R26, R40, 0x1","2","0","2","32768","1048576","1048576","32","32","0","0","0","-","-","-","0","0","0","0","0","0","0","0","-","0","0","0","0","0","0","0","0","0","0","0","0","0","0","0","0","0","0","0","2","0","0","0","0","0","0","0","0","0","0","0","0","0","0","0","0","0","0","0","0","0","0"
"0x7b03637af010","      LEA R34, P4, R27, R40, 0x1","27","8","27","32768","1048576","1048576","32","32","0","0","0","-","-","-","0","0","0","0","0","0","0","0","-","0","0","0","0","0","0","0","0","7","0","0","0","0","5","0","0","0","0","11","1","0","0","0","3","0","0","3","0","0","0","0","4","0","0","0","0","0","0","0","0","0","1"
"0x7b03637af020","      IMAD.HI R33, R33, 0x2, RZ","3","0","3","32768","1048576","1048576","32","32","0","0","0","-","-","-","0","0","0","0","0","0","0","0","-","0","0","0","0","0","0","0","0","0","0","0","0","0","0","0","0","0","0","0","3","0","0","0","0","0","0","0","0","0","0","0","0","0","0","0","0","0","0","0","0","0","0"
"0x7b03637af030","      LEA.HI.X.SX32 R11, R13, R30, 0x1, P6","2","0","2","32768","1048576","1048576","32","32","0","0","0","-","-","-","0","0","0","0","0","0","0","0","-","0","0","0","0","0","0","0","0","0","0","0","0","0","0","0","0","0","0","0","2","0","0","0","0","0","0","0","0","0","0","0","0","0","0","0","0","0","0","0","0","0","0"
"0x7b03637af040","      LEA R40, P6, R28, R40, 0x1","5","0","5","32768","1048576","1048576","32","32","0","0","0","-","-","-","0","0","0","0","0","0","0","0","-","0","0","0","0","0","0","0","0","3","0","0","0","0","0","0","0","0","0","1","1","0","0","0","0","0","0","0","0","0","0","0","0","0","0","0","0","0","0","0","0","0","0"
"0x7b03637af050","      IADD3.X R43, R24, UR5, R15, P5, P1","16","2","16","32768","1048576","1048576","32","32","0","0","0","-","-","-","0","0","0","0","0","0","0","0","-","0","0","0","0","0","0","0","0","3","0","0","0","0","8","0","0","0","0","4","1","0","0","0","0","0","0","1","0","0","0","0","1","0","0","0","0","0","0","0","0","0","0"
"0x7b03637af060","      IMAD.SHL.U32 R15, R0, 0x8, RZ","2","0","2","32768","1048576","1048576","32","32","0","0","0","-","-","-","0","0","0","0","0","0","0","0","-","0","0","0","0","0","0","0","0","0","0","0","0","0","0","0","0","0","0","0","2","0","0","0","0","0","0","0","0","0","0","0","0","0","0","0","0","0","0","0","0","0","0"
"0x7b03637af070","      LEA.HI.X.SX32 R41, R28, R30, 0x1, P6","4","0","4","32768","1048576","1048576","32","32","0","0","0","-","-","-","0","0","0","0","0","0","0","0","-","0","0","0","0","0","0","0","0","4","0","0","0","0","0","0","0","0","0","0","0","0","0","0","0","0","0","0","0","0","0","0","0","0","0","0","0","0","0","0","0","0","0"
"0x7b03637af080","      CS2R R28, SRZ","4","0","4","32768","1048576","1048576","32","32","0","0","0","-","-","-","0","0","0","0","0","0","0","0","-","0","0","0","0","0","0","0","0","1","0","0","0","0","1","0","0","0","0","0","2","0","0","0","0","0","0","0","0","0","0","0","0","0","0","0","0","0","0","0","0","0","0"
"0x7b03637af090","      ISETP.GE.AND P5, PT, R19, UR4, PT","18","7","18","32768","1048576","1048576","32","32","0","0","0","-","-","-","0","0","0","0","0","0","0","0","-","0","0","0","0","0","0","0","0","2","0","0","0","0","7","0","0","0","0","6","2","0","0","0","1","0","0","2","0","0","0","0","4","0","0","0","0","0","0","0","0","0","1"
"0x7b03637af0a0","      ISETP.GE.AND P6, PT, R20, UR4, PT","9","4","9","32768","1048576","1048576","32","32","0","0","0","-","-","-","0","0","0","0","0","0","0","0","-","0","0","0","0","0","0","0","0","0","0","0","0","0","0","0","0","0","0","0","5","0","0","0","4","0","0","0","0","0","0","0","0","0","0","0","0","0","0","0","0","0","4"
"0x7b03637af0b0","      LOP3.LUT R141, R15, 0x78, RZ, 0xc0, !PT","5","0","5","32768","1048576","1048576","32","32","0","0","0","-","-","-","0","0","0","0","0","0","0","0","-","0","0","0","0","0","0","0","0","1","0","0","0","0","1","0","0","0","0","0","3","0","0","0","0","0","0","0","0","0","0","0","0","0","0","0","0","0","0","0","0","0","0"
"0x7b03637af0c0","      LEA.HI.X.SX32 R13, R26, R30, 0x1, P2","7","1","7","32768","1048576","1048576","32","32","0","0","0","-","-","-","0","0","0","0","0","0","0","0","-","0","0","0","0","0","0","0","0","4","0","0","0","0","0","0","0","0","0","0","2","0","0","0","1","0","0","0","0","0","0","0","0","0","0","0","0","0","0","0","0","0","1"
"0x7b03637af0d0","      LEA.HI.X.SX32 R35, R27, R30, 0x1, P4","9","5","9","32768","1048576","1048576","32","32","0","0","0","-","-","-","0","0","0","0","0","0","0","0","-","0","0","0","0","0","0","0","0","1","0","0","0","0","0","0","0","0","0","0","3","0","0","0","5","0","0","0","0","0","0","0","0","0","0","0","0","0","0","0","0","0","5"
"0x7b03637af0e0","      CS2R R26, SRZ","14","1","14","32768","1048576","1048576","32","32","0","0","0","-","-","-","0","0","0","0","0","0","0","0","-","0","0","0","0","0","0","0","0","2","0","0","0","0","6","0","0","0","0","5","0","0","0","0","1","0","0","0","0","0","0","0","1","0","0","0","0","0","0","0","0","0","0"
"0x7b03637af0f0","      LOP3.LUT R15, R147, 0x30, RZ, 0xfc, !PT","16","10","16","32768","1048576","1048576","32","32","0","0","0","-","-","-","0","0","0","0","0","0","0","0","-","0","0","0","0","0","0","0","0","2","0","0","0","0","5","0","0","0","0","2","2","0","0","0","5","0","0","2","0","0","0","0","4","0","0","0","0","0","0","0","0","0","4"
"0x7b03637af100","      CS2R R30, SRZ","3","0","3","32768","1048576","1048576","32","32","0","0","0","-","-","-","0","0","0","0","0","0","0","0","-","0","0","0","0","0","0","0","0","0","0","0","0","0","0","0","0","0","0","0","2","0","0","0","1","0","0","0","0","0","0","0","0","0","0","0","0","0","0","0","0","0","0"
"0x7b03637af110","      IADD3 R14, P2, P4, R25, UR6, R14","8","1","8","32768","1048576","1048576","32","32","0","0","0","-","-","-","0","0","0","0","0","0","0","0","-","0","0","0","0","0","0","0","0","0","0","0","0","0","1","0","0","0","0","2","3","0","0","0","2","0","0","0","0","0","0","0","0","0","0","0","0","0","0","0","0","0","1"
"0x7b03637af120","      CS2R R24, SRZ","3","1","3","32768","1048576","1048576","32","32","0","0","0","-","-","-","0","0","0","0","0","0","0","0","-","0","0","0","0","0","0","0","0","0","0","0","0","0","0","0","0","0","0","0","2","0","0","0","1","0","0","0","0","0","0","0","0","0","0","0","0","0","0","0","0","0","1"
"0x7b03637af130","      IMAD.WIDE.U32 R2, R141, 0x2, R2","5","0","5","32768","1048576","1048576","32","32","0","0","0","-","-","-","0","0","0","0","0","0","0","0","-","0","0","0","0","0","0","0","0","0","0","0","0","0","0","0","0","0","0","0","5","0","0","0","0","0","0","0","0","0","0","0","0","0","0","0","0","0","0","0","0","0","0"
"0x7b03637af140","      ISETP.GE.AND P1, PT, R15, UR22, PT","4","0","4","32768","1048576","1048576","32","32","0","0","0","-","-","-","0","0","0","0","0","0","0","0","-","0","0","0","0","0","0","0","0","3","0","0","0","0","0","0","0","0","0","0","1","0","0","0","0","0","0","0","0","0","0","0","0","0","0","0","0","0","0","0","0","0","0"
"0x7b03637af150","      IADD3.X R15, R33, UR7, R32, P2, P4","14","1","14","32768","1048576","1048576","32","32","0","0","0","-","-","-","0","0","0","0","0","0","0","0","-","0","0","0","0","0","0","0","0","7","0","0","0","0","1","0","0","0","0","1","2","0","0","0","3","0","0","0","0","0","0","0","0","0","0","0","0","0","0","0","0","0","1"
"0x7b03637af160","      CS2R R32, SRZ","21","12","21","32768","1048576","1048576","32","32","0","0","0","-","-","-","0","0","0","0","0","0","0","0","-","0","0","0","0","0","0","0","0","3","0","0","0","0","6","0","0","0","0","6","1","0","0","0","5","0","0","3","0","0","0","0","6","0","0","0","0","0","0","0","0","0","3"
"0x7b03637af170","      IMAD.WIDE.U32 R4, R141, 0x2, R4","0","0","0","32768","1048576","1048576","32","32","0","0","0","-","-","-","0","0","0","0","0","0","0","0","-","0","0","0","0","0","0","0","0","0","0","0","0","0","0","0","0","0","0","0","0","0","0","0","0","0","0","0","0","0","0","0","0","0","0","0","0","0","0","0","0","0","0"
"0x7b03637af180","@!P5  LDG.E.128 R24, desc[UR20][R2.64]","4","0","4","32768","1048576","1048576","32","32","0","0","0","Global","Load","128","131072","0","0","0","0","0","524288","524288","","0","0","0","0","0","0","0","0","1","0","0","0","0","0","0","0","0","0","0","3","0","0","0","0","0","0","0","0","0","0","0","0","0","0","0","0","0","0","0","0","0","0"
"0x7b03637af190","      IMAD R44, R19, R139, RZ","12","2","12","32768","1048576","1048576","32","32","0","0","0","-","-","-","0","0","0","0","0","0","0","0","-","0","0","0","0","0","0","0","0","0","0","0","0","0","7","0","0","0","0","2","0","0","0","0","3","0","0","0","0","0","0","0","0","0","0","0","0","0","0","0","0","0","2"
"0x7b03637af1a0","@!P6  LDG.E.128 R28, desc[UR20][R4.64]","3","0","3","32768","1048576","1048576","32","32","0","0","0","Global","Load","128","131072","0","0","0","0","0","524288","524288","","0","0","0","0","0","0","0","0","2","0","0","0","0","0","0","0","0","0","0","1","0","0","0","0","0","0","0","0","0","0","0","0","0","0","0","0","0","0","0","0","0","0"
"0x7b03637af1b0","      IMAD.WIDE.U32 R62, R141, 0x2, R6","2","0","2","32768","1048576","1048576","32","32","0","0","0","-","-","-","0","0","0","0","0","0","0","0","-","0","0","0","0","0","0","0","0","0","0","0","0","0","0","0","0","0","0","0","2","0","0","0","0","0","0","0","0","0","0","0","0","0","0","0","0","0","0","0","0","0","0"
"0x7b03637af1c0","      IMAD R75, R147, R140, RZ","11","2","11","32768","1048576","1048576","32","32","0","0","0","-","-","-","0","0","0","0","0","0","0","0","-","0","0","0","0","0","0","0","0","0","0","0","0","0","4","0","0","0","0","1","1","0","0","0","5","0","0","0","0","0","0","0","0","0","0","0","0","0","0","0","0","0","2"
"0x7b03637af1d0","      SEL R48, RZ, 0x10, P0","4","0","4","32768","1048576","1048576","32","32","0","0","0","-","-","-","0","0","0","0","0","0","0","0","-","0","0","0","0","0","0","0","0","3","0","0","0","0","0","0","0","0","0","0","1","0","0","0","0","0","0","0","0","0","0","0","0","0","0","0","0","0","0","0","0","0","0"
"0x7b03637af1e0","      IMAD.WIDE.U32 R64, R141, 0x2, R8","3","0","3","32768","1048576","1048576","32","32","0","0","0","-","-","-","0","0","0","0","0","0","0","0","-","0","0","0","0","0","0","0","0","0","0","0","0","0","0","0","0","0","0","0","3","0","0","0","0","0","0","0","0","0","0","0","0","0","0","0","0","0","0","0","0","0","0"
"0x7b03637af1f0","      P2R R169, PR, RZ, 0x20","2","0","2","32768","1048576","1048576","32","32","0","0","0","-","-","-","0","0","0","0","0","0","0","0","-","0","0","0","0","0","0","0","0","2","0","0","0","0","0","0","0","0","0","0","0","0","0","0","0","0","0","0","0","0","0","0","0","0","0","0","0","0","0","0","0","0","0"
"0x7b03637af200","      P2R R164, PR, RZ, 0x40","1","0","1","32768","1048576","1048576","32","32","0","0","0","-","-","-","0","0","0","0","0","0","0","0","-","0","0","0","0","0","0","0","0","0","0","0","0","0","0","0","0","0","0","0","0","0","0","0","1","0","0","0","0","0","0","0","0","0","0","0","0","0","0","0","0","0","0"
"0x7b03637af210","      IMAD.WIDE.U32 R66, R141, 0x2, R10","1","0","1","32768","1048576","1048576","32","32","0","0","0","-","-","-","0","0","0","0","0","0","0","0","-","0","0","0","0","0","0","0","0","0","0","0","0","0","0","0","0","0","0","0","1","0","0","0","0","0","0","0","0","0","0","0","0","0","0","0","0","0","0","0","0","0","0"
"0x7b03637af220","      IMAD.WIDE.U32 R68, R141, 0x2, R12","15","5","15","32768","1048576","1048576","32","32","0","0","0","-","-","-","0","0","0","0","0","0","0","0","-","0","0","0","0","0","0","0","0","0","0","0","0","0","0","0","0","0","0","2","2","0","0","0","11","0","0","0","0","0","0","0","0","0","0","0","0","0","0","0","0","0","5"
"0x7b03637af230","      IMAD.WIDE.U32 R70, R141, 0x2, R34","20","6","20","32768","1048576","1048576","32","32","0","0","0","-","-","-","0","0","0","0","0","0","0","0","-","0","0","0","0","0","0","0","0","0","0","0","0","0","3","0","0","0","0","1","4","0","0","0","12","0","0","0","0","0","0","0","0","0","0","0","0","0","0","0","0","0","6"
"0x7b03637af240","      IMAD.WIDE.U32 R72, R141, 0x2, R40","19","5","19","32768","1048576","1048576","32","32","0","0","0","-","-","-","0","0","0","0","0","0","0","0","-","0","0","0","0","0","0","0","0","0","0","0","0","0","3","0","0","0","0","2","1","0","0","0","13","0","0","0","0","0","0","0","1","0","0","0","0","0","0","0","0","0","4"
"0x7b03637af250","      IMAD.WIDE.U32 R4, R141, 0x2, R42","17","3","17","32768","1048576","1048576","32","32","0","0","0","-","-","-","0","0","0","0","0","0","0","0","-","0","0","0","0","0","0","0","0","0","0","0","0","0","1","0","0","0","0","2","2","0","0","0","12","0","0","0","0","0","0","0","0","0","0","0","0","0","0","0","0","0","3"
"0x7b03637af260","      IMAD.WIDE.U32 R2, R141, 0x2, R14","16","2","16","32768","1048576","1048576","32","32","0","0","0","-","-","-","0","0","0","0","0","0","0","0","-","0","0","0","0","0","0","0","0","0","0","0","0","0","5","0","0","0","0","1","1","0","0","0","9","0","0","0","0","0","0","0","0","0","0","0","0","0","0","0","0","0","2"
"0x7b03637af270","      IMAD.SHL.U32 R141, R141, 0x2, RZ","19","0","19","32768","1048576","1048576","32","32","0","0","0","-","-","-","0","0","0","0","0","0","0","0","-","0","0","0","0","0","0","0","0","0","0","0","0","0","6","0","0","0","0","1","2","0","0","0","10","0","0","0","0","0","0","0","0","0","0","0","0","0","0","0","0","0","0"
"0x7b03637af280","      IMAD.SHL.U32 R12, R44, 0x2, RZ","8","2","8","32768","1048576","1048576","32","32","0","0","0","-","-","-","0","0","0","0","0","0","0","0","-","0","0","0","0","0","0","0","0","0","0","0","0","0","0","0","0","0","0","0","1","0","0","0","7","0","0","0","0","0","0","0","0","0","0","0","0","0","0","0","0","0","2"
"0x7b03637af290","      IMAD R6, R20, R139, RZ","8","1","8","32768","1048576","1048576","32","32","0","0","0","-","-","-","0","0","0","0","0","0","0","0","-","0","0","0","0","0","0","0","0","0","0","0","0","0","0","0","0","0","0","1","2","0","0","0","5","0","0","0","0","0","0","0","0","0","0","0","0","0","0","0","0","0","1"
"0x7b03637af2a0","      IMAD.HI R11, R44, 0x2, RZ","4","1","4","32768","1048576","1048576","32","32","0","0","0","-","-","-","0","0","0","0","0","0","0","0","-","0","0","0","0","0","0","0","0","0","0","0","0","0","0","0","0","0","0","0","1","0","0","0","3","0","0","0","0","0","0","0","0","0","0","0","0","0","0","0","0","0","1"
"0x7b03637af2b0","      IADD3 R12, P2, P4, R141, R12, R14","0","0","0","32768","1048576","1048576","32","32","0","0","0","-","-","-","0","0","0","0","0","0","0","0","-","0","0","0","0","0","0","0","0","0","0","0","0","0","0","0","0","0","0","0","0","0","0","0","0","0","0","0","0","0","0","0","0","0","0","0","0","0","0","0","0","0","0"
"0x7b03637af2c0","      IMAD.SHL.U32 R10, R6, 0x2, RZ","4","2","4","32768","1048576","1048576","32","32","0","0","0","-","-","-","0","0","0","0","0","0","0","0","-","0","0","0","0","0","0","0","0","0","0","0","0","0","0","0","0","0","0","0","2","0","0","0","2","0","0","0","0","0","0","0","0","0","0","0","0","0","0","0","0","0","2"
"0x7b03637af2d0","      IMAD R7, R21, R139, RZ","12","0","12","32768","1048576","1048576","32","32","0","0","0","-","-","-","0","0","0","0","0","0","0","0","-","0","0","0","0","0","0","0","0","0","0","0","0","0","0","0","0","0","0","0","2","0","0","0","10","0","0","0","0","0","0","0","0","0","0","0","0","0","0","0","0","0","0"
"0x7b03637af2e0","      IADD3.X R13, RZ, R11, R15, P2, P4","3","0","3","32768","1048576","1048576","32","32","0","0","0","-","-","-","0","0","0","0","0","0","0","0","-","0","0","0","0","0","0","0","0","2","0","0","0","0","0","0","0","0","0","0","1","0","0","0","0","0","0","0","0","0","0","0","0","0","0","0","0","0","0","0","0","0","0"
"0x7b03637af2f0","      IMAD.HI R41, R6, 0x2, RZ","2","0","2","32768","1048576","1048576","32","32","0","0","0","-","-","-","0","0","0","0","0","0","0","0","-","0","0","0","0","0","0","0","0","0","0","0","0","0","0","0","0","0","0","0","2","0","0","0","0","0","0","0","0","0","0","0","0","0","0","0","0","0","0","0","0","0","0"
"0x7b03637af300","      IADD3 R10, P2, P4, R141, R10, R14","3","0","3","32768","1048576","1048576","32","32","0","0","0","-","-","-","0","0","0","0","0","0","0","0","-","0","0","0","0","0","0","0","0","0","0","0","0","0","0","0","0","0","0","0","3","0","0","0","0","0","0","0","0","0","0","0","0","0","0","0","0","0","0","0","0","0","0"
"0x7b03637af310","      IMAD.SHL.U32 R8, R7, 0x2, RZ","13","1","13","32768","1048576","1048576","32","32","0","0","0","-","-","-","0","0","0","0","0","0","0","0","-","0","0","0","0","0","0","0","0","0","0","0","0","0","6","0","0","0","0","1","1","0","0","0","5","0","0","0","0","0","0","0","0","0","0","0","0","0","0","0","0","0","1"
"0x7b03637af320","      IMAD R9, R22, R139, RZ","5","1","5","32768","1048576","1048576","32","32","0","0","0","-","-","-","0","0","0","0","0","0","0","0","-","0","0","0","0","0","0","0","0","0","0","0","0","0","0","0","0","0","0","0","2","0","0","0","3","0","0","0","0","0","0","0","0","0","0","0","0","0","0","0","0","0","1"
"0x7b03637af330","      IADD3.X R11, RZ, R41, R15, P2, P4","2","0","2","32768","1048576","1048576","32","32","0","0","0","-","-","-","0","0","0","0","0","0","0","0","-","0","0","0","0","0","0","0","0","1","0","0","0","0","0","0","0","0","0","0","1","0","0","0","0","0","0","0","0","0","0","0","0","0","0","0","0","0","0","0","0","0","0"
"0x7b03637af340","      IMAD.HI R7, R7, 0x2, RZ","2","0","2","32768","1048576","1048576","32","32","0","0","0","-","-","-","0","0","0","0","0","0","0","0","-","0","0","0","0","0","0","0","0","0","0","0","0","0","0","0","0","0","0","0","2","0","0","0","0","0","0","0","0","0","0","0","0","0","0","0","0","0","0","0","0","0","0"
"0x7b03637af350","      IADD3 R8, P2, P4, R141, R8, R14","3","0","3","32768","1048576","1048576","32","32","0","0","0","-","-","-","0","0","0","0","0","0","0","0","-","0","0","0","0","0","0","0","0","0","0","0","0","0","0","0","0","0","0","0","3","0","0","0","0","0","0","0","0","0","0","0","0","0","0","0","0","0","0","0","0","0","0"
"0x7b03637af360","      IMAD.SHL.U32 R6, R9, 0x2, RZ","8","2","8","32768","1048576","1048576","32","32","0","0","0","-","-","-","0","0","0","0","0","0","0","0","-","0","0","0","0","0","0","0","0","0","0","0","0","0","1","0","0","0","0","0","3","0","0","0","4","0","0","0","0","0","0","0","0","0","0","0","0","0","0","0","0","0","2"
"0x7b03637af370","      IMAD.HI R45, R9, 0x2, RZ","14","3","14","32768","1048576","1048576","32","32","0","0","0","-","-","-","0","0","0","0","0","0","0","0","-","0","0","0","0","0","0","0","0","0","0","0","0","0","0","0","0","0","0","0","3","0","0","0","11","0","0","0","0","0","0","0","0","0","0","0","0","0","0","0","0","0","3"
"0x7b03637af380","      IADD3.X R9, RZ, R7, R15, P2, P4","5","0","5","32768","1048576","1048576","32","32","0","0","0","-","-","-","0","0","0","0","0","0","0","0","-","0","0","0","0","0","0","0","0","3","0","0","0","0","0","0","0","0","0","0","2","0","0","0","0","0","0","0","0","0","0","0","0","0","0","0","0","0","0","0","0","0","0"
"0x7b03637af390","      IADD3 R6, P2, P4, R141, R6, R14","3","1","3","32768","1048576","1048576","32","32","0","0","0","-","-","-","0","0","0","0","0","0","0","0","-","0","0","0","0","0","0","0","0","0","0","0","0","0","0","0","0","0","0","0","2","0","0","0","1","0","0","0","0","0","0","0","0","0","0","0","0","0","0","0","0","0","1"
"0x7b03637af3a0","      IADD3.X R7, RZ, R45, R15, P2, P4","22","10","22","32768","1048576","1048576","32","32","0","0","0","-","-","-","0","0","0","0","0","0","0","0","-","0","0","0","0","0","0","0","0","1","0","0","0","0","6","0","0","0","0","8","0","0","0","0","7","0","0","0","0","0","0","0","6","0","0","0","0","0","0","0","0","0","4"
"0x7b03637af3b0","      IMAD R45, R140, 0x10, R75","3","0","3","32768","1048576","1048576","32","32","0","0","0","-","-","-","0","0","0","0","0","0","0","0","-","0","0","0","0","0","0","0","0","0","0","0","0","0","0","0","0","0","0","0","3","0","0","0","0","0","0","0","0","0","0","0","0","0","0","0","0","0","0","0","0","0","0"
"0x7b03637af3c0","      ISETP.GE.AND P4, PT, R147, UR22, PT","1","0","1","32768","1048576","1048576","32","32","0","0","0","-","-","-","0","0","0","0","0","0","0","0","-","0","0","0","0","0","0","0","0","0","0","0","0","0","0","0","0","0","0","0","1","0","0","0","0","0","0","0","0","0","0","0","0","0","0","0","0","0","0","0","0","0","0"
"0x7b03637af3d0","      IMAD R47, R140, 0x20, R75","2","0","2","32768","1048576","1048576","32","32","0","0","0","-","-","-","0","0","0","0","0","0","0","0","-","0","0","0","0","0","0","0","0","0","0","0","0","0","0","0","0","0","0","0","2","0","0","0","0","0","0","0","0","0","0","0","0","0","0","0","0","0","0","0","0","0","0"
"0x7b03637af3e0","      ISETP.GT.AND P2, PT, R18, RZ, PT","1","0","1","32768","1048576","1048576","32","32","0","0","0","-","-","-","0","0","0","0","0","0","0","0","-","0","0","0","0","0","0","0","0","0","0","0","0","0","0","0","0","0","0","0","1","0","0","0","0","0","0","0","0","0","0","0","0","0","0","0","0","0","0","0","0","0","0"
"0x7b03637af3f0","      SEL R44, RZ, 0x10, P4","5","0","5","32768","1048576","1048576","32","32","0","0","0","-","-","-","0","0","0","0","0","0","0","0","-","0","0","0","0","0","0","0","0","0","0","0","0","0","0","0","0","0","0","0","3","0","0","0","2","0","0","0","0","0","0","0","0","0","0","0","0","0","0","0","0","0","0"
"0x7b03637af400","      LEA R54, P0, R45, R4, 0x1","4","1","4","32768","1048576","1048576","32","32","0","0","0","-","-","-","0","0","0","0","0","0","0","0","-","0","0","0","0","0","0","0","0","1","0","0","0","0","0","0","0","0","0","0","2","0","0","0","1","0","0","0","0","0","0","0","0","0","0","0","0","0","0","0","0","0","1"
"0x7b03637af410","      SEL R74, R44, RZ, P2","12","2","12","32768","1048576","1048576","32","32","0","0","0","-","-","-","0","0","0","0","0","0","0","0","-","0","0","0","0","0","0","0","0","3","0","0","0","0","2","0","0","0","0","0","5","0","0","0","2","0","0","0","0","0","0","0","1","0","0","0","0","0","0","0","0","0","1"
"0x7b03637af420","      IMAD R84, R147, R139, RZ","2","0","2","32768","1048576","1048576","32","32","0","0","0","-","-","-","0","0","0","0","0","0","0","0","-","0","0","0","0","0","0","0","0","0","0","0","0","0","0","0","0","0","0","0","2","0","0","0","0","0","0","0","0","0","0","0","0","0","0","0","0","0","0","0","0","0","0"
"0x7b03637af430","      SEL R44, RZ, 0x10, P1","2","0","2","32768","1048576","1048576","32","32","0","0","0","-","-","-","0","0","0","0","0","0","0","0","-","0","0","0","0","0","0","0","0","2","0","0","0","0","0","0","0","0","0","0","0","0","0","0","0","0","0","0","0","0","0","0","0","0","0","0","0","0","0","0","0","0","0"
"0x7b03637af440","      IMAD R49, R140, 0x30, R75","1","0","1","32768","1048576","1048576","32","32","0","0","0","-","-","-","0","0","0","0","0","0","0","0","-","0","0","0","0","0","0","0","0","0","0","0","0","0","0","0","0","0","0","0","1","0","0","0","0","0","0","0","0","0","0","0","0","0","0","0","0","0","0","0","0","0","0"
"0x7b03637af450","      LEA.HI.X.SX32 R55, R45, R5, 0x1, P0","4","0","4","32768","1048576","1048576","32","32","0","0","0","-","-","-","0","0","0","0","0","0","0","0","-","0","0","0","0","0","0","0","0","2","0","0","0","0","0","0","0","0","0","0","2","0","0","0","0","0","0","0","0","0","0","0","0","0","0","0","0","0","0","0","0","0","0"
"0x7b03637af460","      LEA R56, P1, R47, R4, 0x1","21","7","21","32768","1048576","1048576","32","32","0","0","0","-","-","-","0","0","0","0","0","0","0","0","-","0","0","0","0","0","0","0","0","0","0","0","0","0","7","0","0","0","0","7","5","0","0","0","2","0","0","0","0","0","0","0","7","0","0","0","0","0","0","0","0","0","0"
"0x7b03637af470","      LEA R52, P0, R75, R4, 0x1","9","1","9","32768","1048576","1048576","32","32","0","0","0","-","-","-","0","0","0","0","0","0","0","0","-","0","0","0","0","0","0","0","0","0","0","0","0","0","2","0","0","0","0","1","3","0","0","0","3","0","0","0","0","0","0","0","0","0","0","0","0","0","0","0","0","0","1"
"0x7b03637af480","      LEA.HI.X.SX32 R57, R47, R5, 0x1, P1","10","3","10","32768","1048576","1048576","32","32","0","0","0","-","-","-","0","0","0","0","0","0","0","0","-","0","0","0","0","0","0","0","0","1","0","0","0","0","0","0","0","0","0","0","4","0","0","0","5","0","0","0","0","0","0","0","0","0","0","0","0","0","0","0","0","0","3"
"0x7b03637af490","      LEA.HI.X.SX32 R53, R75, R5, 0x1, P0","5","2","5","32768","1048576","1048576","32","32","0","0","0","-","-","-","0","0","0","0","0","0","0","0","-","0","0","0","0","0","0","0","0","0","0","0","0","0","1","0","0","0","0","1","2","0","0","0","1","0","0","0","0","0","0","0","1","0","0","0","0","0","0","0","0","0","1"
"0x7b03637af4a0","      ISETP.GE.AND P5, PT, R21, UR4, PT","4","1","4","32768","1048576","1048576","32","32","0","0","0","-","-","-","0","0","0","0","0","0","0","0","-","0","0","0","0","0","0","0","0","0","0","0","0","0","0","0","0","0","0","0","3","0","0","0","1","0","0","0","0","0","0","0","0","0","0","0","0","0","0","0","0","0","1"
"0x7b03637af4b0","      LEA R58, P1, R49, R4, 0x1","4","1","4","32768","1048576","1048576","32","32","0","0","0","-","-","-","0","0","0","0","0","0","0","0","-","0","0","0","0","0","0","0","0","0","0","0","0","0","1","0","0","0","0","1","1","0","0","0","1","0","0","0","0","0","0","0","1","0","0","0","0","0","0","0","0","0","0"
"0x7b03637af4c0","      LEA R60, P0, R84, R2, 0x1","12","3","12","32768","1048576","1048576","32","32","0","0","0","-","-","-","0","0","0","0","0","0","0","0","-","0","0","0","0","0","0","0","0","1","0","0","0","0","2","0","0","0","0","4","3","0","0","0","2","0","0","0","0","0","0","0","2","0","0","0","0","0","0","0","0","0","1"
"0x7b03637af4d0","      SEL R46, RZ, 0x10, P3","4","2","4","32768","1048576","1048576","32","32","0","0","0","-","-","-","0","0","0","0","0","0","0","0","-","0","0","0","0","0","0","0","0","0","0","0","0","0","0","0","0","0","0","0","1","0","0","0","3","0","0","0","0","0","0","0","0","0","0","0","0","0","0","0","0","0","2"
"0x7b03637af4e0","      P2R R165, PR, RZ, 0x20","4","2","4","32768","1048576","1048576","32","32","0","0","0","-","-","-","0","0","0","0","0","0","0","0","-","0","0","0","0","0","0","0","0","1","0","0","0","0","0","0","0","0","0","0","1","0","0","0","2","0","0","0","0","0","0","0","0","0","0","0","0","0","0","0","0","0","2"
"0x7b03637af4f0","      LEA.HI.X.SX32 R59, R49, R5, 0x1, P1","6","5","6","32768","1048576","1048576","32","32","0","0","0","-","-","-","0","0","0","0","0","0","0","0","-","0","0","0","0","0","0","0","0","1","0","0","0","0","2","0","0","0","0","0","1","0","0","0","2","0","0","1","0","0","0","0","2","0","0","0","0","0","0","0","0","0","2"
"0x7b03637af500","      LEA.HI.X.SX32 R61, R84, R3, 0x1, P0","5","1","5","32768","1048576","1048576","32","32","0","0","0","-","-","-","0","0","0","0","0","0","0","0","-","0","0","0","0","0","0","0","0","0","0","0","0","0","0","0","0","0","0","0","4","0","0","0","1","0","0","0","0","0","0","0","0","0","0","0","0","0","0","0","0","0","1"
"0x7b03637af510","      ISETP.GE.AND P4, PT, R22, UR4, PT","7","3","7","32768","1048576","1048576","32","32","0","0","0","-","-","-","0","0","0","0","0","0","0","0","-","0","0","0","0","0","0","0","0","0","0","0","0","0","0","0","0","0","0","1","3","0","0","0","3","0","0","0","0","0","0","0","0","0","0","0","0","0","0","0","0","0","3"
"0x7b03637af520","      ISETP.GE.AND P6, PT, R23, UR4, PT","14","6","14","32768","1048576","1048576","32","32","0","0","0","-","-","-","0","0","0","0","0","0","0","0","-","0","0","0","0","0","0","0","0","0","0","0","0","0","8","0","0","0","0","4","1","0","0","0","1","0","0","0","0","0","0","0","5","0","0","0","0","0","0","0","0","0","1"
"0x7b03637af530","      ISETP.GE.AND P5, PT, R136, UR4, PT","2","2","2","32768","1048576","1048576","32","32","0","0","0","-","-","-","0","0","0","0","0","0","0","0","-","0","0","0","0","0","0","0","0","0","0","0","0","0","0","0","0","0","0","0","0","0","0","0","2","0","0","0","0","0","0","0","0","0","0","0","0","0","0","0","0","0","2"
"0x7b03637af540","      ISETP.GE.AND P0, PT, R137, UR4, PT","2","1","2","32768","1048576","1048576","32","32","0","0","0","-","-","-","0","0","0","0","0","0","0","0","-","0","0","0","0","0","0","0","0","0","0","0","0","0","0","0","0","0","0","0","1","0","0","0","1","0","0","0","0","0","0","0","0","0","0","0","0","0","0","0","0","0","1"
"0x7b03637af550","      ISETP.GE.AND P3, PT, R21, UR4, PT","4","1","4","32768","1048576","1048576","32","32","0","0","0","-","-","-","0","0","0","0","0","0","0","0","-","0","0","0","0","0","0","0","0","0","0","0","0","0","0","0","0","0","0","0","3","0","0","0","1","0","0","0","0","0","0","0","0","0","0","0","0","0","0","0","0","0","1"
"0x7b03637af560","      ISETP.GE.AND P1, PT, R138, UR4, PT","3","2","3","32768","1048576","1048576","32","32","0","0","0","-","-","-","0","0","0","0","0","0","0","0","-","0","0","0","0","0","0","0","0","0","0","0","0","0","0","0","0","0","0","0","1","0","0","0","2","0","0","0","0","0","0","0","0","0","0","0","0","0","0","0","0","0","2"
"0x7b03637af570","      CS2R R36, SRZ","2","1","2","32768","1048576","1048576","32","32","0","0","0","-","-","-","0","0","0","0","0","0","0","0","-","0","0","0","0","0","0","0","0","0","0","0","0","0","0","0","0","0","0","0","1","0","0","0","1","0","0","0","0","0","0","0","0","0","0","0","0","0","0","0","0","0","1"
"0x7b03637af580","      SEL R80, R46, RZ, P2","24","9","24","32768","1048576","1048576","32","32","0","0","0","-","-","-","0","0","0","0","0","0","0","0","-","0","0","0","0","0","0","0","0","0","0","0","0","0","9","0","0","0","0","9","4","0","0","0","2","0","0","0","0","0","0","0","7","0","0","0","0","0","0","0","0","0","2"
"0x7b03637af590","      CS2R R38, SRZ","6","3","6","32768","1048576","1048576","32","32","0","0","0","-","-","-","0","0","0","0","0","0","0","0","-","0","0","0","0","0","0","0","0","0","0","0","0","0","0","0","0","0","0","0","3","0","0","0","3","0","0","0","0","0","0","0","0","0","0","0","0","0","0","0","0","0","3"
"0x7b03637af5a0","      SEL R81, R48, RZ, P2","5","2","5","32768","1048576","1048576","32","32","0","0","0","-","-","-","0","0","0","0","0","0","0","0","-","0","0","0","0","0","0","0","0","0","0","0","0","0","2","0","0","0","0","1","1","0","0","0","1","0","0","0","0","0","0","0","2","0","0","0","0","0","0","0","0","0","0"
"0x7b03637af5b0","      CS2R R48, SRZ","4","1","4","32768","1048576","1048576","32","32","0","0","0","-","-","-","0","0","0","0","0","0","0","0","-","0","0","0","0","0","0","0","0","0","0","0","0","0","0","0","0","0","0","0","3","0","0","0","1","0","0","0","0","0","0","0","0","0","0","0","0","0","0","0","0","0","1"
"0x7b03637af5c0","      SEL R82, R44, RZ, P2","4","2","4","32768","1048576","1048576","32","32","0","0","0","-","-","-","0","0","0","0","0","0","0","0","-","0","0","0","0","0","0","0","0","0","0","0","0","0","0","0","0","0","0","0","2","0","0","0","2","0","0","0","0","0","0","0","0","0","0","0","0","0","0","0","0","0","2"
"0x7b03637af5d0","      CS2R R44, SRZ","1","1","1","32768","1048576","1048576","32","32","0","0","0","-","-","-","0","0","0","0","0","0","0","0","-","0","0","0","0","0","0","0","0","0","0","0","0","0","0","0","0","0","0","0","0","0","0","0","1","0","0","0","0","0","0","0","0","0","0","0","0","0","0","0","0","0","1"
"0x7b03637af5e0","      ISETP.NE.U32.AND P2, PT, R82, RZ, PT","15","4","15","32768","1048576","1048576","32","32","0","0","0","-","-","-","0","0","0","0","0","0","0","0","-","0","0","0","0","0","0","0","0","0","0","0","0","0","4","0","0","0","0","7","3","0","0","0","1","0","0","0","0","0","0","0","4","0","0","0","0","0","0","0","0","0","0"
"0x7b03637af5f0","      CS2R R82, SRZ","8","3","8","32768","1048576","1048576","32","32","0","0","0","-","-","-","0","0","0","0","0","0","0","0","-","0","0","0","0","0","0","0","0","0","0","0","0","0","0","0","0","0","0","0","5","0","0","0","3","0","0","0","0","0","0","0","0","0","0","0","0","0","0","0","0","0","3"
"0x7b03637af600","      CS2R R34, SRZ","6","3","6","32768","1048576","1048576","32","32","0","0","0","-","-","-","0","0","0","0","0","0","0","0","-","0","0","0","0","0","0","0","0","0","0","0","0","0","0","0","0","0","0","0","3","0","0","0","3","0","0","0","0","0","0","0","0","0","0","0","0","0","0","0","0","0","3"
"0x7b03637af610","      CS2R R40, SRZ","4","3","4","32768","1048576","1048576","32","32","0","0","0","-","-","-","0","0","0","0","0","0","0","0","-","0","0","0","0","0","0","0","0","0","0","0","0","0","0","0","0","0","0","0","1","0","0","0","3","0","0","0","0","0","0","0","0","0","0","0","0","0","0","0","0","0","3"
"0x7b03637af620","      CS2R R42, SRZ","5","5","5","32768","1048576","1048576","32","32","0","0","0","-","-","-","0","0","0","0","0","0","0","0","-","0","0","0","0","0","0","0","0","0","0","0","0","0","0","0","0","0","0","0","0","0","0","0","5","0","0","0","0","0","0","0","0","0","0","0","0","0","0","0","0","0","5"
"0x7b03637af630","      CS2R R46, SRZ","3","3","3","32768","1048576","1048576","32","32","0","0","0","-","-","-","0","0","0","0","0","0","0","0","-","0","0","0","0","0","0","0","0","0","0","0","0","0","0","0","0","0","0","0","0","0","0","0","3","0","0","0","0","0","0","0","0","0","0","0","0","0","0","0","0","0","3"
"0x7b03637af640","      CS2R R50, SRZ","14","5","14","32768","1048576","1048576","32","32","0","0","0","-","-","-","0","0","0","0","0","0","0","0","-","0","0","0","0","0","0","0","0","0","0","0","0","0","5","0","0","0","0","8","1","0","0","0","0","0","0","0","0","0","0","0","5","0","0","0","0","0","0","0","0","0","0"
"0x7b03637af650","      CS2R R76, SRZ","6","4","6","32768","1048576","1048576","32","32","0","0","0","-","-","-","0","0","0","0","0","0","0","0","-","0","0","0","0","0","0","0","0","0","0","0","0","0","0","0","0","0","0","0","1","0","0","0","5","0","0","0","0","0","0","0","0","0","0","0","0","0","0","0","0","0","4"
"0x7b03637af660","      CS2R R78, SRZ","6","0","6","32768","1048576","1048576","32","32","0","0","0","-","-","-","0","0","0","0","0","0","0","0","-","0","0","0","0","0","0","0","0","0","0","0","0","0","0","0","0","0","0","3","2","0","0","0","1","0","0","0","0","0","0","0","0","0","0","0","0","0","0","0","0","0","0"
"0x7b03637af670","@!P3  LDG.E.128 R36, desc[UR20][R62.64]","2","0","2","32768","1048576","1048576","32","32","0","0","0","Global","Load","128","131072","0","0","0","0","0","524288","524288","","0","0","0","0","0","0","0","0","0","0","0","0","0","0","0","0","0","0","0","2","0","0","0","0","0","0","0","0","0","0","0","0","0","0","0","0","0","0","0","0","0","0"
"0x7b03637af680","@!P4  LDG.E.128 R32, desc[UR20][R64.64]","18","2","18","32768","1048576","1048576","32","32","0","0","0","Global","Load","128","131072","0","0","0","0","0","524288","524288","","0","0","0","0","0","0","0","0","0","0","0","0","0","0","0","0","0","0","0","3","0","0","0","15","0","0","0","0","0","0","0","0","0","0","0","0","0","0","0","0","0","2"
"0x7b03637af690","@!P6  LDG.E.128 R40, desc[UR20][R66.64]","10","2","10","32768","1048576","1048576","32","32","0","0","0","Global","Load","128","131072","0","0","0","0","0","524288","524288","","0","0","0","0","0","0","0","0","0","0","0","0","0","0","0","0","0","0","0","3","0","0","0","7","0","0","0","0","0","0","0","0","0","0","0","0","0","0","0","0","0","2"
"0x7b03637af6a0","      IMAD.SHL.U32 R63, R0, 0x10, RZ","7","0","7","32768","1048576","1048576","32","32","0","0","0","-","-","-","0","0","0","0","0","0","0","0","-","0","0","0","0","0","0","0","0","0","0","0","0","5","0","0","0","0","0","0","2","0","0","0","0","0","0","0","0","0","0","0","0","0","0","0","0","0","0","0","0","0","0"
"0x7b03637af6b0","      LOP3.LUT R62, R0, 0xf0, RZ, 0xc0, !PT","1","0","1","32768","1048576","1048576","32","32","0","0","0","-","-","-","0","0","0","0","0","0","0","0","-","0","0","0","0","0","0","0","0","0","0","0","0","0","0","0","0","0","0","0","1","0","0","0","0","0","0","0","0","0","0","0","0","0","0","0","0","0","0","0","0","0","0"
"0x7b03637af6c0","@!P5  LDG.E.128 R44, desc[UR20][R68.64]","6","5","6","32768","1048576","1048576","32","32","0","0","0","Global","Load","128","131072","0","0","0","0","0","524288","524288","","0","0","0","0","0","0","0","0","0","0","0","0","0","0","0","0","0","0","0","1","0","0","0","5","0","0","0","0","0","0","0","0","0","0","0","0","0","0","0","0","0","5"
"0x7b03637af6d0","      LOP3.LUT R63, R63, 0x70, RZ, 0xc0, !PT","13","4","13","32768","1048576","1048576","32","32","0","0","0","-","-","-","0","0","0","0","0","0","0","0","-","0","0","0","0","0","0","0","0","0","0","0","0","0","4","0","0","0","0","6","3","0","0","0","0","0","0","0","0","0","0","0","4","0","0","0","0","0","0","0","0","0","0"
"0x7b03637af6e0","@!P0  LDG.E.128 R48, desc[UR20][R70.64]","3","0","3","32768","1048576","1048576","32","32","0","0","0","Global","Load","128","131072","0","0","0","0","0","524288","524288","","0","0","0","0","0","0","0","0","0","0","0","0","0","0","0","0","0","0","0","3","0","0","0","0","0","0","0","0","0","0","0","0","0","0","0","0","0","0","0","0","0","0"
"0x7b03637af6f0","      IMAD R63, R62, 0x8, R63","10","4","10","32768","1048576","1048576","32","32","0","0","0","-","-","-","0","0","0","0","0","0","0","0","-","0","0","0","0","0","0","0","0","0","0","0","0","0","0","0","0","0","0","2","4","0","0","0","4","0","0","0","0","0","0","0","0","0","0","0","0","0","0","0","0","0","4"
"0x7b03637af700","      ISETP.NE.U32.AND P3, PT, R81, RZ, PT","2","0","2","32768","1048576","1048576","32","32","0","0","0","-","-","-","0","0","0","0","0","0","0","0","-","0","0","0","0","0","0","0","0","0","0","0","0","0","0","0","0","0","0","0","2","0","0","0","0","0","0","0","0","0","0","0","0","0","0","0","0","0","0","0","0","0","0"
"0x7b03637af710","@!P1  LDG.E.128 R76, desc[UR20][R72.64]","0","0","0","32768","1048576","1048576","32","32","0","0","0","Global","Load","128","131072","0","0","0","0","0","524288","524288","","0","0","0","0","0","0","0","0","0","0","0","0","0","0","0","0","0","0","0","0","0","0","0","0","0","0","0","0","0","0","0","0","0","0","0","0","0","0","0","0","0","0"
"0x7b03637af720","      S2UR UR4, SR_CgaCtaId","2","0","2","32768","1048576","1048576","32","32","0","0","0","-","-","-","0","0","0","0","0","0","0","0","-","0","0","0","0","0","0","0","0","0","0","0","0","0","0","0","0","0","0","0","2","0","0","0","0","0","0","0","0","0","0","0","0","0","0","0","0","0","0","0","0","0","0"
"0x7b03637af730","      UMOV UR12, 0x400","2","0","2","32768","1048576","1048576","32","32","0","0","0","-","-","-","0","0","0","0","0","0","0","0","-","0","0","0","0","0","0","0","0","0","0","0","0","0","0","0","0","0","0","0","2","0","0","0","0","0","0","0","0","0","0","0","0","0","0","0","0","0","0","0","0","0","0"
"0x7b03637af740","      LOP3.LUT R142, R0, 0x8, RZ, 0xc0, !PT","2","0","2","32768","1048576","1048576","32","32","0","0","0","-","-","-","0","0","0","0","0","0","0","0","-","0","0","0","0","0","0","0","0","0","0","0","0","0","0","0","0","0","0","0","2","0","0","0","0","0","0","0","0","0","0","0","0","0","0","0","0","0","0","0","0","0","0"
"0x7b03637af750","      P2R R167, PR, RZ, 0x20","7","2","7","32768","1048576","1048576","32","32","0","0","0","-","-","-","0","0","0","0","0","0","0","0","-","0","0","0","0","0","0","0","0","0","0","0","0","0","2","0","0","0","0","2","2","0","0","0","1","0","0","0","0","0","0","0","1","0","0","0","0","0","0","0","0","0","1"
"0x7b03637af760","      LOP3.LUT R63, R63, 0x70, R0, 0x78, !PT","2","2","2","32768","1048576","1048576","32","32","0","0","0","-","-","-","0","0","0","0","0","0","0","0","-","0","0","0","0","0","0","0","0","0","0","0","0","0","0","0","0","0","0","0","0","0","0","0","2","0","0","0","0","0","0","0","0","0","0","0","0","0","0","0","0","0","2"
"0x7b03637af770","      P2R R166, PR, RZ, 0x10","7","0","7","32768","1048576","1048576","32","32","0","0","0","-","-","-","0","0","0","0","0","0","0","0","-","0","0","0","0","0","0","0","0","0","0","0","0","0","0","0","0","0","0","0","5","0","0","0","2","0","0","0","0","0","0","0","0","0","0","0","0","0","0","0","0","0","0"
"0x7b03637af780","      ISETP.NE.U32.AND P5, PT, R74, RZ, PT","3","3","3","32768","1048576","1048576","32","32","0","0","0","-","-","-","0","0","0","0","0","0","0","0","-","0","0","0","0","0","0","0","0","0","0","0","0","0","0","0","0","0","0","0","0","0","0","0","3","0","0","0","0","0","0","0","0","0","0","0","0","0","0","0","0","0","3"
"0x7b03637af790","      ISETP.NE.U32.AND P4, PT, R80, RZ, PT","3","1","3","32768","1048576","1048576","32","32","0","0","0","-","-","-","0","0","0","0","0","0","0","0","-","0","0","0","0","0","0","0","0","0","0","0","0","0","0","0","0","0","0","0","1","0","0","0","2","0","0","0","0","0","0","0","0","0","0","0","0","0","0","0","0","0","1"
"0x7b03637af7a0","      ULEA UR12, UR4, UR12, 0x18","53","26","53","32768","1048576","1048576","32","32","0","0","0","-","-","-","0","0","0","0","0","0","0","0","-","0","0","0","0","0","0","0","0","0","0","0","0","0","0","0","0","0","0","0","4","49","0","0","0","0","0","0","0","0","0","0","0","0","0","0","0","0","0","26","0","0","0"
"0x7b03637af7b0","      LEA R62, R142, UR12, 0xb","9","4","9","32768","1048576","1048576","32","32","0","0","0","-","-","-","0","0","0","0","0","0","0","0","-","0","0","0","0","0","0","0","0","0","0","0","0","0","0","0","0","0","0","0","3","0","0","0","6","0","0","0","0","0","0","0","0","0","0","0","0","0","0","0","0","0","4"
"0x7b03637af7c0","      IMAD R142, R142, 0x400, R63","1","0","1","32768","1048576","1048576","32","32","0","0","0","-","-","-","0","0","0","0","0","0","0","0","-","0","0","0","0","0","0","0","0","0","0","0","0","0","0","0","0","0","0","0","1","0","0","0","0","0","0","0","0","0","0","0","0","0","0","0","0","0","0","0","0","0","0"
"0x7b03637af7d0","      IMAD.IADD R62, R63, 0x1, R62","14","9","14","32768","1048576","1048576","32","32","0","0","0","-","-","-","0","0","0","0","0","0","0","0","-","0","0","0","0","0","0","0","0","0","0","0","0","0","0","0","0","0","0","0","5","0","0","0","9","0","0","0","0","0","0","0","0","0","0","0","0","0","0","0","0","0","9"
"0x7b03637af7e0","      VIADD R149, R142, UR12","4","3","4","32768","1048576","1048576","32","32","0","0","0","-","-","-","0","0","0","0","0","0","0","0","-","0","0","0","0","0","0","0","0","0","0","0","0","0","0","0","0","0","0","0","1","0","0","0","3","0","0","0","0","0","0","0","0","0","0","0","0","0","0","0","0","0","3"
"0x7b03637af7f0","      STS.128 [R62+0x20000], R24","516","509","516","32768","1048576","1048576","32","32","0","0","0","Shared","Store","128","0","4","0","131072","131072","0","0","0","-","0","0","0","0","0","0","0","0","0","0","0","0","515","0","0","0","0","0","0","0","0","0","0","1","0","0","0","0","0","0","508","0","0","0","0","0","0","0","0","0","0","1"
"0x7b03637af800","      STS.128 [R62+0x20800], R28","176","173","176","32768","1048576","1048576","32","32","0","0","0","Shared","Store","128","0","4","0","131072","131072","0","0","0","-","0","0","0","0","0","0","0","0","0","0","0","0","168","0","0","0","0","0","0","1","0","0","0","7","0","0","0","0","0","0","166","0","0","0","0","0","0","0","0","0","0","7"
"0x7b03637af810","      IMAD R25, R139, 0x10, R84","22","20","22","32768","1048576","1048576","32","32","0","0","0","-","-","-","0","0","0","0","0","0","0","0","-","0","0","0","0","0","0","0","0","0","0","0","0","0","0","0","0","0","0","0","2","20","0","0","0","0","0","0","0","0","0","0","0","0","0","0","0","0","0","20","0","0","0"
"0x7b03637af820","      IMAD R27, R139, 0x20, R84","6","2","6","32768","1048576","1048576","32","32","0","0","0","-","-","-","0","0","0","0","0","0","0","0","-","0","0","0","0","0","0","0","0","0","0","0","0","0","0","0","0","0","0","0","4","0","0","0","2","0","0","0","0","0","0","0","0","0","0","0","0","0","0","0","0","0","2"
"0x7b03637af830","      IMAD R29, R139, 0x30, R84","60","57","60","32768","1048576","1048576","32","32","0","0","0","-","-","-","0","0","0","0","0","0","0","0","-","0","0","0","0","0","0","0","0","0","0","0","0","0","0","0","0","0","0","0","0","59","0","0","1","0","0","0","0","0","0","0","0","0","0","0","0","0","0","56","0","0","1"
"0x7b03637af840","      LOP3.LUT R30, R147, 0x40, RZ, 0xfc, !PT","1","0","1","32768","1048576","1048576","32","32","0","0","0","-","-","-","0","0","0","0","0","0","0","0","-","0","0","0","0","0","0","0","0","0","0","0","0","0","0","0","0","0","0","0","1","0","0","0","0","0","0","0","0","0","0","0","0","0","0","0","0","0","0","0","0","0","0"
"0x7b03637af850","      STS.128 [R62+0x21000], R36","593","577","593","32768","1048576","1048576","32","32","0","0","0","Shared","Store","128","0","4","0","131072","131072","0","0","0","-","0","0","0","0","0","0","0","0","0","0","0","0","589","0","0","2","0","0","0","2","0","0","0","0","0","0","0","0","0","0","575","0","0","2","0","0","0","0","0","0","0","0"
"0x7b03637af860","      STS.128 [R62+0x21800], R32","646","607","646","32768","1048576","1048576","32","32","0","0","0","Shared","Store","128","0","4","0","131072","131072","0","0","0","-","0","0","0","0","0","0","0","0","0","0","0","0","632","0","0","1","0","0","0","2","0","0","0","11","0","0","0","0","0","0","596","0","0","1","0","0","0","0","0","0","0","10"
"0x7b03637af870","      STS.128 [R62+0x22000], R40","8","5","8","32768","1048576","1048576","32","32","0","0","0","Shared","Store","128","0","4","0","131072","131072","0","0","0","-","0","0","0","0","0","0","0","0","0","0","0","0","0","0","0","2","0","0","0","2","0","0","0","4","0","0","0","0","0","0","0","0","0","2","0","0","0","0","0","0","0","3"
"0x7b03637af880","      STS.128 [R62+0x22800], R44","2","2","2","32768","1048576","1048576","32","32","0","0","0","Shared","Store","128","0","4","0","131072","131072","0","0","0","-","0","0","0","0","0","0","0","0","0","0","0","0","0","0","0","1","0","0","0","0","0","0","0","1","0","0","0","0","0","0","0","0","0","1","0","0","0","0","0","0","0","1"
"0x7b03637af890","      STS.128 [R62+0x23000], R48","9","7","9","32768","1048576","1048576","32","32","0","0","0","Shared","Store","128","0","4","0","131072","131072","0","0","0","-","0","0","0","0","0","0","0","0","0","0","0","0","0","0","0","2","0","0","0","2","0","0","0","5","0","0","0","0","0","0","0","0","0","2","0","0","0","0","0","0","0","5"
"0x7b03637af8a0","      STS.128 [R62+0x23800], R76","8","5","8","32768","1048576","1048576","32","32","0","0","0","Shared","Store","128","0","4","0","131072","131072","0","0","0","-","0","0","0","0","0","0","0","0","0","0","0","0","0","0","0","0","0","0","1","2","0","0","0","5","0","0","0","0","0","0","0","0","0","0","0","0","0","0","0","0","0","5"
"0x7b03637af8b0","@!PT  LDS RZ, [RZ]","4","4","4","32768","1048576","0","32","0","32","32","0","","Load","32","0","0","0","0","0","0","0","0","-","0","0","0","0","0","0","0","0","0","0","0","0","0","0","0","1","0","0","0","0","0","0","0","3","0","0","0","0","0","0","0","0","0","1","0","0","0","0","0","0","0","3"
"0x7b03637af8c0","@!PT  LDS RZ, [RZ]","7","2","7","32768","1048576","0","32","0","0","32","0","","Load","32","0","0","0","0","0","0","0","0","-","0","0","0","0","0","0","0","0","0","0","0","0","0","0","0","2","0","0","0","5","0","0","0","0","0","0","0","0","0","0","0","0","0","2","0","0","0","0","0","0","0","0"
"0x7b03637af8d0","@!PT  LDS RZ, [RZ]","5","2","5","32768","1048576","0","32","0","0","32","0","","Load","32","0","0","0","0","0","0","0","0","-","0","0","0","0","0","0","0","0","0","0","0","0","0","0","0","2","0","0","0","3","0","0","0","0","0","0","0","0","0","0","0","0","0","2","0","0","0","0","0","0","0","0"
"0x7b03637af8e0","      LDGSTS.E.BYPASS.128 desc[UR20][R52.64], P5, [R149]","3","1","3","32768","1048576","1048576","32","32","32","0","0","Global,Shared","Load,Store","128","130048","4","0","131072","131072","0","520192","520192","","0","0","0","0","0","0","0","0","0","0","0","0","0","0","0","1","0","0","0","2","0","0","0","0","0","0","0","0","0","0","0","0","0","1","0","0","0","0","0","0","0","0"
"0x7b03637af8f0","      LDGSTS.E.BYPASS.128 desc[UR20][R54.64], P4, [R149+0x800]","15","12","15","32768","1048576","1048576","32","32","0","0","0","Global,Shared","Load,Store","128","130048","4","0","131072","131072","0","520192","520192","","0","0","0","0","0","0","0","0","0","0","0","0","0","0","0","6","0","0","0","1","0","0","0","8","0","0","0","0","0","0","0","0","0","4","0","0","0","0","0","0","0","8"
"0x7b03637af900","      LDGSTS.E.BYPASS.128 desc[UR20][R56.64], P3, [R149+0x1000]","11","8","11","32768","1048576","1048576","32","32","0","0","0","Global,Shared","Load,Store","128","130048","4","0","131072","131072","0","520192","520192","","0","0","0","0","0","0","0","0","0","0","0","0","0","0","0","5","0","0","0","3","0","0","0","3","0","0","0","0","0","0","0","0","0","5","0","0","0","0","0","0","0","3"
"0x7b03637af910","      LDGSTS.E.BYPASS.128 desc[UR20][R58.64], P2, [R149+0x1800]","17","13","17","32768","1048576","1048576","32","32","0","0","0","Global,Shared","Load,Store","128","130048","4","0","131072","131072","0","520192","520192","","0","0","0","0","0","0","0","0","0","0","0","0","0","0","0","8","0","0","0","3","0","0","0","6","0","0","0","0","0","0","0","0","0","7","0","0","0","0","0","0","0","6"
"0x7b03637af920","      LDGDEPBAR","24","17","24","32768","1048576","1048576","32","32","0","0","0","-","-","-","0","0","0","0","0","0","0","0","-","0","0","0","0","0","0","0","0","0","0","0","0","0","0","0","12","0","0","2","4","0","0","0","6","0","0","0","0","0","0","0","0","0","11","0","0","0","0","0","0","0","6"
"0x7b03637af930","      LDGSTS.E.BYPASS.128 desc[UR20][R60.64], P5, [R149+0x10000]","20","17","20","32768","1048576","1048576","32","32","0","0","0","Global,Shared","Load,Store","128","130048","4","0","131072","131072","0","520192","520192","","0","0","0","0","0","0","0","0","0","0","0","0","0","0","0","14","0","0","1","2","0","0","0","3","0","0","0","0","0","0","0","0","0","14","0","0","0","0","0","0","0","3"
"0x7b03637af940","      LEA R24, P5, R25, R2, 0x1","4","0","4","32768","1048576","1048576","32","32","0","0","0","-","-","-","0","0","0","0","0","0","0","0","-","0","0","0","0","0","0","0","0","0","0","0","0","0","0","0","0","0","0","0","4","0","0","0","0","0","0","0","0","0","0","0","0","0","0","0","0","0","0","0","0","0","0"
"0x7b03637af950","      LEA.HI.X.SX32 R25, R25, R3, 0x1, P5","13","9","13","32768","1048576","1048576","32","32","0","0","0","-","-","-","0","0","0","0","0","0","0","0","-","0","0","0","0","0","0","0","0","0","0","0","0","0","0","0","0","0","0","1","3","0","0","0","9","0","0","0","0","0","0","0","0","0","0","0","0","0","0","0","0","0","9"
"0x7b03637af960","      LEA R26, P5, R27, R2, 0x1","4","1","4","32768","1048576","1048576","32","32","0","0","0","-","-","-","0","0","0","0","0","0","0","0","-","0","0","0","0","0","0","0","0","0","0","0","0","0","0","0","0","0","0","0","3","0","0","0","1","0","0","0","0","0","0","0","0","0","0","0","0","0","0","0","0","0","1"
"0x7b03637af970","      LDGSTS.E.BYPASS.128 desc[UR20][R24.64], P4, [R149+0x10800]","16","10","16","32768","1048576","1048576","32","32","0","0","0","Global,Shared","Load,Store","128","130048","4","0","131072","131072","0","520192","520192","","0","0","0","0","0","0","0","0","0","0","0","0","0","0","0","7","0","0","1","4","0","0","0","4","0","0","0","0","0","0","0","0","0","7","0","0","0","0","0","0","0","3"
"0x7b03637af980","      LEA.HI.X.SX32 R27, R27, R3, 0x1, P5","3","0","3","32768","1048576","1048576","32","32","0","0","0","-","-","-","0","0","0","0","0","0","0","0","-","0","0","0","0","0","0","0","0","0","0","0","0","0","0","0","0","0","0","0","3","0","0","0","0","0","0","0","0","0","0","0","0","0","0","0","0","0","0","0","0","0","0"
"0x7b03637af990","      LEA R28, P5, R29, R2, 0x1","5","3","5","32768","1048576","1048576","32","32","0","0","0","-","-","-","0","0","0","0","0","0","0","0","-","0","0","0","0","0","0","0","0","0","0","0","0","0","0","0","0","0","0","0","2","0","0","0","3","0","0","0","0","0","0","0","0","0","0","0","0","0","0","0","0","0","3"
"0x7b03637af9a0","      LDGSTS.E.BYPASS.128 desc[UR20][R26.64], P3, [R149+0x11000]","10","8","10","32768","1048576","1048576","32","32","0","0","0","Global,Shared","Load,Store","128","130048","4","0","131072","131072","0","520192","520192","","0","0","0","0","0","0","0","0","0","0","0","1","0","0","0","8","0","0","0","1","0","0","0","0","0","0","0","0","0","0","0","0","0","8","0","0","0","0","0","0","0","0"
"0x7b03637af9b0","      LEA.HI.X.SX32 R29, R29, R3, 0x1, P5","1","0","1","32768","1048576","1048576","32","32","0","0","0","-","-","-","0","0","0","0","0","0","0","0","-","0","0","0","0","0","0","0","0","0","0","0","0","0","0","0","0","0","0","0","1","0","0","0","0","0","0","0","0","0","0","0","0","0","0","0","0","0","0","0","0","0","0"
"0x7b03637af9c0","      LDGSTS.E.BYPASS.128 desc[UR20][R28.64], P2, [R149+0x11800]","12","11","12","32768","1048576","1048576","32","32","0","0","0","Global,Shared","Load,Store","128","130048","4","0","131072","131072","0","520192","520192","","0","0","0","0","0","0","0","0","0","0","0","0","0","0","0","1","0","0","0","1","0","0","0","10","0","0","0","0","0","0","0","0","0","1","0","0","0","0","0","0","0","10"
"0x7b03637af9d0","      ISETP.GE.AND P2, PT, R30, UR22, PT","3","0","3","32768","1048576","1048576","32","32","0","0","0","-","-","-","0","0","0","0","0","0","0","0","-","0","0","0","0","0","0","0","0","0","0","0","0","0","0","0","0","0","0","0","3","0","0","0","0","0","0","0","0","0","0","0","0","0","0","0","0","0","0","0","0","0","0"
"0x7b03637af9e0","      LOP3.LUT R30, R147, 0x50, RZ, 0xfc, !PT","1","0","1","32768","1048576","1048576","32","32","0","0","0","-","-","-","0","0","0","0","0","0","0","0","-","0","0","0","0","0","0","0","0","0","0","0","0","0","0","0","0","0","0","0","1","0","0","0","0","0","0","0","0","0","0","0","0","0","0","0","0","0","0","0","0","0","0"
"0x7b03637af9f0","      LDGDEPBAR","3","2","3","32768","1048576","1048576","32","32","0","0","0","-","-","-","0","0","0","0","0","0","0","0","-","0","0","0","0","0","0","0","0","0","0","0","0","0","0","0","2","0","0","0","1","0","0","0","0","0","0","0","0","0","0","0","0","0","2","0","0","0","0","0","0","0","0"
"0x7b03637afa00","      SEL R31, RZ, 0x10, P2","1","0","1","32768","1048576","1048576","32","32","0","0","0","-","-","-","0","0","0","0","0","0","0","0","-","0","0","0","0","0","0","0","0","0","0","0","0","0","0","0","0","0","0","0","1","0","0","0","0","0","0","0","0","0","0","0","0","0","0","0","0","0","0","0","0","0","0"
"0x7b03637afa10","      ISETP.GE.AND P2, PT, R30, UR22, PT","5","2","5","32768","1048576","1048576","32","32","0","0","0","-","-","-","0","0","0","0","0","0","0","0","-","0","0","0","0","0","0","0","0","0","0","0","0","0","0","0","0","0","0","0","3","0","0","0","2","0","0","0","0","0","0","0","0","0","0","0","0","0","0","0","0","0","2"
"0x7b03637afa20","      LOP3.LUT R30, R147, 0x60, RZ, 0xfc, !PT","2","0","2","32768","1048576","1048576","32","32","0","0","0","-","-","-","0","0","0","0","0","0","0","0","-","0","0","0","0","0","0","0","0","0","0","0","0","0","0","0","0","0","0","0","2","0","0","0","0","0","0","0","0","0","0","0","0","0","0","0","0","0","0","0","0","0","0"
"0x7b03637afa30","      SEL R32, RZ, 0x10, P2","62","53","62","32768","1048576","1048576","32","32","0","0","0","-","-","-","0","0","0","0","0","0","0","0","-","0","0","0","0","0","0","0","0","0","0","0","0","56","0","0","0","0","0","2","1","0","0","0","3","0","0","0","0","0","0","50","0","0","0","0","0","0","0","0","0","0","3"
"0x7b03637afa40","      ISETP.GE.AND P2, PT, R30, UR22, PT","2","2","2","32768","1048576","1048576","32","32","0","0","0","-","-","-","0","0","0","0","0","0","0","0","-","0","0","0","0","0","0","0","0","0","0","0","0","0","0","0","0","0","0","0","0","0","0","0","2","0","0","0","0","0","0","0","0","0","0","0","0","0","0","0","0","0","2"
"0x7b03637afa50","      LOP3.LUT R24, R147, 0x70, RZ, 0xfc, !PT","7","3","7","32768","1048576","1048576","32","32","0","0","0","-","-","-","0","0","0","0","0","0","0","0","-","0","0","0","0","0","0","0","0","0","0","0","0","0","0","0","0","0","0","0","4","0","0","0","3","0","0","0","0","0","0","0","0","0","0","0","0","0","0","0","0","0","3"
"0x7b03637afa60","      SEL R25, RZ, 0x10, P2","5","3","5","32768","1048576","1048576","32","32","0","0","0","-","-","-","0","0","0","0","0","0","0","0","-","0","0","0","0","0","0","0","0","0","0","0","0","0","0","0","0","0","0","1","1","0","0","0","3","0","0","0","0","0","0","0","0","0","0","0","0","0","0","0","0","0","3"
"0x7b03637afa70","      ISETP.GE.AND P2, PT, R24, UR22, PT","5","0","5","32768","1048576","1048576","32","32","0","0","0","-","-","-","0","0","0","0","0","0","0","0","-","0","0","0","0","0","0","0","0","0","0","0","0","0","0","0","0","0","0","0","5","0","0","0","0","0","0","0","0","0","0","0","0","0","0","0","0","0","0","0","0","0","0"
"0x7b03637afa80","      SEL R24, RZ, 0x10, P2","7","3","7","32768","1048576","1048576","32","32","0","0","0","-","-","-","0","0","0","0","0","0","0","0","-","0","0","0","0","0","0","0","0","0","0","0","0","0","0","0","0","0","0","0","3","0","0","0","4","0","0","0","0","0","0","0","0","0","0","0","0","0","0","0","0","0","3"
"0x7b03637afa90","      ISETP.GT.AND P2, PT, R18, 0x40, PT","2","1","2","32768","1048576","1048576","32","32","0","0","0","-","-","-","0","0","0","0","0","0","0","0","-","0","0","0","0","0","0","0","0","0","0","0","0","0","0","0","0","0","0","0","1","0","0","0","1","0","0","0","0","0","0","0","0","0","0","0","0","0","0","0","0","0","1"
"0x7b03637afaa0","      SEL R36, R25, RZ, P2","9","4","9","32768","1048576","1048576","32","32","0","0","0","-","-","-","0","0","0","0","0","0","0","0","-","0","0","0","0","0","0","0","0","0","0","0","0","0","0","0","0","0","0","1","4","0","0","0","4","0","0","0","0","0","0","0","0","0","0","0","0","0","0","0","0","0","4"
"0x7b03637afab0","      IMAD R25, R140, 0x40, R75","2","0","2","32768","1048576","1048576","32","32","0","0","0","-","-","-","0","0","0","0","0","0","0","0","-","0","0","0","0","0","0","0","0","0","0","0","0","0","0","0","0","0","0","0","2","0","0","0","0","0","0","0","0","0","0","0","0","0","0","0","0","0","0","0","0","0","0"
"0x7b03637afac0","      SEL R34, R31, RZ, P2","3","0","3","32768","1048576","1048576","32","32","0","0","0","-","-","-","0","0","0","0","0","0","0","0","-","0","0","0","0","0","0","0","0","0","0","0","0","0","0","0","0","0","0","0","3","0","0","0","0","0","0","0","0","0","0","0","0","0","0","0","0","0","0","0","0","0","0"
"0x7b03637afad0","      IMAD R27, R140, 0x50, R75","1","0","1","32768","1048576","1048576","32","32","0","0","0","-","-","-","0","0","0","0","0","0","0","0","-","0","0","0","0","0","0","0","0","0","0","0","0","0","0","0","0","0","0","0","1","0","0","0","0","0","0","0","0","0","0","0","0","0","0","0","0","0","0","0","0","0","0"
"0x7b03637afae0","      SEL R35, R32, RZ, P2","3","0","3","32768","1048576","1048576","32","32","0","0","0","-","-","-","0","0","0","0","0","0","0","0","-","0","0","0","0","0","0","0","0","0","0","0","0","0","0","0","0","0","0","0","3","0","0","0","0","0","0","0","0","0","0","0","0","0","0","0","0","0","0","0","0","0","0"
"0x7b03637afaf0","      SEL R37, R24, RZ, P2","4","1","4","32768","1048576","1048576","32","32","0","0","0","-","-","-","0","0","0","0","0","0","0","0","-","0","0","0","0","0","0","0","0","0","0","0","0","0","0","0","0","0","0","1","2","0","0","0","1","0","0","0","0","0","0","0","0","0","0","0","0","0","0","0","0","0","1"
"0x7b03637afb00","      LEA R24, P2, R25, R4, 0x1","5","4","5","32768","1048576","1048576","32","32","0","0","0","-","-","-","0","0","0","0","0","0","0","0","-","0","0","0","0","0","0","0","0","0","0","0","0","0","0","0","0","0","0","0","1","0","0","0","4","0","0","0","0","0","0","0","0","0","0","0","0","0","0","0","0","0","4"
"0x7b03637afb10","      IMAD R29, R140, 0x60, R75","1","1","1","32768","1048576","1048576","32","32","0","0","0","-","-","-","0","0","0","0","0","0","0","0","-","0","0","0","0","0","0","0","0","0","0","0","0","1","0","0","0","0","0","0","0","0","0","0","0","0","0","0","0","0","0","1","0","0","0","0","0","0","0","0","0","0","0"
"0x7b03637afb20","      LEA.HI.X.SX32 R25, R25, R5, 0x1, P2","4","2","4","32768","1048576","1048576","32","32","0","0","0","-","-","-","0","0","0","0","0","0","0","0","-","0","0","0","0","0","0","0","0","0","0","0","0","0","0","0","0","0","0","0","1","0","0","0","3","0","0","0","0","0","0","0","0","0","0","0","0","0","0","0","0","0","2"
"0x7b03637afb30","      LEA R26, P2, R27, R4, 0x1","3","1","3","32768","1048576","1048576","32","32","0","0","0","-","-","-","0","0","0","0","0","0","0","0","-","0","0","0","0","0","0","0","0","0","0","0","0","0","0","0","0","0","0","0","2","0","0","0","1","0","0","0","0","0","0","0","0","0","0","0","0","0","0","0","0","0","1"
"0x7b03637afb40","      IMAD R31, R140, 0x70, R75","1","0","1","32768","1048576","1048576","32","32","0","0","0","-","-","-","0","0","0","0","0","0","0","0","-","0","0","0","0","0","0","0","0","0","0","0","0","0","0","0","0","0","0","0","1","0","0","0","0","0","0","0","0","0","0","0","0","0","0","0","0","0","0","0","0","0","0"
"0x7b03637afb50","      LEA.HI.X.SX32 R27, R27, R5, 0x1, P2","7","3","7","32768","1048576","1048576","32","32","0","0","0","-","-","-","0","0","0","0","0","0","0","0","-","0","0","0","0","0","0","0","0","0","0","0","0","0","1","0","0","0","0","1","2","0","0","0","3","0","0","0","0","0","0","0","0","0","0","0","0","0","0","0","0","0","3"
"0x7b03637afb60","      LEA R28, P2, R29, R4, 0x1","2","0","2","32768","1048576","1048576","32","32","0","0","0","-","-","-","0","0","0","0","0","0","0","0","-","0","0","0","0","0","0","0","0","0","0","0","0","0","0","0","0","0","0","0","2","0","0","0","0","0","0","0","0","0","0","0","0","0","0","0","0","0","0","0","0","0","0"
"0x7b03637afb70","      IMAD R33, R139, 0x40, R84","0","0","0","32768","1048576","1048576","32","32","0","0","0","-","-","-","0","0","0","0","0","0","0","0","-","0","0","0","0","0","0","0","0","0","0","0","0","0","0","0","0","0","0","0","0","0","0","0","0","0","0","0","0","0","0","0","0","0","0","0","0","0","0","0","0","0","0"
"0x7b03637afb80","      LEA.HI.X.SX32 R29, R29, R5, 0x1, P2","5","2","5","32768","1048576","1048576","32","32","0","0","0","-","-","-","0","0","0","0","0","0","0","0","-","0","0","0","0","0","0","0","0","0","0","0","0","0","0","0","0","0","0","0","3","0","0","0","2","0","0","0","0","0","0","0","0","0","0","0","0","0","0","0","0","0","2"
"0x7b03637afb90","      LEA R30, P2, R31, R4, 0x1","6","2","6","32768","1048576","1048576","32","32","0","0","0","-","-","-","0","0","0","0","0","0","0","0","-","0","0","0","0","0","0","0","0","0","0","0","0","0","0","0","0","0","0","0","4","0","0","0","2","0","0","0","0","0","0","0","0","0","0","0","0","0","0","0","0","0","2"
"0x7b03637afba0","      LEA.HI.X.SX32 R31, R31, R5, 0x1, P2","9","7","9","32768","1048576","1048576","32","32","0","0","0","-","-","-","0","0","0","0","0","0","0","0","-","0","0","0","0","0","0","0","0","0","0","0","0","0","0","0","0","0","0","0","2","0","0","0","7","0","0","0","0","0","0","0","0","0","0","0","0","0","0","0","0","0","7"
"0x7b03637afbb0","      LEA R32, P2, R33, R2, 0x1","2","0","2","32768","1048576","1048576","32","32","0","0","0","-","-","-","0","0","0","0","0","0","0","0","-","0","0","0","0","0","0","0","0","0","0","0","0","0","0","0","0","0","0","1","1","0","0","0","0","0","0","0","0","0","0","0","0","0","0","0","0","0","0","0","0","0","0"
"0x7b03637afbc0","      ISETP.NE.U32.AND P5, PT, R34, RZ, PT","5","2","5","32768","1048576","1048576","32","32","0","0","0","-","-","-","0","0","0","0","0","0","0","0","-","0","0","0","0","0","0","0","0","0","0","0","0","0","0","0","0","0","0","0","3","0","0","0","2","0","0","0","0","0","0","0","0","0","0","0","0","0","0","0","0","0","2"
"0x7b03637afbd0","      BAR.SYNC.DEFER_BLOCKING 0x0","5","0","5","32768","1048576","1048576","32","32","0","0","0","-","-","-","0","0","0","0","0","0","0","0","-","0","0","0","0","0","0","0","0","0","0","0","0","0","0","0","0","0","0","0","5","0","0","0","0","0","0","0","0","0","0","0","0","0","0","0","0","0","0","0","0","0","0"
"0x7b03637afbe0","      ISETP.NE.U32.AND P4, PT, R35, RZ, PT","1","0","1","32768","1048576","1048576","32","32","0","0","0","-","-","-","0","0","0","0","0","0","0","0","-","0","0","0","0","0","0","0","0","0","0","0","0","0","0","0","0","0","0","0","1","0","0","0","0","0","0","0","0","0","0","0","0","0","0","0","0","0","0","0","0","0","0"
"0x7b03637afbf0","      LEA.HI.X.SX32 R33, R33, R3, 0x1, P2","9","4","9","32768","1048576","1048576","32","32","0","0","0","-","-","-","0","0","0","0","0","0","0","0","-","0","0","0","0","0","0","0","0","0","0","0","0","0","0","0","0","0","0","1","4","0","0","0","4","0","0","0","0","0","0","0","0","0","0","0","0","0","0","0","0","0","4"
"0x7b03637afc00","      ISETP.NE.U32.AND P3, PT, R36, RZ, PT","4","1","4","32768","1048576","1048576","32","32","0","0","0","-","-","-","0","0","0","0","0","0","0","0","-","0","0","0","0","0","0","0","0","0","0","0","0","0","1","0","0","0","0","0","3","0","0","0","0","0","0","0","0","0","0","0","1","0","0","0","0","0","0","0","0","0","0"
"0x7b03637afc10","      ISETP.NE.U32.AND P2, PT, R37, RZ, PT","7","3","7","32768","1048576","1048576","32","32","0","0","0","-","-","-","0","0","0","0","0","0","0","0","-","0","0","0","0","0","0","0","0","0","0","0","0","0","1","0","0","0","0","0","4","0","0","0","2","0","0","0","0","0","0","0","1","0","0","0","0","0","0","0","0","0","2"
"0x7b03637afc20","      IMAD R35, R139, 0x50, R84","0","0","0","32768","1048576","1048576","32","32","0","0","0","-","-","-","0","0","0","0","0","0","0","0","-","0","0","0","0","0","0","0","0","0","0","0","0","0","0","0","0","0","0","0","0","0","0","0","0","0","0","0","0","0","0","0","0","0","0","0","0","0","0","0","0","0","0"
"0x7b03637afc30","@!PT  LDS RZ, [RZ]","614","559","614","32768","1048576","0","32","0","32","32","0","","Load","32","0","0","0","0","0","0","0","0","-","0","0","0","0","0","0","611","0","0","0","0","0","0","0","0","0","0","0","3","0","0","0","0","0","559","0","0","0","0","0","0","0","0","0","0","0","0","0","0","0","0","0"
"0x7b03637afc40","@!PT  LDS RZ, [RZ]","2","0","2","32768","1048576","0","32","0","0","32","0","","Load","32","0","0","0","0","0","0","0","0","-","0","0","0","0","0","0","0","0","0","0","0","0","0","0","0","0","0","0","0","2","0","0","0","0","0","0","0","0","0","0","0","0","0","0","0","0","0","0","0","0","0","0"
"0x7b03637afc50","@!PT  LDS RZ, [RZ]","1","0","1","32768","1048576","0","32","0","0","32","0","","Load","32","0","0","0","0","0","0","0","0","-","0","0","0","0","0","0","0","0","0","0","0","0","0","0","0","0","0","0","0","1","0","0","0","0","0","0","0","0","0","0","0","0","0","0","0","0","0","0","0","0","0","0"
"0x7b03637afc60","      LDGSTS.E.BYPASS.128 desc[UR20][R24.64], P5, [R149+0x4000]","1","0","1","32768","1048576","1048576","32","32","32","0","0","Global,Shared","Load,Store","128","130048","4","0","131072","131072","0","520192","520192","","0","0","0","0","0","0","0","0","0","0","0","0","0","0","0","0","0","0","0","1","0","0","0","0","0","0","0","0","0","0","0","0","0","0","0","0","0","0","0","0","0","0"
"0x7b03637afc70","      LDGSTS.E.BYPASS.128 desc[UR20][R26.64], P4, [R149+0x4800]","11","4","11","32768","1048576","1048576","32","32","0","0","0","Global,Shared","Load,Store","128","130048","4","0","131072","131072","0","520192","520192","","0","0","0","0","0","0","0","0","0","0","0","0","0","0","0","0","0","0","0","4","0","0","0","7","0","0","0","0","0","0","0","0","0","0","0","0","0","0","0","0","0","4"
"0x7b03637afc80","      LDGSTS.E.BYPASS.128 desc[UR20][R28.64], P3, [R149+0x5000]","4","2","4","32768","1048576","1048576","32","32","0","0","0","Global,Shared","Load,Store","128","130048","4","0","131072","131072","0","520192","520192","","0","0","0","0","0","0","0","0","0","0","0","0","0","0","0","0","0","0","0","1","0","0","0","3","0","0","0","0","0","0","0","0","0","0","0","0","0","0","0","0","0","2"
"0x7b03637afc90","      LDGSTS.E.BYPASS.128 desc[UR20][R30.64], P2, [R149+0x5800]","12","7","12","32768","1048576","1048576","32","32","0","0","0","Global,Shared","Load,Store","128","130048","4","0","131072","131072","0","520192","520192","","0","0","0","0","0","0","0","0","0","0","0","0","0","0","0","4","0","0","0","2","0","0","0","6","0","0","0","0","0","0","0","0","0","4","0","0","0","0","0","0","0","3"
"0x7b03637afca0","      IMAD R25, R139, 0x60, R84","15","8","15","32768","1048576","1048576","32","32","0","0","0","-","-","-","0","0","0","0","0","0","0","0","-","0","0","0","0","0","0","0","0","0","0","0","0","10","0","0","0","0","0","0","5","0","0","0","0","0","0","0","0","0","0","8","0","0","0","0","0","0","0","0","0","0","0"
"0x7b03637afcb0","      LDGDEPBAR","4","2","4","32768","1048576","1048576","32","32","0","0","0","-","-","-","0","0","0","0","0","0","0","0","-","0","0","0","0","0","0","0","0","0","0","0","0","0","0","0","1","0","0","0","2","0","0","0","1","0","0","0","0","0","0","0","0","0","1","0","0","0","0","0","0","0","1"
"0x7b03637afcc0","      LDGSTS.E.BYPASS.128 desc[UR20][R32.64], P5, [R149+0x14000]","7","4","7","32768","1048576","1048576","32","32","0","0","0","Global,Shared","Load,Store","128","130048","4","0","131072","131072","0","520192","520192","","0","0","0","0","0","0","0","0","0","0","0","0","0","0","0","0","0","0","0","3","0","0","0","4","0","0","0","0","0","0","0","0","0","0","0","0","0","0","0","0","0","4"
"0x7b03637afcd0","      LEA R34, P5, R35, R2, 0x1","1","0","1","32768","1048576","1048576","32","32","0","0","0","-","-","-","0","0","0","0","0","0","0","0","-","0","0","0","0","0","0","0","0","0","0","0","0","0","0","0","0","0","0","0","1","0","0","0","0","0","0","0","0","0","0","0","0","0","0","0","0","0","0","0","0","0","0"
"0x7b03637afce0","      IMAD R27, R139, 0x70, R84","63","50","63","32768","1048576","1048576","32","32","0","0","0","-","-","-","0","0","0","0","0","0","0","0","-","0","0","0","0","0","0","0","0","0","0","0","0","61","0","0","0","0","0","1","1","0","0","0","0","0","0","0","0","0","0","50","0","0","0","0","0","0","0","0","0","0","0"
"0x7b03637afcf0","      LEA.HI.X.SX32 R35, R35, R3, 0x1, P5","8","5","8","32768","1048576","1048576","32","32","0","0","0","-","-","-","0","0","0","0","0","0","0","0","-","0","0","0","0","0","0","0","0","0","0","0","0","0","2","0","0","0","0","0","0","0","0","0","6","0","0","0","0","0","0","0","2","0","0","0","0","0","0","0","0","0","3"
"0x7b03637afd00","      LEA R24, P5, R25, R2, 0x1","3","1","3","32768","1048576","1048576","32","32","0","0","0","-","-","-","0","0","0","0","0","0","0","0","-","0","0","0","0","0","0","0","0","0","0","0","0","0","0","0","0","0","0","0","2","0","0","0","1","0","0","0","0","0","0","0","0","0","0","0","0","0","0","0","0","0","1"
"0x7b03637afd10","      LOP3.LUT R28, R147, 0x80, RZ, 0xfc, !PT","11","2","11","32768","1048576","1048576","32","32","0","0","0","-","-","-","0","0","0","0","0","0","0","0","-","0","0","0","0","0","0","0","0","0","0","0","0","0","6","0","0","0","0","5","0","0","0","0","0","0","0","0","0","0","0","0","2","0","0","0","0","0","0","0","0","0","0"
"0x7b03637afd20","      LDGSTS.E.BYPASS.128 desc[UR20][R34.64], P4, [R149+0x14800]","2","0","2","32768","1048576","1048576","32","32","0","0","0","Global,Shared","Load,Store","128","130048","4","0","131072","131072","0","520192","520192","","0","0","0","0","0","0","0","0","1","0","0","0","0","0","0","0","0","0","0","1","0","0","0","0","0","0","0","0","0","0","0","0","0","0","0","0","0","0","0","0","0","0"
"0x7b03637afd30","      LEA.HI.X.SX32 R25, R25, R3, 0x1, P5","1","0","1","32768","1048576","1048576","32","32","0","0","0","-","-","-","0","0","0","0","0","0","0","0","-","0","0","0","0","0","0","0","0","0","0","0","0","0","0","0","0","0","0","0","1","0","0","0","0","0","0","0","0","0","0","0","0","0","0","0","0","0","0","0","0","0","0"
"0x7b03637afd40","      LEA R26, P5, R27, R2, 0x1","3","2","3","32768","1048576","1048576","32","32","0","0","0","-","-","-","0","0","0","0","0","0","0","0","-","0","0","0","0","0","0","0","0","0","0","0","0","0","1","0","0","0","0","0","1","0","0","0","1","0","0","0","0","0","0","0","1","0","0","0","0","0","0","0","0","0","1"
"0x7b03637afd50","      LDGSTS.E.BYPASS.128 desc[UR20][R24.64], P3, [R149+0x15000]","2","0","2","32768","1048576","1048576","32","32","0","0","0","Global,Shared","Load,Store","128","130048","4","0","131072","131072","0","520192","520192","","0","0","0","0","0","0","0","0","0","0","0","0","0","0","0","0","0","0","0","0","0","0","0","2","0","0","0","0","0","0","0","0","0","0","0","0","0","0","0","0","0","0"
"0x7b03637afd60","      LEA.HI.X.SX32 R27, R27, R3, 0x1, P5","3","0","3","32768","1048576","1048576","32","32","0","0","0","-","-","-","0","0","0","0","0","0","0","0","-","0","0","0","0","0","0","0","0","0","0","0","0","0","0","0","0","0","0","0","3","0","0","0","0","0","0","0","0","0","0","0","0","0","0","0","0","0","0","0","0","0","0"
"0x7b03637afd70","      LDGSTS.E.BYPASS.128 desc[UR20][R26.64], P2, [R149+0x15800]","9","5","9","32768","1048576","1048576","32","32","0","0","0","Global,Shared","Load,Store","128","130048","4","0","131072","131072","0","520192","520192","","0","0","0","0","0","0","0","0","0","0","0","1","0","0","0","0","0","0","0","4","0","0","0","4","0","0","0","0","0","1","0","0","0","0","0","0","0","0","0","0","0","4"
"0x7b03637afd80","      ISETP.GE.AND P2, PT, R28, UR22, PT","3","0","3","32768","1048576","1048576","32","32","0","0","0","-","-","-","0","0","0","0","0","0","0","0","-","0","0","0","0","0","0","0","0","0","0","0","0","0","0","0","0","0","0","0","3","0","0","0","0","0","0","0","0","0","0","0","0","0","0","0","0","0","0","0","0","0","0"
"0x7b03637afd90","      LOP3.LUT R28, R147, 0x90, RZ, 0xfc, !PT","5","2","5","32768","1048576","1048576","32","32","0","0","0","-","-","-","0","0","0","0","0","0","0","0","-","0","0","0","0","0","0","0","0","0","0","0","0","0","0","0","0","0","0","0","3","0","0","0","2","0","0","0","0","0","0","0","0","0","0","0","0","0","0","0","0","0","2"
"0x7b03637afda0","      LDGDEPBAR","6","3","6","32768","1048576","1048576","32","32","0","0","0","-","-","-","0","0","0","0","0","0","0","0","-","0","0","0","0","0","0","0","0","0","0","0","3","0","0","0","0","0","0","0","3","0","0","0","0","0","0","0","0","0","3","0","0","0","0","0","0","0","0","0","0","0","0"
"0x7b03637afdb0","      SEL R29, RZ, 0x10, P2","6","0","6","32768","1048576","1048576","32","32","0","0","0","-","-","-","0","0","0","0","0","0","0","0","-","0","0","0","0","0","0","0","0","0","0","0","0","0","0","0","0","0","0","0","6","0","0","0","0","0","0","0","0","0","0","0","0","0","0","0","0","0","0","0","0","0","0"
"0x7b03637afdc0","      ISETP.GE.AND P2, PT, R28, UR22, PT","4","1","4","32768","1048576","1048576","32","32","0","0","0","-","-","-","0","0","0","0","0","0","0","0","-","0","0","0","0","0","0","0","0","0","0","0","0","0","0","0","0","0","0","0","3","0","0","0","1","0","0","0","0","0","0","0","0","0","0","0","0","0","0","0","0","0","1"
"0x7b03637afdd0","      LOP3.LUT R28, R147, 0xa0, RZ, 0xfc, !PT","2","0","2","32768","1048576","1048576","32","32","0","0","0","-","-","-","0","0","0","0","0","0","0","0","-","0","0","0","0","0","0","0","0","0","0","0","0","0","0","0","0","0","0","0","2","0","0","0","0","0","0","0","0","0","0","0","0","0","0","0","0","0","0","0","0","0","0"
"0x7b03637afde0","      SEL R30, RZ, 0x10, P2","8","3","8","32768","1048576","1048576","32","32","0","0","0","-","-","-","0","0","0","0","0","0","0","0","-","0","0","0","0","0","0","0","0","0","0","0","0","0","0","0","0","0","0","0","5","0","0","0","3","0","0","0","0","0","0","0","0","0","0","0","0","0","0","0","0","0","3"
"0x7b03637afdf0","      ISETP.GE.AND P2, PT, R28, UR22, PT","9","5","9","32768","1048576","1048576","32","32","0","0","0","-","-","-","0","0","0","0","0","0","0","0","-","0","0","0","0","0","0","0","0","0","0","0","0","0","2","0","0","0","0","2","1","0","0","0","4","0","0","0","0","0","0","0","1","0","0","0","0","0","0","0","0","0","4"
"0x7b03637afe00","      LOP3.LUT R24, R147, 0xb0, RZ, 0xfc, !PT","143","103","143","32768","1048576","1048576","32","32","0","0","0","-","-","-","0","0","0","0","0","0","0","0","-","0","0","0","0","0","0","0","0","0","0","0","0","133","1","0","0","0","0","0","4","0","0","0","5","0","0","0","0","0","0","99","0","0","0","0","0","0","0","0","0","0","4"
"0x7b03637afe10","      SEL R28, RZ, 0x10, P2","6","3","6","32768","1048576","1048576","32","32","0","0","0","-","-","-","0","0","0","0","0","0","0","0","-","0","0","0","0","0","0","0","0","0","0","0","0","0","0","0","0","0","0","0","3","0","0","0","3","0","0","0","0","0","0","0","0","0","0","0","0","0","0","0","0","0","3"
"0x7b03637afe20","      ISETP.GE.AND P2, PT, R24, UR22, PT","5","3","5","32768","1048576","1048576","32","32","0","0","0","-","-","-","0","0","0","0","0","0","0","0","-","0","0","0","0","0","0","0","0","0","0","0","0","0","0","0","0","0","0","0","2","0","0","0","3","0","0","0","0","0","0","0","0","0","0","0","0","0","0","0","0","0","3"
"0x7b03637afe30","      IMAD R25, R140, 0x80, R75","3","0","3","32768","1048576","1048576","32","32","0","0","0","-","-","-","0","0","0","0","0","0","0","0","-","0","0","0","0","0","0","0","0","0","0","0","0","0","0","0","0","0","0","0","3","0","0","0","0","0","0","0","0","0","0","0","0","0","0","0","0","0","0","0","0","0","0"
"0x7b03637afe40","      SEL R24, RZ, 0x10, P2","7","1","7","32768","1048576","1048576","32","32","0","0","0","-","-","-","0","0","0","0","0","0","0","0","-","0","0","0","0","0","0","0","0","0","0","0","0","0","2","0","0","0","0","1","2","0","0","0","2","0","0","0","0","0","0","0","0","0","0","0","0","0","0","0","0","0","1"
"0x7b03637afe50","      ISETP.GT.AND P2, PT, R18, 0x80, PT","3","3","3","32768","1048576","1048576","32","32","0","0","0","-","-","-","0","0","0","0","0","0","0","0","-","0","0","0","0","0","0","0","0","0","0","0","0","0","0","0","0","0","0","0","0","0","0","0","3","0","0","0","0","0","0","0","0","0","0","0","0","0","0","0","0","0","3"
"0x7b03637afe60","      IMAD R27, R140, 0x90, R75","4","3","4","32768","1048576","1048576","32","32","0","0","0","-","-","-","0","0","0","0","0","0","0","0","-","0","0","0","0","0","0","0","0","0","0","0","0","3","0","0","0","0","0","0","1","0","0","0","0","0","0","0","0","0","0","3","0","0","0","0","0","0","0","0","0","0","0"
"0x7b03637afe70","      SEL R34, R29, RZ, P2","7","4","7","32768","1048576","1048576","32","32","0","0","0","-","-","-","0","0","0","0","0","0","0","0","-","0","0","0","0","0","0","0","0","0","0","0","0","0","1","0","0","0","0","1","2","0","0","0","3","0","0","0","0","0","0","0","1","0","0","0","0","0","0","0","0","0","3"
"0x7b03637afe80","      SEL R35, R30, RZ, P2","1","1","1","32768","1048576","1048576","32","32","0","0","0","-","-","-","0","0","0","0","0","0","0","0","-","0","0","0","0","0","0","0","0","0","0","0","0","0","0","0","0","0","0","0","0","0","0","0","1","0","0","0","0","0","0","0","0","0","0","0","0","0","0","0","0","0","1"
"0x7b03637afe90","      SEL R36, R28, RZ, P2","3","2","3","32768","1048576","1048576","32","32","0","0","0","-","-","-","0","0","0","0","0","0","0","0","-","0","0","0","0","0","0","0","0","0","0","0","0","0","0","0","0","0","0","0","1","0","0","0","2","0","0","0","0","0","0","0","0","0","0","0","0","0","0","0","0","0","2"
"0x7b03637afea0","      SEL R37, R24, RZ, P2","3","0","3","32768","1048576","1048576","32","32","0","0","0","-","-","-","0","0","0","0","0","0","0","0","-","0","0","0","0","0","0","0","0","0","0","0","0","0","0","0","0","0","0","0","3","0","0","0","0","0","0","0","0","0","0","0","0","0","0","0","0","0","0","0","0","0","0"
"0x7b03637afeb0","      LEA R24, P2, R25, R4, 0x1","6","1","6","32768","1048576","1048576","32","32","0","0","0","-","-","-","0","0","0","0","0","0","0","0","-","0","0","0","0","0","0","0","0","0","0","0","0","0","0","0","0","0","0","0","5","0","0","0","1","0","0","0","0","0","0","0","0","0","0","0","0","0","0","0","0","0","1"
"0x7b03637afec0","      IMAD R29, R140, 0xa0, R75","3","0","3","32768","1048576","1048576","32","32","0","0","0","-","-","-","0","0","0","0","0","0","0","0","-","0","0","0","0","0","0","0","0","0","0","0","0","0","0","0","0","0","0","0","3","0","0","0","0","0","0","0","0","0","0","0","0","0","0","0","0","0","0","0","0","0","0"
"0x7b03637afed0","      LEA.HI.X.SX32 R25, R25, R5, 0x1, P2","6","4","6","32768","1048576","1048576","32","32","0","0","0","-","-","-","0","0","0","0","0","0","0","0","-","0","0","0","0","0","0","0","0","0","0","0","0","0","0","0","0","0","0","0","2","0","0","0","4","0","0","0","0","0","0","0","0","0","0","0","0","0","0","0","0","0","4"
"0x7b03637afee0","      LEA R26, P2, R27, R4, 0x1","7","3","7","32768","1048576","1048576","32","32","0","0","0","-","-","-","0","0","0","0","0","0","0","0","-","0","0","0","0","0","0","0","0","0","0","0","0","0","0","0","0","0","0","0","4","0","0","0","3","0","0","0","0","0","0","0","0","0","0","0","0","0","0","0","0","0","3"
"0x7b03637afef0","      IMAD R75, R140, 0xb0, R75","2","0","2","32768","1048576","1048576","32","32","0","0","0","-","-","-","0","0","0","0","0","0","0","0","-","0","0","0","0","0","0","0","0","0","0","0","0","0","0","0","0","0","0","0","2","0","0","0","0","0","0","0","0","0","0","0","0","0","0","0","0","0","0","0","0","0","0"
"0x7b03637aff00","      LEA.HI.X.SX32 R27, R27, R5, 0x1, P2","6","3","6","32768","1048576","1048576","32","32","0","0","0","-","-","-","0","0","0","0","0","0","0","0","-","0","0","0","0","0","0","0","0","0","0","0","0","0","0","0","0","0","0","0","3","0","0","0","3","0","0","0","0","0","0","0","0","0","0","0","0","0","0","0","0","0","3"
"0x7b03637aff10","      LEA R28, P2, R29, R4, 0x1","7","4","7","32768","1048576","1048576","32","32","0","0","0","-","-","-","0","0","0","0","0","0","0","0","-","0","0","0","0","0","0","0","0","0","0","0","0","0","0","0","0","0","0","0","3","0","0","0","4","0","0","0","0","0","0","0","0","0","0","0","0","0","0","0","0","0","4"
"0x7b03637aff20","      IMAD R33, R139, 0x80, R84","2","0","2","32768","1048576","1048576","32","32","0","0","0","-","-","-","0","0","0","0","0","0","0","0","-","0","0","0","0","0","0","0","0","0","0","0","0","0","0","0","0","0","0","0","2","0","0","0","0","0","0","0","0","0","0","0","0","0","0","0","0","0","0","0","0","0","0"
"0x7b03637aff30","      LEA.HI.X.SX32 R29, R29, R5, 0x1, P2","6","2","6","32768","1048576","1048576","32","32","0","0","0","-","-","-","0","0","0","0","0","0","0","0","-","0","0","0","0","0","0","0","0","0","0","0","0","0","1","0","0","0","0","0","1","0","0","0","4","0","0","0","0","0","0","0","0","0","0","0","0","0","0","0","0","0","2"
"0x7b03637aff40","      LEA R30, P2, R75, R4, 0x1","3","2","3","32768","1048576","1048576","32","32","0","0","0","-","-","-","0","0","0","0","0","0","0","0","-","0","0","0","0","0","0","0","0","0","0","0","0","0","0","0","0","0","0","0","1","0","0","0","2","0","0","0","0","0","0","0","0","0","0","0","0","0","0","0","0","0","2"
"0x7b03637aff50","      LEA.HI.X.SX32 R31, R75, R5, 0x1, P2","8","5","8","32768","1048576","1048576","32","32","0","0","0","-","-","-","0","0","0","0","0","0","0","0","-","0","0","0","0","0","0","0","0","0","0","0","0","0","0","0","0","0","0","1","2","0","0","0","5","0","0","0","0","0","0","0","0","0","0","0","0","0","0","0","0","0","5"
"0x7b03637aff60","      LEA R32, P2, R33, R2, 0x1","5","4","5","32768","1048576","1048576","32","32","0","0","0","-","-","-","0","0","0","0","0","0","0","0","-","0","0","0","0","0","0","0","0","0","0","0","0","0","0","0","0","0","0","0","1","0","0","0","4","0","0","0","0","0","0","0","0","0","0","0","0","0","0","0","0","0","4"
"0x7b03637aff70","      ISETP.NE.U32.AND P5, PT, R34, RZ, PT","6","3","6","32768","1048576","1048576","32","32","0","0","0","-","-","-","0","0","0","0","0","0","0","0","-","0","0","0","0","0","0","0","0","0","0","0","0","0","0","0","0","0","0","0","3","0","0","0","3","0","0","0","0","0","0","0","0","0","0","0","0","0","0","0","0","0","3"
"0x7b03637aff80","      BAR.SYNC.DEFER_BLOCKING 0x0","0","0","0","32768","1048576","1048576","32","32","0","0","0","-","-","-","0","0","0","0","0","0","0","0","-","0","0","0","0","0","0","0","0","0","0","0","0","0","0","0","0","0","0","0","0","0","0","0","0","0","0","0","0","0","0","0","0","0","0","0","0","0","0","0","0","0","0"
"0x7b03637aff90","      ISETP.NE.U32.AND P4, PT, R35, RZ, PT","0","0","0","32768","1048576","1048576","32","32","0","0","0","-","-","-","0","0","0","0","0","0","0","0","-","0","0","0","0","0","0","0","0","0","0","0","0","0","0","0","0","0","0","0","0","0","0","0","0","0","0","0","0","0","0","0","0","0","0","0","0","0","0","0","0","0","0"
"0x7b03637affa0","      LEA.HI.X.SX32 R33, R33, R3, 0x1, P2","5","3","5","32768","1048576","1048576","32","32","0","0","0","-","-","-","0","0","0","0","0","0","0","0","-","0","0","0","0","0","0","0","0","0","0","0","0","0","0","0","0","0","0","0","2","0","0","0","3","0","0","0","0","0","0","0","0","0","0","0","0","0","0","0","0","0","3"
"0x7b03637affb0","      ISETP.NE.U32.AND P3, PT, R36, RZ, PT","5","3","5","32768","1048576","1048576","32","32","0","0","0","-","-","-","0","0","0","0","0","0","0","0","-","0","0","0","0","0","0","0","0","0","0","0","0","0","0","0","0","0","0","0","2","0","0","0","3","0","0","0","0","0","0","0","0","0","0","0","0","0","0","0","0","0","3"
"0x7b03637affc0","      ISETP.NE.U32.AND P2, PT, R37, RZ, PT","4","1","4","32768","1048576","1048576","32","32","0","0","0","-","-","-","0","0","0","0","0","0","0","0","-","0","0","0","0","0","0","0","0","0","0","0","0","0","1","0","0","0","0","2","1","0","0","0","0","0","0","0","0","0","0","0","1","0","0","0","0","0","0","0","0","0","0"
"0x7b03637affd0","      IMAD R35, R139, 0x90, R84","2","0","2","32768","1048576","1048576","32","32","0","0","0","-","-","-","0","0","0","0","0","0","0","0","-","0","0","0","0","0","0","0","0","0","0","0","0","0","0","0","0","0","0","0","2","0","0","0","0","0","0","0","0","0","0","0","0","0","0","0","0","0","0","0","0","0","0"
"0x7b03637affe0","@!PT  LDS RZ, [RZ]","88","54","88","32768","1048576","0","32","0","32","32","0","","Load","32","0","0","0","0","0","0","0","0","-","0","0","0","0","0","0","82","0","0","0","0","0","0","0","0","0","0","0","6","0","0","0","0","0","54","0","0","0","0","0","0","0","0","0","0","0","0","0","0","0","0","0"
"0x7b03637afff0","@!PT  LDS RZ, [RZ]","2","0","2","32768","1048576","0","32","0","0","32","0","","Load","32","0","0","0","0","0","0","0","0","-","0","0","0","0","0","0","0","0","0","0","0","0","0","0","0","0","0","0","0","2","0","0","0","0","0","0","0","0","0","0","0","0","0","0","0","0","0","0","0","0","0","0"
"0x7b03637b0000","@!PT  LDS RZ, [RZ]","2","0","2","32768","1048576","0","32","0","0","32","0","","Load","32","0","0","0","0","0","0","0","0","-","0","0","0","0","0","0","0","0","0","0","0","0","0","0","0","0","0","0","0","2","0","0","0","0","0","0","0","0","0","0","0","0","0","0","0","0","0","0","0","0","0","0"
"0x7b03637b0010","      LDGSTS.E.BYPASS.128 desc[UR20][R24.64], P5, [R149+0x8000]","2","0","2","32768","1048576","1048576","32","32","32","0","0","Global,Shared","Load,Store","128","129024","4","0","131072","131072","0","516096","516096","","0","0","0","0","0","0","0","0","0","0","0","0","0","0","0","0","0","0","0","2","0","0","0","0","0","0","0","0","0","0","0","0","0","0","0","0","0","0","0","0","0","0"
"0x7b03637b0020","      LDGSTS.E.BYPASS.128 desc[UR20][R26.64], P4, [R149+0x8800]","7","0","7","32768","1048576","1048576","32","32","0","0","0","Global,Shared","Load,Store","128","129024","4","0","131072","131072","0","516096","516096","","0","0","0","0","0","0","0","0","0","0","0","0","0","0","0","0","0","0","1","2","0","0","0","4","0","0","0","0","0","0","0","0","0","0","0","0","0","0","0","0","0","0"
"0x7b03637b0030","      LDGSTS.E.BYPASS.128 desc[UR20][R28.64], P3, [R149+0x9000]","7","3","7","32768","1048576","1048576","32","32","0","0","0","Global,Shared","Load,Store","128","129024","4","0","131072","131072","0","516096","516096","","0","0","0","0","0","0","0","0","0","0","0","0","0","0","0","0","0","0","0","1","0","0","0","6","0","0","0","0","0","0","0","0","0","0","0","0","0","0","0","0","0","3"
"0x7b03637b0040","      LDGSTS.E.BYPASS.128 desc[UR20][R30.64], P2, [R149+0x9800]","16","9","16","32768","1048576","1048576","32","32","0","0","0","Global,Shared","Load,Store","128","129024","4","0","131072","131072","0","516096","516096","","0","0","0","0","0","0","0","0","0","0","0","0","0","0","0","8","0","0","0","6","0","0","0","2","0","0","0","0","0","0","0","0","0","8","0","0","0","0","0","0","0","1"
"0x7b03637b0050","      IMAD R25, R139, 0xa0, R84","26","19","26","32768","1048576","1048576","32","32","0","0","0","-","-","-","0","0","0","0","0","0","0","0","-","0","0","0","0","0","0","0","0","0","0","0","0","21","2","0","0","0","0","1","2","0","0","0","0","0","0","0","0","0","0","17","2","0","0","0","0","0","0","0","0","0","0"
"0x7b03637b0060","      LDGDEPBAR","6","1","6","32768","1048576","1048576","32","32","0","0","0","-","-","-","0","0","0","0","0","0","0","0","-","0","0","0","0","0","0","0","0","0","0","0","0","0","0","0","0","0","0","1","3","0","0","0","2","0","0","0","0","0","0","0","0","0","0","0","0","0","0","0","0","0","1"
"0x7b03637b0070","      LDGSTS.E.BYPASS.128 desc[UR20][R32.64], P5, [R149+0x18000]","15","8","15","32768","1048576","1048576","32","32","0","0","0","Global,Shared","Load,Store","128","129024","4","0","131072","131072","0","516096","516096","","0","0","0","0","0","0","0","0","0","0","0","3","0","0","0","0","0","0","0","7","0","0","0","5","0","0","0","0","0","3","0","0","0","0","0","0","0","0","0","0","0","5"
"0x7b03637b0080","      LEA R34, P5, R35, R2, 0x1","3","0","3","32768","1048576","1048576","32","32","0","0","0","-","-","-","0","0","0","0","0","0","0","0","-","0","0","0","0","0","0","0","0","0","0","0","0","0","0","0","0","0","0","0","3","0","0","0","0","0","0","0","0","0","0","0","0","0","0","0","0","0","0","0","0","0","0"
"0x7b03637b0090","      LEA.HI.X.SX32 R35, R35, R3, 0x1, P5","8","6","8","32768","1048576","1048576","32","32","0","0","0","-","-","-","0","0","0","0","0","0","0","0","-","0","0","0","0","0","0","0","0","0","0","0","0","0","0","0","0","0","0","0","2","0","0","0","6","0","0","0","0","0","0","0","0","0","0","0","0","0","0","0","0","0","6"
"0x7b03637b00a0","      LEA R36, P5, R25, R2, 0x1","3","1","3","32768","1048576","1048576","32","32","0","0","0","-","-","-","0","0","0","0","0","0","0","0","-","0","0","0","0","0","0","0","0","0","0","0","0","0","0","0","0","0","0","0","2","0","0","0","1","0","0","0","0","0","0","0","0","0","0","0","0","0","0","0","0","0","1"
"0x7b03637b00b0","      LDGSTS.E.BYPASS.128 desc[UR20][R34.64], P4, [R149+0x18800]","8","5","8","32768","1048576","1048576","32","32","0","0","0","Global,Shared","Load,Store","128","129024","4","0","131072","131072","0","516096","516096","","0","0","0","0","0","0","0","0","0","0","0","1","0","0","0","0","0","0","2","1","0","0","0","4","0","0","0","0","0","1","0","0","0","0","0","0","0","0","0","0","0","4"
"0x7b03637b00c0","      LEA.HI.X.SX32 R37, R25, R3, 0x1, P5","0","0","0","32768","1048576","1048576","32","32","0","0","0","-","-","-","0","0","0","0","0","0","0","0","-","0","0","0","0","0","0","0","0","0","0","0","0","0","0","0","0","0","0","0","0","0","0","0","0","0","0","0","0","0","0","0","0","0","0","0","0","0","0","0","0","0","0"
"0x7b03637b00d0","      IMAD R25, R139, 0xb0, R84","2","0","2","32768","1048576","1048576","32","32","0","0","0","-","-","-","0","0","0","0","0","0","0","0","-","0","0","0","0","0","0","0","0","0","0","0","0","0","0","0","0","0","0","0","2","0","0","0","0","0","0","0","0","0","0","0","0","0","0","0","0","0","0","0","0","0","0"
"0x7b03637b00e0","      LDGSTS.E.BYPASS.128 desc[UR20][R36.64], P3, [R149+0x19000]","28","18","28","32768","1048576","1048576","32","32","0","0","0","Global,Shared","Load,Store","128","129024","4","0","131072","131072","0","516096","516096","","0","0","0","0","0","0","0","0","1","0","0","17","0","0","0","1","0","0","2","2","0","0","0","5","0","0","1","0","0","13","0","0","0","1","0","0","0","0","0","0","0","3"
"0x7b03637b00f0","      LEA R28, P5, R25, R2, 0x1","20","14","20","32768","1048576","1048576","32","32","0","0","0","-","-","-","0","0","0","0","0","0","0","0","-","0","0","0","0","0","0","0","0","0","0","0","0","18","0","0","0","0","0","0","2","0","0","0","0","0","0","0","0","0","0","14","0","0","0","0","0","0","0","0","0","0","0"
"0x7b03637b0100","      LEA.HI.X.SX32 R29, R25, R3, 0x1, P5","10","2","10","32768","1048576","1048576","32","32","0","0","0","-","-","-","0","0","0","0","0","0","0","0","-","0","0","0","0","0","0","0","0","0","0","0","0","0","0","0","0","0","0","0","3","0","0","0","7","0","0","0","0","0","0","0","0","0","0","0","0","0","0","0","0","0","2"
"0x7b03637b0110","      LDGSTS.E.BYPASS.128 desc[UR20][R28.64], P2, [R149+0x19800]","32","30","32","32768","1048576","1048576","32","32","0","0","0","Global,Shared","Load,Store","128","129024","4","0","131072","131072","0","516096","516096","","0","0","0","0","0","0","0","0","0","0","0","19","0","0","0","3","0","0","0","1","0","0","0","9","0","0","0","0","0","19","0","0","0","3","0","0","0","0","0","0","0","8"
"0x7b03637b0120","      ISETP.GE.AND P2, PT, R18, 0x1, PT","1","0","1","32768","1048576","1048576","32","32","0","0","0","-","-","-","0","0","0","0","0","0","0","0","-","0","0","0","0","0","0","0","0","0","0","0","0","0","0","0","0","0","0","0","1","0","0","0","0","0","0","0","0","0","0","0","0","0","0","0","0","0","0","0","0","0","0"
"0x7b03637b0130","      VIADD R148, R18, 0x40","1","0","1","32768","1048576","1048576","32","32","0","0","0","-","-","-","0","0","0","0","0","0","0","0","-","0","0","0","0","0","0","0","0","0","0","0","0","0","0","0","0","0","0","0","1","0","0","0","0","0","0","0","0","0","0","0","0","0","0","0","0","0","0","0","0","0","0"
"0x7b03637b0140","      SHF.R.U32.HI R24, RZ, 0x5, R0","1","0","1","32768","1048576","1048576","32","32","0","0","0","-","-","-","0","0","0","0","0","0","0","0","-","0","0","0","0","0","0","0","0","0","0","0","0","0","0","0","0","0","0","0","1","0","0","0","0","0","0","0","0","0","0","0","0","0","0","0","0","0","0","0","0","0","0"
"0x7b03637b0150","      LDGDEPBAR","30","28","30","32768","1048576","1048576","32","32","0","0","0","-","-","-","0","0","0","0","0","0","0","0","-","0","0","0","0","0","0","0","0","0","0","0","19","0","0","0","9","0","0","0","2","0","0","0","0","0","0","0","0","0","19","0","0","0","9","0","0","0","0","0","0","0","0"
"0x7b03637b0160","      LOP3.LUT R152, R148, R147, RZ, 0xfc, !PT","14","7","14","32768","1048576","1048576","32","32","0","0","0","-","-","-","0","0","0","0","0","0","0","0","-","0","0","0","0","0","0","0","0","0","0","0","0","0","0","0","0","0","0","2","4","0","0","0","8","0","0","0","0","0","0","0","0","0","0","0","0","0","0","0","0","0","7"
"0x7b03637b0170","@!PT  LDS RZ, [RZ]","11","9","11","32768","1048576","0","32","0","32","32","0","","Load","32","0","0","0","0","0","0","0","0","-","0","0","0","0","0","0","0","0","0","0","0","0","0","0","0","9","0","0","0","2","0","0","0","0","0","0","0","0","0","0","0","0","0","9","0","0","0","0","0","0","0","0"
"0x7b03637b0180","      MEMBAR.ALL.CTA","39","32","39","32768","1048576","1048576","32","32","32","0","0","-","-","-","0","0","0","0","0","0","0","0","-","0","0","0","0","0","0","0","0","0","0","0","5","0","0","0","30","0","0","2","2","0","0","0","0","0","0","0","0","0","5","0","0","0","27","0","0","0","0","0","0","0","0"
"0x7b03637b0190","      FENCE.VIEW.ASYNC.S","198","178","198","32768","1048576","1048576","32","32","0","0","0","-","-","-","0","0","0","0","0","0","0","0","-","0","0","0","0","0","0","0","0","0","0","0","0","184","0","0","0","0","0","4","3","0","0","0","7","0","0","0","0","0","0","171","0","0","0","0","0","0","0","0","0","0","7"
"0x7b03637b01a0","      R2UR UR23, R24","1","0","1","32768","1048576","1048576","32","32","0","0","0","-","-","-","0","0","0","0","0","0","0","0","-","0","0","0","0","0","0","0","0","0","0","0","0","0","0","0","0","0","0","0","1","0","0","0","0","0","0","0","0","0","0","0","0","0","0","0","0","0","0","0","0","0","0"
"0x7b03637b01b0","      IMAD.MOV.U32 R144, RZ, RZ, -0x800000","0","0","0","32768","1048576","1048576","32","32","0","0","0","-","-","-","0","0","0","0","0","0","0","0","-","0","0","0","0","0","0","0","0","0","0","0","0","0","0","0","0","0","0","0","0","0","0","0","0","0","0","0","0","0","0","0","0","0","0","0","0","0","0","0","0","0","0"
"0x7b03637b01c0","      P2R R168, PR, RZ, 0x40","2","0","2","32768","1048576","1048576","32","32","0","0","0","-","-","-","0","0","0","0","0","0","0","0","-","0","0","0","0","0","0","0","0","0","0","0","0","0","0","0","0","0","0","0","2","0","0","0","0","0","0","0","0","0","0","0","0","0","0","0","0","0","0","0","0","0","0"
"0x7b03637b01d0","      IMAD.MOV.U32 R146, RZ, RZ, RZ","1","0","1","32768","1048576","1048576","32","32","0","0","0","-","-","-","0","0","0","0","0","0","0","0","-","0","0","0","0","0","0","0","0","0","0","0","0","0","0","0","0","0","0","0","1","0","0","0","0","0","0","0","0","0","0","0","0","0","0","0","0","0","0","0","0","0","0"
"0x7b03637b01e0","      CS2R R24, SRZ","2","0","2","32768","1048576","1048576","32","32","0","0","0","-","-","-","0","0","0","0","0","0","0","0","-","0","0","0","0","0","0","0","0","0","0","0","0","0","0","0","0","0","0","0","2","0","0","0","0","0","0","0","0","0","0","0","0","0","0","0","0","0","0","0","0","0","0"
"0x7b03637b01f0","      IMAD.MOV.U32 R145, RZ, RZ, RZ","1","0","1","32768","1048576","1048576","32","32","0","0","0","-","-","-","0","0","0","0","0","0","0","0","-","0","0","0","0","0","0","0","0","0","0","0","0","0","0","0","0","0","0","0","1","0","0","0","0","0","0","0","0","0","0","0","0","0","0","0","0","0","0","0","0","0","0"
"0x7b03637b0200","      CS2R R26, SRZ","0","0","0","32768","1048576","1048576","32","32","0","0","0","-","-","-","0","0","0","0","0","0","0","0","-","0","0","0","0","0","0","0","0","0","0","0","0","0","0","0","0","0","0","0","0","0","0","0","0","0","0","0","0","0","0","0","0","0","0","0","0","0","0","0","0","0","0"
"0x7b03637b0210","      IMAD.MOV.U32 R143, RZ, RZ, -0x800000","2","0","2","32768","1048576","1048576","32","32","0","0","0","-","-","-","0","0","0","0","0","0","0","0","-","0","0","0","0","0","0","0","0","0","0","0","0","0","0","0","0","0","0","0","2","0","0","0","0","0","0","0","0","0","0","0","0","0","0","0","0","0","0","0","0","0","0"
"0x7b03637b0220","      CS2R R28, SRZ","2","0","2","32768","1048576","1048576","32","32","0","0","0","-","-","-","0","0","0","0","0","0","0","0","-","0","0","0","0","0","0","0","0","0","0","0","0","0","0","0","0","0","0","0","2","0","0","0","0","0","0","0","0","0","0","0","0","0","0","0","0","0","0","0","0","0","0"
"0x7b03637b0230","      CS2R R30, SRZ","19","9","19","32768","1048576","1048576","32","32","0","0","0","-","-","-","0","0","0","0","0","0","0","0","-","0","0","0","0","0","0","0","0","0","0","0","0","0","9","0","0","0","0","8","2","0","0","0","0","0","0","0","0","0","0","0","9","0","0","0","0","0","0","0","0","0","0"
"0x7b03637b0240","      CS2R R32, SRZ","4","3","4","32768","1048576","1048576","32","32","0","0","0","-","-","-","0","0","0","0","0","0","0","0","-","0","0","0","0","0","0","0","0","0","0","0","0","0","0","0","0","0","0","0","1","0","0","0","3","0","0","0","0","0","0","0","0","0","0","0","0","0","0","0","0","0","3"
"0x7b03637b0250","      CS2R R34, SRZ","5","3","5","32768","1048576","1048576","32","32","0","0","0","-","-","-","0","0","0","0","0","0","0","0","-","0","0","0","0","0","0","0","0","0","0","0","0","0","0","0","0","0","0","0","2","0","0","0","3","0","0","0","0","0","0","0","0","0","0","0","0","0","0","0","0","0","3"
"0x7b03637b0260","      CS2R R36, SRZ","5","1","5","32768","1048576","1048576","32","32","0","0","0","-","-","-","0","0","0","0","0","0","0","0","-","0","0","0","0","0","0","0","0","0","0","0","0","0","0","0","0","0","0","0","3","0","0","0","2","0","0","0","0","0","0","0","0","0","0","0","0","0","0","0","0","0","1"
"0x7b03637b0270","      CS2R R38, SRZ","8","4","8","32768","1048576","1048576","32","32","0","0","0","-","-","-","0","0","0","0","0","0","0","0","-","0","0","0","0","0","0","0","0","0","0","0","0","0","0","0","0","0","0","0","4","0","0","0","4","0","0","0","0","0","0","0","0","0","0","0","0","0","0","0","0","0","4"
"0x7b03637b0280","      CS2R R40, SRZ","5","3","5","32768","1048576","1048576","32","32","0","0","0","-","-","-","0","0","0","0","0","0","0","0","-","0","0","0","0","0","0","0","0","0","0","0","0","0","0","0","0","0","0","0","2","0","0","0","3","0","0","0","0","0","0","0","0","0","0","0","0","0","0","0","0","0","3"
"0x7b03637b0290","      CS2R R42, SRZ","17","7","17","32768","1048576","1048576","32","32","0","0","0","-","-","-","0","0","0","0","0","0","0","0","-","0","0","0","0","0","0","0","0","0","0","0","0","0","6","0","0","0","0","7","3","0","0","0","1","0","0","0","0","0","0","0","6","0","0","0","0","0","0","0","0","0","1"
"0x7b03637b02a0","      CS2R R44, SRZ","5","3","5","32768","1048576","1048576","32","32","0","0","0","-","-","-","0","0","0","0","0","0","0","0","-","0","0","0","0","0","0","0","0","0","0","0","0","0","1","0","0","0","0","0","1","0","0","0","3","0","0","0","0","0","0","0","0","0","0","0","0","0","0","0","0","0","3"
"0x7b03637b02b0","      CS2R R46, SRZ","4","2","4","32768","1048576","1048576","32","32","0","0","0","-","-","-","0","0","0","0","0","0","0","0","-","0","0","0","0","0","0","0","0","0","0","0","0","0","0","0","0","0","0","0","2","0","0","0","2","0","0","0","0","0","0","0","0","0","0","0","0","0","0","0","0","0","2"
"0x7b03637b02c0","      CS2R R48, SRZ","4","4","4","32768","1048576","1048576","32","32","0","0","0","-","-","-","0","0","0","0","0","0","0","0","-","0","0","0","0","0","0","0","0","0","0","0","0","0","0","0","0","0","0","0","0","0","0","0","4","0","0","0","0","0","0","0","0","0","0","0","0","0","0","0","0","0","4"
"0x7b03637b02d0","      CS2R R50, SRZ","5","2","5","32768","1048576","1048576","32","32","0","0","0","-","-","-","0","0","0","0","0","0","0","0","-","0","0","0","0","0","0","0","0","0","0","0","0","0","0","0","0","0","0","1","2","0","0","0","2","0","0","0","0","0","0","0","0","0","0","0","0","0","0","0","0","0","2"
"0x7b03637b02e0","      CS2R R52, SRZ","4","1","4","32768","1048576","1048576","32","32","0","0","0","-","-","-","0","0","0","0","0","0","0","0","-","0","0","0","0","0","0","0","0","0","0","0","0","0","0","0","0","0","0","0","3","0","0","0","1","0","0","0","0","0","0","0","0","0","0","0","0","0","0","0","0","0","1"
"0x7b03637b02f0","      CS2R R54, SRZ","28","8","28","32768","1048576","1048576","32","32","0","0","0","-","-","-","0","0","0","0","0","0","0","0","-","0","0","0","0","0","0","0","0","0","0","0","0","0","6","0","0","0","0","17","3","0","0","0","2","0","0","0","0","0","0","0","6","0","0","0","0","0","0","0","0","0","2"
"0x7b03637b0300","      CS2R R56, SRZ","5","1","5","32768","1048576","1048576","32","32","0","0","0","-","-","-","0","0","0","0","0","0","0","0","-","0","0","0","0","0","0","0","0","0","0","0","0","0","0","0","0","0","0","0","4","0","0","0","1","0","0","0","0","0","0","0","0","0","0","0","0","0","0","0","0","0","1"
"0x7b03637b0310","      CS2R R58, SRZ","0","0","0","32768","1048576","1048576","32","32","0","0","0","-","-","-","0","0","0","0","0","0","0","0","-","0","0","0","0","0","0","0","0","0","0","0","0","0","0","0","0","0","0","0","0","0","0","0","0","0","0","0","0","0","0","0","0","0","0","0","0","0","0","0","0","0","0"
"0x7b03637b0320","      CS2R R60, SRZ","4","2","4","32768","1048576","1048576","32","32","0","0","0","-","-","-","0","0","0","0","0","0","0","0","-","0","0","0","0","0","0","0","0","0","0","0","0","0","0","0","0","0","0","0","2","0","0","0","2","0","0","0","0","0","0","0","0","0","0","0","0","0","0","0","0","0","2"
"0x7b03637b0330","      CS2R R62, SRZ","5","3","5","32768","1048576","1048576","32","32","0","0","0","-","-","-","0","0","0","0","0","0","0","0","-","0","0","0","0","0","0","0","0","0","0","0","0","0","0","0","0","0","0","0","2","0","0","0","3","0","0","0","0","0","0","0","0","0","0","0","0","0","0","0","0","0","3"
"0x7b03637b0340","      CS2R R64, SRZ","3","3","3","32768","1048576","1048576","32","32","0","0","0","-","-","-","0","0","0","0","0","0","0","0","-","0","0","0","0","0","0","0","0","0","0","0","0","0","0","0","0","0","0","0","0","0","0","0","3","0","0","0","0","0","0","0","0","0","0","0","0","0","0","0","0","0","3"
"0x7b03637b0350","      CS2R R66, SRZ","20","11","20","32768","1048576","1048576","32","32","0","0","0","-","-","-","0","0","0","0","0","0","0","0","-","0","0","0","0","0","0","0","0","0","0","0","0","0","8","0","0","0","0","5","4","0","0","0","3","0","0","0","0","0","0","0","8","0","0","0","0","0","0","0","0","0","3"
"0x7b03637b0360","      CS2R R68, SRZ","4","3","4","32768","1048576","1048576","32","32","0","0","0","-","-","-","0","0","0","0","0","0","0","0","-","0","0","0","0","0","0","0","0","0","0","0","0","0","0","0","0","0","0","0","1","0","0","0","3","0","0","0","0","0","0","0","0","0","0","0","0","0","0","0","0","0","3"
"0x7b03637b0370","      CS2R R70, SRZ","7","2","7","32768","1048576","1048576","32","32","0","0","0","-","-","-","0","0","0","0","0","0","0","0","-","0","0","0","0","0","0","0","0","0","0","0","0","0","0","0","0","0","0","0","5","0","0","0","2","0","0","0","0","0","0","0","0","0","0","0","0","0","0","0","0","0","2"
"0x7b03637b0380","      CS2R R72, SRZ","12","2","12","32768","1048576","1048576","32","32","0","0","0","-","-","-","0","0","0","0","0","0","0","0","-","0","0","0","0","0","0","0","0","0","0","0","0","0","4","0","0","0","0","2","4","0","0","0","2","0","0","0","0","0","0","0","1","0","0","0","0","0","0","0","0","0","1"
"0x7b03637b0390","      CS2R R74, SRZ","6","2","6","32768","1048576","1048576","32","32","0","0","0","-","-","-","0","0","0","0","0","0","0","0","-","0","0","0","0","0","0","0","0","0","0","0","0","0","0","0","0","0","0","0","4","0","0","0","2","0","0","0","0","0","0","0","0","0","0","0","0","0","0","0","0","0","2"
"0x7b03637b03a0","      CS2R R76, SRZ","2","2","2","32768","1048576","1048576","32","32","0","0","0","-","-","-","0","0","0","0","0","0","0","0","-","0","0","0","0","0","0","0","0","0","0","0","0","0","0","0","0","0","0","0","0","0","0","0","2","0","0","0","0","0","0","0","0","0","0","0","0","0","0","0","0","0","2"
"0x7b03637b03b0","      CS2R R78, SRZ","22","10","22","32768","1048576","1048576","32","32","0","0","0","-","-","-","0","0","0","0","0","0","0","0","-","0","0","0","0","0","0","0","0","0","0","0","0","0","9","0","0","0","0","11","1","0","0","0","1","0","0","0","0","0","0","0","9","0","0","0","0","0","0","0","0","0","1"
"0x7b03637b03c0","      CS2R R80, SRZ","1","0","1","32768","1048576","1048576","32","32","0","0","0","-","-","-","0","0","0","0","0","0","0","0","-","0","0","0","0","0","0","0","0","0","0","0","0","0","0","0","0","0","0","0","1","0","0","0","0","0","0","0","0","0","0","0","0","0","0","0","0","0","0","0","0","0","0"
"0x7b03637b03d0","      CS2R R84, SRZ","3","2","3","32768","1048576","1048576","32","32","0","0","0","-","-","-","0","0","0","0","0","0","0","0","-","0","0","0","0","0","0","0","0","0","0","0","0","0","0","0","0","0","0","0","1","0","0","0","2","0","0","0","0","0","0","0","0","0","0","0","0","0","0","0","0","0","2"
"0x7b03637b03e0","      CS2R R86, SRZ","6","1","6","32768","1048576","1048576","32","32","0","0","0","-","-","-","0","0","0","0","0","0","0","0","-","0","0","0","0","0","0","0","0","0","0","0","0","0","0","0","0","0","0","5","0","0","0","0","1","0","0","0","0","0","0","0","0","0","0","0","0","0","0","0","0","0","1"
"0x7b03637b03f0","      IMAD R158, R152, R139, RZ","1","0","1","32768","1048576","1048576","32","32","0","0","0","-","-","-","0","0","0","0","0","0","0","0","-","0","0","0","0","0","0","0","0","0","0","0","0","0","0","0","0","0","0","0","1","0","0","0","0","0","0","0","0","0","0","0","0","0","0","0","0","0","0","0","0","0","0"
"0x7b03637b0400","@!P2  BRA 0x7b03637b1c60","1","0","1","32768","1048576","8192","32","0","32","32","0","-","-","-","0","0","0","0","0","0","0","0","-","0","0","0","0","0","0","0","0","0","0","0","0","0","0","0","0","0","0","0","1","0","0","0","0","0","0","0","0","0","0","0","0","0","0","0","0","0","0","0","0","0","0"
"0x7b03637b0410","      VIADD R176, R18, 0xffffff40","15","7","15","32512","1040384","1040384","32","32","32","0","0","-","-","-","0","0","0","0","0","0","0","0","-","0","0","0","0","0","0","0","0","0","0","0","0","0","0","0","0","0","0","0","1","0","0","0","14","0","0","0","0","0","0","0","0","0","0","0","0","0","0","0","0","0","7"
"0x7b03637b0420","      SHF.R.U32.HI R161, RZ, 0x4, R0","0","0","0","32512","1040384","1040384","32","32","0","0","0","-","-","-","0","0","0","0","0","0","0","0","-","0","0","0","0","0","0","0","0","0","0","0","0","0","0","0","0","0","0","0","0","0","0","0","0","0","0","0","0","0","0","0","0","0","0","0","0","0","0","0","0","0","0"
"0x7b03637b0430","      IMAD.MOV.U32 R146, RZ, RZ, RZ","1","0","1","32512","1040384","1040384","32","32","0","0","0","-","-","-","0","0","0","0","0","0","0","0","-","0","0","0","0","0","0","0","0","0","0","0","0","0","0","0","0","0","0","0","1","0","0","0","0","0","0","0","0","0","0","0","0","0","0","0","0","0","0","0","0","0","0"
"0x7b03637b0440","      LOP3.LUT R159, R147, 0xf0, RZ, 0xfc, !PT","2","0","2","32512","1040384","1040384","32","32","0","0","0","-","-","-","0","0","0","0","0","0","0","0","-","0","0","0","0","0","0","0","0","0","0","0","0","0","0","0","0","0","0","0","2","0","0","0","0","0","0","0","0","0","0","0","0","0","0","0","0","0","0","0","0","0","0"
"0x7b03637b0450","      IMAD.MOV.U32 R144, RZ, RZ, -0x800000","1","0","1","32512","1040384","1040384","32","32","0","0","0","-","-","-","0","0","0","0","0","0","0","0","-","0","0","0","0","0","0","0","0","0","0","0","0","0","0","0","0","0","0","0","1","0","0","0","0","0","0","0","0","0","0","0","0","0","0","0","0","0","0","0","0","0","0"
"0x7b03637b0460","      LOP3.LUT R157, R147, 0xe0, RZ, 0xfc, !PT","4","0","4","32512","1040384","1040384","32","32","0","0","0","-","-","-","0","0","0","0","0","0","0","0","-","0","0","0","0","0","0","0","0","0","0","0","0","0","0","0","0","0","0","0","4","0","0","0","0","0","0","0","0","0","0","0","0","0","0","0","0","0","0","0","0","0","0"
"0x7b03637b0470","      IMAD.MOV.U32 R153, RZ, RZ, RZ","5","0","5","32512","1040384","1040384","32","32","0","0","0","-","-","-","0","0","0","0","0","0","0","0","-","0","0","0","0","0","0","0","0","0","0","0","0","0","0","0","0","0","0","0","5","0","0","0","0","0","0","0","0","0","0","0","0","0","0","0","0","0","0","0","0","0","0"
"0x7b03637b0480","      LOP3.LUT R156, R147, 0xd0, RZ, 0xfc, !PT","2","0","2","32512","1040384","1040384","32","32","0","0","0","-","-","-","0","0","0","0","0","0","0","0","-","0","0","0","0","0","0","0","0","0","0","0","0","0","0","0","0","0","0","0","2","0","0","0","0","0","0","0","0","0","0","0","0","0","0","0","0","0","0","0","0","0","0"
"0x7b03637b0490","      IMAD.MOV.U32 R154, RZ, RZ, RZ","1","0","1","32512","1040384","1040384","32","32","0","0","0","-","-","-","0","0","0","0","0","0","0","0","-","0","0","0","0","0","0","0","0","0","0","0","0","0","0","0","0","0","0","0","1","0","0","0","0","0","0","0","0","0","0","0","0","0","0","0","0","0","0","0","0","0","0"
"0x7b03637b04a0","      LOP3.LUT R155, R147, 0xc0, RZ, 0xfc, !PT","4","0","4","32512","1040384","1040384","32","32","0","0","0","-","-","-","0","0","0","0","0","0","0","0","-","0","0","0","0","0","0","0","0","0","0","0","0","0","0","0","0","0","0","0","4","0","0","0","0","0","0","0","0","0","0","0","0","0","0","0","0","0","0","0","0","0","0"
"0x7b03637b04b0","      IMAD.MOV.U32 R143, RZ, RZ, -0x800000","4","0","4","32512","1040384","1040384","32","32","0","0","0","-","-","-","0","0","0","0","0","0","0","0","-","0","0","0","0","0","0","0","0","0","0","0","0","0","0","0","0","0","0","0","4","0","0","0","0","0","0","0","0","0","0","0","0","0","0","0","0","0","0","0","0","0","0"
"0x7b03637b04c0","      CS2R R24, SRZ","1","0","1","32512","1040384","1040384","32","32","0","0","0","-","-","-","0","0","0","0","0","0","0","0","-","0","0","0","0","0","0","0","0","0","0","0","0","0","0","0","0","0","0","0","1","0","0","0","0","0","0","0","0","0","0","0","0","0","0","0","0","0","0","0","0","0","0"
"0x7b03637b04d0","      IMAD.MOV.U32 R145, RZ, RZ, RZ","2","0","2","32512","1040384","1040384","32","32","0","0","0","-","-","-","0","0","0","0","0","0","0","0","-","0","0","0","0","0","0","0","0","0","0","0","0","0","0","0","0","0","0","0","2","0","0","0","0","0","0","0","0","0","0","0","0","0","0","0","0","0","0","0","0","0","0"
"0x7b03637b04e0","      CS2R R26, SRZ","1","0","1","32512","1040384","1040384","32","32","0","0","0","-","-","-","0","0","0","0","0","0","0","0","-","0","0","0","0","0","0","0","0","0","0","0","0","0","0","0","0","0","0","0","1","0","0","0","0","0","0","0","0","0","0","0","0","0","0","0","0","0","0","0","0","0","0"
"0x7b03637b04f0","      CS2R R28, SRZ","33","16","33","32512","1040384","1040384","32","32","0","0","0","-","-","-","0","0","0","0","0","0","0","0","-","0","0","0","0","0","0","0","0","0","0","0","0","0","15","0","0","0","0","15","2","0","0","0","1","0","0","0","0","0","0","0","15","0","0","0","0","0","0","0","0","0","1"
"0x7b03637b0500","      CS2R R30, SRZ","3","2","3","32512","1040384","1040384","32","32","0","0","0","-","-","-","0","0","0","0","0","0","0","0","-","0","0","0","0","0","0","0","0","0","0","0","0","0","0","0","0","0","0","0","1","0","0","0","2","0","0","0","0","0","0","0","0","0","0","0","0","0","0","0","0","0","2"
"0x7b03637b0510","      CS2R R32, SRZ","4","1","4","32512","1040384","1040384","32","32","0","0","0","-","-","-","0","0","0","0","0","0","0","0","-","0","0","0","0","0","0","0","0","0","0","0","0","0","0","0","0","0","0","0","3","0","0","0","1","0","0","0","0","0","0","0","0","0","0","0","0","0","0","0","0","0","1"
"0x7b03637b0520","      CS2R R34, SRZ","15","1","15","32512","1040384","1040384","32","32","0","0","0","-","-","-","0","0","0","0","0","0","0","0","-","0","0","0","0","0","0","0","0","0","0","0","0","0","6","0","0","0","0","7","1","0","0","0","1","0","0","0","0","0","0","0","0","0","0","0","0","0","0","0","0","0","1"
"0x7b03637b0530","      CS2R R36, SRZ","1","1","1","32512","1040384","1040384","32","32","0","0","0","-","-","-","0","0","0","0","0","0","0","0","-","0","0","0","0","0","0","0","0","0","0","0","0","0","0","0","0","0","0","0","0","0","0","0","1","0","0","0","0","0","0","0","0","0","0","0","0","0","0","0","0","0","1"
"0x7b03637b0540","      CS2R R38, SRZ","2","2","2","32512","1040384","1040384","32","32","0","0","0","-","-","-","0","0","0","0","0","0","0","0","-","0","0","0","0","0","0","0","0","0","0","0","0","0","0","0","0","0","0","0","0","0","0","0","2","0","0","0","0","0","0","0","0","0","0","0","0","0","0","0","0","0","2"
"0x7b03637b0550","      CS2R R40, SRZ","11","6","11","32512","1040384","1040384","32","32","0","0","0","-","-","-","0","0","0","0","0","0","0","0","-","0","0","0","0","0","0","0","0","0","0","0","0","0","2","0","0","0","0","4","1","0","0","0","4","0","0","0","0","0","0","0","2","0","0","0","0","0","0","0","0","0","4"
"0x7b03637b0560","      CS2R R42, SRZ","3","1","3","32512","1040384","1040384","32","32","0","0","0","-","-","-","0","0","0","0","0","0","0","0","-","0","0","0","0","0","0","0","0","0","0","0","0","0","0","0","0","0","0","0","2","0","0","0","1","0","0","0","0","0","0","0","0","0","0","0","0","0","0","0","0","0","1"
"0x7b03637b0570","      CS2R R44, SRZ","3","3","3","32512","1040384","1040384","32","32","0","0","0","-","-","-","0","0","0","0","0","0","0","0","-","0","0","0","0","0","0","0","0","0","0","0","0","0","0","0","0","0","0","0","0","0","0","0","3","0","0","0","0","0","0","0","0","0","0","0","0","0","0","0","0","0","3"
"0x7b03637b0580","      CS2R R46, SRZ","6","4","6","32512","1040384","1040384","32","32","0","0","0","-","-","-","0","0","0","0","0","0","0","0","-","0","0","0","0","0","0","0","0","0","0","0","0","0","0","0","0","0","0","0","2","0","0","0","4","0","0","0","0","0","0","0","0","0","0","0","0","0","0","0","0","0","4"
"0x7b03637b0590","      CS2R R48, SRZ","4","3","4","32512","1040384","1040384","32","32","0","0","0","-","-","-","0","0","0","0","0","0","0","0","-","0","0","0","0","0","0","0","0","0","0","0","0","0","0","0","0","0","0","0","1","0","0","0","3","0","0","0","0","0","0","0","0","0","0","0","0","0","0","0","0","0","3"
"0x7b03637b05a0","      CS2R R50, SRZ","3","0","3","32512","1040384","1040384","32","32","0","0","0","-","-","-","0","0","0","0","0","0","0","0","-","0","0","0","0","0","0","0","0","0","0","0","0","0","0","0","0","0","0","0","3","0","0","0","0","0","0","0","0","0","0","0","0","0","0","0","0","0","0","0","0","0","0"
"0x7b03637b05b0","      CS2R R52, SRZ","27","10","27","32512","1040384","1040384","32","32","0","0","0","-","-","-","0","0","0","0","0","0","0","0","-","0","0","0","0","0","0","0","0","0","0","0","0","0","9","0","0","0","0","15","2","0","0","0","1","0","0","0","0","0","0","0","9","0","0","0","0","0","0","0","0","0","1"
"0x7b03637b05c0","      CS2R R54, SRZ","4","2","4","32512","1040384","1040384","32","32","0","0","0","-","-","-","0","0","0","0","0","0","0","0","-","0","0","0","0","0","0","0","0","0","0","0","0","0","0","0","0","0","0","0","2","0","0","0","2","0","0","0","0","0","0","0","0","0","0","0","0","0","0","0","0","0","2"
"0x7b03637b05d0","      CS2R R56, SRZ","1","1","1","32512","1040384","1040384","32","32","0","0","0","-","-","-","0","0","0","0","0","0","0","0","-","0","0","0","0","0","0","0","0","0","0","0","0","0","0","0","0","0","0","0","0","0","0","0","1","0","0","0","0","0","0","0","0","0","0","0","0","0","0","0","0","0","1"
"0x7b03637b05e0","      CS2R R58, SRZ","7","2","7","32512","1040384","1040384","32","32","0","0","0","-","-","-","0","0","0","0","0","0","0","0","-","0","0","0","0","0","0","0","0","0","0","0","0","0","0","0","0","0","0","0","5","0","0","0","2","0","0","0","0","0","0","0","0","0","0","0","0","0","0","0","0","0","2"
"0x7b03637b05f0","      CS2R R60, SRZ","4","2","4","32512","1040384","1040384","32","32","0","0","0","-","-","-","0","0","0","0","0","0","0","0","-","0","0","0","0","0","0","0","0","0","0","0","0","0","0","0","0","0","0","0","2","0","0","0","2","0","0","0","0","0","0","0","0","0","0","0","0","0","0","0","0","0","2"
"0x7b03637b0600","      CS2R R62, SRZ","5","3","5","32512","1040384","1040384","32","32","0","0","0","-","-","-","0","0","0","0","0","0","0","0","-","0","0","0","0","0","0","0","0","0","0","0","0","0","0","0","0","0","0","0","2","0","0","0","3","0","0","0","0","0","0","0","0","0","0","0","0","0","0","0","0","0","3"
"0x7b03637b0610","      CS2R R64, SRZ","32","13","32","32512","1040384","1040384","32","32","0","0","0","-","-","-","0","0","0","0","0","0","0","0","-","0","0","0","0","0","0","0","0","0","0","0","0","0","11","0","0","0","0","15","4","0","0","0","2","0","0","0","0","0","0","0","11","0","0","0","0","0","0","0","0","0","2"
"0x7b03637b0620","      CS2R R66, SRZ","4","0","4","32512","1040384","1040384","32","32","0","0","0","-","-","-","0","0","0","0","0","0","0","0","-","0","0","0","0","0","0","0","0","0","0","0","0","0","0","0","0","0","0","0","4","0","0","0","0","0","0","0","0","0","0","0","0","0","0","0","0","0","0","0","0","0","0"
"0x7b03637b0630","      CS2R R68, SRZ","9","6","9","32512","1040384","1040384","32","32","0","0","0","-","-","-","0","0","0","0","0","0","0","0","-","0","0","0","0","0","0","0","0","0","0","0","0","0","0","0","0","0","0","0","3","0","0","0","6","0","0","0","0","0","0","0","0","0","0","0","0","0","0","0","0","0","6"
"0x7b03637b0640","      CS2R R70, SRZ","4","3","4","32512","1040384","1040384","32","32","0","0","0","-","-","-","0","0","0","0","0","0","0","0","-","0","0","0","0","0","0","0","0","0","0","0","0","0","0","0","0","0","0","0","1","0","0","0","3","0","0","0","0","0","0","0","0","0","0","0","0","0","0","0","0","0","3"
"0x7b03637b0650","      CS2R R72, SRZ","4","3","4","32512","1040384","1040384","32","32","0","0","0","-","-","-","0","0","0","0","0","0","0","0","-","0","0","0","0","0","0","0","0","0","0","0","0","0","0","0","0","0","0","0","1","0","0","0","3","0","0","0","0","0","0","0","0","0","0","0","0","0","0","0","0","0","3"
"0x7b03637b0660","      CS2R R74, SRZ","3","1","3","32512","1040384","1040384","32","32","0","0","0","-","-","-","0","0","0","0","0","0","0","0","-","0","0","0","0","0","0","0","0","0","0","0","0","0","0","0","0","0","0","0","2","0","0","0","1","0","0","0","0","0","0","0","0","0","0","0","0","0","0","0","0","0","1"
"0x7b03637b0670","      CS2R R76, SRZ","19","6","19","32512","1040384","1040384","32","32","0","0","0","-","-","-","0","0","0","0","0","0","0","0","-","0","0","0","0","0","0","0","0","0","0","0","0","0","5","0","0","0","0","11","2","0","0","0","1","0","0","0","0","0","0","0","5","0","0","0","0","0","0","0","0","0","1"
"0x7b03637b0680","      CS2R R78, SRZ","2","1","2","32512","1040384","1040384","32","32","0","0","0","-","-","-","0","0","0","0","0","0","0","0","-","0","0","0","0","0","0","0","0","0","0","0","0","0","0","0","0","0","0","0","1","0","0","0","1","0","0","0","0","0","0","0","0","0","0","0","0","0","0","0","0","0","1"
"0x7b03637b0690","      CS2R R80, SRZ","5","1","5","32512","1040384","1040384","32","32","0","0","0","-","-","-","0","0","0","0","0","0","0","0","-","0","0","0","0","0","0","0","0","0","0","0","0","0","0","0","0","0","0","0","4","0","0","0","1","0","0","0","0","0","0","0","0","0","0","0","0","0","0","0","0","0","1"
"0x7b03637b06a0","      CS2R R82, SRZ","5","2","5","32512","1040384","1040384","32","32","0","0","0","-","-","-","0","0","0","0","0","0","0","0","-","0","0","0","0","0","0","0","0","0","0","0","0","0","0","0","0","0","0","0","3","0","0","0","2","0","0","0","0","0","0","0","0","0","0","0","0","0","0","0","0","0","2"
"0x7b03637b06b0","      CS2R R84, SRZ","8","5","8","32512","1040384","1040384","32","32","0","0","0","-","-","-","0","0","0","0","0","0","0","0","-","0","0","0","0","0","0","0","0","0","0","0","0","0","0","0","0","0","0","0","2","0","0","0","6","0","0","0","0","0","0","0","0","0","0","0","0","0","0","0","0","0","5"
"0x7b03637b06c0","      CS2R R86, SRZ","7","3","7","32512","1040384","1040384","32","32","0","0","0","-","-","-","0","0","0","0","0","0","0","0","-","0","0","0","0","0","0","0","0","0","0","0","0","0","1","0","0","0","0","1","2","0","0","0","3","0","0","0","0","0","0","0","0","0","0","0","0","0","0","0","0","0","3"
"0x7b03637b06d0","      LOP3.LUT R161, R161, 0xf, RZ, 0xc0, !PT","29","13","29","32512","1040384","1040384","32","32","0","0","0","-","-","-","0","0","0","0","0","0","0","0","-","0","0","0","0","0","0","0","0","0","0","0","0","0","13","0","0","0","0","13","2","0","0","0","1","0","0","0","0","0","0","0","13","0","0","0","0","0","0","0","0","0","0"
"0x7b03637b06e0","      UIADD3 UR16, UR12, 0x20000, URZ","2","0","2","32512","1040384","1040384","32","32","0","0","0","-","-","-","0","0","0","0","0","0","0","0","-","0","0","0","0","0","0","0","0","0","0","0","0","0","0","0","0","0","0","0","2","0","0","0","0","0","0","0","0","0","0","0","0","0","0","0","0","0","0","0","0","0","0"
"0x7b03637b06f0","      SHF.R.S32.HI R160, RZ, 0x1f, R176","2","0","2","32512","1040384","1040384","32","32","0","0","0","-","-","-","0","0","0","0","0","0","0","0","-","0","0","0","0","0","0","0","0","0","0","0","0","0","0","0","0","0","0","0","2","0","0","0","0","0","0","0","0","0","0","0","0","0","0","0","0","0","0","0","0","0","0"
"0x7b03637b0700","      UMOV UR13, 0x2","1","0","1","32512","1040384","1040384","32","32","0","0","0","-","-","-","0","0","0","0","0","0","0","0","-","0","0","0","0","0","0","0","0","0","0","0","0","0","0","0","0","0","0","0","1","0","0","0","0","0","0","0","0","0","0","0","0","0","0","0","0","0","0","0","0","0","0"
"0x7b03637b0710","      UMOV UR14, 0xffffffff","5","0","5","32512","1040384","1040384","32","32","0","0","0","-","-","-","0","0","0","0","0","0","0","0","-","0","0","0","0","0","0","0","0","0","0","0","0","0","0","0","0","0","0","0","5","0","0","0","0","0","0","0","0","0","0","0","0","0","0","0","0","0","0","0","0","0","0"
"0x7b03637b0720","      UMOV UR5, URZ","1","0","1","32512","1040384","1040384","32","32","0","0","0","-","-","-","0","0","0","0","0","0","0","0","-","0","0","0","0","0","0","0","0","0","0","0","0","0","0","0","0","0","0","0","1","0","0","0","0","0","0","0","0","0","0","0","0","0","0","0","0","0","0","0","0","0","0"
"0x7b03637b0730","      UMOV UR4, URZ","0","0","0","32512","1040384","1040384","32","32","0","0","0","-","-","-","0","0","0","0","0","0","0","0","-","0","0","0","0","0","0","0","0","0","0","0","0","0","0","0","0","0","0","0","0","0","0","0","0","0","0","0","0","0","0","0","0","0","0","0","0","0","0","0","0","0","0"
"0x7b03637b0740","      ULDC UR17, c[0x0][0x26c]","4","0","4","32512","1040384","1040384","32","32","0","0","0","-","-","-","0","0","0","0","0","0","0","0","-","0","0","0","0","0","0","0","0","0","0","0","0","0","0","0","0","0","0","0","4","0","0","0","0","0","0","0","0","0","0","0","0","0","0","0","0","0","0","0","0","0","0"
"0x7b03637b0750","      DEPBAR.LE SB0, 0x4","1372","775","1372","4161536","133169152","133169152","32","32","0","0","0","-","-","-","0","0","0","0","0","0","0","0","-","0","0","0","0","0","0","0","712","0","0","0","0","0","0","0","0","0","595","50","0","0","0","0","15","0","371","0","0","0","0","0","0","0","0","0","399","0","0","0","0","0","5"
"0x7b03637b0760","      BAR.SYNC.DEFER_BLOCKING 0x0","984","477","984","4161536","133169152","133169152","32","32","0","0","0","-","-","-","0","0","0","0","0","0","0","0","-","0","0","0","0","0","0","0","0","0","0","0","0","0","0","0","0","0","0","4","251","0","0","0","729","0","0","0","0","0","0","0","0","0","0","0","0","0","0","0","0","0","477"
"0x7b03637b0770","      UIADD3 UR14, UR14, 0x1, URZ","247","0","247","4161536","133169152","133169152","32","32","0","0","0","-","-","-","0","0","0","0","0","0","0","0","-","0","0","0","0","0","0","0","0","0","0","0","0","0","0","0","0","0","0","0","247","0","0","0","0","0","0","0","0","0","0","0","0","0","0","0","0","0","0","0","0","0","0"
"0x7b03637b0780","      VIADD R162, R161, UR5","276","0","276","4161536","133169152","133169152","32","32","0","0","0","-","-","-","0","0","0","0","0","0","0","0","-","0","0","0","0","0","0","0","0","0","0","0","0","0","0","0","0","0","0","0","276","0","0","0","0","0","0","0","0","0","0","0","0","0","0","0","0","0","0","0","0","0","0"
"0x7b03637b0790","      USHF.L.U32 UR6, UR23, 0x7, URZ","262","0","262","4161536","133169152","133169152","32","32","0","0","0","-","-","-","0","0","0","0","0","0","0","0","-","0","0","0","0","0","0","0","0","0","0","0","0","0","0","0","0","0","0","0","262","0","0","0","0","0","0","0","0","0","0","0","0","0","0","0","0","0","0","0","0","0","0"
"0x7b03637b07a0","      ISETP.LE.U32.AND P4, PT, R176, UR5, PT","311","0","311","4161536","133169152","133169152","32","32","0","0","0","-","-","-","0","0","0","0","0","0","0","0","-","0","0","0","0","0","0","0","0","20","0","0","0","0","0","0","0","0","9","0","282","0","0","0","0","0","0","0","0","0","0","0","0","0","0","0","0","0","0","0","0","0","0"
"0x7b03637b07b0","      UISETP.GT.AND UP0, UPT, UR14, 0x3, UPT","245","0","245","4161536","133169152","133169152","32","32","0","0","0","-","-","-","0","0","0","0","0","0","0","0","-","0","0","0","0","0","0","0","0","0","0","0","0","0","0","0","0","0","0","0","245","0","0","0","0","0","0","0","0","0","0","0","0","0","0","0","0","0","0","0","0","0","0"
"0x7b03637b07c0","      ULOP3.LUT UR6, UR6, 0x200, URZ, 0xc0, !UPT","516","186","516","4161536","133169152","133169152","32","32","0","0","0","-","-","-","0","0","0","0","0","0","0","0","-","0","0","0","0","0","0","0","0","0","0","0","0","0","0","0","0","0","0","0","272","0","0","0","244","0","0","0","0","0","0","0","0","0","0","0","0","0","0","0","0","0","186"
"0x7b03637b07d0","      USEL UR14, UR14, URZ, !UP0","597","250","597","4161536","133169152","133169152","32","32","0","0","0","-","-","-","0","0","0","0","0","0","0","0","-","0","0","0","0","0","0","0","0","0","0","0","0","0","23","0","0","0","0","27","277","0","0","0","270","0","0","0","0","0","0","0","14","0","0","0","0","0","0","0","0","0","236"
"0x7b03637b07e0","      ULEA.HI UR6, UR16, UR6, URZ, 0x1c","591","270","591","4161536","133169152","133169152","32","32","0","0","0","-","-","-","0","0","0","0","0","0","0","0","-","0","0","0","0","0","0","0","0","0","0","0","0","0","39","0","0","0","0","32","268","0","0","0","252","0","0","0","0","0","0","0","23","0","0","0","0","0","0","0","0","0","247"
"0x7b03637b07f0","      ULEA UR15, UR14, UR12, 0xe","909","372","909","4161536","133169152","133169152","32","32","0","0","0","-","-","-","0","0","0","0","0","0","0","0","-","0","0","0","0","0","0","0","0","0","0","0","0","0","226","0","0","0","0","198","241","0","0","0","244","0","0","0","0","0","0","0","175","0","0","0","0","0","0","0","0","0","197"
"0x7b03637b0800","      ULOP3.LUT UR8, UR6, 0x3fff, URZ, 0xc0, !UPT","544","226","544","4161536","133169152","133169152","32","32","0","0","0","-","-","-","0","0","0","0","0","0","0","0","-","0","0","0","0","0","0","0","0","0","0","0","0","0","0","0","0","0","0","31","263","0","0","0","250","0","0","0","0","0","0","0","0","0","0","0","0","0","0","0","0","0","226"
"0x7b03637b0810","      USHF.R.U32.HI UR10, URZ, 0x4, UR15","941","315","941","4161536","133169152","133169152","32","32","0","0","0","-","-","-","0","0","0","0","0","0","0","0","-","0","0","0","0","0","0","0","0","0","0","0","0","0","199","0","0","0","0","214","251","0","0","0","277","0","0","0","0","0","0","0","139","0","0","0","0","0","0","0","0","0","176"
"0x7b03637b0820","      UMOV UR9, 0x40000040","2929","1588","2929","4161536","133169152","133169152","32","32","0","0","0","-","-","-","0","0","0","0","0","0","0","0","-","0","0","0","0","0","0","2512","0","0","0","0","0","0","0","0","0","0","0","194","223","0","0","0","0","1588","0","0","0","0","0","0","0","0","0","0","0","0","0","0","0","0","0"
"0x7b03637b0830","      UMOV UR11, 0x40000040","282","0","282","4161536","133169152","133169152","32","32","0","0","0","-","-","-","0","0","0","0","0","0","0","0","-","0","0","0","0","0","0","0","0","33","0","0","0","0","0","0","0","0","0","0","249","0","0","0","0","0","0","0","0","0","0","0","0","0","0","0","0","0","0","0","0","0","0"
"0x7b03637b0840","      USGXT.U32 UR10, UR10, 0xe","1686","33","1686","4161536","133169152","133169152","32","32","0","0","0","-","-","-","0","0","0","0","0","0","0","0","-","0","0","0","0","0","0","0","0","164","0","0","0","0","237","0","0","0","0","763","264","0","0","0","258","0","0","0","0","0","0","0","33","0","0","0","0","0","0","0","0","0","0"
"0x7b03637b0850","      UMOV UR6, URZ","274","0","274","4161536","133169152","133169152","32","32","0","0","0","-","-","-","0","0","0","0","0","0","0","0","-","0","0","0","0","0","0","0","0","32","0","0","0","0","0","0","0","0","0","0","242","0","0","0","0","0","0","0","0","0","0","0","0","0","0","0","0","0","0","0","0","0","0"
"0x7b03637b0860","@!PT  LDS RZ, [RZ]","325","0","325","4161536","133169152","0","32","0","32","32","0","","Load","32","0","0","0","0","0","0","0","0","-","0","0","0","0","0","0","0","0","53","0","0","0","0","0","0","0","0","0","0","272","0","0","0","0","0","0","0","0","0","0","0","0","0","0","0","0","0","0","0","0","0","0"
"0x7b03637b0870","@!PT  LDS RZ, [RZ]","281","0","281","4161536","133169152","0","32","0","0","32","0","","Load","32","0","0","0","0","0","0","0","0","-","0","0","0","0","0","0","0","0","25","0","0","0","0","0","0","0","0","0","0","256","0","0","0","0","0","0","0","0","0","0","0","0","0","0","0","0","0","0","0","0","0","0"
"0x7b03637b0880","@!PT  LDS RZ, [RZ]","294","0","294","4161536","133169152","0","32","0","0","32","0","","Load","32","0","0","0","0","0","0","0","0","-","0","0","0","0","0","0","0","0","39","0","0","0","0","0","0","0","0","0","0","255","0","0","0","0","0","0","0","0","0","0","0","0","0","0","0","0","0","0","0","0","0","0"
"0x7b03637b0890","@!PT  LDS RZ, [RZ]","231","0","231","4161536","133169152","0","32","0","0","32","0","","Load","32","0","0","0","0","0","0","0","0","-","0","0","0","0","0","0","0","0","0","0","0","0","0","0","0","0","0","0","0","231","0","0","0","0","0","0","0","0","0","0","0","0","0","0","0","0","0","0","0","0","0","0"
"0x7b03637b08a0","      MEMBAR.ALL.CTA","281","0","281","4161536","133169152","133169152","32","32","32","0","0","-","-","-","0","0","0","0","0","0","0","0","-","0","0","0","0","0","0","0","0","34","0","0","0","0","0","0","0","0","0","0","247","0","0","0","0","0","0","0","0","0","0","0","0","0","0","0","0","0","0","0","0","0","0"
"0x7b03637b08b0","      FENCE.VIEW.ASYNC.S","5392","3830","5392","4161536","133169152","133169152","32","32","0","0","0","-","-","-","0","0","0","0","0","0","0","0","-","0","0","0","0","0","0","0","0","0","0","0","0","3906","0","0","0","0","0","0","242","0","0","0","1244","0","0","0","0","0","0","3188","0","0","0","0","0","0","0","0","0","0","642"
"0x7b03637b08c0","      UMOV UR7, URZ","255","0","255","4161536","133169152","133169152","32","32","0","0","0","-","-","-","0","0","0","0","0","0","0","0","-","0","0","0","0","0","0","0","0","0","0","0","0","0","0","0","0","0","0","0","255","0","0","0","0","0","0","0","0","0","0","0","0","0","0","0","0","0","0","0","0","0","0"
"0x7b03637b08d0","      UIADD3 UR15, UR15, 0x10000, URZ","236","0","236","4161536","133169152","133169152","32","32","0","0","0","-","-","-","0","0","0","0","0","0","0","0","-","0","0","0","0","0","0","0","0","0","0","0","0","0","0","0","0","0","0","0","236","0","0","0","0","0","0","0","0","0","0","0","0","0","0","0","0","0","0","0","0","0","0"
"0x7b03637b08e0","      UIADD3 UR13, UR13, 0x1, URZ","525","257","525","4161536","133169152","133169152","32","32","0","0","0","-","-","-","0","0","0","0","0","0","0","0","-","0","0","0","0","0","0","0","0","0","0","0","0","0","0","0","0","0","0","0","268","0","0","0","257","0","0","0","0","0","0","0","0","0","0","0","0","0","0","0","0","0","257"
"0x7b03637b08f0","      WARPGROUP.ARRIVE","9604","8637","9604","4161536","133169152","133169152","32","32","0","0","0","-","-","-","0","0","0","0","0","0","0","0","-","0","0","0","0","0","0","0","0","0","0","0","0","9324","0","0","0","0","0","14","266","0","0","0","0","0","0","0","0","0","0","8637","0","0","0","0","0","0","0","0","0","0","0"
"0x7b03637b0900","      HGMMA.64x64x16.F32 R88, gdesc[UR8], RZ, !UPT","3817","3011","3817","4161536","133169152","133169152","32","32","0","0","0","Shared","Load","-","0","8","0","33292288","33292288","0","0","0","-","0","0","0","0","0","0","0","0","0","0","0","0","0","0","0","0","0","0","82","234","0","0","0","1234","0","0","0","0","0","0","0","0","0","0","0","0","0","0","0","0","0","1118"
"0x7b03637b0910","      UIADD3 UR8, UP0, UR8, 0x2, URZ","235","0","235","4161536","133169152","133169152","32","32","0","0","0","-","-","-","0","0","0","0","0","0","0","0","-","0","0","0","0","0","0","0","0","0","0","0","0","0","0","0","0","0","0","0","235","0","0","0","0","0","0","0","0","0","0","0","0","0","0","0","0","0","0","0","0","0","0"
"0x7b03637b0920","      UIADD3 UR10, UP1, UR10, 0x2, URZ","1054","481","1054","4161536","133169152","133169152","32","32","0","0","0","-","-","-","0","0","0","0","0","0","0","0","-","0","0","0","0","0","0","0","0","0","0","0","0","0","275","0","0","0","0","280","245","0","0","0","254","0","0","0","0","0","0","0","275","0","0","0","0","0","0","0","0","0","206"
"0x7b03637b0930","      UIADD3.X UR9, UR6, 0x40000040, URZ, UP0, !UPT","947","438","947","4161536","133169152","133169152","32","32","0","0","0","-","-","-","0","0","0","0","0","0","0","0","-","0","0","0","0","0","0","0","0","0","0","0","0","0","218","0","0","0","0","197","267","0","0","0","265","0","0","0","0","0","0","0","218","0","0","0","0","0","0","0","0","0","220"
"0x7b03637b0940","      UIADD3.X UR11, UR7, 0x40000040, URZ, UP1, !UPT","616","274","616","4161536","133169152","133169152","32","32","0","0","0","-","-","-","0","0","0","0","0","0","0","0","-","0","0","0","0","0","0","0","0","0","0","0","0","0","46","0","0","0","0","58","276","0","0","0","236","0","0","0","0","0","0","0","46","0","0","0","0","0","0","0","0","0","228"
"0x7b03637b0950","      UIADD3.64 UR24, UR8, 0x2, URZ","484","251","484","4161536","133169152","133169152","32","32","0","0","0","-","-","-","0","0","0","0","0","0","0","0","-","0","0","0","0","0","0","0","0","0","0","0","0","0","1","0","0","0","0","0","233","0","0","0","250","0","0","0","0","0","0","0","1","0","0","0","0","0","0","0","0","0","250"
"0x7b03637b0960","      UIADD3.64 UR26, UR10, 0x2, URZ","489","248","489","4161536","133169152","133169152","32","32","0","0","0","-","-","-","0","0","0","0","0","0","0","0","-","0","0","0","0","0","0","0","0","0","0","0","0","0","0","0","0","0","0","0","241","0","0","0","248","0","0","0","0","0","0","0","0","0","0","0","0","0","0","0","0","0","248"
"0x7b03637b0970","      USHF.R.U32.HI UR7, URZ, 0x4, UR15","3134","1322","3134","4161536","133169152","133169152","32","32","0","0","0","-","-","-","0","0","0","0","0","0","0","0","-","0","0","0","0","0","0","0","0","0","0","0","0","0","1322","0","0","0","0","1267","269","0","0","0","276","0","0","0","0","0","0","0","1048","0","0","0","0","0","0","0","0","0","274"
"0x7b03637b0980","      UMOV UR6, URZ","248","0","248","4161536","133169152","133169152","32","32","0","0","0","-","-","-","0","0","0","0","0","0","0","0","-","0","0","0","0","0","0","0","0","0","0","0","0","0","0","0","0","0","0","0","248","0","0","0","0","0","0","0","0","0","0","0","0","0","0","0","0","0","0","0","0","0","0"
"0x7b03637b0990","      UISETP.GT.AND UP0, UPT, UR13, 0x3, UPT","242","0","242","4161536","133169152","133169152","32","32","0","0","0","-","-","-","0","0","0","0","0","0","0","0","-","0","0","0","0","0","0","0","0","0","0","0","0","0","0","0","0","0","0","0","242","0","0","0","0","0","0","0","0","0","0","0","0","0","0","0","0","0","0","0","0","0","0"
"0x7b03637b09a0","      USGXT.U32 UR7, UR7, 0xe","777","277","777","4161536","133169152","133169152","32","32","0","0","0","-","-","-","0","0","0","0","0","0","0","0","-","0","0","0","0","0","0","0","0","0","0","0","0","0","139","0","0","0","0","149","220","0","0","0","269","0","0","0","0","0","0","0","139","0","0","0","0","0","0","0","0","0","138"
"0x7b03637b09b0","      USEL UR13, UR13, URZ, !UP0","561","323","561","4161536","133169152","133169152","32","32","0","0","0","-","-","-","0","0","0","0","0","0","0","0","-","0","0","0","0","0","0","0","0","84","0","0","0","0","0","0","0","0","0","0","238","0","0","0","239","0","0","84","0","0","0","0","0","0","0","0","0","0","0","0","0","0","239"
"0x7b03637b09c0","      UIADD3 UR5, UP0, UR5, 0x40, URZ","478","251","478","4161536","133169152","133169152","32","32","0","0","0","-","-","-","0","0","0","0","0","0","0","0","-","0","0","0","0","0","0","0","0","0","0","0","0","0","0","0","0","0","0","0","227","0","0","0","251","0","0","0","0","0","0","0","0","0","0","0","0","0","0","0","0","0","251"
"0x7b03637b09d0","      HGMMA.64x64x16.F32 R88, gdesc[UR8], R88","256","0","256","4161536","133169152","133169152","32","32","0","0","0","Shared","Load","-","0","8","0","33292288","33292288","0","0","0","-","0","0","0","0","0","0","0","0","0","0","0","0","0","0","0","0","0","0","0","256","0","0","0","0","0","0","0","0","0","0","0","0","0","0","0","0","0","0","0","0","0","0"
"0x7b03637b09e0","      HGMMA.64x64x16.F32 R88, gdesc[UR24], R88","975","223","975","4161536","133169152","133169152","32","32","0","0","0","Shared","Load","-","0","8","0","33292288","33292288","0","0","0","-","0","0","0","0","0","0","0","0","0","0","0","0","0","0","0","0","0","0","0","267","0","0","0","708","0","0","0","0","0","0","0","0","0","0","0","0","0","0","0","0","0","223"
"0x7b03637b09f0","      UIADD3.64 UR24, UR8, 0x4, URZ","271","0","271","4161536","133169152","133169152","32","32","0","0","0","-","-","-","0","0","0","0","0","0","0","0","-","0","0","0","0","0","0","0","0","0","0","0","0","0","0","0","0","0","0","0","271","0","0","0","0","0","0","0","0","0","0","0","0","0","0","0","0","0","0","0","0","0","0"
"0x7b03637b0a00","      UIADD3.64 UR26, UR10, 0x4, URZ","1407","623","1407","4161536","133169152","133169152","32","32","0","0","0","-","-","-","0","0","0","0","0","0","0","0","-","0","0","0","0","0","0","0","0","78","0","0","0","0","422","0","0","0","0","380","272","0","0","0","255","0","0","78","0","0","0","0","290","0","0","0","0","0","0","0","0","0","255"
"0x7b03637b0a10","      HGMMA.64x64x16.F32 R88, gdesc[UR24], R88","2437","1398","2437","4161536","133169152","133169152","32","32","0","0","0","Shared","Load","-","0","8","0","33292288","33292288","0","0","0","-","0","0","0","0","0","0","0","0","0","0","0","0","0","0","0","0","0","0","0","267","0","0","0","2170","0","0","0","0","0","0","0","0","0","0","0","0","0","0","0","0","0","1398"
"0x7b03637b0a20","      UIADD3.64 UR24, UR8, 0x3fe, URZ","268","0","268","4161536","133169152","133169152","32","32","0","0","0","-","-","-","0","0","0","0","0","0","0","0","-","0","0","0","0","0","0","0","0","0","0","0","0","0","0","0","0","0","0","0","268","0","0","0","0","0","0","0","0","0","0","0","0","0","0","0","0","0","0","0","0","0","0"
"0x7b03637b0a30","      UIADD3.64 UR26, UR10, 0x1fe, URZ","499","268","499","4161536","133169152","133169152","32","32","0","0","0","-","-","-","0","0","0","0","0","0","0","0","-","0","0","0","0","0","0","0","0","0","0","0","0","0","0","0","0","0","0","0","231","0","0","0","268","0","0","0","0","0","0","0","0","0","0","0","0","0","0","0","0","0","268"
"0x7b03637b0a40","      HGMMA.64x64x16.F32 R88, gdesc[UR24], R88","5077","4048","5077","4161536","133169152","133169152","32","32","0","0","0","Shared","Load","-","0","8","0","33292288","33292288","0","0","0","-","0","0","0","0","0","0","0","0","0","0","0","0","0","0","0","2611","0","0","41","219","0","0","0","2206","0","0","0","0","0","0","0","0","0","2507","0","0","0","0","0","0","0","1541"
"0x7b03637b0a50","      UIADD3.64 UR24, UR8, 0x400, URZ","265","0","265","4161536","133169152","133169152","32","32","0","0","0","-","-","-","0","0","0","0","0","0","0","0","-","0","0","0","0","0","0","0","0","0","0","0","0","0","0","0","0","0","0","0","265","0","0","0","0","0","0","0","0","0","0","0","0","0","0","0","0","0","0","0","0","0","0"
"0x7b03637b0a60","      UIADD3.64 UR26, UR10, 0x200, URZ","549","270","549","4161536","133169152","133169152","32","32","0","0","0","-","-","-","0","0","0","0","0","0","0","0","-","0","0","0","0","0","0","0","0","0","0","0","0","0","0","0","0","0","0","0","279","0","0","0","270","0","0","0","0","0","0","0","0","0","0","0","0","0","0","0","0","0","270"
"0x7b03637b0a70","      HGMMA.64x64x16.F32 R88, gdesc[UR24], R88","5723","4612","5723","4161536","133169152","133169152","32","32","0","0","0","Shared","Load","-","0","8","0","33292288","33292288","0","0","0","-","0","0","0","0","0","0","0","0","0","0","0","0","0","0","0","3078","0","0","61","273","0","0","0","2311","0","0","0","0","0","0","0","0","0","2919","0","0","0","0","0","0","0","1693"
"0x7b03637b0a80","      UIADD3.64 UR24, UR8, 0x402, URZ","264","0","264","4161536","133169152","133169152","32","32","0","0","0","-","-","-","0","0","0","0","0","0","0","0","-","0","0","0","0","0","0","0","0","0","0","0","0","0","0","0","0","0","0","0","264","0","0","0","0","0","0","0","0","0","0","0","0","0","0","0","0","0","0","0","0","0","0"
"0x7b03637b0a90","      UIADD3.64 UR26, UR10, 0x202, URZ","463","211","463","4161536","133169152","133169152","32","32","0","0","0","-","-","-","0","0","0","0","0","0","0","0","-","0","0","0","0","0","0","0","0","0","0","0","0","0","0","0","0","0","0","0","252","0","0","0","211","0","0","0","0","0","0","0","0","0","0","0","0","0","0","0","0","0","211"
"0x7b03637b0aa0","      UIADD3.64 UR8, UR8, 0x404, URZ","597","328","597","4161536","133169152","133169152","32","32","0","0","0","-","-","-","0","0","0","0","0","0","0","0","-","0","0","0","0","0","0","0","0","86","0","0","0","0","0","0","0","0","0","0","269","0","0","0","242","0","0","86","0","0","0","0","0","0","0","0","0","0","0","0","0","0","242"
"0x7b03637b0ab0","      UIADD3.64 UR10, UR10, 0x204, URZ","1392","626","1392","4161536","133169152","133169152","32","32","0","0","0","-","-","-","0","0","0","0","0","0","0","0","-","0","0","0","0","0","0","0","0","88","0","0","0","0","375","0","0","0","0","393","266","0","0","0","270","0","0","88","0","0","0","0","375","0","0","0","0","0","0","0","0","0","163"
"0x7b03637b0ac0","      HGMMA.64x64x16.F32 R88, gdesc[UR24], R88","5013","4186","5013","4161536","133169152","133169152","32","32","0","0","0","Shared","Load","-","0","8","0","33292288","33292288","0","0","0","-","0","0","0","0","0","0","0","0","0","0","0","0","0","0","0","3689","0","0","89","237","0","0","0","998","0","0","0","0","0","0","0","0","0","3380","0","0","0","0","0","0","0","806"
"0x7b03637b0ad0","      HGMMA.64x64x16.F32 R88, gdesc[UR8], R88, gsb0","2888","2336","2888","4161536","133169152","133169152","32","32","0","0","0","Shared","Load","-","0","8","0","33292288","33292288","0","0","0","-","0","0","0","0","0","0","0","0","0","0","0","0","0","0","0","1877","0","0","6","241","0","0","0","764","0","0","0","0","0","0","0","0","0","1857","0","0","0","0","0","0","0","479"
"0x7b03637b0ae0","      ULOP3.LUT UR8, UR7, 0x2000000, URZ, 0xfc, !UPT","306","0","306","4161536","133169152","133169152","32","32","0","0","0","-","-","-","0","0","0","0","0","0","0","0","-","0","0","0","0","0","0","0","0","95","0","0","0","0","0","0","0","0","0","0","211","0","0","0","0","0","0","0","0","0","0","0","0","0","0","0","0","0","0","0","0","0","0"
"0x7b03637b0af0","      UIADD3 UR10, UP1, UR7, 0x2000080, URZ","1534","568","1534","4161536","133169152","133169152","32","32","0","0","0","-","-","-","0","0","0","0","0","0","0","0","-","0","0","0","0","0","0","0","0","209","0","0","0","0","386","0","0","0","0","384","282","0","0","0","273","0","0","112","0","0","0","0","283","0","0","0","0","0","0","0","0","0","173"
"0x7b03637b0b00","      ULEA UR9, UR13, UR12, 0xe","819","352","819","4161536","133169152","133169152","32","32","0","0","0","-","-","-","0","0","0","0","0","0","0","0","-","0","0","0","0","0","0","0","0","85","0","0","0","0","88","0","0","0","0","101","271","0","0","0","274","0","0","85","0","0","0","0","88","0","0","0","0","0","0","0","0","0","179"
"0x7b03637b0b10","      UIADD3.X UR11, UR6, 0x40000040, URZ, UP1, !UPT","506","256","506","4161536","133169152","133169152","32","32","0","0","0","-","-","-","0","0","0","0","0","0","0","0","-","0","0","0","0","0","0","0","0","0","0","0","0","0","0","0","0","0","0","0","250","0","0","0","256","0","0","0","0","0","0","0","0","0","0","0","0","0","0","0","0","0","256"
"0x7b03637b0b20","      UMOV UR7, 0x40000040","246","0","246","4161536","133169152","133169152","32","32","0","0","0","-","-","-","0","0","0","0","0","0","0","0","-","0","0","0","0","0","0","0","0","0","0","0","0","0","0","0","0","0","0","0","246","0","0","0","0","0","0","0","0","0","0","0","0","0","0","0","0","0","0","0","0","0","0"
"0x7b03637b0b30","      UMOV UR6, UR8","522","162","522","4161536","133169152","133169152","32","32","0","0","0","-","-","-","0","0","0","0","0","0","0","0","-","0","0","0","0","0","0","0","0","0","0","0","0","0","0","0","0","0","0","0","265","0","0","0","257","0","0","0","0","0","0","0","0","0","0","0","0","0","0","0","0","0","162"
"0x7b03637b0b40","      UIADD3.64 UR18, UR10, 0x80, URZ","251","0","251","4161536","133169152","133169152","32","32","0","0","0","-","-","-","0","0","0","0","0","0","0","0","-","0","0","0","0","0","0","0","0","0","0","0","0","0","0","0","0","0","0","0","251","0","0","0","0","0","0","0","0","0","0","0","0","0","0","0","0","0","0","0","0","0","0"
"0x7b03637b0b50","      WARPGROUP.DEPBAR.LE gsb0, 0x0","89250","83834","89250","4161536","133169152","133169152","32","32","0","0","0","-","-","-","0","0","0","0","0","0","0","0","-","0","0","0","0","0","0","89020","0","0","0","0","0","0","0","0","0","0","0","0","230","0","0","0","0","83834","0","0","0","0","0","0","0","0","0","0","0","0","0","0","0","0","0"
"0x7b03637b0b60","      IMAD R121, R155, R140, R153","543","136","543","4161536","133169152","133169152","32","32","0","0","0","-","-","-","0","0","0","0","0","0","0","0","-","0","0","0","0","0","0","0","0","0","0","0","0","0","0","0","0","0","0","0","266","0","0","0","277","0","0","0","0","0","0","0","0","0","0","0","0","0","0","0","0","0","136"
"0x7b03637b0b70","      VIADD R120, R162, 0xc0","541","138","541","4161536","133169152","133169152","32","32","0","0","0","-","-","-","0","0","0","0","0","0","0","0","-","0","0","0","0","0","0","0","0","0","0","0","0","0","0","0","0","0","0","0","275","0","0","0","266","0","0","0","0","0","0","0","0","0","0","0","0","0","0","0","0","0","138"
"0x7b03637b0b80","      LEA R150, P2, R121, R4, 0x1","1601","784","1601","4161536","133169152","133169152","32","32","0","0","0","-","-","-","0","0","0","0","0","0","0","0","-","0","0","0","0","0","0","0","0","0","0","0","0","0","404","0","0","0","0","417","266","0","0","0","514","0","0","0","0","0","0","0","404","0","0","0","0","0","0","0","0","0","380"
"0x7b03637b0b90","      LEA.HI.X.SX32 R151, R121, R5, 0x1, P2","1691","1021","1691","4161536","133169152","133169152","32","32","0","0","0","-","-","-","0","0","0","0","0","0","0","0","-","0","0","0","0","0","0","0","0","0","0","0","0","0","307","0","0","0","0","310","228","0","0","0","846","0","0","0","0","0","0","0","307","0","0","0","0","0","0","0","0","0","714"
"0x7b03637b0ba0","      FMNMX R121, R88, R89, !PT","831","259","831","4161536","133169152","133169152","32","32","0","0","0","-","-","-","0","0","0","0","0","0","0","0","-","0","0","0","0","0","0","0","0","0","0","0","0","0","98","0","0","0","0","107","236","0","0","0","390","0","0","0","0","0","0","0","98","0","0","0","0","0","0","0","0","0","161"
"0x7b03637b0bb0","      ISETP.GE.AND P2, PT, R120, UR22, PT","519","258","519","4161536","133169152","133169152","32","32","0","0","0","-","-","-","0","0","0","0","0","0","0","0","-","0","0","0","0","0","0","0","0","0","0","0","0","0","0","0","0","0","0","0","261","0","0","0","258","0","0","0","0","0","0","0","0","0","0","0","0","0","0","0","0","0","258"
"0x7b03637b0bc0","      FMNMX R120, R92, R121, !PT","504","257","504","4161536","133169152","133169152","32","32","0","0","0","-","-","-","0","0","0","0","0","0","0","0","-","0","0","0","0","0","0","0","0","0","0","0","0","0","0","0","0","0","0","0","247","0","0","0","257","0","0","0","0","0","0","0","0","0","0","0","0","0","0","0","0","0","257"
"0x7b03637b0bd0","      SEL R179, RZ, 0x10, P2","747","235","747","4161536","133169152","133169152","32","32","0","0","0","-","-","-","0","0","0","0","0","0","0","0","-","0","0","0","0","0","0","0","0","0","0","0","0","0","0","0","0","0","0","0","248","0","0","0","499","0","0","0","0","0","0","0","0","0","0","0","0","0","0","0","0","0","235"
"0x7b03637b0be0","      FMNMX R121, R93, R120, !PT","694","300","694","4161536","133169152","133169152","32","32","0","0","0","-","-","-","0","0","0","0","0","0","0","0","-","0","0","0","0","0","0","0","0","0","0","0","0","0","0","0","0","0","0","0","281","0","0","0","413","0","0","0","0","0","0","0","0","0","0","0","0","0","0","0","0","0","300"
"0x7b03637b0bf0","      FMNMX R120, R96, R121, !PT","1674","873","1674","4161536","133169152","133169152","32","32","0","0","0","-","-","-","0","0","0","0","0","0","0","0","-","0","0","0","0","0","0","0","0","0","0","0","0","0","0","0","0","0","0","0","258","0","0","0","1416","0","0","0","0","0","0","0","0","0","0","0","0","0","0","0","0","0","873"
"0x7b03637b0c00","      FMNMX R121, R97, R120, !PT","1223","616","1223","4161536","133169152","133169152","32","32","0","0","0","-","-","-","0","0","0","0","0","0","0","0","-","0","0","0","0","0","0","0","0","0","0","0","0","0","2","0","0","0","0","1","250","0","0","0","970","0","0","0","0","0","0","0","2","0","0","0","0","0","0","0","0","0","614"
"0x7b03637b0c10","      FMNMX R120, R100, R121, !PT","1034","650","1034","4161536","133169152","133169152","32","32","0","0","0","-","-","-","0","0","0","0","0","0","0","0","-","0","0","0","0","0","0","0","0","0","0","0","0","0","4","0","0","0","0","1","257","0","0","0","772","0","0","0","0","0","0","0","4","0","0","0","0","0","0","0","0","0","646"
"0x7b03637b0c20","      FMNMX R121, R101, R120, !PT","1038","641","1038","4161536","133169152","133169152","32","32","0","0","0","-","-","-","0","0","0","0","0","0","0","0","-","0","0","0","0","0","0","0","0","0","0","0","0","0","4","0","0","0","0","3","262","0","0","0","769","0","0","0","0","0","0","0","4","0","0","0","0","0","0","0","0","0","637"
"0x7b03637b0c30","      FMNMX R120, R104, R121, !PT","1494","859","1494","4161536","133169152","133169152","32","32","0","0","0","-","-","-","0","0","0","0","0","0","0","0","-","0","0","0","0","0","0","0","0","0","0","0","0","0","253","0","0","0","0","263","260","0","0","0","718","0","0","0","0","0","0","0","253","0","0","0","0","0","0","0","0","0","606"
"0x7b03637b0c40","      FMNMX R121, R90, R91, !PT","527","140","527","4161536","133169152","133169152","32","32","0","0","0","-","-","-","0","0","0","0","0","0","0","0","-","0","0","0","0","0","0","0","0","0","0","0","0","0","0","0","0","0","0","0","249","0","0","0","278","0","0","0","0","0","0","0","0","0","0","0","0","0","0","0","0","0","140"
"0x7b03637b0c50","      FMNMX R123, R105, R120, !PT","500","236","500","4161536","133169152","133169152","32","32","0","0","0","-","-","-","0","0","0","0","0","0","0","0","-","0","0","0","0","0","0","0","0","0","0","0","0","0","0","0","0","0","0","0","264","0","0","0","236","0","0","0","0","0","0","0","0","0","0","0","0","0","0","0","0","0","236"
"0x7b03637b0c60","      FMNMX R120, R94, R121, !PT","509","134","509","4161536","133169152","133169152","32","32","0","0","0","-","-","-","0","0","0","0","0","0","0","0","-","0","0","0","0","0","0","0","0","0","0","0","0","0","0","0","0","0","0","0","250","0","0","0","259","0","0","0","0","0","0","0","0","0","0","0","0","0","0","0","0","0","134"
"0x7b03637b0c70","      FMNMX R122, R108, R123, !PT","788","265","788","4161536","133169152","133169152","32","32","0","0","0","-","-","-","0","0","0","0","0","0","0","0","-","0","0","0","0","0","0","0","0","0","0","0","0","0","0","0","0","0","0","0","262","0","0","0","526","0","0","0","0","0","0","0","0","0","0","0","0","0","0","0","0","0","265"
"0x7b03637b0c80","      FMNMX R121, R95, R120, !PT","569","163","569","4161536","133169152","133169152","32","32","0","0","0","-","-","-","0","0","0","0","0","0","0","0","-","0","0","0","0","0","0","0","0","0","0","0","0","0","0","0","0","0","0","0","256","0","0","0","313","0","0","0","0","0","0","0","0","0","0","0","0","0","0","0","0","0","163"
"0x7b03637b0c90","      FMNMX R123, R109, R122, !PT","568","144","568","4161536","133169152","133169152","32","32","0","0","0","-","-","-","0","0","0","0","0","0","0","0","-","0","0","0","0","0","0","0","0","0","0","0","0","0","0","0","0","0","0","0","254","0","0","0","314","0","0","0","0","0","0","0","0","0","0","0","0","0","0","0","0","0","144"
"0x7b03637b0ca0","      FMNMX R120, R98, R121, !PT","565","145","565","4161536","133169152","133169152","32","32","0","0","0","-","-","-","0","0","0","0","0","0","0","0","-","0","0","0","0","0","0","0","0","0","0","0","0","0","0","0","0","0","0","0","232","0","0","0","333","0","0","0","0","0","0","0","0","0","0","0","0","0","0","0","0","0","145"
"0x7b03637b0cb0","      FMNMX R122, R112, R123, !PT","537","241","537","4161536","133169152","133169152","32","32","0","0","0","-","-","-","0","0","0","0","0","0","0","0","-","0","0","0","0","0","0","0","0","0","0","0","0","0","0","0","0","0","0","0","242","0","0","0","295","0","0","0","0","0","0","0","0","0","0","0","0","0","0","0","0","0","241"
"0x7b03637b0cc0","      FMNMX R121, R99, R120, !PT","560","246","560","4161536","133169152","133169152","32","32","0","0","0","-","-","-","0","0","0","0","0","0","0","0","-","0","0","0","0","0","0","0","0","0","0","0","0","0","0","0","0","0","0","0","262","0","0","0","298","0","0","0","0","0","0","0","0","0","0","0","0","0","0","0","0","0","246"
"0x7b03637b0cd0","      FMNMX R123, R113, R122, !PT","577","259","577","4161536","133169152","133169152","32","32","0","0","0","-","-","-","0","0","0","0","0","0","0","0","-","0","0","0","0","0","0","0","0","0","0","0","0","0","0","0","0","0","0","0","248","0","0","0","329","0","0","0","0","0","0","0","0","0","0","0","0","0","0","0","0","0","259"
"0x7b03637b0ce0","      FMNMX R120, R102, R121, !PT","539","257","539","4161536","133169152","133169152","32","32","0","0","0","-","-","-","0","0","0","0","0","0","0","0","-","0","0","0","0","0","0","0","0","0","0","0","0","0","0","0","0","0","0","0","233","0","0","0","306","0","0","0","0","0","0","0","0","0","0","0","0","0","0","0","0","0","257"
"0x7b03637b0cf0","      FMNMX R122, R116, R123, !PT","731","331","731","4161536","133169152","133169152","32","32","0","0","0","-","-","-","0","0","0","0","0","0","0","0","-","0","0","0","0","0","0","0","0","0","0","0","0","0","106","0","0","0","0","100","249","0","0","0","276","0","0","0","0","0","0","0","106","0","0","0","0","0","0","0","0","0","225"
"0x7b03637b0d00","      FMNMX R121, R103, R120, !PT","520","239","520","4161536","133169152","133169152","32","32","0","0","0","-","-","-","0","0","0","0","0","0","0","0","-","0","0","0","0","0","0","0","0","0","0","0","0","0","0","0","0","0","0","0","263","0","0","0","257","0","0","0","0","0","0","0","0","0","0","0","0","0","0","0","0","0","239"
"0x7b03637b0d10","      FMNMX R122, R117, R122, !PT","540","234","540","4161536","133169152","133169152","32","32","0","0","0","-","-","-","0","0","0","0","0","0","0","0","-","0","0","0","0","0","0","0","0","0","0","0","0","0","0","0","0","0","0","0","273","0","0","0","267","0","0","0","0","0","0","0","0","0","0","0","0","0","0","0","0","0","234"
"0x7b03637b0d20","      FMNMX R120, R106, R121, !PT","479","229","479","4161536","133169152","133169152","32","32","0","0","0","-","-","-","0","0","0","0","0","0","0","0","-","0","0","0","0","0","0","0","0","0","0","0","0","0","0","0","0","0","0","0","235","0","0","0","244","0","0","0","0","0","0","0","0","0","0","0","0","0","0","0","0","0","229"
"0x7b03637b0d30","      SHFL.BFLY PT, R123, R122, 0x2, 0x1f","737","240","737","4161536","133169152","133169152","32","32","0","0","0","-","-","-","0","0","0","0","0","0","0","0","-","0","0","0","0","0","0","0","0","0","0","0","0","0","0","0","0","0","0","0","273","0","0","0","464","0","0","0","0","0","0","0","0","0","0","0","0","0","0","0","0","0","240"
"0x7b03637b0d40","      FMNMX R121, R107, R120, !PT","255","0","255","4161536","133169152","133169152","32","32","0","0","0","-","-","-","0","0","0","0","0","0","0","0","-","0","0","0","0","0","0","0","0","0","0","0","0","0","0","0","0","0","0","0","255","0","0","0","0","0","0","0","0","0","0","0","0","0","0","0","0","0","0","0","0","0","0"
"0x7b03637b0d50","      FMNMX R120, R110, R121, !PT","2072","1054","2072","4161536","133169152","133169152","32","32","0","0","0","-","-","-","0","0","0","0","0","0","0","0","-","0","0","0","0","0","0","0","0","0","0","0","0","0","550","0","0","0","0","493","267","0","0","0","762","0","0","0","0","0","0","0","550","0","0","0","0","0","0","0","0","0","504"
"0x7b03637b0d60","      FMNMX R121, R111, R120, !PT","993","394","993","4161536","133169152","133169152","32","32","0","0","0","-","-","-","0","0","0","0","0","0","0","0","-","0","0","0","0","0","0","0","0","0","0","0","0","0","0","0","0","0","0","0","254","0","0","0","739","0","0","0","0","0","0","0","0","0","0","0","0","0","0","0","0","0","394"
"0x7b03637b0d70","      FMNMX R120, R114, R121, !PT","1041","533","1041","4161536","133169152","133169152","32","32","0","0","0","-","-","-","0","0","0","0","0","0","0","0","-","0","0","0","0","0","0","0","0","0","0","0","0","0","2","0","0","0","0","1","271","0","0","0","767","0","0","0","0","0","0","0","2","0","0","0","0","0","0","0","0","0","531"
"0x7b03637b0d80","      FMNMX R121, R115, R120, !PT","1828","481","1828","4161536","133169152","133169152","32","32","0","0","0","-","-","-","0","0","0","0","0","0","0","0","-","0","0","0","0","0","0","0","0","0","0","0","0","0","121","0","0","0","0","723","250","0","0","0","734","0","0","0","0","0","0","0","0","0","0","0","0","0","0","0","0","0","481"
"0x7b03637b0d90","      FMNMX R120, R118, R121, !PT","14124","344","14124","4161536","133169152","133169152","32","32","0","0","0","-","-","-","0","0","0","0","0","0","0","0","-","0","0","0","0","0","0","0","0","181","0","0","0","0","2098","0","0","0","0","10830","250","0","0","0","765","0","0","0","0","0","0","0","76","0","0","0","0","0","0","0","0","0","268"
"0x7b03637b0da0","      FMNMX R123, R122, R123, !PT","580","283","580","4161536","133169152","133169152","32","32","0","0","0","-","-","-","0","0","0","0","0","0","0","0","-","0","0","0","0","0","0","0","0","0","0","0","0","0","5","0","0","0","0","17","275","0","0","0","283","0","0","0","0","0","0","0","0","0","0","0","0","0","0","0","0","0","283"
"0x7b03637b0db0","      FMNMX R121, R119, R120, !PT","549","250","549","4161536","133169152","133169152","32","32","0","0","0","-","-","-","0","0","0","0","0","0","0","0","-","0","0","0","0","0","0","0","0","0","0","0","0","0","5","0","0","0","0","33","261","0","0","0","250","0","0","0","0","0","0","0","0","0","0","0","0","0","0","0","0","0","250"
"0x7b03637b0dc0","      SHFL.BFLY PT, R120, R123, 0x1, 0x1f","6240","388","6240","4161536","133169152","133169152","32","32","0","0","0","-","-","-","0","0","0","0","0","0","0","0","-","0","0","0","0","0","0","0","0","340","0","0","0","0","0","0","0","0","0","5119","236","0","0","0","545","0","0","0","0","0","0","0","0","0","0","0","0","0","0","0","0","0","388"
"0x7b03637b0dd0","      SHFL.BFLY PT, R124, R121, 0x2, 0x1f","4089","235","4089","4161536","133169152","133169152","32","32","0","0","0","-","-","-","0","0","0","0","0","0","0","0","-","0","0","0","0","0","0","0","0","729","0","0","0","0","0","0","0","0","0","2200","254","0","0","0","906","0","0","0","0","0","0","0","0","0","0","0","0","0","0","0","0","0","235"
"0x7b03637b0de0","      FMNMX R120, R123, R120, !PT","4703","2264","4703","4161536","133169152","133169152","32","32","0","0","0","-","-","-","0","0","0","0","0","0","0","0","-","0","0","0","0","0","0","0","0","164","0","0","0","0","394","0","0","0","0","286","266","3593","0","0","0","0","0","0","0","0","0","0","390","0","0","0","0","0","0","1874","0","0","0"
"0x7b03637b0df0","      FMNMX R124, R121, R124, !PT","4083","2472","4083","4161536","133169152","133169152","32","32","0","0","0","-","-","-","0","0","0","0","0","0","0","0","-","0","0","0","0","0","0","0","0","0","0","0","0","0","134","0","0","0","0","111","270","3278","0","0","290","0","0","0","0","0","0","0","133","0","0","0","0","0","0","2293","0","0","46"
"0x7b03637b0e00","      FMUL R163, R120, UR17","815","396","815","4161536","133169152","133169152","32","32","0","0","0","-","-","-","0","0","0","0","0","0","0","0","-","0","0","0","0","0","0","0","0","2","0","0","0","0","0","0","0","0","0","13","284","0","0","0","516","0","0","0","0","0","0","0","0","0","0","0","0","0","0","0","0","0","396"
"0x7b03637b0e10","      SHFL.BFLY PT, R125, R124, 0x1, 0x1f","588","258","588","4161536","133169152","133169152","32","32","0","0","0","-","-","-","0","0","0","0","0","0","0","0","-","0","0","0","0","0","0","0","0","1","0","0","0","0","0","0","0","0","0","44","265","0","0","0","278","0","0","0","0","0","0","0","0","0","0","0","0","0","0","0","0","0","258"
"0x7b03637b0e20","      FMNMX R163, R163, R144, !PT","802","382","802","4161536","133169152","133169152","32","32","0","0","0","-","-","-","0","0","0","0","0","0","0","0","-","0","0","0","0","0","0","0","0","1","0","0","0","0","1","0","0","0","0","3","278","0","0","0","519","0","0","0","0","0","0","0","0","0","0","0","0","0","0","0","0","0","382"
"0x7b03637b0e30","      FFMA R120, R88, UR17, -R163","1546","944","1546","4161536","133169152","133169152","32","32","0","0","0","-","-","-","0","0","0","0","0","0","0","0","-","0","0","0","0","0","0","0","0","158","0","0","0","0","0","0","0","0","0","42","234","0","0","0","1112","0","0","96","0","0","0","0","0","0","0","0","0","0","0","0","0","0","848"
"0x7b03637b0e40","      FFMA R89, R89, UR17, -R163","251","0","251","4161536","133169152","133169152","32","32","0","0","0","-","-","-","0","0","0","0","0","0","0","0","-","0","0","0","0","0","0","0","0","0","0","0","0","0","0","0","0","0","0","0","251","0","0","0","0","0","0","0","0","0","0","0","0","0","0","0","0","0","0","0","0","0","0"
"0x7b03637b0e50","      FADD R177, -R163, R144","249","0","249","4161536","133169152","133169152","32","32","0","0","0","-","-","-","0","0","0","0","0","0","0","0","-","0","0","0","0","0","0","0","0","9","0","0","0","0","0","0","0","0","0","0","240","0","0","0","0","0","0","0","0","0","0","0","0","0","0","0","0","0","0","0","0","0","0"
"0x7b03637b0e60","      FFMA R172, R100, UR17, -R163","258","0","258","4161536","133169152","133169152","32","32","0","0","0","-","-","-","0","0","0","0","0","0","0","0","-","0","0","0","0","0","0","0","0","0","0","0","0","0","0","0","0","0","0","0","258","0","0","0","0","0","0","0","0","0","0","0","0","0","0","0","0","0","0","0","0","0","0"
"0x7b03637b0e70","      FFMA R175, R101, UR17, -R163","244","0","244","4161536","133169152","133169152","32","32","0","0","0","-","-","-","0","0","0","0","0","0","0","0","-","0","0","0","0","0","0","0","0","0","0","0","0","0","0","0","0","0","0","0","244","0","0","0","0","0","0","0","0","0","0","0","0","0","0","0","0","0","0","0","0","0","0"
"0x7b03637b0e80","      FADD R127, R120, R89","300","0","300","4161536","133169152","133169152","32","32","0","0","0","-","-","-","0","0","0","0","0","0","0","0","-","0","0","0","0","0","0","0","0","26","0","0","0","0","0","0","0","0","0","0","274","0","0","0","0","0","0","0","0","0","0","0","0","0","0","0","0","0","0","0","0","0","0"
"0x7b03637b0e90","      F2FP.F16.F32.PACK_AB R120, R89, R120","345","0","345","4161536","133169152","133169152","32","32","0","0","0","-","-","-","0","0","0","0","0","0","0","0","-","0","0","0","0","0","0","0","0","76","0","0","0","0","0","0","0","0","0","0","269","0","0","0","0","0","0","0","0","0","0","0","0","0","0","0","0","0","0","0","0","0","0"
"0x7b03637b0ea0","      IMAD.U32 R89, RZ, RZ, UR4","319","0","319","4161536","133169152","133169152","32","32","0","0","0","-","-","-","0","0","0","0","0","0","0","0","-","0","0","0","0","0","0","0","0","13","0","0","0","0","0","0","0","0","0","0","306","0","0","0","0","0","0","0","0","0","0","0","0","0","0","0","0","0","0","0","0","0","0"
"0x7b03637b0eb0","      FFMA R174, R104, UR17, -R163","599","64","599","4161536","133169152","133169152","32","32","0","0","0","-","-","-","0","0","0","0","0","0","0","0","-","0","0","0","0","0","0","0","0","1","0","0","0","0","0","0","0","0","0","102","240","0","0","0","256","0","0","0","0","0","0","0","0","0","0","0","0","0","0","0","0","0","64"
"0x7b03637b0ec0","      FFMA R122, R92, UR17, -R163","301","0","301","4161536","133169152","133169152","32","32","0","0","0","-","-","-","0","0","0","0","0","0","0","0","-","0","0","0","0","0","0","0","0","39","0","0","0","0","0","0","0","0","0","0","262","0","0","0","0","0","0","0","0","0","0","0","0","0","0","0","0","0","0","0","0","0","0"
"0x7b03637b0ed0","      FFMA R171, R93, UR17, -R163","263","0","263","4161536","133169152","133169152","32","32","0","0","0","-","-","-","0","0","0","0","0","0","0","0","-","0","0","0","0","0","0","0","0","11","0","0","0","0","0","0","0","0","0","0","252","0","0","0","0","0","0","0","0","0","0","0","0","0","0","0","0","0","0","0","0","0","0"
"0x7b03637b0ee0","      FFMA R170, R96, UR17, -R163","279","0","279","4161536","133169152","133169152","32","32","0","0","0","-","-","-","0","0","0","0","0","0","0","0","-","0","0","0","0","0","0","0","0","0","0","0","0","0","0","0","0","0","0","0","279","0","0","0","0","0","0","0","0","0","0","0","0","0","0","0","0","0","0","0","0","0","0"
"0x7b03637b0ef0","      ISETP.GE.AND.EX P4, PT, R89, R160, PT, P4","231","0","231","4161536","133169152","133169152","32","32","0","0","0","-","-","-","0","0","0","0","0","0","0","0","-","0","0","0","0","0","0","0","0","0","0","0","0","0","0","0","0","0","0","0","231","0","0","0","0","0","0","0","0","0","0","0","0","0","0","0","0","0","0","0","0","0","0"
"0x7b03637b0f00","      FFMA R173, R97, UR17, -R163","245","0","245","4161536","133169152","133169152","32","32","0","0","0","-","-","-","0","0","0","0","0","0","0","0","-","0","0","0","0","0","0","0","0","0","0","0","0","0","0","0","0","0","0","0","245","0","0","0","0","0","0","0","0","0","0","0","0","0","0","0","0","0","0","0","0","0","0"
"0x7b03637b0f10","      FFMA R105, R105, UR17, -R163","273","0","273","4161536","133169152","133169152","32","32","0","0","0","-","-","-","0","0","0","0","0","0","0","0","-","0","0","0","0","0","0","0","0","4","0","0","0","0","0","0","0","0","0","0","269","0","0","0","0","0","0","0","0","0","0","0","0","0","0","0","0","0","0","0","0","0","0"
"0x7b03637b0f20","      FFMA R108, R108, UR17, -R163","284","0","284","4161536","133169152","133169152","32","32","0","0","0","-","-","-","0","0","0","0","0","0","0","0","-","0","0","0","0","0","0","0","0","0","0","0","0","0","0","0","0","0","0","0","284","0","0","0","0","0","0","0","0","0","0","0","0","0","0","0","0","0","0","0","0","0","0"
"0x7b03637b0f30","      FFMA R109, R109, UR17, -R163","263","0","263","4161536","133169152","133169152","32","32","0","0","0","-","-","-","0","0","0","0","0","0","0","0","-","0","0","0","0","0","0","0","0","4","0","0","0","0","0","0","0","0","0","0","259","0","0","0","0","0","0","0","0","0","0","0","0","0","0","0","0","0","0","0","0","0","0"
"0x7b03637b0f40","      FFMA R112, R112, UR17, -R163","292","0","292","4161536","133169152","133169152","32","32","0","0","0","-","-","-","0","0","0","0","0","0","0","0","-","0","0","0","0","0","0","0","0","31","0","0","0","0","0","0","0","0","0","0","261","0","0","0","0","0","0","0","0","0","0","0","0","0","0","0","0","0","0","0","0","0","0"
"0x7b03637b0f50","      FMNMX R125, R124, R125, !PT","552","94","552","4161536","133169152","133169152","32","32","0","0","0","-","-","-","0","0","0","0","0","0","0","0","-","0","0","0","0","0","0","0","0","83","0","0","0","0","94","0","0","0","0","75","265","35","0","0","0","0","0","0","0","0","0","0","94","0","0","0","0","0","0","0","0","0","0"
"0x7b03637b0f60","      FFMA R113, R113, UR17, -R163","250","0","250","4161536","133169152","133169152","32","32","0","0","0","-","-","-","0","0","0","0","0","0","0","0","-","0","0","0","0","0","0","0","0","10","0","0","0","0","0","0","0","0","0","0","240","0","0","0","0","0","0","0","0","0","0","0","0","0","0","0","0","0","0","0","0","0","0"
"0x7b03637b0f70","      FFMA R116, R116, UR17, -R163","232","0","232","4161536","133169152","133169152","32","32","0","0","0","-","-","-","0","0","0","0","0","0","0","0","-","0","0","0","0","0","0","0","0","0","0","0","0","0","0","0","0","0","0","0","232","0","0","0","0","0","0","0","0","0","0","0","0","0","0","0","0","0","0","0","0","0","0"
"0x7b03637b0f80","      FFMA R117, R117, UR17, -R163","323","0","323","4161536","133169152","133169152","32","32","0","0","0","-","-","-","0","0","0","0","0","0","0","0","-","0","0","0","0","0","0","0","0","56","0","0","0","0","0","0","0","0","0","0","267","0","0","0","0","0","0","0","0","0","0","0","0","0","0","0","0","0","0","0","0","0","0"
"0x7b03637b0f90","      FMUL R24, R24, R177","262","0","262","4161536","133169152","133169152","32","32","0","0","0","-","-","-","0","0","0","0","0","0","0","0","-","0","0","0","0","0","0","0","0","17","0","0","0","0","0","0","0","0","0","0","245","0","0","0","0","0","0","0","0","0","0","0","0","0","0","0","0","0","0","0","0","0","0"
"0x7b03637b0fa0","      FMUL R88, R125, UR17","379","0","379","4161536","133169152","133169152","32","32","0","0","0","-","-","-","0","0","0","0","0","0","0","0","-","0","0","0","0","0","0","0","0","112","0","0","0","0","0","0","0","0","0","0","267","0","0","0","0","0","0","0","0","0","0","0","0","0","0","0","0","0","0","0","0","0","0"
"0x7b03637b0fb0","      FMUL R25, R25, R177","225","0","225","4161536","133169152","133169152","32","32","0","0","0","-","-","-","0","0","0","0","0","0","0","0","-","0","0","0","0","0","0","0","0","0","0","0","0","0","0","0","0","0","0","0","225","0","0","0","0","0","0","0","0","0","0","0","0","0","0","0","0","0","0","0","0","0","0"
"0x7b03637b0fc0","      FMUL R28, R28, R177","289","0","289","4161536","133169152","133169152","32","32","0","0","0","-","-","-","0","0","0","0","0","0","0","0","-","0","0","0","0","0","0","0","0","57","0","0","0","0","0","0","0","0","0","0","232","0","0","0","0","0","0","0","0","0","0","0","0","0","0","0","0","0","0","0","0","0","0"
"0x7b03637b0fd0","      FMUL R29, R29, R177","278","0","278","4161536","133169152","133169152","32","32","0","0","0","-","-","-","0","0","0","0","0","0","0","0","-","0","0","0","0","0","0","0","0","18","0","0","0","0","0","0","0","0","0","0","260","0","0","0","0","0","0","0","0","0","0","0","0","0","0","0","0","0","0","0","0","0","0"
"0x7b03637b0fe0","      FMUL R32, R32, R177","326","0","326","4161536","133169152","133169152","32","32","0","0","0","-","-","-","0","0","0","0","0","0","0","0","-","0","0","0","0","0","0","0","0","74","0","0","0","0","0","0","0","0","0","0","252","0","0","0","0","0","0","0","0","0","0","0","0","0","0","0","0","0","0","0","0","0","0"
"0x7b03637b0ff0","      FMNMX R88, R88, R143, !PT","278","0","278","4161536","133169152","133169152","32","32","0","0","0","-","-","-","0","0","0","0","0","0","0","0","-","0","0","0","0","0","0","0","0","44","0","0","0","0","0","0","0","0","0","0","234","0","0","0","0","0","0","0","0","0","0","0","0","0","0","0","0","0","0","0","0","0","0"
"0x7b03637b1000","      FMUL R33, R33, R177","416","0","416","4161536","133169152","133169152","32","32","0","0","0","-","-","-","0","0","0","0","0","0","0","0","-","0","0","0","0","0","0","0","0","152","0","0","0","0","0","0","0","0","0","0","264","0","0","0","0","0","0","0","0","0","0","0","0","0","0","0","0","0","0","0","0","0","0"
"0x7b03637b1010","      FMUL R36, R36, R177","247","0","247","4161536","133169152","133169152","32","32","0","0","0","-","-","-","0","0","0","0","0","0","0","0","-","0","0","0","0","0","0","0","0","0","0","0","0","0","0","0","0","0","0","0","247","0","0","0","0","0","0","0","0","0","0","0","0","0","0","0","0","0","0","0","0","0","0"
"0x7b03637b1020","      FMUL R37, R37, R177","451","0","451","4161536","133169152","133169152","32","32","0","0","0","-","-","-","0","0","0","0","0","0","0","0","-","0","0","0","0","0","0","0","0","182","0","0","0","0","0","0","0","0","0","0","269","0","0","0","0","0","0","0","0","0","0","0","0","0","0","0","0","0","0","0","0","0","0"
"0x7b03637b1030","      FMUL R40, R40, R177","246","0","246","4161536","133169152","133169152","32","32","0","0","0","-","-","-","0","0","0","0","0","0","0","0","-","0","0","0","0","0","0","0","0","0","0","0","0","0","0","0","0","0","0","0","246","0","0","0","0","0","0","0","0","0","0","0","0","0","0","0","0","0","0","0","0","0","0"
"0x7b03637b1040","      FADD R144, -R88, R143","475","0","475","4161536","133169152","133169152","32","32","0","0","0","-","-","-","0","0","0","0","0","0","0","0","-","0","0","0","0","0","0","0","0","196","0","0","0","0","0","0","0","0","0","0","279","0","0","0","0","0","0","0","0","0","0","0","0","0","0","0","0","0","0","0","0","0","0"
"0x7b03637b1050","      FFMA R89, R90, UR17, -R88","680","0","680","4161536","133169152","133169152","32","32","0","0","0","-","-","-","0","0","0","0","0","0","0","0","-","0","0","0","0","0","0","0","0","423","0","0","0","0","0","0","0","0","0","0","257","0","0","0","0","0","0","0","0","0","0","0","0","0","0","0","0","0","0","0","0","0","0"
"0x7b03637b1060","      FFMA R100, R91, UR17, -R88","246","0","246","4161536","133169152","133169152","32","32","0","0","0","-","-","-","0","0","0","0","0","0","0","0","-","0","0","0","0","0","0","0","0","0","0","0","0","0","0","0","0","0","0","0","246","0","0","0","0","0","0","0","0","0","0","0","0","0","0","0","0","0","0","0","0","0","0"
"0x7b03637b1070","      FFMA R101, R94, UR17, -R88","475","0","475","4161536","133169152","133169152","32","32","0","0","0","-","-","-","0","0","0","0","0","0","0","0","-","0","0","0","0","0","0","0","0","207","0","0","0","0","0","0","0","0","0","0","268","0","0","0","0","0","0","0","0","0","0","0","0","0","0","0","0","0","0","0","0","0","0"
"0x7b03637b1080","      FFMA R104, R95, UR17, -R88","271","0","271","4161536","133169152","133169152","32","32","0","0","0","-","-","-","0","0","0","0","0","0","0","0","-","0","0","0","0","0","0","0","0","19","0","0","0","0","0","0","0","0","0","0","252","0","0","0","0","0","0","0","0","0","0","0","0","0","0","0","0","0","0","0","0","0","0"
"0x7b03637b1090","      FFMA R98, R98, UR17, -R88","565","0","565","4161536","133169152","133169152","32","32","0","0","0","-","-","-","0","0","0","0","0","0","0","0","-","0","0","0","0","0","0","0","0","286","0","0","0","0","0","0","0","0","0","0","279","0","0","0","0","0","0","0","0","0","0","0","0","0","0","0","0","0","0","0","0","0","0"
"0x7b03637b10a0","      FFMA R99, R99, UR17, -R88","706","0","706","4161536","133169152","133169152","32","32","0","0","0","-","-","-","0","0","0","0","0","0","0","0","-","0","0","0","0","0","0","0","0","464","0","0","0","0","0","0","0","0","0","0","242","0","0","0","0","0","0","0","0","0","0","0","0","0","0","0","0","0","0","0","0","0","0"
"0x7b03637b10b0","      FFMA R102, R102, UR17, -R88","244","0","244","4161536","133169152","133169152","32","32","0","0","0","-","-","-","0","0","0","0","0","0","0","0","-","0","0","0","0","0","0","0","0","0","0","0","0","0","0","0","0","0","0","0","244","0","0","0","0","0","0","0","0","0","0","0","0","0","0","0","0","0","0","0","0","0","0"
"0x7b03637b10c0","      FFMA R103, R103, UR17, -R88","572","0","572","4161536","133169152","133169152","32","32","0","0","0","-","-","-","0","0","0","0","0","0","0","0","-","0","0","0","0","0","0","0","0","265","0","0","0","0","0","0","0","0","0","0","307","0","0","0","0","0","0","0","0","0","0","0","0","0","0","0","0","0","0","0","0","0","0"
"0x7b03637b10d0","      FFMA R106, R106, UR17, -R88","254","0","254","4161536","133169152","133169152","32","32","0","0","0","-","-","-","0","0","0","0","0","0","0","0","-","0","0","0","0","0","0","0","0","0","0","0","0","0","0","0","0","0","0","0","254","0","0","0","0","0","0","0","0","0","0","0","0","0","0","0","0","0","0","0","0","0","0"
"0x7b03637b10e0","      FFMA R107, R107, UR17, -R88","483","0","483","4161536","133169152","133169152","32","32","0","0","0","-","-","-","0","0","0","0","0","0","0","0","-","0","0","0","0","0","0","0","0","245","0","0","0","0","0","0","0","0","0","0","238","0","0","0","0","0","0","0","0","0","0","0","0","0","0","0","0","0","0","0","0","0","0"
"0x7b03637b10f0","      FFMA R110, R110, UR17, -R88","255","0","255","4161536","133169152","133169152","32","32","0","0","0","-","-","-","0","0","0","0","0","0","0","0","-","0","0","0","0","0","0","0","0","0","0","0","0","0","0","0","0","0","0","0","255","0","0","0","0","0","0","0","0","0","0","0","0","0","0","0","0","0","0","0","0","0","0"
"0x7b03637b1100","      FFMA R111, R111, UR17, -R88","514","0","514","4161536","133169152","133169152","32","32","0","0","0","-","-","-","0","0","0","0","0","0","0","0","-","0","0","0","0","0","0","0","0","273","0","0","0","0","0","0","0","0","0","0","241","0","0","0","0","0","0","0","0","0","0","0","0","0","0","0","0","0","0","0","0","0","0"
"0x7b03637b1110","      FFMA R114, R114, UR17, -R88","241","0","241","4161536","133169152","133169152","32","32","0","0","0","-","-","-","0","0","0","0","0","0","0","0","-","0","0","0","0","0","0","0","0","0","0","0","0","0","0","0","0","0","0","0","241","0","0","0","0","0","0","0","0","0","0","0","0","0","0","0","0","0","0","0","0","0","0"
"0x7b03637b1120","      FFMA R115, R115, UR17, -R88","536","0","536","4161536","133169152","133169152","32","32","0","0","0","-","-","-","0","0","0","0","0","0","0","0","-","0","0","0","0","0","0","0","0","261","0","0","0","0","0","0","0","0","0","0","275","0","0","0","0","0","0","0","0","0","0","0","0","0","0","0","0","0","0","0","0","0","0"
"0x7b03637b1130","      FFMA R118, R118, UR17, -R88","258","0","258","4161536","133169152","133169152","32","32","0","0","0","-","-","-","0","0","0","0","0","0","0","0","-","0","0","0","0","0","0","0","0","0","0","0","0","0","0","0","0","0","0","0","258","0","0","0","0","0","0","0","0","0","0","0","0","0","0","0","0","0","0","0","0","0","0"
"0x7b03637b1140","      FFMA R119, R119, UR17, -R88","524","0","524","4161536","133169152","133169152","32","32","0","0","0","-","-","-","0","0","0","0","0","0","0","0","-","0","0","0","0","0","0","0","0","253","0","0","0","0","0","0","0","0","0","0","271","0","0","0","0","0","0","0","0","0","0","0","0","0","0","0","0","0","0","0","0","0","0"
"0x7b03637b1150","      FMUL R41, R41, R177","264","0","264","4161536","133169152","133169152","32","32","0","0","0","-","-","-","0","0","0","0","0","0","0","0","-","0","0","0","0","0","0","0","0","0","0","0","0","0","0","0","0","0","0","0","264","0","0","0","0","0","0","0","0","0","0","0","0","0","0","0","0","0","0","0","0","0","0"
"0x7b03637b1160","      FMUL R44, R44, R177","453","0","453","4161536","133169152","133169152","32","32","0","0","0","-","-","-","0","0","0","0","0","0","0","0","-","0","0","0","0","0","0","0","0","188","0","0","0","0","0","0","0","0","0","0","265","0","0","0","0","0","0","0","0","0","0","0","0","0","0","0","0","0","0","0","0","0","0"
"0x7b03637b1170","      FMUL R45, R45, R177","277","0","277","4161536","133169152","133169152","32","32","0","0","0","-","-","-","0","0","0","0","0","0","0","0","-","0","0","0","0","0","0","0","0","0","0","0","0","0","0","0","0","0","0","0","277","0","0","0","0","0","0","0","0","0","0","0","0","0","0","0","0","0","0","0","0","0","0"
"0x7b03637b1180","      FMUL R48, R48, R177","453","0","453","4161536","133169152","133169152","32","32","0","0","0","-","-","-","0","0","0","0","0","0","0","0","-","0","0","0","0","0","0","0","0","207","0","0","0","0","0","0","0","0","0","0","246","0","0","0","0","0","0","0","0","0","0","0","0","0","0","0","0","0","0","0","0","0","0"
"0x7b03637b1190","      FMUL R49, R49, R177","272","0","272","4161536","133169152","133169152","32","32","0","0","0","-","-","-","0","0","0","0","0","0","0","0","-","0","0","0","0","0","0","0","0","0","0","0","0","0","0","0","0","0","0","0","272","0","0","0","0","0","0","0","0","0","0","0","0","0","0","0","0","0","0","0","0","0","0"
"0x7b03637b11a0","      FMUL R52, R52, R177","440","0","440","4161536","133169152","133169152","32","32","0","0","0","-","-","-","0","0","0","0","0","0","0","0","-","0","0","0","0","0","0","0","0","199","0","0","0","0","0","0","0","0","0","0","241","0","0","0","0","0","0","0","0","0","0","0","0","0","0","0","0","0","0","0","0","0","0"
"0x7b03637b11b0","      FMUL R53, R53, R177","246","0","246","4161536","133169152","133169152","32","32","0","0","0","-","-","-","0","0","0","0","0","0","0","0","-","0","0","0","0","0","0","0","0","0","0","0","0","0","0","0","0","0","0","0","246","0","0","0","0","0","0","0","0","0","0","0","0","0","0","0","0","0","0","0","0","0","0"
"0x7b03637b11c0","      FMUL R56, R56, R177","407","0","407","4161536","133169152","133169152","32","32","0","0","0","-","-","-","0","0","0","0","0","0","0","0","-","0","0","0","0","0","0","0","0","150","0","0","0","0","0","0","0","0","0","0","257","0","0","0","0","0","0","0","0","0","0","0","0","0","0","0","0","0","0","0","0","0","0"
"0x7b03637b11d0","      FMUL R57, R57, R177","266","0","266","4161536","133169152","133169152","32","32","0","0","0","-","-","-","0","0","0","0","0","0","0","0","-","0","0","0","0","0","0","0","0","0","0","0","0","0","0","0","0","0","0","0","266","0","0","0","0","0","0","0","0","0","0","0","0","0","0","0","0","0","0","0","0","0","0"
"0x7b03637b11e0","      FMUL R60, R60, R177","395","0","395","4161536","133169152","133169152","32","32","0","0","0","-","-","-","0","0","0","0","0","0","0","0","-","0","0","0","0","0","0","0","0","131","0","0","0","0","0","0","0","0","0","0","264","0","0","0","0","0","0","0","0","0","0","0","0","0","0","0","0","0","0","0","0","0","0"
"0x7b03637b11f0","      FMUL R61, R61, R177","243","0","243","4161536","133169152","133169152","32","32","0","0","0","-","-","-","0","0","0","0","0","0","0","0","-","0","0","0","0","0","0","0","0","0","0","0","0","0","0","0","0","0","0","0","243","0","0","0","0","0","0","0","0","0","0","0","0","0","0","0","0","0","0","0","0","0","0"
"0x7b03637b1200","      FMUL R64, R64, R177","329","0","329","4161536","133169152","133169152","32","32","0","0","0","-","-","-","0","0","0","0","0","0","0","0","-","0","0","0","0","0","0","0","0","83","0","0","0","0","0","0","0","0","1","0","245","0","0","0","0","0","0","0","0","0","0","0","0","0","0","0","0","0","0","0","0","0","0"
"0x7b03637b1210","      FMUL R65, R65, R177","259","0","259","4161536","133169152","133169152","32","32","0","0","0","-","-","-","0","0","0","0","0","0","0","0","-","0","0","0","0","0","0","0","0","0","0","0","0","0","0","0","0","0","0","0","259","0","0","0","0","0","0","0","0","0","0","0","0","0","0","0","0","0","0","0","0","0","0"
"0x7b03637b1220","      FMUL R68, R68, R177","314","0","314","4161536","133169152","133169152","32","32","0","0","0","-","-","-","0","0","0","0","0","0","0","0","-","0","0","0","0","0","0","0","0","68","0","0","0","0","0","0","0","0","0","0","246","0","0","0","0","0","0","0","0","0","0","0","0","0","0","0","0","0","0","0","0","0","0"
"0x7b03637b1230","      FMUL R69, R69, R177","264","0","264","4161536","133169152","133169152","32","32","0","0","0","-","-","-","0","0","0","0","0","0","0","0","-","0","0","0","0","0","0","0","0","0","0","0","0","0","0","0","0","0","0","0","264","0","0","0","0","0","0","0","0","0","0","0","0","0","0","0","0","0","0","0","0","0","0"
"0x7b03637b1240","      FMUL R72, R72, R177","319","0","319","4161536","133169152","133169152","32","32","0","0","0","-","-","-","0","0","0","0","0","0","0","0","-","0","0","0","0","0","0","0","0","24","0","0","0","0","0","0","0","0","0","0","295","0","0","0","0","0","0","0","0","0","0","0","0","0","0","0","0","0","0","0","0","0","0"
"0x7b03637b1250","      FMUL R73, R73, R177","244","0","244","4161536","133169152","133169152","32","32","0","0","0","-","-","-","0","0","0","0","0","0","0","0","-","0","0","0","0","0","0","0","0","0","0","0","0","0","0","0","0","0","0","0","244","0","0","0","0","0","0","0","0","0","0","0","0","0","0","0","0","0","0","0","0","0","0"
"0x7b03637b1260","      FMUL R76, R76, R177","262","0","262","4161536","133169152","133169152","32","32","0","0","0","-","-","-","0","0","0","0","0","0","0","0","-","0","0","0","0","0","0","0","0","12","0","0","0","0","0","0","0","0","0","0","250","0","0","0","0","0","0","0","0","0","0","0","0","0","0","0","0","0","0","0","0","0","0"
"0x7b03637b1270","      FMUL R77, R77, R177","254","0","254","4161536","133169152","133169152","32","32","0","0","0","-","-","-","0","0","0","0","0","0","0","0","-","0","0","0","0","0","0","0","0","0","0","0","0","0","0","0","0","0","0","0","254","0","0","0","0","0","0","0","0","0","0","0","0","0","0","0","0","0","0","0","0","0","0"
"0x7b03637b1280","      FMUL R80, R80, R177","246","0","246","4161536","133169152","133169152","32","32","0","0","0","-","-","-","0","0","0","0","0","0","0","0","-","0","0","0","0","0","0","0","0","3","0","0","0","0","0","0","0","0","0","0","243","0","0","0","0","0","0","0","0","0","0","0","0","0","0","0","0","0","0","0","0","0","0"
"0x7b03637b1290","      FMUL R81, R81, R177","269","0","269","4161536","133169152","133169152","32","32","0","0","0","-","-","-","0","0","0","0","0","0","0","0","-","0","0","0","0","0","0","0","0","0","0","0","0","0","0","0","0","0","0","0","269","0","0","0","0","0","0","0","0","0","0","0","0","0","0","0","0","0","0","0","0","0","0"
"0x7b03637b12a0","      FMUL R84, R84, R177","248","0","248","4161536","133169152","133169152","32","32","0","0","0","-","-","-","0","0","0","0","0","0","0","0","-","0","0","0","0","0","0","0","0","1","0","0","0","0","0","0","0","0","0","0","247","0","0","0","0","0","0","0","0","0","0","0","0","0","0","0","0","0","0","0","0","0","0"
"0x7b03637b12b0","      FMUL R26, R26, R144","245","0","245","4161536","133169152","133169152","32","32","0","0","0","-","-","-","0","0","0","0","0","0","0","0","-","0","0","0","0","0","0","0","0","0","0","0","0","0","0","0","0","0","0","0","245","0","0","0","0","0","0","0","0","0","0","0","0","0","0","0","0","0","0","0","0","0","0"
"0x7b03637b12c0","      FMUL R27, R27, R144","235","0","235","4161536","133169152","133169152","32","32","0","0","0","-","-","-","0","0","0","0","0","0","0","0","-","0","0","0","0","0","0","0","0","2","0","0","0","0","0","0","0","0","0","0","233","0","0","0","0","0","0","0","0","0","0","0","0","0","0","0","0","0","0","0","0","0","0"
"0x7b03637b12d0","      FMUL R30, R30, R144","245","0","245","4161536","133169152","133169152","32","32","0","0","0","-","-","-","0","0","0","0","0","0","0","0","-","0","0","0","0","0","0","0","0","0","0","0","0","0","0","0","0","0","0","0","245","0","0","0","0","0","0","0","0","0","0","0","0","0","0","0","0","0","0","0","0","0","0"
"0x7b03637b12e0","      FMUL R31, R31, R144","219","0","219","4161536","133169152","133169152","32","32","0","0","0","-","-","-","0","0","0","0","0","0","0","0","-","0","0","0","0","0","0","0","0","2","0","0","0","0","0","0","0","0","0","0","217","0","0","0","0","0","0","0","0","0","0","0","0","0","0","0","0","0","0","0","0","0","0"
"0x7b03637b12f0","      FMUL R34, R34, R144","224","0","224","4161536","133169152","133169152","32","32","0","0","0","-","-","-","0","0","0","0","0","0","0","0","-","0","0","0","0","0","0","0","0","0","0","0","0","0","0","0","0","0","0","0","224","0","0","0","0","0","0","0","0","0","0","0","0","0","0","0","0","0","0","0","0","0","0"
"0x7b03637b1300","      FMUL R35, R35, R144","255","0","255","4161536","133169152","133169152","32","32","0","0","0","-","-","-","0","0","0","0","0","0","0","0","-","0","0","0","0","0","0","0","0","3","0","0","0","0","0","0","0","0","0","0","252","0","0","0","0","0","0","0","0","0","0","0","0","0","0","0","0","0","0","0","0","0","0"
"0x7b03637b1310","      FMUL R38, R38, R144","266","0","266","4161536","133169152","133169152","32","32","0","0","0","-","-","-","0","0","0","0","0","0","0","0","-","0","0","0","0","0","0","0","0","0","0","0","0","0","0","0","0","0","0","0","266","0","0","0","0","0","0","0","0","0","0","0","0","0","0","0","0","0","0","0","0","0","0"
"0x7b03637b1320","      FMUL R39, R39, R144","265","0","265","4161536","133169152","133169152","32","32","0","0","0","-","-","-","0","0","0","0","0","0","0","0","-","0","0","0","0","0","0","0","0","4","0","0","0","0","0","0","0","0","0","0","261","0","0","0","0","0","0","0","0","0","0","0","0","0","0","0","0","0","0","0","0","0","0"
"0x7b03637b1330","      FMUL R42, R42, R144","279","0","279","4161536","133169152","133169152","32","32","0","0","0","-","-","-","0","0","0","0","0","0","0","0","-","0","0","0","0","0","0","0","0","0","0","0","0","0","0","0","0","0","0","0","279","0","0","0","0","0","0","0","0","0","0","0","0","0","0","0","0","0","0","0","0","0","0"
"0x7b03637b1340","      FMUL R43, R43, R144","268","0","268","4161536","133169152","133169152","32","32","0","0","0","-","-","-","0","0","0","0","0","0","0","0","-","0","0","0","0","0","0","0","0","2","0","0","0","0","0","0","0","0","0","0","266","0","0","0","0","0","0","0","0","0","0","0","0","0","0","0","0","0","0","0","0","0","0"
"0x7b03637b1350","      FMUL R46, R46, R144","264","0","264","4161536","133169152","133169152","32","32","0","0","0","-","-","-","0","0","0","0","0","0","0","0","-","0","0","0","0","0","0","0","0","0","0","0","0","0","0","0","0","0","0","0","264","0","0","0","0","0","0","0","0","0","0","0","0","0","0","0","0","0","0","0","0","0","0"
"0x7b03637b1360","      FMUL R47, R47, R144","267","0","267","4161536","133169152","133169152","32","32","0","0","0","-","-","-","0","0","0","0","0","0","0","0","-","0","0","0","0","0","0","0","0","0","0","0","0","0","0","0","0","0","0","0","267","0","0","0","0","0","0","0","0","0","0","0","0","0","0","0","0","0","0","0","0","0","0"
"0x7b03637b1370","      FMUL R50, R50, R144","230","0","230","4161536","133169152","133169152","32","32","0","0","0","-","-","-","0","0","0","0","0","0","0","0","-","0","0","0","0","0","0","0","0","0","0","0","0","0","0","0","0","0","0","0","230","0","0","0","0","0","0","0","0","0","0","0","0","0","0","0","0","0","0","0","0","0","0"
"0x7b03637b1380","      FMUL R51, R51, R144","264","0","264","4161536","133169152","133169152","32","32","0","0","0","-","-","-","0","0","0","0","0","0","0","0","-","0","0","0","0","0","0","0","0","1","0","0","0","0","0","0","0","0","0","1","262","0","0","0","0","0","0","0","0","0","0","0","0","0","0","0","0","0","0","0","0","0","0"
"0x7b03637b1390","      FMUL R54, R54, R144","296","0","296","4161536","133169152","133169152","32","32","0","0","0","-","-","-","0","0","0","0","0","0","0","0","-","0","0","0","0","0","0","0","0","0","0","0","0","0","0","0","0","0","0","0","296","0","0","0","0","0","0","0","0","0","0","0","0","0","0","0","0","0","0","0","0","0","0"
"0x7b03637b13a0","      FMUL R55, R55, R144","258","0","258","4161536","133169152","133169152","32","32","0","0","0","-","-","-","0","0","0","0","0","0","0","0","-","0","0","0","0","0","0","0","0","1","0","0","0","0","0","0","0","0","0","0","257","0","0","0","0","0","0","0","0","0","0","0","0","0","0","0","0","0","0","0","0","0","0"
"0x7b03637b13b0","      FMUL R58, R58, R144","258","0","258","4161536","133169152","133169152","32","32","0","0","0","-","-","-","0","0","0","0","0","0","0","0","-","0","0","0","0","0","0","0","0","0","0","0","0","0","0","0","0","0","0","0","258","0","0","0","0","0","0","0","0","0","0","0","0","0","0","0","0","0","0","0","0","0","0"
"0x7b03637b13c0","      FMUL R59, R59, R144","225","0","225","4161536","133169152","133169152","32","32","0","0","0","-","-","-","0","0","0","0","0","0","0","0","-","0","0","0","0","0","0","0","0","1","0","0","0","0","0","0","0","0","0","0","224","0","0","0","0","0","0","0","0","0","0","0","0","0","0","0","0","0","0","0","0","0","0"
"0x7b03637b13d0","      FMUL R62, R62, R144","246","0","246","4161536","133169152","133169152","32","32","0","0","0","-","-","-","0","0","0","0","0","0","0","0","-","0","0","0","0","0","0","0","0","0","0","0","0","0","0","0","0","0","0","0","246","0","0","0","0","0","0","0","0","0","0","0","0","0","0","0","0","0","0","0","0","0","0"
"0x7b03637b13e0","      FMUL R63, R63, R144","247","0","247","4161536","133169152","133169152","32","32","0","0","0","-","-","-","0","0","0","0","0","0","0","0","-","0","0","0","0","0","0","0","0","1","0","0","0","0","0","0","0","0","0","0","246","0","0","0","0","0","0","0","0","0","0","0","0","0","0","0","0","0","0","0","0","0","0"
"0x7b03637b13f0","      FMUL R66, R66, R144","265","0","265","4161536","133169152","133169152","32","32","0","0","0","-","-","-","0","0","0","0","0","0","0","0","-","0","0","0","0","0","0","0","0","0","0","0","0","0","0","0","0","0","0","0","265","0","0","0","0","0","0","0","0","0","0","0","0","0","0","0","0","0","0","0","0","0","0"
"0x7b03637b1400","      FMUL R67, R67, R144","285","0","285","4161536","133169152","133169152","32","32","0","0","0","-","-","-","0","0","0","0","0","0","0","0","-","0","0","0","0","0","0","0","0","0","0","0","0","0","0","0","0","0","1","1","283","0","0","0","0","0","0","0","0","0","0","0","0","0","0","0","0","0","0","0","0","0","0"
"0x7b03637b1410","      FMUL R70, R70, R144","255","0","255","4161536","133169152","133169152","32","32","0","0","0","-","-","-","0","0","0","0","0","0","0","0","-","0","0","0","0","0","0","0","0","0","0","0","0","0","0","0","0","0","0","0","255","0","0","0","0","0","0","0","0","0","0","0","0","0","0","0","0","0","0","0","0","0","0"
"0x7b03637b1420","      FMUL R71, R71, R144","235","0","235","4161536","133169152","133169152","32","32","0","0","0","-","-","-","0","0","0","0","0","0","0","0","-","0","0","0","0","0","0","0","0","0","0","0","0","0","0","0","0","0","0","0","235","0","0","0","0","0","0","0","0","0","0","0","0","0","0","0","0","0","0","0","0","0","0"
"0x7b03637b1430","      FMUL R74, R74, R144","239","0","239","4161536","133169152","133169152","32","32","0","0","0","-","-","-","0","0","0","0","0","0","0","0","-","0","0","0","0","0","0","0","0","0","0","0","0","0","0","0","0","0","0","0","239","0","0","0","0","0","0","0","0","0","0","0","0","0","0","0","0","0","0","0","0","0","0"
"0x7b03637b1440","      FMUL R75, R75, R144","266","0","266","4161536","133169152","133169152","32","32","0","0","0","-","-","-","0","0","0","0","0","0","0","0","-","0","0","0","0","0","0","0","0","0","0","0","0","0","0","0","0","0","0","0","266","0","0","0","0","0","0","0","0","0","0","0","0","0","0","0","0","0","0","0","0","0","0"
"0x7b03637b1450","      FMUL R78, R78, R144","266","0","266","4161536","133169152","133169152","32","32","0","0","0","-","-","-","0","0","0","0","0","0","0","0","-","0","0","0","0","0","0","0","0","0","0","0","0","0","0","0","0","0","0","0","266","0","0","0","0","0","0","0","0","0","0","0","0","0","0","0","0","0","0","0","0","0","0"
"0x7b03637b1460","      FMUL R79, R79, R144","255","0","255","4161536","133169152","133169152","32","32","0","0","0","-","-","-","0","0","0","0","0","0","0","0","-","0","0","0","0","0","0","0","0","0","0","0","0","0","0","0","0","0","0","0","255","0","0","0","0","0","0","0","0","0","0","0","0","0","0","0","0","0","0","0","0","0","0"
"0x7b03637b1470","      FMUL R82, R82, R144","239","0","239","4161536","133169152","133169152","32","32","0","0","0","-","-","-","0","0","0","0","0","0","0","0","-","0","0","0","0","0","0","0","0","0","0","0","0","0","0","0","0","0","0","0","239","0","0","0","0","0","0","0","0","0","0","0","0","0","0","0","0","0","0","0","0","0","0"
"0x7b03637b1480","      FMUL R83, R83, R144","226","0","226","4161536","133169152","133169152","32","32","0","0","0","-","-","-","0","0","0","0","0","0","0","0","-","0","0","0","0","0","0","0","0","0","0","0","0","0","0","0","0","0","0","0","226","0","0","0","0","0","0","0","0","0","0","0","0","0","0","0","0","0","0","0","0","0","0"
"0x7b03637b1490","      FMUL R86, R86, R144","256","0","256","4161536","133169152","133169152","32","32","0","0","0","-","-","-","0","0","0","0","0","0","0","0","-","0","0","0","0","0","0","0","0","0","0","0","0","0","0","0","0","0","0","0","256","0","0","0","0","0","0","0","0","0","0","0","0","0","0","0","0","0","0","0","0","0","0"
"0x7b03637b14a0","      FMUL R85, R85, R177","251","0","251","4161536","133169152","133169152","32","32","0","0","0","-","-","-","0","0","0","0","0","0","0","0","-","0","0","0","0","0","0","0","0","0","0","0","0","0","0","0","0","0","0","0","251","0","0","0","0","0","0","0","0","0","0","0","0","0","0","0","0","0","0","0","0","0","0"
"0x7b03637b14b0","      FMUL R87, R87, R144","259","0","259","4161536","133169152","133169152","32","32","0","0","0","-","-","-","0","0","0","0","0","0","0","0","-","0","0","0","0","0","0","0","0","0","0","0","0","0","0","0","0","0","0","0","259","0","0","0","0","0","0","0","0","0","0","0","0","0","0","0","0","0","0","0","0","0","0"
"0x7b03637b14c0","      FADD R178, R122, R127","238","0","238","4161536","133169152","133169152","32","32","0","0","0","-","-","-","0","0","0","0","0","0","0","0","-","0","0","0","0","0","0","0","0","0","0","0","0","0","0","0","0","0","0","0","238","0","0","0","0","0","0","0","0","0","0","0","0","0","0","0","0","0","0","0","0","0","0"
"0x7b03637b14d0","      F2FP.F16.F32.PACK_AB R122, R171, R122","268","0","268","4161536","133169152","133169152","32","32","0","0","0","-","-","-","0","0","0","0","0","0","0","0","-","0","0","0","0","0","0","0","0","0","0","0","0","0","0","0","0","0","0","0","268","0","0","0","0","0","0","0","0","0","0","0","0","0","0","0","0","0","0","0","0","0","0"
"0x7b03637b14e0","      VIADD R90, R162, 0xd0","261","0","261","4161536","133169152","133169152","32","32","0","0","0","-","-","-","0","0","0","0","0","0","0","0","-","0","0","0","0","0","0","0","0","0","0","0","0","0","0","0","0","0","0","0","261","0","0","0","0","0","0","0","0","0","0","0","0","0","0","0","0","0","0","0","0","0","0"
"0x7b03637b14f0","      F2FP.F16.F32.PACK_AB R124, R173, R170","267","0","267","4161536","133169152","133169152","32","32","0","0","0","-","-","-","0","0","0","0","0","0","0","0","-","0","0","0","0","0","0","0","0","0","0","0","0","0","0","0","0","0","0","0","267","0","0","0","0","0","0","0","0","0","0","0","0","0","0","0","0","0","0","0","0","0","0"
"0x7b03637b1500","      IMAD R91, R156, R140, R153","259","0","259","4161536","133169152","133169152","32","32","0","0","0","-","-","-","0","0","0","0","0","0","0","0","-","0","0","0","0","0","0","0","0","0","0","0","0","0","0","0","0","0","1","0","258","0","0","0","0","0","0","0","0","0","0","0","0","0","0","0","0","0","0","0","0","0","0"
"0x7b03637b1510","      F2FP.F16.F32.PACK_AB R126, R175, R172","228","0","228","4161536","133169152","133169152","32","32","0","0","0","-","-","-","0","0","0","0","0","0","0","0","-","0","0","0","0","0","0","0","0","0","0","0","0","0","0","0","0","0","0","0","228","0","0","0","0","0","0","0","0","0","0","0","0","0","0","0","0","0","0","0","0","0","0"
"0x7b03637b1520","      VIADD R92, R162, 0xe0","224","0","224","4161536","133169152","133169152","32","32","0","0","0","-","-","-","0","0","0","0","0","0","0","0","-","0","0","0","0","0","0","0","0","0","0","0","0","0","0","0","0","0","0","0","224","0","0","0","0","0","0","0","0","0","0","0","0","0","0","0","0","0","0","0","0","0","0"
"0x7b03637b1530","      F2FP.F16.F32.PACK_AB R128, R105, R174","206","0","206","4161536","133169152","133169152","32","32","0","0","0","-","-","-","0","0","0","0","0","0","0","0","-","0","0","0","0","0","0","0","0","0","0","0","0","0","0","0","0","0","0","0","206","0","0","0","0","0","0","0","0","0","0","0","0","0","0","0","0","0","0","0","0","0","0"
"0x7b03637b1540","      VIADD R162, R162, 0xf0","257","0","257","4161536","133169152","133169152","32","32","0","0","0","-","-","-","0","0","0","0","0","0","0","0","-","0","0","0","0","0","0","0","0","0","0","0","0","0","0","0","0","0","0","0","257","0","0","0","0","0","0","0","0","0","0","0","0","0","0","0","0","0","0","0","0","0","0"
"0x7b03637b1550","      F2FP.F16.F32.PACK_AB R130, R109, R108","251","0","251","4161536","133169152","133169152","32","32","0","0","0","-","-","-","0","0","0","0","0","0","0","0","-","0","0","0","0","0","0","0","0","0","0","0","0","0","0","0","0","0","0","0","251","0","0","0","0","0","0","0","0","0","0","0","0","0","0","0","0","0","0","0","0","0","0"
"0x7b03637b1560","      VIADD R143, R142, UR9","248","0","248","4161536","133169152","133169152","32","32","0","0","0","-","-","-","0","0","0","0","0","0","0","0","-","0","0","0","0","0","0","0","0","0","0","0","0","0","0","0","0","0","0","0","248","0","0","0","0","0","0","0","0","0","0","0","0","0","0","0","0","0","0","0","0","0","0"
"0x7b03637b1570","      F2FP.F16.F32.PACK_AB R132, R113, R112","268","0","268","4161536","133169152","133169152","32","32","0","0","0","-","-","-","0","0","0","0","0","0","0","0","-","0","0","0","0","0","0","0","0","0","0","0","0","0","0","0","0","0","0","0","268","0","0","0","0","0","0","0","0","0","0","0","0","0","0","0","0","0","0","0","0","0","0"
"0x7b03637b1580","      FADD R171, R171, R178","278","0","278","4161536","133169152","133169152","32","32","0","0","0","-","-","-","0","0","0","0","0","0","0","0","-","0","0","0","0","0","0","0","0","0","0","0","0","0","0","0","0","0","1","0","277","0","0","0","0","0","0","0","0","0","0","0","0","0","0","0","0","0","0","0","0","0","0"
"0x7b03637b1590","      F2FP.F16.F32.PACK_AB R134, R117, R116","259","0","259","4161536","133169152","133169152","32","32","0","0","0","-","-","-","0","0","0","0","0","0","0","0","-","0","0","0","0","0","0","0","0","0","0","0","0","0","0","0","0","0","0","0","259","0","0","0","0","0","0","0","0","0","0","0","0","0","0","0","0","0","0","0","0","0","0"
"0x7b03637b15a0","      IMAD R95, R155, R139, R154","251","0","251","4161536","133169152","133169152","32","32","0","0","0","-","-","-","0","0","0","0","0","0","0","0","-","0","0","0","0","0","0","0","0","0","0","0","0","0","0","0","0","0","0","0","251","0","0","0","0","0","0","0","0","0","0","0","0","0","0","0","0","0","0","0","0","0","0"
"0x7b03637b15b0","      F2FP.F16.F32.PACK_AB R121, R100, R89","279","0","279","4161536","133169152","133169152","32","32","0","0","0","-","-","-","0","0","0","0","0","0","0","0","-","0","0","0","0","0","0","0","0","0","0","0","0","0","0","0","0","0","0","0","279","0","0","0","0","0","0","0","0","0","0","0","0","0","0","0","0","0","0","0","0","0","0"
"0x7b03637b15c0","      FADD R100, R89, R100","256","0","256","4161536","133169152","133169152","32","32","0","0","0","-","-","-","0","0","0","0","0","0","0","0","-","0","0","0","0","0","0","0","0","0","0","0","0","0","0","0","0","0","0","0","256","0","0","0","0","0","0","0","0","0","0","0","0","0","0","0","0","0","0","0","0","0","0"
"0x7b03637b15d0","      F2FP.F16.F32.PACK_AB R123, R104, R101","249","0","249","4161536","133169152","133169152","32","32","0","0","0","-","-","-","0","0","0","0","0","0","0","0","-","0","0","0","0","0","0","0","0","0","0","0","0","0","0","0","0","0","0","0","249","0","0","0","0","0","0","0","0","0","0","0","0","0","0","0","0","0","0","0","0","0","0"
"0x7b03637b15e0","      FADD R170, R170, R171","250","0","250","4161536","133169152","133169152","32","32","0","0","0","-","-","-","0","0","0","0","0","0","0","0","-","0","0","0","0","0","0","0","0","0","0","0","0","0","0","0","0","0","0","0","250","0","0","0","0","0","0","0","0","0","0","0","0","0","0","0","0","0","0","0","0","0","0"
"0x7b03637b15f0","      F2FP.F16.F32.PACK_AB R125, R99, R98","531","0","531","4161536","133169152","133169152","32","32","0","0","0","-","-","-","0","0","0","0","0","0","0","0","-","0","0","0","0","0","0","0","0","262","0","0","0","0","0","0","0","0","0","0","269","0","0","0","0","0","0","0","0","0","0","0","0","0","0","0","0","0","0","0","0","0","0"
"0x7b03637b1600","      FADD R101, R101, R100","261","1","261","4161536","133169152","133169152","32","32","0","0","0","-","-","-","0","0","0","0","0","0","0","0","-","0","0","0","0","0","0","0","0","0","0","0","0","0","0","0","0","0","1","1","259","0","0","0","0","0","0","0","0","0","0","0","0","0","0","0","1","0","0","0","0","0","0"
"0x7b03637b1610","      F2FP.F16.F32.PACK_AB R127, R103, R102","250","0","250","4161536","133169152","133169152","32","32","0","0","0","-","-","-","0","0","0","0","0","0","0","0","-","0","0","0","0","0","0","0","0","0","0","0","0","0","0","0","0","0","0","0","250","0","0","0","0","0","0","0","0","0","0","0","0","0","0","0","0","0","0","0","0","0","0"
"0x7b03637b1620","      FADD R173, R173, R170","266","0","266","4161536","133169152","133169152","32","32","0","0","0","-","-","-","0","0","0","0","0","0","0","0","-","0","0","0","0","0","0","0","0","0","0","0","0","0","0","0","0","0","0","0","266","0","0","0","0","0","0","0","0","0","0","0","0","0","0","0","0","0","0","0","0","0","0"
"0x7b03637b1630","      F2FP.F16.F32.PACK_AB R129, R107, R106","255","0","255","4161536","133169152","133169152","32","32","0","0","0","-","-","-","0","0","0","0","0","0","0","0","-","0","0","0","0","0","0","0","0","0","0","0","0","0","0","0","0","0","0","0","255","0","0","0","0","0","0","0","0","0","0","0","0","0","0","0","0","0","0","0","0","0","0"
"0x7b03637b1640","      FADD R101, R104, R101","236","0","236","4161536","133169152","133169152","32","32","0","0","0","-","-","-","0","0","0","0","0","0","0","0","-","0","0","0","0","0","0","0","0","0","0","0","0","0","0","0","0","0","0","0","236","0","0","0","0","0","0","0","0","0","0","0","0","0","0","0","0","0","0","0","0","0","0"
"0x7b03637b1650","      F2FP.F16.F32.PACK_AB R131, R111, R110","266","0","266","4161536","133169152","133169152","32","32","0","0","0","-","-","-","0","0","0","0","0","0","0","0","-","0","0","0","0","0","0","0","0","0","0","0","0","0","0","0","0","0","0","0","266","0","0","0","0","0","0","0","0","0","0","0","0","0","0","0","0","0","0","0","0","0","0"
"0x7b03637b1660","      FADD R172, R172, R173","265","0","265","4161536","133169152","133169152","32","32","0","0","0","-","-","-","0","0","0","0","0","0","0","0","-","0","0","0","0","0","0","0","0","0","0","0","0","0","0","0","0","0","0","0","265","0","0","0","0","0","0","0","0","0","0","0","0","0","0","0","0","0","0","0","0","0","0"
"0x7b03637b1670","      F2FP.F16.F32.PACK_AB R133, R115, R114","244","0","244","4161536","133169152","133169152","32","32","0","0","0","-","-","-","0","0","0","0","0","0","0","0","-","0","0","0","0","0","0","0","0","0","0","0","0","0","0","0","0","0","0","0","244","0","0","0","0","0","0","0","0","0","0","0","0","0","0","0","0","0","0","0","0","0","0"
"0x7b03637b1680","      FADD R98, R98, R101","243","0","243","4161536","133169152","133169152","32","32","0","0","0","-","-","-","0","0","0","0","0","0","0","0","-","0","0","0","0","0","0","0","0","0","0","0","0","0","0","0","0","0","0","0","243","0","0","0","0","0","0","0","0","0","0","0","0","0","0","0","0","0","0","0","0","0","0"
"0x7b03637b1690","      F2FP.F16.F32.PACK_AB R135, R119, R118","245","0","245","4161536","133169152","133169152","32","32","0","0","0","-","-","-","0","0","0","0","0","0","0","0","-","0","0","0","0","0","0","0","0","0","0","0","0","0","0","0","0","0","0","0","245","0","0","0","0","0","0","0","0","0","0","0","0","0","0","0","0","0","0","0","0","0","0"
"0x7b03637b16a0","      FADD R175, R175, R172","242","0","242","4161536","133169152","133169152","32","32","0","0","0","-","-","-","0","0","0","0","0","0","0","0","-","0","0","0","0","0","0","0","0","0","0","0","0","0","0","0","0","0","0","0","242","0","0","0","0","0","0","0","0","0","0","0","0","0","0","0","0","0","0","0","0","0","0"
"0x7b03637b16b0","      ISETP.GE.AND P2, PT, R90, UR22, PT","267","0","267","4161536","133169152","133169152","32","32","0","0","0","-","-","-","0","0","0","0","0","0","0","0","-","0","0","0","0","0","0","0","0","0","0","0","0","0","0","0","0","0","0","0","267","0","0","0","0","0","0","0","0","0","0","0","0","0","0","0","0","0","0","0","0","0","0"
"0x7b03637b16c0","      FADD R99, R99, R98","261","0","261","4161536","133169152","133169152","32","32","0","0","0","-","-","-","0","0","0","0","0","0","0","0","-","0","0","0","0","0","0","0","0","0","0","0","0","0","0","0","0","0","0","0","261","0","0","0","0","0","0","0","0","0","0","0","0","0","0","0","0","0","0","0","0","0","0"
"0x7b03637b16d0","      WARPGROUP.ARRIVE","282","0","282","4161536","133169152","133169152","32","32","0","0","0","-","-","-","0","0","0","0","0","0","0","0","-","0","0","0","0","0","0","0","0","0","0","0","0","0","0","0","0","0","0","0","282","0","0","0","0","0","0","0","0","0","0","0","0","0","0","0","0","0","0","0","0","0","0"
"0x7b03637b16e0","      SEL R179, R179, RZ, !P4","231","0","231","4161536","133169152","133169152","32","32","0","0","0","-","-","-","0","0","0","0","0","0","0","0","-","0","0","0","0","0","0","0","0","0","0","0","0","0","0","0","0","0","0","0","231","0","0","0","0","0","0","0","0","0","0","0","0","0","0","0","0","0","0","0","0","0","0"
"0x7b03637b16f0","      FADD R174, R174, R175","264","0","264","4161536","133169152","133169152","32","32","0","0","0","-","-","-","0","0","0","0","0","0","0","0","-","0","0","0","0","0","0","0","0","0","0","0","0","0","0","0","0","0","0","0","264","0","0","0","0","0","0","0","0","0","0","0","0","0","0","0","0","0","0","0","0","0","0"
"0x7b03637b1700","      SEL R90, RZ, 0x10, P2","258","0","258","4161536","133169152","133169152","32","32","0","0","0","-","-","-","0","0","0","0","0","0","0","0","-","0","0","0","0","0","0","0","0","0","0","0","0","0","1","0","0","0","0","0","257","0","0","0","0","0","0","0","0","0","0","0","0","0","0","0","0","0","0","0","0","0","0"
"0x7b03637b1710","      FADD R102, R102, R99","272","0","272","4161536","133169152","133169152","32","32","0","0","0","-","-","-","0","0","0","0","0","0","0","0","-","0","0","0","0","0","0","0","0","0","0","0","0","0","0","0","0","0","0","0","272","0","0","0","0","0","0","0","0","0","0","0","0","0","0","0","0","0","0","0","0","0","0"
"0x7b03637b1720","      ISETP.NE.U32.AND P3, PT, R179, RZ, PT","270","0","270","4161536","133169152","133169152","32","32","0","0","0","-","-","-","0","0","0","0","0","0","0","0","-","0","0","0","0","0","0","0","0","0","0","0","0","0","0","0","0","0","0","0","270","0","0","0","0","0","0","0","0","0","0","0","0","0","0","0","0","0","0","0","0","0","0"
"0x7b03637b1730","      HGMMA.64x128x16.F32 R24, R120, gdesc[UR4].tnspB, R24","2445","1597","2445","4161536","133169152","133169152","32","32","0","0","0","Shared","Load","-","0","8","0","33292288","33292288","0","0","0","-","0","0","0","0","0","0","0","0","10","0","0","0","0","0","0","0","0","0","30","273","0","0","0","0","0","0","10","0","0","0","0","0","0","0","0","0","0","0","0","0","0","0"
"0x7b03637b1740","      SEL R90, R90, RZ, !P4","247","0","247","4161536","133169152","133169152","32","32","0","0","0","-","-","-","0","0","0","0","0","0","0","0","-","0","0","0","0","0","0","0","0","0","0","0","0","0","0","0","0","0","0","0","247","0","0","0","0","0","0","0","0","0","0","0","0","0","0","0","0","0","0","0","0","0","0"
"0x7b03637b1750","      FADD R103, R103, R102","246","0","246","4161536","133169152","133169152","32","32","0","0","0","-","-","-","0","0","0","0","0","0","0","0","-","0","0","0","0","0","0","0","0","0","0","0","0","0","0","0","0","0","0","0","246","0","0","0","0","0","0","0","0","0","0","0","0","0","0","0","0","0","0","0","0","0","0"
"0x7b03637b1760","      ISETP.GE.AND P6, PT, R162, UR22, PT","263","0","263","4161536","133169152","133169152","32","32","0","0","0","-","-","-","0","0","0","0","0","0","0","0","-","0","0","0","0","0","0","0","0","0","0","0","0","0","0","0","0","0","0","0","263","0","0","0","0","0","0","0","0","0","0","0","0","0","0","0","0","0","0","0","0","0","0"
"0x7b03637b1770","      IMAD R97, R156, R139, R154","250","0","250","4161536","133169152","133169152","32","32","0","0","0","-","-","-","0","0","0","0","0","0","0","0","-","0","0","0","0","0","0","0","0","0","0","0","0","0","0","0","0","0","0","0","250","0","0","0","0","0","0","0","0","0","0","0","0","0","0","0","0","0","0","0","0","0","0"
"0x7b03637b1780","      ISETP.NE.U32.AND P2, PT, R90, RZ, PT","234","0","234","4161536","133169152","133169152","32","32","0","0","0","-","-","-","0","0","0","0","0","0","0","0","-","0","0","0","0","0","0","0","0","0","0","0","0","0","0","0","0","0","0","0","234","0","0","0","0","0","0","0","0","0","0","0","0","0","0","0","0","0","0","0","0","0","0"
"0x7b03637b1790","      FADD R106, R106, R103","278","0","278","4161536","133169152","133169152","32","32","0","0","0","-","-","-","0","0","0","0","0","0","0","0","-","0","0","0","0","0","0","0","0","10","0","0","0","0","0","0","0","0","0","0","268","0","0","0","0","0","0","0","0","0","0","0","0","0","0","0","0","0","0","0","0","0","0"
"0x7b03637b17a0","      LEA R90, P5, R91, R4, 0x1","270","0","270","4161536","133169152","133169152","32","32","0","0","0","-","-","-","0","0","0","0","0","0","0","0","-","0","0","0","0","0","0","0","0","0","0","0","0","0","0","0","0","0","0","0","270","0","0","0","0","0","0","0","0","0","0","0","0","0","0","0","0","0","0","0","0","0","0"
"0x7b03637b17b0","      FADD R105, R105, R174","232","0","232","4161536","133169152","133169152","32","32","0","0","0","-","-","-","0","0","0","0","0","0","0","0","-","0","0","0","0","0","0","0","0","1","0","0","0","0","0","0","0","0","0","0","231","0","0","0","0","0","0","0","0","0","0","0","0","0","0","0","0","0","0","0","0","0","0"
"0x7b03637b17c0","      SEL R93, RZ, 0x10, P6","521","0","521","4161536","133169152","133169152","32","32","0","0","0","-","-","-","0","0","0","0","0","0","0","0","-","0","0","0","0","0","0","0","0","250","0","0","0","0","0","0","0","0","0","0","271","0","0","0","0","0","0","0","0","0","0","0","0","0","0","0","0","0","0","0","0","0","0"
"0x7b03637b17d0","      FADD R107, R107, R106","491","0","491","4161536","133169152","133169152","32","32","0","0","0","-","-","-","0","0","0","0","0","0","0","0","-","0","0","0","0","0","0","0","0","241","0","0","0","0","0","0","0","0","0","0","250","0","0","0","0","0","0","0","0","0","0","0","0","0","0","0","0","0","0","0","0","0","0"
"0x7b03637b17e0","      LEA.HI.X.SX32 R91, R91, R5, 0x1, P5","293","0","293","4161536","133169152","133169152","32","32","0","0","0","-","-","-","0","0","0","0","0","0","0","0","-","0","0","0","0","0","0","0","0","34","0","0","0","0","0","0","0","0","0","0","259","0","0","0","0","0","0","0","0","0","0","0","0","0","0","0","0","0","0","0","0","0","0"
"0x7b03637b17f0","      FADD R108, R108, R105","444","0","444","4161536","133169152","133169152","32","32","0","0","0","-","-","-","0","0","0","0","0","0","0","0","-","0","0","0","0","0","0","0","0","181","0","0","0","0","0","0","0","0","0","0","263","0","0","0","0","0","0","0","0","0","0","0","0","0","0","0","0","0","0","0","0","0","0"
"0x7b03637b1800","      ISETP.GE.AND P5, PT, R92, UR22, PT","405","0","405","4161536","133169152","133169152","32","32","0","0","0","-","-","-","0","0","0","0","0","0","0","0","-","0","0","0","0","0","0","0","0","179","0","0","0","0","0","0","0","0","0","0","226","0","0","0","0","0","0","0","0","0","0","0","0","0","0","0","0","0","0","0","0","0","0"
"0x7b03637b1810","      FADD R110, R110, R107","254","0","254","4161536","133169152","133169152","32","32","0","0","0","-","-","-","0","0","0","0","0","0","0","0","-","0","0","0","0","0","0","0","0","0","0","0","0","0","0","0","0","0","0","0","254","0","0","0","0","0","0","0","0","0","0","0","0","0","0","0","0","0","0","0","0","0","0"
"0x7b03637b1820","      SEL R93, R93, RZ, !P4","545","0","545","4161536","133169152","133169152","32","32","0","0","0","-","-","-","0","0","0","0","0","0","0","0","-","0","0","0","0","0","0","0","0","281","0","0","0","0","0","0","0","0","0","0","264","0","0","0","0","0","0","0","0","0","0","0","0","0","0","0","0","0","0","0","0","0","0"
"0x7b03637b1830","      FADD R109, R109, R108","759","0","759","4161536","133169152","133169152","32","32","0","0","0","-","-","-","0","0","0","0","0","0","0","0","-","0","0","0","0","0","0","0","0","512","0","0","0","0","0","0","0","0","0","0","247","0","0","0","0","0","0","0","0","0","0","0","0","0","0","0","0","0","0","0","0","0","0"
"0x7b03637b1840","      SEL R92, RZ, 0x10, P5","259","0","259","4161536","133169152","133169152","32","32","0","0","0","-","-","-","0","0","0","0","0","0","0","0","-","0","0","0","0","0","0","0","0","0","0","0","0","0","0","0","0","0","0","0","259","0","0","0","0","0","0","0","0","0","0","0","0","0","0","0","0","0","0","0","0","0","0"
"0x7b03637b1850","      FADD R111, R111, R110","454","0","454","4161536","133169152","133169152","32","32","0","0","0","-","-","-","0","0","0","0","0","0","0","0","-","0","0","0","0","0","0","0","0","190","0","0","0","0","0","0","0","0","0","0","264","0","0","0","0","0","0","0","0","0","0","0","0","0","0","0","0","0","0","0","0","0","0"
"0x7b03637b1860","      UIADD3.X UR4, URZ, UR4, URZ, UP0, !UPT","239","0","239","4161536","133169152","133169152","32","32","0","0","0","-","-","-","0","0","0","0","0","0","0","0","-","0","0","0","0","0","0","0","0","0","0","0","0","0","0","0","0","0","0","0","239","0","0","0","0","0","0","0","0","0","0","0","0","0","0","0","0","0","0","0","0","0","0"
"0x7b03637b1870","      FADD R112, R112, R109","391","0","391","4161536","133169152","133169152","32","32","0","0","0","-","-","-","0","0","0","0","0","0","0","0","-","0","0","0","0","0","0","0","0","141","0","0","0","0","0","0","0","0","0","0","250","0","0","0","0","0","0","0","0","0","0","0","0","0","0","0","0","0","0","0","0","0","0"
"0x7b03637b1880","      SEL R92, R92, RZ, !P4","538","0","538","4161536","133169152","133169152","32","32","0","0","0","-","-","-","0","0","0","0","0","0","0","0","-","0","0","0","0","0","0","0","0","304","0","0","0","0","0","0","0","0","0","0","234","0","0","0","0","0","0","0","0","0","0","0","0","0","0","0","0","0","0","0","0","0","0"
"0x7b03637b1890","      FADD R114, R114, R111","287","0","287","4161536","133169152","133169152","32","32","0","0","0","-","-","-","0","0","0","0","0","0","0","0","-","0","0","0","0","0","0","0","0","0","0","0","0","0","0","0","0","0","0","0","287","0","0","0","0","0","0","0","0","0","0","0","0","0","0","0","0","0","0","0","0","0","0"
"0x7b03637b18a0","      ISETP.NE.U32.AND P4, PT, R93, RZ, PT","505","0","505","4161536","133169152","133169152","32","32","0","0","0","-","-","-","0","0","0","0","0","0","0","0","-","0","0","0","0","0","0","0","0","259","0","0","0","0","0","0","0","0","0","0","246","0","0","0","0","0","0","0","0","0","0","0","0","0","0","0","0","0","0","0","0","0","0"
"0x7b03637b18b0","      IMAD R93, R159, R140, R153","259","0","259","4161536","133169152","133169152","32","32","0","0","0","-","-","-","0","0","0","0","0","0","0","0","-","0","0","0","0","0","0","0","0","0","0","0","0","0","0","0","0","0","0","0","259","0","0","0","0","0","0","0","0","0","0","0","0","0","0","0","0","0","0","0","0","0","0"
"0x7b03637b18c0","      ISETP.NE.U32.AND P5, PT, R92, RZ, PT","759","0","759","4161536","133169152","133169152","32","32","0","0","0","-","-","-","0","0","0","0","0","0","0","0","-","0","0","0","0","0","0","0","0","507","0","0","0","0","0","0","0","0","0","0","252","0","0","0","0","0","0","0","0","0","0","0","0","0","0","0","0","0","0","0","0","0","0"
"0x7b03637b18d0","      FADD R115, R115, R114","623","0","623","4161536","133169152","133169152","32","32","0","0","0","-","-","-","0","0","0","0","0","0","0","0","-","0","0","0","0","0","0","0","0","387","0","0","0","0","0","0","0","0","0","0","236","0","0","0","0","0","0","0","0","0","0","0","0","0","0","0","0","0","0","0","0","0","0"
"0x7b03637b18e0","      FADD R113, R113, R112","1031","0","1031","4161536","133169152","133169152","32","32","0","0","0","-","-","-","0","0","0","0","0","0","0","0","-","0","0","0","0","0","0","0","0","787","0","0","0","0","0","0","0","0","0","0","244","0","0","0","0","0","0","0","0","0","0","0","0","0","0","0","0","0","0","0","0","0","0"
"0x7b03637b18f0","      FADD R118, R118, R115","1280","310","1280","4161536","133169152","133169152","32","32","0","0","0","-","-","-","0","0","0","0","0","0","0","0","-","0","0","0","0","0","0","0","0","1","0","0","0","0","0","0","0","0","0","2","246","0","0","0","1031","0","0","0","0","0","0","0","0","0","0","0","0","0","0","0","0","0","310"
"0x7b03637b1900","      FADD R116, R116, R113","740","0","740","4161536","133169152","133169152","32","32","0","0","0","-","-","-","0","0","0","0","0","0","0","0","-","0","0","0","0","0","0","0","0","492","0","0","0","0","0","0","0","0","0","0","248","0","0","0","0","0","0","0","0","0","0","0","0","0","0","0","0","0","0","0","0","0","0"
"0x7b03637b1910","      FADD R118, R119, R118","1661","595","1661","4161536","133169152","133169152","32","32","0","0","0","-","-","-","0","0","0","0","0","0","0","0","-","0","0","0","0","0","0","0","0","174","0","0","0","0","0","0","0","0","0","10","265","0","0","0","1212","0","0","172","0","0","0","0","0","0","0","0","0","0","0","0","0","0","423"
"0x7b03637b1920","      FADD R116, R117, R116","600","0","600","4161536","133169152","133169152","32","32","0","0","0","-","-","-","0","0","0","0","0","0","0","0","-","0","0","0","0","0","0","0","0","355","0","0","0","0","0","0","0","0","0","0","245","0","0","0","0","0","0","0","0","0","0","0","0","0","0","0","0","0","0","0","0","0","0"
"0x7b03637b1930","      SHFL.BFLY PT, R89, R116, 0x2, 0x1f","3133","1976","3133","4161536","133169152","133169152","32","32","0","0","0","-","-","-","0","0","0","0","0","0","0","0","-","0","0","0","0","0","0","0","0","780","0","0","0","0","0","0","0","0","0","23","264","0","0","0","2066","0","0","776","0","0","0","0","0","0","0","0","0","0","0","0","0","0","1200"
"0x7b03637b1940","      FADD R89, R116, R89","7659","6332","7659","4161536","133169152","133169152","32","32","0","0","0","-","-","-","0","0","0","0","0","0","0","0","-","0","0","0","0","0","0","0","0","76","0","0","0","0","0","0","0","0","0","287","254","6762","0","0","280","0","0","5","0","0","0","0","0","0","0","0","0","0","0","6049","0","0","278"
"0x7b03637b1950","      HGMMA.64x128x16.F32 R24, R124, gdesc[UR8].tnspB, R24","278","0","278","4161536","133169152","133169152","32","32","0","0","0","Shared","Load","-","0","8","0","33292288","33292288","0","0","0","-","0","0","0","0","0","0","0","0","11","0","0","0","0","0","0","0","0","0","0","267","0","0","0","0","0","0","0","0","0","0","0","0","0","0","0","0","0","0","0","0","0","0"
"0x7b03637b1960","      UIADD3.64 UR10, UR10, 0x100, URZ","324","0","324","4161536","133169152","133169152","32","32","0","0","0","-","-","-","0","0","0","0","0","0","0","0","-","0","0","0","0","0","0","0","0","61","0","0","0","0","0","0","0","0","0","0","263","0","0","0","0","0","0","0","0","0","0","0","0","0","0","0","0","0","0","0","0","0","0"
"0x7b03637b1970","      HGMMA.64x128x16.F32 R24, R128, gdesc[UR16].tnspB, R24","20941","1652","20941","4161536","133169152","133169152","32","32","0","0","0","Shared","Load","-","0","8","0","33292288","33292288","0","0","0","-","0","0","0","0","0","0","0","0","4078","0","0","0","0","0","0","0","0","0","13929","245","0","0","0","2689","0","0","0","0","0","0","0","0","0","0","0","0","0","0","0","0","0","1652"
"0x7b03637b1980","      HGMMA.64x128x16.F32 R24, R132, gdesc[UR8].tnspB, R24, gsb0","9769","2497","9769","4161536","133169152","133169152","32","32","0","0","0","Shared","Load","-","0","8","0","33292288","33292288","0","0","0","-","0","0","0","0","0","0","0","0","2252","0","0","0","0","0","0","0","0","0","4248","237","0","0","0","3032","0","0","0","0","0","0","0","0","0","0","0","0","0","0","0","0","0","2497"
"0x7b03637b1990","      BAR.SYNC.DEFER_BLOCKING 0x0","359","0","359","4161536","133169152","133169152","32","32","0","0","0","-","-","-","0","0","0","0","0","0","0","0","-","0","0","0","0","0","0","0","0","123","0","0","0","0","0","0","0","0","0","0","236","0","0","0","0","0","0","0","0","0","0","0","0","0","0","0","0","0","0","0","0","0","0"
"0x7b03637b19a0","@!PT  LDS RZ, [RZ]","20055","12889","20055","4161536","133169152","0","32","0","32","32","0","","Load","32","0","0","0","0","0","0","0","0","-","0","0","0","0","0","0","17808","0","0","0","0","0","0","0","0","0","0","0","517","251","0","0","0","1479","12171","0","0","0","0","0","0","0","0","0","0","0","0","0","0","0","0","718"
"0x7b03637b19b0","@!PT  LDS RZ, [RZ]","227","0","227","4161536","133169152","0","32","0","0","32","0","","Load","32","0","0","0","0","0","0","0","0","-","0","0","0","0","0","0","0","0","0","0","0","0","0","0","0","0","0","0","0","227","0","0","0","0","0","0","0","0","0","0","0","0","0","0","0","0","0","0","0","0","0","0"
"0x7b03637b19c0","@!PT  LDS RZ, [RZ]","252","0","252","4161536","133169152","0","32","0","0","32","0","","Load","32","0","0","0","0","0","0","0","0","-","0","0","0","0","0","0","0","0","0","0","0","0","0","0","0","0","0","0","0","252","0","0","0","0","0","0","0","0","0","0","0","0","0","0","0","0","0","0","0","0","0","0"
"0x7b03637b19d0","      LDGSTS.E.BYPASS.128 desc[UR20][R150.64], P3, [R143]","249","0","249","4161536","133169152","133169152","32","32","32","0","0","Global,Shared","Load,Store","128","16257024","4","0","16646144","16646144","0","65028096","65028096","","0","0","0","0","0","0","0","0","0","0","0","0","0","0","0","0","0","0","0","249","0","0","0","0","0","0","0","0","0","0","0","0","0","0","0","0","0","0","0","0","0","0"
"0x7b03637b19e0","      LDGSTS.E.BYPASS.128 desc[UR20][R90.64], P2, [R143+0x800]","1157","246","1157","4161536","133169152","133169152","32","32","0","0","0","Global,Shared","Load,Store","128","16257024","4","0","16646144","16646144","0","65028096","65028096","","0","0","0","0","0","0","0","0","0","0","0","0","0","0","0","0","0","0","142","264","0","0","0","751","0","0","0","0","0","0","0","0","0","0","0","0","0","0","0","0","0","246"
"0x7b03637b19f0","      IMAD R91, R157, R140, R153","18533","17318","18533","4161536","133169152","133169152","32","32","0","0","0","-","-","-","0","0","0","0","0","0","0","0","-","0","0","0","0","0","0","0","0","3","0","0","0","17936","0","0","0","0","0","77","261","0","0","0","256","0","0","1","0","0","0","17061","0","0","0","0","0","0","0","0","0","0","256"
"0x7b03637b1a00","      IMAD R153, R140, 0x40, R153","1037","242","1037","4161536","133169152","133169152","32","32","0","0","0","-","-","-","0","0","0","0","0","0","0","0","-","0","0","0","0","0","0","0","0","308","0","0","0","0","0","0","0","0","0","249","240","0","0","0","240","0","0","3","0","0","0","0","0","0","0","0","0","0","0","0","0","0","239"
"0x7b03637b1a10","      LEA R90, P6, R91, R4, 0x1","1404","575","1404","4161536","133169152","133169152","32","32","0","0","0","-","-","-","0","0","0","0","0","0","0","0","-","0","0","0","0","0","0","0","0","206","0","0","0","0","2","0","0","0","0","0","268","0","0","0","928","0","0","206","0","0","0","0","1","0","0","0","0","0","0","0","0","0","368"
"0x7b03637b1a20","      LEA.HI.X.SX32 R91, R91, R5, 0x1, P6","2268","778","2268","4161536","133169152","133169152","32","32","0","0","0","-","-","-","0","0","0","0","0","0","0","0","-","0","0","0","0","0","0","0","0","0","0","0","0","0","2","0","0","0","0","2","269","0","0","0","1995","0","0","0","0","0","0","0","2","0","0","0","0","0","0","0","0","0","776"
"0x7b03637b1a30","      LEA R92, P6, R93, R4, 0x1","894","134","894","4161536","133169152","133169152","32","32","0","0","0","-","-","-","0","0","0","0","0","0","0","0","-","0","0","0","0","0","0","0","0","0","0","0","0","0","1","0","0","0","0","0","273","0","0","0","620","0","0","0","0","0","0","0","1","0","0","0","0","0","0","0","0","0","133"
"0x7b03637b1a40","      LDGSTS.E.BYPASS.128 desc[UR20][R90.64], P5, [R143+0x1000]","1925","671","1925","4161536","133169152","133169152","32","32","0","0","0","Global,Shared","Load,Store","128","16257024","4","0","16646144","16646144","0","65028096","65028096","","0","0","0","0","0","0","0","0","615","0","0","0","0","0","0","0","0","0","194","234","0","0","0","882","0","0","272","0","0","0","0","0","0","0","0","0","0","0","0","0","0","399"
"0x7b03637b1a50","      LEA.HI.X.SX32 R93, R93, R5, 0x1, P6","242","0","242","4161536","133169152","133169152","32","32","0","0","0","-","-","-","0","0","0","0","0","0","0","0","-","0","0","0","0","0","0","0","0","5","0","0","0","0","0","0","0","0","0","0","237","0","0","0","0","0","0","0","0","0","0","0","0","0","0","0","0","0","0","0","0","0","0"
"0x7b03637b1a60","      LEA R94, P6, R95, R2, 0x1","1228","140","1228","4161536","133169152","133169152","32","32","0","0","0","-","-","-","0","0","0","0","0","0","0","0","-","0","0","0","0","0","0","0","0","486","0","0","0","0","0","0","0","0","0","0","230","0","0","0","512","0","0","6","0","0","0","0","0","0","0","0","0","0","0","0","0","0","134"
"0x7b03637b1a70","      LDGSTS.E.BYPASS.128 desc[UR20][R92.64], P4, [R143+0x1800]","2083","267","2083","4161536","133169152","133169152","32","32","0","0","0","Global,Shared","Load,Store","128","16257024","4","0","16646144","16646144","0","65028096","65028096","","0","0","0","0","0","0","0","0","1146","0","0","0","0","0","0","0","0","0","135","252","0","0","0","550","0","0","5","0","0","0","0","0","0","0","0","0","0","0","0","0","0","262"
"0x7b03637b1a80","      LEA.HI.X.SX32 R95, R95, R3, 0x1, P6","498","0","498","4161536","133169152","133169152","32","32","0","0","0","-","-","-","0","0","0","0","0","0","0","0","-","0","0","0","0","0","0","0","0","250","0","0","0","0","0","0","0","0","0","0","248","0","0","0","0","0","0","0","0","0","0","0","0","0","0","0","0","0","0","0","0","0","0"
"0x7b03637b1a90","      LDGDEPBAR","2646","529","2646","4161536","133169152","133169152","32","32","0","0","0","-","-","-","0","0","0","0","0","0","0","0","-","0","0","0","0","0","0","0","0","1184","0","0","0","0","0","0","0","0","0","143","225","0","0","0","1094","0","0","0","0","0","0","0","0","0","0","0","0","0","0","0","0","0","529"
"0x7b03637b1aa0","      LDGSTS.E.BYPASS.128 desc[UR20][R94.64], P3, [R143+0x10000]","2198","785","2198","4161536","133169152","133169152","32","32","0","0","0","Global,Shared","Load,Store","128","16257024","4","0","16646144","16646144","0","65028096","65028096","","0","0","0","0","0","0","0","0","395","0","0","0","0","0","0","0","0","0","143","252","0","0","0","1408","0","0","266","0","0","0","0","0","0","0","0","0","0","0","0","0","0","519"
"0x7b03637b1ab0","      LEA R90, P3, R97, R2, 0x1","623","224","623","4161536","133169152","133169152","32","32","0","0","0","-","-","-","0","0","0","0","0","0","0","0","-","0","0","0","0","0","0","0","0","207","0","0","0","101","20","0","0","0","0","30","265","0","0","0","0","0","0","147","0","0","0","57","20","0","0","0","0","0","0","0","0","0","0"
"0x7b03637b1ac0","      LEA.HI.X.SX32 R91, R97, R3, 0x1, P3","2995","1171","2995","4161536","133169152","133169152","32","32","0","0","0","-","-","-","0","0","0","0","0","0","0","0","-","0","0","0","0","0","0","0","0","287","0","0","0","0","408","0","0","0","0","233","280","0","0","0","1787","0","0","287","0","0","0","0","215","0","0","0","0","0","0","0","0","0","669"
"0x7b03637b1ad0","      IMAD R97, R157, R139, R154","651","0","651","4161536","133169152","133169152","32","32","0","0","0","-","-","-","0","0","0","0","0","0","0","0","-","0","0","0","0","0","0","0","0","413","0","0","0","0","0","0","0","0","0","0","238","0","0","0","0","0","0","0","0","0","0","0","0","0","0","0","0","0","0","0","0","0","0"
"0x7b03637b1ae0","      LDGSTS.E.BYPASS.128 desc[UR20][R90.64], P2, [R143+0x10800]","1838","1037","1838","4161536","133169152","133169152","32","32","0","0","0","Global,Shared","Load,Store","128","16257024","4","0","16646144","16646144","0","65028096","65028096","","0","0","0","0","0","0","0","0","461","0","0","0","0","0","0","0","0","0","3","256","0","0","0","1118","0","0","452","0","0","0","0","0","0","0","0","0","0","0","0","0","0","585"
"0x7b03637b1af0","      LEA R92, P2, R97, R2, 0x1","2057","53","2057","4161536","133169152","133169152","32","32","0","0","0","-","-","-","0","0","0","0","0","0","0","0","-","0","0","0","0","0","0","0","0","1687","0","0","0","85","0","0","0","0","0","0","285","0","0","0","0","0","0","0","0","0","0","53","0","0","0","0","0","0","0","0","0","0","0"
"0x7b03637b1b00","      LEA.HI.X.SX32 R93, R97, R3, 0x1, P2","1746","437","1746","4161536","133169152","133169152","32","32","0","0","0","-","-","-","0","0","0","0","0","0","0","0","-","0","0","0","0","0","0","0","0","1","0","0","0","0","401","0","0","0","0","98","239","0","0","0","1007","0","0","0","0","0","0","0","0","0","0","0","0","0","0","0","0","0","437"
"0x7b03637b1b10","      IMAD R97, R159, R139, R154","639","0","639","4161536","133169152","133169152","32","32","0","0","0","-","-","-","0","0","0","0","0","0","0","0","-","0","0","0","0","0","0","0","0","391","0","0","0","0","0","0","0","0","0","0","248","0","0","0","0","0","0","0","0","0","0","0","0","0","0","0","0","0","0","0","0","0","0"
"0x7b03637b1b20","      IMAD R154, R139, 0x40, R154","573","85","573","4161536","133169152","133169152","32","32","0","0","0","-","-","-","0","0","0","0","0","0","0","0","-","0","0","0","0","0","0","0","0","3","0","0","0","0","0","0","0","0","0","110","232","0","0","0","228","0","0","0","0","0","0","0","0","0","0","0","0","0","0","0","0","0","85"
"0x7b03637b1b30","      LDGSTS.E.BYPASS.128 desc[UR20][R92.64], P5, [R143+0x11000]","1804","543","1804","4161536","133169152","133169152","32","32","0","0","0","Global,Shared","Load,Store","128","16257024","4","0","16646144","16646144","0","65028096","65028096","","0","0","0","0","0","0","0","0","746","0","0","0","0","0","0","0","0","0","34","277","0","0","0","747","0","0","405","0","0","0","0","0","0","0","0","0","0","0","0","0","0","138"
"0x7b03637b1b40","      LEA R96, P2, R97, R2, 0x1","801","0","801","4161536","133169152","133169152","32","32","0","0","0","-","-","-","0","0","0","0","0","0","0","0","-","0","0","0","0","0","0","0","0","532","0","0","0","0","0","0","0","0","0","0","269","0","0","0","0","0","0","0","0","0","0","0","0","0","0","0","0","0","0","0","0","0","0"
"0x7b03637b1b50","      SHFL.BFLY PT, R91, R118, 0x2, 0x1f","5706","3479","5706","4161536","133169152","133169152","32","32","0","0","0","-","-","-","0","0","0","0","0","0","0","0","-","0","0","0","0","0","0","0","0","368","0","0","0","3705","0","0","0","0","0","121","247","0","0","0","1265","0","0","0","0","0","0","2760","0","0","0","0","0","0","0","0","0","0","719"
"0x7b03637b1b60","      LEA.HI.X.SX32 R97, R97, R3, 0x1, P2","262","0","262","4161536","133169152","133169152","32","32","0","0","0","-","-","-","0","0","0","0","0","0","0","0","-","0","0","0","0","0","0","0","0","0","0","0","0","0","0","0","0","0","0","0","262","0","0","0","0","0","0","0","0","0","0","0","0","0","0","0","0","0","0","0","0","0","0"
"0x7b03637b1b70","      ISETP.LE.U32.AND P2, PT, R18, UR5, PT","493","212","493","4161536","133169152","133169152","32","32","0","0","0","-","-","-","0","0","0","0","0","0","0","0","-","0","0","0","0","0","0","0","0","0","0","0","0","0","0","0","0","0","0","0","259","0","0","0","234","0","0","0","0","0","0","0","0","0","0","0","0","0","0","0","0","0","212"
"0x7b03637b1b80","      SHFL.BFLY PT, R90, R89, 0x1, 0x1f","650","0","650","4161536","133169152","133169152","32","32","0","0","0","-","-","-","0","0","0","0","0","0","0","0","-","0","0","0","0","0","0","0","0","377","0","0","0","0","0","0","0","0","0","0","273","0","0","0","0","0","0","0","0","0","0","0","0","0","0","0","0","0","0","0","0","0","0"
"0x7b03637b1b90","      LDGSTS.E.BYPASS.128 desc[UR20][R96.64], P4, [R143+0x11800]","1718","540","1718","4161536","133169152","133169152","32","32","0","0","0","Global,Shared","Load,Store","128","16257024","4","0","16646144","16646144","0","65028096","65028096","","0","0","0","0","0","0","0","0","100","0","0","0","0","0","0","0","0","0","115","264","0","0","0","1239","0","0","0","0","0","0","0","0","0","0","0","0","0","0","0","0","0","540"
"0x7b03637b1ba0","      LDGDEPBAR","1733","716","1733","4161536","133169152","133169152","32","32","0","0","0","-","-","-","0","0","0","0","0","0","0","0","-","0","0","0","0","0","0","0","0","155","0","0","0","0","0","0","0","0","0","0","228","0","0","0","1350","0","0","155","0","0","0","0","0","0","0","0","0","0","0","0","0","0","561"
"0x7b03637b1bb0","      IMAD.MOV.U32 R143, RZ, RZ, R88","8423","6781","8423","4161536","133169152","133169152","32","32","0","0","0","-","-","-","0","0","0","0","0","0","0","0","-","0","0","0","0","0","0","0","0","0","0","0","0","8157","0","0","0","0","0","0","266","0","0","0","0","0","0","0","0","0","0","6781","0","0","0","0","0","0","0","0","0","0","0"
"0x7b03637b1bc0","      FADD R91, R118, R91","2231","1990","2231","4161536","133169152","133169152","32","32","0","0","0","-","-","-","0","0","0","0","0","0","0","0","-","0","0","0","0","0","0","0","0","0","0","0","0","0","0","0","0","0","0","0","233","1714","0","0","284","0","0","0","0","0","0","0","0","0","0","0","0","0","0","1707","0","0","283"
"0x7b03637b1bd0","      FADD R90, R89, R90","1206","962","1206","4161536","133169152","133169152","32","32","0","0","0","-","-","-","0","0","0","0","0","0","0","0","-","0","0","0","0","0","0","0","0","0","0","0","0","0","0","0","0","0","0","0","244","962","0","0","0","0","0","0","0","0","0","0","0","0","0","0","0","0","0","962","0","0","0"
"0x7b03637b1be0","      SHFL.BFLY PT, R92, R91, 0x1, 0x1f","1025","777","1025","4161536","133169152","133169152","32","32","0","0","0","-","-","-","0","0","0","0","0","0","0","0","-","0","0","0","0","0","0","0","0","0","0","0","0","0","0","0","0","0","0","0","247","0","0","0","778","0","0","0","0","0","0","0","0","0","0","0","0","0","0","0","0","0","777"
"0x7b03637b1bf0","      FFMA R146, R177, R146, R90","241","0","241","4161536","133169152","133169152","32","32","0","0","0","-","-","-","0","0","0","0","0","0","0","0","-","0","0","0","0","0","0","0","0","1","0","0","0","0","0","0","0","0","0","0","240","0","0","0","0","0","0","0","0","0","0","0","0","0","0","0","0","0","0","0","0","0","0"
"0x7b03637b1c00","      FADD R93, R91, R92","8018","6385","8018","4161536","133169152","133169152","32","32","0","0","0","-","-","-","0","0","0","0","0","0","0","0","-","0","0","0","0","0","0","0","0","0","0","0","0","0","0","0","0","0","0","6","287","7725","0","0","0","0","0","0","0","0","0","0","0","0","0","0","0","0","0","6385","0","0","0"
"0x7b03637b1c10","      IMAD.U32 R92, RZ, RZ, UR4","254","5","254","4161536","133169152","133169152","32","32","0","0","0","-","-","-","0","0","0","0","0","0","0","0","-","0","0","0","0","0","0","0","0","0","0","0","0","0","5","0","0","0","0","0","249","0","0","0","0","0","0","0","0","0","0","0","5","0","0","0","0","0","0","0","0","0","0"
"0x7b03637b1c20","      FFMA R145, R144, R145, R93","766","489","766","4161536","133169152","133169152","32","32","0","0","0","-","-","-","0","0","0","0","0","0","0","0","-","0","0","0","0","0","0","0","0","15","0","0","0","0","0","0","0","0","0","3","232","0","0","0","516","0","0","15","0","0","0","0","0","0","0","0","0","0","0","0","0","0","474"
"0x7b03637b1c30","      IMAD.MOV.U32 R144, RZ, RZ, R163","253","0","253","4161536","133169152","133169152","32","32","0","0","0","-","-","-","0","0","0","0","0","0","0","0","-","0","0","0","0","0","0","0","0","0","0","0","0","0","0","0","0","0","0","0","253","0","0","0","0","0","0","0","0","0","0","0","0","0","0","0","0","0","0","0","0","0","0"
"0x7b03637b1c40","      ISETP.GE.U32.AND.EX P2, PT, R92, RZ, PT, P2","235","0","235","4161536","133169152","133169152","32","32","0","0","0","-","-","-","0","0","0","0","0","0","0","0","-","0","0","0","0","0","0","0","0","5","0","0","0","0","0","0","0","0","0","0","230","0","0","0","0","0","0","0","0","0","0","0","0","0","0","0","0","0","0","0","0","0","0"
"0x7b03637b1c50","@!P2  BRA 0x7b03637b0750","3571","2298","3571","4161536","133169152","132128768","32","31","1","1","0","-","-","-","0","0","0","0","0","0","0","0","-","0","0","0","0","0","0","0","0","0","0","0","0","0","0","0","0","0","0","269","269","0","0","0","3033","0","0","0","0","0","0","0","0","0","0","0","0","0","0","0","0","0","2298"
"0x7b03637b1c60","      LOP3.LUT R113, R148, 0x10, R147, 0xfe, !PT","1270","533","1270","32768","1048576","1048576","32","32","1","0","0","-","-","-","0","0","0","0","0","0","0","0","-","0","0","0","0","0","0","0","0","1","0","0","0","0","0","0","0","0","1","1","266","0","0","0","1001","0","0","0","0","0","0","0","0","0","0","0","0","0","0","0","0","0","533"
"0x7b03637b1c70","      IMAD.SHL.U32 R88, R158, 0x2, RZ","2","0","2","32768","1048576","1048576","32","32","0","0","0","-","-","-","0","0","0","0","0","0","0","0","-","0","0","0","0","0","0","0","0","0","0","0","0","0","0","0","0","0","0","0","2","0","0","0","0","0","0","0","0","0","0","0","0","0","0","0","0","0","0","0","0","0","0"
"0x7b03637b1c80","      LOP3.LUT R114, R148, 0x20, R147, 0xfe, !PT","1","0","1","32768","1048576","1048576","32","32","0","0","0","-","-","-","0","0","0","0","0","0","0","0","-","0","0","0","0","0","0","0","0","0","0","0","0","0","0","0","0","0","0","0","1","0","0","0","0","0","0","0","0","0","0","0","0","0","0","0","0","0","0","0","0","0","0"
"0x7b03637b1c90","      IMAD.HI R89, R158, 0x2, RZ","5","0","5","32768","1048576","1048576","32","32","0","0","0","-","-","-","0","0","0","0","0","0","0","0","-","0","0","0","0","0","0","0","0","4","0","0","0","0","0","0","0","0","0","0","1","0","0","0","0","0","0","0","0","0","0","0","0","0","0","0","0","0","0","0","0","0","0"
"0x7b03637b1ca0","      LOP3.LUT R115, R148, 0x30, R147, 0xfe, !PT","0","0","0","32768","1048576","1048576","32","32","0","0","0","-","-","-","0","0","0","0","0","0","0","0","-","0","0","0","0","0","0","0","0","0","0","0","0","0","0","0","0","0","0","0","0","0","0","0","0","0","0","0","0","0","0","0","0","0","0","0","0","0","0","0","0","0","0"
"0x7b03637b1cb0","      WARPGROUP.DEPBAR.LE gsb0, 0x0","0","0","0","32768","1048576","1048576","32","32","0","0","0","-","-","-","0","0","0","0","0","0","0","0","-","0","0","0","0","0","0","0","0","0","0","0","0","0","0","0","0","0","0","0","0","0","0","0","0","0","0","0","0","0","0","0","0","0","0","0","0","0","0","0","0","0","0"
"0x7b03637b1cc0","      IMAD R90, R113, R139, RZ","9","0","9","32768","1048576","1048576","32","32","0","0","0","-","-","-","0","0","0","0","0","0","0","0","-","0","0","0","0","0","0","0","0","1","0","0","0","0","2","0","0","0","0","1","2","0","0","0","3","0","0","0","0","0","0","0","0","0","0","0","0","0","0","0","0","0","0"
"0x7b03637b1cd0","      IADD3 R88, P2, P3, R141, R88, R14","2","0","2","32768","1048576","1048576","32","32","0","0","0","-","-","-","0","0","0","0","0","0","0","0","-","0","0","0","0","0","0","0","0","0","0","0","0","0","0","0","0","0","0","0","2","0","0","0","0","0","0","0","0","0","0","0","0","0","0","0","0","0","0","0","0","0","0"
"0x7b03637b1ce0","      IMAD R92, R114, R139, RZ","2","0","2","32768","1048576","1048576","32","32","0","0","0","-","-","-","0","0","0","0","0","0","0","0","-","0","0","0","0","0","0","0","0","0","0","0","0","0","0","0","0","0","0","0","2","0","0","0","0","0","0","0","0","0","0","0","0","0","0","0","0","0","0","0","0","0","0"
"0x7b03637b1cf0","      DEPBAR.LE SB0, 0x0","2","0","2","32768","1048576","1048576","32","32","0","0","0","-","-","-","0","0","0","0","0","0","0","0","-","0","0","0","0","0","0","0","0","1","0","0","0","0","0","0","0","0","0","0","1","0","0","0","0","0","0","0","0","0","0","0","0","0","0","0","0","0","0","0","0","0","0"
"0x7b03637b1d00","      IMAD.SHL.U32 R91, R90, 0x2, RZ","15","4","15","32768","1048576","1048576","32","32","0","0","0","-","-","-","0","0","0","0","0","0","0","0","-","0","0","0","0","0","0","0","0","0","0","0","0","2","1","0","0","0","0","2","2","0","0","0","8","0","0","0","0","0","0","2","0","0","0","0","0","0","0","0","0","0","2"
"0x7b03637b1d10","      IADD3.X R89, RZ, R89, R15, P2, P3","1","0","1","32768","1048576","1048576","32","32","0","0","0","-","-","-","0","0","0","0","0","0","0","0","-","0","0","0","0","0","0","0","0","0","0","0","0","0","0","0","0","0","0","0","1","0","0","0","0","0","0","0","0","0","0","0","0","0","0","0","0","0","0","0","0","0","0"
"0x7b03637b1d20","      IMAD.HI R93, R90, 0x2, RZ","4","0","4","32768","1048576","1048576","32","32","0","0","0","-","-","-","0","0","0","0","0","0","0","0","-","0","0","0","0","0","0","0","0","0","0","0","0","0","0","0","0","0","0","0","4","0","0","0","0","0","0","0","0","0","0","0","0","0","0","0","0","0","0","0","0","0","0"
"0x7b03637b1d30","      BAR.SYNC.DEFER_BLOCKING 0x0","2","0","2","32768","1048576","1048576","32","32","0","0","0","-","-","-","0","0","0","0","0","0","0","0","-","0","0","0","0","0","0","0","0","2","0","0","0","0","0","0","0","0","0","0","0","0","0","0","0","0","0","0","0","0","0","0","0","0","0","0","0","0","0","0","0","0","0"
"0x7b03637b1d40","      IADD3 R90, P2, P3, R141, R91, R14","20","1","20","32768","1048576","1048576","32","32","0","0","0","-","-","-","0","0","0","0","0","0","0","0","-","0","0","0","0","0","0","0","0","3","0","0","0","0","10","0","0","0","0","2","3","0","0","0","2","0","0","0","0","0","0","0","1","0","0","0","0","0","0","0","0","0","0"
"0x7b03637b1d50","      IMAD.SHL.U32 R94, R92, 0x2, RZ","3","0","3","32768","1048576","1048576","32","32","0","0","0","-","-","-","0","0","0","0","0","0","0","0","-","0","0","0","0","0","0","0","0","1","0","0","0","0","0","0","0","0","0","0","2","0","0","0","0","0","0","0","0","0","0","0","0","0","0","0","0","0","0","0","0","0","0"
"0x7b03637b1d60","      VIADD R112, R18, 0x80","6","1","6","32768","1048576","1048576","32","32","0","0","0","-","-","-","0","0","0","0","0","0","0","0","-","0","0","0","0","0","0","0","0","0","0","0","0","0","0","0","0","0","0","0","2","0","0","0","4","0","0","0","0","0","0","0","0","0","0","0","0","0","0","0","0","0","1"
"0x7b03637b1d70","      IADD3.X R91, RZ, R93, R15, P2, P3","4","0","4","32768","1048576","1048576","32","32","0","0","0","-","-","-","0","0","0","0","0","0","0","0","-","0","0","0","0","0","0","0","0","0","0","0","0","0","0","0","0","0","0","0","4","0","0","0","0","0","0","0","0","0","0","0","0","0","0","0","0","0","0","0","0","0","0"
"0x7b03637b1d80","      IMAD.HI R93, R92, 0x2, RZ","2","0","2","32768","1048576","1048576","32","32","0","0","0","-","-","-","0","0","0","0","0","0","0","0","-","0","0","0","0","0","0","0","0","0","0","0","0","0","0","0","0","0","0","0","2","0","0","0","0","0","0","0","0","0","0","0","0","0","0","0","0","0","0","0","0","0","0"
"0x7b03637b1d90","      IADD3 R94, P2, P3, R141, R94, R14","1","0","1","32768","1048576","1048576","32","32","0","0","0","-","-","-","0","0","0","0","0","0","0","0","-","0","0","0","0","0","0","0","0","0","0","0","0","0","0","0","0","0","0","0","1","0","0","0","0","0","0","0","0","0","0","0","0","0","0","0","0","0","0","0","0","0","0"
"0x7b03637b1da0","      LOP3.LUT R116, R112, R147, RZ, 0xfc, !PT","13","1","13","32768","1048576","1048576","32","32","0","0","0","-","-","-","0","0","0","0","0","0","0","0","-","0","0","0","0","0","0","0","0","0","0","0","0","0","5","0","0","0","0","2","4","0","0","0","2","0","0","0","0","0","0","0","0","0","0","0","0","0","0","0","0","0","1"
"0x7b03637b1db0","      IMAD R92, R115, R139, RZ","5","0","5","32768","1048576","1048576","32","32","0","0","0","-","-","-","0","0","0","0","0","0","0","0","-","0","0","0","0","0","0","0","0","0","0","0","0","0","0","0","0","0","0","0","5","0","0","0","0","0","0","0","0","0","0","0","0","0","0","0","0","0","0","0","0","0","0"
"0x7b03637b1dc0","      IADD3.X R95, RZ, R93, R15, P2, P3","3","0","3","32768","1048576","1048576","32","32","0","0","0","-","-","-","0","0","0","0","0","0","0","0","-","0","0","0","0","0","0","0","0","1","0","0","0","0","0","0","0","0","0","0","2","0","0","0","0","0","0","0","0","0","0","0","0","0","0","0","0","0","0","0","0","0","0"
"0x7b03637b1dd0","      LOP3.LUT R117, R112, 0x10, R147, 0xfe, !PT","14","0","14","32768","1048576","1048576","32","32","0","0","0","-","-","-","0","0","0","0","0","0","0","0","-","0","0","0","0","0","0","0","0","0","0","0","0","0","2","0","0","0","0","3","5","0","0","0","4","0","0","0","0","0","0","0","0","0","0","0","0","0","0","0","0","0","0"
"0x7b03637b1de0","      IMAD.SHL.U32 R98, R92, 0x2, RZ","2","0","2","32768","1048576","1048576","32","32","0","0","0","-","-","-","0","0","0","0","0","0","0","0","-","0","0","0","0","0","0","0","0","0","0","0","0","0","0","0","0","0","0","0","2","0","0","0","0","0","0","0","0","0","0","0","0","0","0","0","0","0","0","0","0","0","0"
"0x7b03637b1df0","      LOP3.LUT R118, R112, 0x20, R147, 0xfe, !PT","1","0","1","32768","1048576","1048576","32","32","0","0","0","-","-","-","0","0","0","0","0","0","0","0","-","0","0","0","0","0","0","0","0","0","0","0","0","0","0","0","0","0","0","0","1","0","0","0","0","0","0","0","0","0","0","0","0","0","0","0","0","0","0","0","0","0","0"
"0x7b03637b1e00","      IMAD.HI R93, R92, 0x2, RZ","5","0","5","32768","1048576","1048576","32","32","0","0","0","-","-","-","0","0","0","0","0","0","0","0","-","0","0","0","0","0","0","0","0","3","0","0","0","0","0","0","0","0","0","0","2","0","0","0","0","0","0","0","0","0","0","0","0","0","0","0","0","0","0","0","0","0","0"
"0x7b03637b1e10","      LOP3.LUT R119, R112, 0x30, R147, 0xfe, !PT","4","0","4","32768","1048576","1048576","32","32","0","0","0","-","-","-","0","0","0","0","0","0","0","0","-","0","0","0","0","0","0","0","0","2","0","0","0","0","0","0","0","0","0","0","2","0","0","0","0","0","0","0","0","0","0","0","0","0","0","0","0","0","0","0","0","0","0"
"0x7b03637b1e20","      IADD3 R98, P2, P3, R141, R98, R14","8","2","8","32768","1048576","1048576","32","32","0","0","0","-","-","-","0","0","0","0","0","0","0","0","-","0","0","0","0","0","0","0","0","1","0","0","0","0","0","0","0","0","0","1","4","0","0","0","2","0","0","0","0","0","0","0","0","0","0","0","0","0","0","0","0","0","2"
"0x7b03637b1e30","      IMAD R92, R116, R139, RZ","5","0","5","32768","1048576","1048576","32","32","0","0","0","-","-","-","0","0","0","0","0","0","0","0","-","0","0","0","0","0","0","0","0","0","0","0","0","0","0","0","0","0","0","0","5","0","0","0","0","0","0","0","0","0","0","0","0","0","0","0","0","0","0","0","0","0","0"
"0x7b03637b1e40","      IMAD R96, R117, R139, RZ","15","2","15","32768","1048576","1048576","32","32","0","0","0","-","-","-","0","0","0","0","0","0","0","0","-","0","0","0","0","0","0","0","0","1","0","0","0","0","3","0","0","0","0","3","6","0","0","0","2","0","0","0","0","0","0","0","2","0","0","0","0","0","0","0","0","0","0"
"0x7b03637b1e50","      IADD3.X R99, RZ, R93, R15, P2, P3","0","0","0","32768","1048576","1048576","32","32","0","0","0","-","-","-","0","0","0","0","0","0","0","0","-","0","0","0","0","0","0","0","0","0","0","0","0","0","0","0","0","0","0","0","0","0","0","0","0","0","0","0","0","0","0","0","0","0","0","0","0","0","0","0","0","0","0"
"0x7b03637b1e60","      IMAD.SHL.U32 R93, R92, 0x2, RZ","1","0","1","32768","1048576","1048576","32","32","0","0","0","-","-","-","0","0","0","0","0","0","0","0","-","0","0","0","0","0","0","0","0","0","0","0","0","0","0","0","0","0","0","0","1","0","0","0","0","0","0","0","0","0","0","0","0","0","0","0","0","0","0","0","0","0","0"
"0x7b03637b1e70","      IMAD.HI R97, R92, 0x2, RZ","13","2","13","32768","1048576","1048576","32","32","0","0","0","-","-","-","0","0","0","0","0","0","0","0","-","0","0","0","0","0","0","0","0","0","0","0","0","0","5","0","0","0","0","4","2","0","0","0","2","0","0","0","0","0","0","0","2","0","0","0","0","0","0","0","0","0","0"
"0x7b03637b1e80","      IADD3 R92, P2, P3, R141, R93, R14","30","2","30","32768","1048576","1048576","32","32","0","0","0","-","-","-","0","0","0","0","0","0","0","0","-","0","0","0","0","0","0","0","0","14","0","0","0","0","6","0","0","0","0","3","2","0","0","0","5","0","0","0","0","0","0","0","1","0","0","0","0","0","0","0","0","0","1"
"0x7b03637b1e90","      IMAD.HI R101, R96, 0x2, RZ","0","0","0","32768","1048576","1048576","32","32","0","0","0","-","-","-","0","0","0","0","0","0","0","0","-","0","0","0","0","0","0","0","0","0","0","0","0","0","0","0","0","0","0","0","0","0","0","0","0","0","0","0","0","0","0","0","0","0","0","0","0","0","0","0","0","0","0"
"0x7b03637b1ea0","      IADD3.X R93, RZ, R97, R15, P2, P3","16","2","16","32768","1048576","1048576","32","32","0","0","0","-","-","-","0","0","0","0","0","0","0","0","-","0","0","0","0","0","0","0","0","3","0","0","0","0","1","0","0","0","0","4","2","0","0","0","6","0","0","0","0","0","0","0","0","0","0","0","0","0","0","0","0","0","2"
"0x7b03637b1eb0","      IMAD.SHL.U32 R97, R96, 0x2, RZ","4","0","4","32768","1048576","1048576","32","32","0","0","0","-","-","-","0","0","0","0","0","0","0","0","-","0","0","0","0","0","0","0","0","0","0","0","0","0","0","0","0","0","0","0","4","0","0","0","0","0","0","0","0","0","0","0","0","0","0","0","0","0","0","0","0","0","0"
"0x7b03637b1ec0","      IMAD R100, R118, R139, RZ","10","0","10","32768","1048576","1048576","32","32","0","0","0","-","-","-","0","0","0","0","0","0","0","0","-","0","0","0","0","0","0","0","0","0","0","0","0","0","2","0","0","0","0","3","1","0","0","0","4","0","0","0","0","0","0","0","0","0","0","0","0","0","0","0","0","0","0"
"0x7b03637b1ed0","      IMAD R102, R119, R139, RZ","6","2","6","32768","1048576","1048576","32","32","0","0","0","-","-","-","0","0","0","0","0","0","0","0","-","0","0","0","0","0","0","0","0","0","0","0","0","0","0","0","0","0","0","0","4","0","0","0","2","0","0","0","0","0","0","0","0","0","0","0","0","0","0","0","0","0","2"
"0x7b03637b1ee0","      IADD3 R96, P2, P3, R141, R97, R14","2","0","2","32768","1048576","1048576","32","32","0","0","0","-","-","-","0","0","0","0","0","0","0","0","-","0","0","0","0","0","0","0","0","0","0","0","0","0","0","0","0","0","0","0","2","0","0","0","0","0","0","0","0","0","0","0","0","0","0","0","0","0","0","0","0","0","0"
"0x7b03637b1ef0","      IMAD.HI R103, R100, 0x2, RZ","4","0","4","32768","1048576","1048576","32","32","0","0","0","-","-","-","0","0","0","0","0","0","0","0","-","0","0","0","0","0","0","0","0","0","0","0","0","0","0","0","0","0","0","0","4","0","0","0","0","0","0","0","0","0","0","0","0","0","0","0","0","0","0","0","0","0","0"
"0x7b03637b1f00","      IADD3.X R97, RZ, R101, R15, P2, P3","2","0","2","32768","1048576","1048576","32","32","0","0","0","-","-","-","0","0","0","0","0","0","0","0","-","0","0","0","0","0","0","0","0","1","0","0","0","0","0","0","0","0","0","0","0","0","0","0","1","0","0","0","0","0","0","0","0","0","0","0","0","0","0","0","0","0","0"
"0x7b03637b1f10","      IMAD.SHL.U32 R101, R100, 0x2, RZ","4","0","4","32768","1048576","1048576","32","32","0","0","0","-","-","-","0","0","0","0","0","0","0","0","-","0","0","0","0","0","0","0","0","4","0","0","0","0","0","0","0","0","0","0","0","0","0","0","0","0","0","0","0","0","0","0","0","0","0","0","0","0","0","0","0","0","0"
"0x7b03637b1f20","      IMAD.HI R105, R102, 0x2, RZ","15","2","15","32768","1048576","1048576","32","32","0","0","0","-","-","-","0","0","0","0","0","0","0","0","-","0","0","0","0","0","0","0","0","0","0","0","0","0","2","0","0","0","0","2","1","0","0","0","10","0","0","0","0","0","0","0","1","0","0","0","0","0","0","0","0","0","1"
"0x7b03637b1f30","      IADD3 R100, P2, P3, R141, R101, R14","16","6","16","32768","1048576","1048576","32","32","0","0","0","-","-","-","0","0","0","0","0","0","0","0","-","0","0","0","0","0","0","0","0","5","0","0","0","0","1","0","0","0","0","2","3","0","0","0","5","0","0","2","0","0","0","0","1","0","0","0","0","0","0","0","0","0","3"
"0x7b03637b1f40","      IMAD R117, R117, R140, RZ","5","0","5","32768","1048576","1048576","32","32","0","0","0","-","-","-","0","0","0","0","0","0","0","0","-","0","0","0","0","0","0","0","0","0","0","0","0","0","0","0","0","0","0","0","5","0","0","0","0","0","0","0","0","0","0","0","0","0","0","0","0","0","0","0","0","0","0"
"0x7b03637b1f50","      IMAD R119, R119, R140, RZ","5","0","5","32768","1048576","1048576","32","32","0","0","0","-","-","-","0","0","0","0","0","0","0","0","-","0","0","0","0","0","0","0","0","0","0","0","0","0","0","0","0","0","0","1","3","0","0","0","1","0","0","0","0","0","0","0","0","0","0","0","0","0","0","0","0","0","0"
"0x7b03637b1f60","      IADD3.X R101, RZ, R103, R15, P2, P3","3","0","3","32768","1048576","1048576","32","32","0","0","0","-","-","-","0","0","0","0","0","0","0","0","-","0","0","0","0","0","0","0","0","0","0","0","0","0","0","0","0","0","0","0","3","0","0","0","0","0","0","0","0","0","0","0","0","0","0","0","0","0","0","0","0","0","0"
"0x7b03637b1f70","      IMAD.SHL.U32 R103, R102, 0x2, RZ","1","0","1","32768","1048576","1048576","32","32","0","0","0","-","-","-","0","0","0","0","0","0","0","0","-","0","0","0","0","0","0","0","0","0","0","0","0","0","0","0","0","0","0","0","1","0","0","0","0","0","0","0","0","0","0","0","0","0","0","0","0","0","0","0","0","0","0"
"0x7b03637b1f80","      IADD3 R102, P2, P3, R141, R103, R14","8","4","8","32768","1048576","1048576","32","32","0","0","0","-","-","-","0","0","0","0","0","0","0","0","-","0","0","0","0","0","0","0","0","1","0","0","0","0","0","0","0","0","0","2","0","0","0","0","5","0","0","0","0","0","0","0","0","0","0","0","0","0","0","0","0","0","4"
"0x7b03637b1f90","      IADD3.X R103, RZ, R105, R15, P2, P3","13","5","13","32768","1048576","1048576","32","32","0","0","0","-","-","-","0","0","0","0","0","0","0","0","-","0","0","0","0","0","0","0","0","2","0","0","0","0","1","0","0","0","0","0","1","0","0","0","9","0","0","0","0","0","0","0","0","0","0","0","0","0","0","0","0","0","5"
"0x7b03637b1fa0","      IMAD R15, R19, R140, RZ","2","0","2","32768","1048576","1048576","32","32","0","0","0","-","-","-","0","0","0","0","0","0","0","0","-","0","0","0","0","0","0","0","0","0","0","0","0","0","0","0","0","0","0","0","2","0","0","0","0","0","0","0","0","0","0","0","0","0","0","0","0","0","0","0","0","0","0"
"0x7b03637b1fb0","      LEA R104, P2, R15, R4, 0x1","17","5","17","32768","1048576","1048576","32","32","0","0","0","-","-","-","0","0","0","0","0","0","0","0","-","0","0","0","0","0","0","0","0","0","0","0","0","0","1","0","0","0","0","1","1","0","0","0","14","0","0","0","0","0","0","0","0","0","0","0","0","0","0","0","0","0","5"
"0x7b03637b1fc0","      LEA.HI.X.SX32 R105, R15, R5, 0x1, P2","14","1","14","32768","1048576","1048576","32","32","0","0","0","-","-","-","0","0","0","0","0","0","0","0","-","0","0","0","0","0","0","0","0","0","0","0","0","0","0","0","0","0","0","0","4","0","0","0","10","0","0","0","0","0","0","0","0","0","0","0","0","0","0","0","0","0","1"
"0x7b03637b1fd0","      IMAD R15, R20, R140, RZ","1","0","1","32768","1048576","1048576","32","32","0","0","0","-","-","-","0","0","0","0","0","0","0","0","-","0","0","0","0","0","0","0","0","0","0","0","0","0","0","0","0","0","0","0","1","0","0","0","0","0","0","0","0","0","0","0","0","0","0","0","0","0","0","0","0","0","0"
"0x7b03637b1fe0","      LEA R106, P2, R15, R4, 0x1","11","4","11","32768","1048576","1048576","32","32","0","0","0","-","-","-","0","0","0","0","0","0","0","0","-","0","0","0","0","0","0","0","0","0","0","0","0","0","1","0","0","0","0","1","1","0","0","0","8","0","0","0","0","0","0","0","1","0","0","0","0","0","0","0","0","0","3"
"0x7b03637b1ff0","      LEA.HI.X.SX32 R107, R15, R5, 0x1, P2","11","7","11","32768","1048576","1048576","32","32","0","0","0","-","-","-","0","0","0","0","0","0","0","0","-","0","0","0","0","0","0","0","0","0","0","0","0","0","0","0","0","0","0","0","4","0","0","0","7","0","0","0","0","0","0","0","0","0","0","0","0","0","0","0","0","0","7"
"0x7b03637b2000","      IMAD R15, R21, R140, RZ","1","0","1","32768","1048576","1048576","32","32","0","0","0","-","-","-","0","0","0","0","0","0","0","0","-","0","0","0","0","0","0","0","0","0","0","0","0","0","0","0","0","0","0","0","1","0","0","0","0","0","0","0","0","0","0","0","0","0","0","0","0","0","0","0","0","0","0"
"0x7b03637b2010","      LEA R108, P2, R15, R4, 0x1","12","4","12","32768","1048576","1048576","32","32","0","0","0","-","-","-","0","0","0","0","0","0","0","0","-","0","0","0","0","0","0","0","0","0","0","0","0","0","3","0","0","0","0","1","2","0","0","0","6","0","0","0","0","0","0","0","2","0","0","0","0","0","0","0","0","0","2"
"0x7b03637b2020","      LEA.HI.X.SX32 R109, R15, R5, 0x1, P2","14","8","14","32768","1048576","1048576","32","32","0","0","0","-","-","-","0","0","0","0","0","0","0","0","-","0","0","0","0","0","0","0","0","0","0","0","0","0","0","0","0","0","0","1","2","0","0","0","11","0","0","0","0","0","0","0","0","0","0","0","0","0","0","0","0","0","8"
"0x7b03637b2030","      IMAD R15, R22, R140, RZ","3","0","3","32768","1048576","1048576","32","32","0","0","0","-","-","-","0","0","0","0","0","0","0","0","-","0","0","0","0","0","0","0","0","0","0","0","0","0","0","0","0","0","0","0","3","0","0","0","0","0","0","0","0","0","0","0","0","0","0","0","0","0","0","0","0","0","0"
"0x7b03637b2040","      LEA R110, P2, R15, R4, 0x1","10","5","10","32768","1048576","1048576","32","32","0","0","0","-","-","-","0","0","0","0","0","0","0","0","-","0","0","0","0","0","0","0","0","0","0","0","0","0","0","0","0","0","0","2","0","0","0","0","8","0","0","0","0","0","0","0","0","0","0","0","0","0","0","0","0","0","5"
"0x7b03637b2050","      LEA.HI.X.SX32 R111, R15, R5, 0x1, P2","14","5","14","32768","1048576","1048576","32","32","0","0","0","-","-","-","0","0","0","0","0","0","0","0","-","0","0","0","0","0","0","0","0","0","0","0","0","0","2","0","0","0","0","3","2","0","0","0","7","0","0","0","0","0","0","0","2","0","0","0","0","0","0","0","0","0","3"
"0x7b03637b2060","      VIMNMX R15, R112, UR22, PT","5","1","5","32768","1048576","1048576","32","32","0","0","0","-","-","-","0","0","0","0","0","0","0","0","-","0","0","0","0","0","0","0","0","0","0","0","0","0","0","0","0","0","0","0","4","0","0","0","1","0","0","0","0","0","0","0","0","0","0","0","0","0","0","0","0","0","1"
"0x7b03637b2070","      ISETP.GE.AND P2, PT, R18, R15, PT","14","8","14","32768","1048576","1048576","32","32","0","0","0","-","-","-","0","0","0","0","0","0","0","0","-","0","0","0","0","0","0","0","0","0","0","0","0","0","5","0","0","0","0","2","1","0","0","0","6","0","0","0","0","0","0","0","5","0","0","0","0","0","0","0","0","0","3"
"0x7b03637b2080","      SEL R14, RZ, 0x10, P2","12","3","12","32768","1048576","1048576","32","32","0","0","0","-","-","-","0","0","0","0","0","0","0","0","-","0","0","0","0","0","0","0","0","0","0","0","0","0","2","0","0","0","0","2","5","0","0","0","3","0","0","0","0","0","0","0","2","0","0","0","0","0","0","0","0","0","1"
"0x7b03637b2090","      ISETP.GE.AND P2, PT, R19, UR22, PT","8","4","8","32768","1048576","1048576","32","32","0","0","0","-","-","-","0","0","0","0","0","0","0","0","-","0","0","0","0","0","0","0","0","0","0","0","0","0","0","0","0","0","0","0","4","0","0","0","4","0","0","0","0","0","0","0","0","0","0","0","0","0","0","0","0","0","4"
"0x7b03637b20a0","      SEL R112, R14, RZ, !P2","9","8","9","32768","1048576","1048576","32","32","0","0","0","-","-","-","0","0","0","0","0","0","0","0","-","0","0","0","0","0","0","0","0","0","0","0","0","0","0","0","0","0","0","0","0","0","0","0","9","0","0","0","0","0","0","0","0","0","0","0","0","0","0","0","0","0","8"
"0x7b03637b20b0","      ISETP.GE.AND P2, PT, R20, UR22, PT","4","1","4","32768","1048576","1048576","32","32","0","0","0","-","-","-","0","0","0","0","0","0","0","0","-","0","0","0","0","0","0","0","0","0","0","0","0","0","0","0","0","0","0","1","2","0","0","0","1","0","0","0","0","0","0","0","0","0","0","0","0","0","0","0","0","0","1"
"0x7b03637b20c0","      SEL R150, R14, RZ, !P2","13","8","13","32768","1048576","1048576","32","32","0","0","0","-","-","-","0","0","0","0","0","0","0","0","-","0","0","0","0","0","0","0","0","0","0","0","0","0","1","0","0","0","0","1","1","0","0","0","10","0","0","0","0","0","0","0","1","0","0","0","0","0","0","0","0","0","7"
"0x7b03637b20d0","      ISETP.GE.AND P2, PT, R21, UR22, PT","5","1","5","32768","1048576","1048576","32","32","0","0","0","-","-","-","0","0","0","0","0","0","0","0","-","0","0","0","0","0","0","0","0","0","0","0","0","0","0","0","0","0","0","0","4","0","0","0","1","0","0","0","0","0","0","0","0","0","0","0","0","0","0","0","0","0","1"
"0x7b03637b20e0","      ISETP.NE.U32.AND P3, PT, R150, RZ, PT","10","5","10","32768","1048576","1048576","32","32","0","0","0","-","-","-","0","0","0","0","0","0","0","0","-","0","0","0","0","0","0","0","0","0","0","0","0","0","0","0","0","0","0","0","3","0","0","0","7","0","0","0","0","0","0","0","0","0","0","0","0","0","0","0","0","0","5"
"0x7b03637b20f0","      SEL R151, R14, RZ, !P2","4","1","4","32768","1048576","1048576","32","32","0","0","0","-","-","-","0","0","0","0","0","0","0","0","-","0","0","0","0","0","0","0","0","0","0","0","0","0","0","0","0","0","0","0","3","0","0","0","1","0","0","0","0","0","0","0","0","0","0","0","0","0","0","0","0","0","1"
"0x7b03637b2100","      ISETP.GE.AND P2, PT, R22, UR22, PT","2","0","2","32768","1048576","1048576","32","32","0","0","0","-","-","-","0","0","0","0","0","0","0","0","-","0","0","0","0","0","0","0","0","0","0","0","0","0","0","0","0","0","0","0","2","0","0","0","0","0","0","0","0","0","0","0","0","0","0","0","0","0","0","0","0","0","0"
"0x7b03637b2110","      ISETP.NE.U32.AND P4, PT, R151, RZ, PT","1","0","1","32768","1048576","1048576","32","32","0","0","0","-","-","-","0","0","0","0","0","0","0","0","-","0","0","0","0","0","0","0","0","0","0","0","0","0","0","0","0","0","0","0","1","0","0","0","0","0","0","0","0","0","0","0","0","0","0","0","0","0","0","0","0","0","0"
"0x7b03637b2120","      SEL R14, R14, RZ, !P2","5","1","5","32768","1048576","1048576","32","32","0","0","0","-","-","-","0","0","0","0","0","0","0","0","-","0","0","0","0","0","0","0","0","0","0","0","0","0","1","0","0","0","0","2","2","0","0","0","0","0","0","0","0","0","0","0","1","0","0","0","0","0","0","0","0","0","0"
"0x7b03637b2130","      ISETP.NE.U32.AND P2, PT, R112, RZ, PT","3","2","3","32768","1048576","1048576","32","32","0","0","0","-","-","-","0","0","0","0","0","0","0","0","-","0","0","0","0","0","0","0","0","0","0","0","0","0","0","0","0","0","0","0","1","0","0","0","2","0","0","0","0","0","0","0","0","0","0","0","0","0","0","0","0","0","2"
"0x7b03637b2140","      ISETP.NE.U32.AND P5, PT, R14, RZ, PT","4","1","4","32768","1048576","1048576","32","32","0","0","0","-","-","-","0","0","0","0","0","0","0","0","-","0","0","0","0","0","0","0","0","0","0","0","0","0","0","0","0","0","0","0","3","0","0","0","1","0","0","0","0","0","0","0","0","0","0","0","0","0","0","0","0","0","1"
"0x7b03637b2150","      LOP3.LUT R151, R0, 0x3, RZ, 0xc0, !PT","4","1","4","32768","1048576","1048576","32","32","0","0","0","-","-","-","0","0","0","0","0","0","0","0","-","0","0","0","0","0","0","0","0","0","0","0","0","0","1","0","0","0","0","0","2","0","0","0","1","0","0","0","0","0","0","0","0","0","0","0","0","0","0","0","0","0","1"
"0x7b03637b2160","@!PT  LDS RZ, [RZ]","22","16","22","32768","1048576","0","32","0","32","32","0","","Load","32","0","0","0","0","0","0","0","0","-","0","0","0","0","0","0","0","0","0","0","0","0","0","0","0","0","0","0","1","3","0","0","0","18","0","0","0","0","0","0","0","0","0","0","0","0","0","0","0","0","0","16"
"0x7b03637b2170","@!PT  LDS RZ, [RZ]","1","0","1","32768","1048576","0","32","0","0","32","0","","Load","32","0","0","0","0","0","0","0","0","-","0","0","0","0","0","0","0","0","0","0","0","0","0","0","0","0","0","0","0","1","0","0","0","0","0","0","0","0","0","0","0","0","0","0","0","0","0","0","0","0","0","0"
"0x7b03637b2180","@!PT  LDS RZ, [RZ]","2","0","2","32768","1048576","0","32","0","0","32","0","","Load","32","0","0","0","0","0","0","0","0","-","0","0","0","0","0","0","0","0","0","0","0","0","0","0","0","0","0","0","0","2","0","0","0","0","0","0","0","0","0","0","0","0","0","0","0","0","0","0","0","0","0","0"
"0x7b03637b2190","      LDGSTS.E.BYPASS.128 desc[UR20][R104.64], P2, [R149]","1","0","1","32768","1048576","1048576","32","32","32","0","0","Global,Shared","Load,Store","128","131072","4","0","131072","131072","0","524288","524288","","0","0","0","0","0","0","0","0","0","0","0","0","0","0","0","0","0","0","0","1","0","0","0","0","0","0","0","0","0","0","0","0","0","0","0","0","0","0","0","0","0","0"
"0x7b03637b21a0","      LDGSTS.E.BYPASS.128 desc[UR20][R106.64], P3, [R149+0x800]","7","2","7","32768","1048576","1048576","32","32","0","0","0","Global,Shared","Load,Store","128","131072","4","0","131072","131072","0","524288","524288","","0","0","0","0","0","0","0","0","0","0","0","0","0","0","0","0","0","0","0","4","0","0","0","3","0","0","0","0","0","0","0","0","0","0","0","0","0","0","0","0","0","2"
"0x7b03637b21b0","      LDGSTS.E.BYPASS.128 desc[UR20][R108.64], P4, [R149+0x1000]","3","0","3","32768","1048576","1048576","32","32","0","0","0","Global,Shared","Load,Store","128","131072","4","0","131072","131072","0","524288","524288","","0","0","0","0","0","0","0","0","0","0","0","0","0","0","0","0","0","0","0","0","0","0","0","3","0","0","0","0","0","0","0","0","0","0","0","0","0","0","0","0","0","0"
"0x7b03637b21c0","      IMAD R105, R152, R140, RZ","34","25","34","32768","1048576","1048576","32","32","0","0","0","-","-","-","0","0","0","0","0","0","0","0","-","0","0","0","0","0","0","0","0","0","0","0","0","34","0","0","0","0","0","0","0","0","0","0","0","0","0","0","0","0","0","25","0","0","0","0","0","0","0","0","0","0","0"
"0x7b03637b21d0","      LDGSTS.E.BYPASS.128 desc[UR20][R110.64], P5, [R149+0x1800]","4","4","4","32768","1048576","1048576","32","32","0","0","0","Global,Shared","Load,Store","128","131072","4","0","131072","131072","0","524288","524288","","0","0","0","0","0","0","0","0","0","0","0","0","0","0","0","0","0","0","0","0","0","0","0","4","0","0","0","0","0","0","0","0","0","0","0","0","0","0","0","0","0","4"
"0x7b03637b21e0","      IMAD R107, R113, R140, RZ","6","3","6","32768","1048576","1048576","32","32","0","0","0","-","-","-","0","0","0","0","0","0","0","0","-","0","0","0","0","0","0","0","0","0","0","0","0","4","0","0","0","0","0","1","1","0","0","0","0","0","0","0","0","0","0","3","0","0","0","0","0","0","0","0","0","0","0"
"0x7b03637b21f0","      LDGDEPBAR","10","1","10","32768","1048576","1048576","32","32","0","0","0","-","-","-","0","0","0","0","0","0","0","0","-","0","0","0","0","0","0","0","0","0","0","0","0","0","0","0","0","0","0","1","6","0","0","0","3","0","0","0","0","0","0","0","0","0","0","0","0","0","0","0","0","0","1"
"0x7b03637b2200","      IMAD R109, R114, R140, RZ","28","18","28","32768","1048576","1048576","32","32","0","0","0","-","-","-","0","0","0","0","0","0","0","0","-","0","0","0","0","0","0","0","0","0","0","0","0","24","0","0","0","0","0","1","3","0","0","0","0","0","0","0","0","0","0","18","0","0","0","0","0","0","0","0","0","0","0"
"0x7b03637b2210","      LDGSTS.E.BYPASS.128 desc[UR20][R12.64], P2, [R149+0x10000]","9","4","9","32768","1048576","1048576","32","32","0","0","0","Global,Shared","Load,Store","128","131072","4","0","131072","131072","0","524288","524288","","0","0","0","0","0","0","0","0","0","0","0","0","0","0","0","0","0","0","0","3","0","0","0","6","0","0","0","0","0","0","0","0","0","0","0","0","0","0","0","0","0","4"
"0x7b03637b2220","      LEA R104, P2, R105, R4, 0x1","2","0","2","32768","1048576","1048576","32","32","0","0","0","-","-","-","0","0","0","0","0","0","0","0","-","0","0","0","0","0","0","0","0","0","0","0","0","0","0","0","0","0","0","0","2","0","0","0","0","0","0","0","0","0","0","0","0","0","0","0","0","0","0","0","0","0","0"
"0x7b03637b2230","      LDGSTS.E.BYPASS.128 desc[UR20][R10.64], P3, [R149+0x10800]","7","4","7","32768","1048576","1048576","32","32","0","0","0","Global,Shared","Load,Store","128","131072","4","0","131072","131072","0","524288","524288","","0","0","0","0","0","0","0","0","0","0","0","0","0","0","0","0","0","0","0","3","0","0","0","4","0","0","0","0","0","0","0","0","0","0","0","0","0","0","0","0","0","4"
"0x7b03637b2240","      LEA.HI.X.SX32 R105, R105, R5, 0x1, P2","0","0","0","32768","1048576","1048576","32","32","0","0","0","-","-","-","0","0","0","0","0","0","0","0","-","0","0","0","0","0","0","0","0","0","0","0","0","0","0","0","0","0","0","0","0","0","0","0","0","0","0","0","0","0","0","0","0","0","0","0","0","0","0","0","0","0","0"
"0x7b03637b2250","      LEA R106, P2, R107, R4, 0x1","6","2","6","32768","1048576","1048576","32","32","0","0","0","-","-","-","0","0","0","0","0","0","0","0","-","0","0","0","0","0","0","0","0","0","0","0","0","0","0","0","0","0","0","1","3","0","0","0","2","0","0","0","0","0","0","0","0","0","0","0","0","0","0","0","0","0","2"
"0x7b03637b2260","      LDGSTS.E.BYPASS.128 desc[UR20][R8.64], P4, [R149+0x11000]","0","0","0","32768","1048576","1048576","32","32","0","0","0","Global,Shared","Load,Store","128","131072","4","0","131072","131072","0","524288","524288","","0","0","0","0","0","0","0","0","0","0","0","0","0","0","0","0","0","0","0","0","0","0","0","0","0","0","0","0","0","0","0","0","0","0","0","0","0","0","0","0","0","0"
"0x7b03637b2270","      LEA.HI.X.SX32 R107, R107, R5, 0x1, P2","3","2","3","32768","1048576","1048576","32","32","0","0","0","-","-","-","0","0","0","0","0","0","0","0","-","0","0","0","0","0","0","0","0","0","0","0","0","0","0","0","0","0","0","1","0","0","0","0","2","0","0","0","0","0","0","0","0","0","0","0","0","0","0","0","0","0","2"
"0x7b03637b2280","      LDGSTS.E.BYPASS.128 desc[UR20][R6.64], P5, [R149+0x11800]","2","0","2","32768","1048576","1048576","32","32","0","0","0","Global,Shared","Load,Store","128","131072","4","0","131072","131072","0","524288","524288","","0","0","0","0","0","0","0","0","0","0","0","0","0","0","0","0","0","0","0","2","0","0","0","0","0","0","0","0","0","0","0","0","0","0","0","0","0","0","0","0","0","0"
"0x7b03637b2290","      LEA R12, P2, R109, R4, 0x1","65","49","65","32768","1048576","1048576","32","32","0","0","0","-","-","-","0","0","0","0","0","0","0","0","-","0","0","0","0","0","0","0","0","0","0","0","0","60","0","0","0","0","0","2","3","0","0","0","0","0","0","0","0","0","0","49","0","0","0","0","0","0","0","0","0","0","0"
"0x7b03637b22a0","      LDGDEPBAR","8","2","8","32768","1048576","1048576","32","32","0","0","0","-","-","-","0","0","0","0","0","0","0","0","-","0","0","0","0","0","0","0","0","0","0","0","0","0","0","0","0","0","0","0","6","0","0","0","2","0","0","0","0","0","0","0","0","0","0","0","0","0","0","0","0","0","2"
"0x7b03637b22b0","      LEA.HI.X.SX32 R13, R109, R5, 0x1, P2","3","0","3","32768","1048576","1048576","32","32","0","0","0","-","-","-","0","0","0","0","0","0","0","0","-","0","0","0","0","0","0","0","0","0","0","0","0","0","0","0","0","0","0","0","3","0","0","0","0","0","0","0","0","0","0","0","0","0","0","0","0","0","0","0","0","0","0"
"0x7b03637b22c0","      IMAD R9, R115, R140, RZ","38","34","38","32768","1048576","1048576","32","32","0","0","0","-","-","-","0","0","0","0","0","0","0","0","-","0","0","0","0","0","0","0","0","0","0","0","0","38","0","0","0","0","0","0","0","0","0","0","0","0","0","0","0","0","0","34","0","0","0","0","0","0","0","0","0","0","0"
"0x7b03637b22d0","      BAR.SYNC.DEFER_BLOCKING 0x0","2","0","2","32768","1048576","1048576","32","32","0","0","0","-","-","-","0","0","0","0","0","0","0","0","-","0","0","0","0","0","0","0","0","0","0","0","0","0","0","0","0","0","0","0","2","0","0","0","0","0","0","0","0","0","0","0","0","0","0","0","0","0","0","0","0","0","0"
"0x7b03637b22e0","      LEA R6, P2, R9, R4, 0x1","35","29","35","32768","1048576","1048576","32","32","0","0","0","-","-","-","0","0","0","0","0","0","0","0","-","0","0","0","0","0","0","0","0","0","0","0","0","24","0","0","0","0","0","1","3","0","0","0","7","0","0","0","0","0","0","22","0","0","0","0","0","0","0","0","0","0","7"
"0x7b03637b22f0","      LEA.HI.X.SX32 R7, R9, R5, 0x1, P2","6","6","6","32768","1048576","1048576","32","32","0","0","0","-","-","-","0","0","0","0","0","0","0","0","-","0","0","0","0","0","0","0","0","0","0","0","0","0","0","0","0","0","0","0","0","0","0","0","6","0","0","0","0","0","0","0","0","0","0","0","0","0","0","0","0","0","6"
"0x7b03637b2300","      ISETP.GE.AND P2, PT, R148, R15, PT","4","1","4","32768","1048576","1048576","32","32","0","0","0","-","-","-","0","0","0","0","0","0","0","0","-","0","0","0","0","0","0","0","0","0","0","0","0","0","0","0","0","0","0","0","3","0","0","0","1","0","0","0","0","0","0","0","0","0","0","0","0","0","0","0","0","0","1"
"0x7b03637b2310","      SEL R8, RZ, 0x10, P2","6","2","6","32768","1048576","1048576","32","32","0","0","0","-","-","-","0","0","0","0","0","0","0","0","-","0","0","0","0","0","0","0","0","0","0","0","0","0","0","0","0","0","0","0","3","0","0","0","3","0","0","0","0","0","0","0","0","0","0","0","0","0","0","0","0","0","2"
"0x7b03637b2320","      ISETP.GE.AND P2, PT, R152, UR22, PT","4","4","4","32768","1048576","1048576","32","32","0","0","0","-","-","-","0","0","0","0","0","0","0","0","-","0","0","0","0","0","0","0","0","0","0","0","0","0","1","0","0","0","0","0","0","0","0","0","3","0","0","0","0","0","0","0","1","0","0","0","0","0","0","0","0","0","3"
"0x7b03637b2330","      SEL R9, R8, RZ, !P2","7","3","7","32768","1048576","1048576","32","32","0","0","0","-","-","-","0","0","0","0","0","0","0","0","-","0","0","0","0","0","0","0","0","0","0","0","0","0","1","0","0","0","0","2","1","0","0","0","3","0","0","0","0","0","0","0","0","0","0","0","0","0","0","0","0","0","3"
"0x7b03637b2340","      ISETP.GE.AND P2, PT, R113, UR22, PT","4","1","4","32768","1048576","1048576","32","32","0","0","0","-","-","-","0","0","0","0","0","0","0","0","-","0","0","0","0","0","0","0","0","0","0","0","0","0","0","0","0","0","0","0","3","0","0","0","1","0","0","0","0","0","0","0","0","0","0","0","0","0","0","0","0","0","1"
"0x7b03637b2350","      SEL R10, R8, RZ, !P2","6","4","6","32768","1048576","1048576","32","32","0","0","0","-","-","-","0","0","0","0","0","0","0","0","-","0","0","0","0","0","0","0","0","0","0","0","0","0","0","0","0","0","0","0","0","0","0","0","6","0","0","0","0","0","0","0","0","0","0","0","0","0","0","0","0","0","4"
"0x7b03637b2360","      ISETP.GE.AND P2, PT, R114, UR22, PT","2","2","2","32768","1048576","1048576","32","32","0","0","0","-","-","-","0","0","0","0","0","0","0","0","-","0","0","0","0","0","0","0","0","0","0","0","0","0","0","0","0","0","0","0","0","0","0","0","2","0","0","0","0","0","0","0","0","0","0","0","0","0","0","0","0","0","2"
"0x7b03637b2370","      ISETP.NE.U32.AND P3, PT, R10, RZ, PT","4","2","4","32768","1048576","1048576","32","32","0","0","0","-","-","-","0","0","0","0","0","0","0","0","-","0","0","0","0","0","0","0","0","0","0","0","0","0","0","0","0","0","0","1","1","0","0","0","2","0","0","0","0","0","0","0","0","0","0","0","0","0","0","0","0","0","2"
"0x7b03637b2380","      SEL R11, R8, RZ, !P2","6","2","6","32768","1048576","1048576","32","32","0","0","0","-","-","-","0","0","0","0","0","0","0","0","-","0","0","0","0","0","0","0","0","0","0","0","0","0","0","0","0","0","0","1","3","0","0","0","2","0","0","0","0","0","0","0","0","0","0","0","0","0","0","0","0","0","2"
"0x7b03637b2390","      ISETP.GE.AND P2, PT, R115, UR22, PT","3","1","3","32768","1048576","1048576","32","32","0","0","0","-","-","-","0","0","0","0","0","0","0","0","-","0","0","0","0","0","0","0","0","0","0","0","0","0","1","0","0","0","0","0","2","0","0","0","0","0","0","0","0","0","0","0","1","0","0","0","0","0","0","0","0","0","0"
"0x7b03637b23a0","      ISETP.NE.U32.AND P4, PT, R11, RZ, PT","5","3","5","32768","1048576","1048576","32","32","0","0","0","-","-","-","0","0","0","0","0","0","0","0","-","0","0","0","0","0","0","0","0","0","0","0","0","0","1","0","0","0","0","0","1","0","0","0","3","0","0","0","0","0","0","0","1","0","0","0","0","0","0","0","0","0","2"
"0x7b03637b23b0","      SEL R8, R8, RZ, !P2","9","6","9","32768","1048576","1048576","32","32","0","0","0","-","-","-","0","0","0","0","0","0","0","0","-","0","0","0","0","0","0","0","0","0","0","0","0","0","1","0","0","0","0","1","1","0","0","0","6","0","0","0","0","0","0","0","1","0","0","0","0","0","0","0","0","0","5"
"0x7b03637b23c0","      ISETP.NE.U32.AND P2, PT, R9, RZ, PT","8","4","8","32768","1048576","1048576","32","32","0","0","0","-","-","-","0","0","0","0","0","0","0","0","-","0","0","0","0","0","0","0","0","0","0","0","0","0","2","0","0","0","0","0","4","0","0","0","2","0","0","0","0","0","0","0","2","0","0","0","0","0","0","0","0","0","2"
"0x7b03637b23d0","      IMAD R9, R116, R140, RZ","2","0","2","32768","1048576","1048576","32","32","0","0","0","-","-","-","0","0","0","0","0","0","0","0","-","0","0","0","0","0","0","0","0","0","0","0","0","0","0","0","0","0","0","0","2","0","0","0","0","0","0","0","0","0","0","0","0","0","0","0","0","0","0","0","0","0","0"
"0x7b03637b23e0","      ISETP.NE.U32.AND P5, PT, R8, RZ, PT","4","0","4","32768","1048576","1048576","32","32","0","0","0","-","-","-","0","0","0","0","0","0","0","0","-","0","0","0","0","0","0","0","0","0","0","0","0","0","0","0","0","0","0","0","4","0","0","0","0","0","0","0","0","0","0","0","0","0","0","0","0","0","0","0","0","0","0"
"0x7b03637b23f0","@!PT  LDS RZ, [RZ]","93","70","93","32768","1048576","0","32","0","32","32","0","","Load","32","0","0","0","0","0","0","0","0","-","0","0","0","0","0","0","80","0","0","0","0","0","0","0","0","0","0","0","1","2","0","0","0","10","62","0","0","0","0","0","0","0","0","0","0","0","0","0","0","0","0","8"
"0x7b03637b2400","@!PT  LDS RZ, [RZ]","2","0","2","32768","1048576","0","32","0","0","32","0","","Load","32","0","0","0","0","0","0","0","0","-","0","0","0","0","0","0","0","0","0","0","0","0","0","0","0","0","0","0","0","2","0","0","0","0","0","0","0","0","0","0","0","0","0","0","0","0","0","0","0","0","0","0"
"0x7b03637b2410","@!PT  LDS RZ, [RZ]","3","0","3","32768","1048576","0","32","0","0","32","0","","Load","32","0","0","0","0","0","0","0","0","-","0","0","0","0","0","0","0","0","0","0","0","0","0","0","0","0","0","0","0","3","0","0","0","0","0","0","0","0","0","0","0","0","0","0","0","0","0","0","0","0","0","0"
"0x7b03637b2420","      LDGSTS.E.BYPASS.128 desc[UR20][R104.64], P2, [R149+0x4000]","3","0","3","32768","1048576","1048576","32","32","32","0","0","Global,Shared","Load,Store","128","131072","4","0","131072","131072","0","524288","524288","","0","0","0","0","0","0","0","0","0","0","0","0","0","0","0","0","0","0","0","3","0","0","0","0","0","0","0","0","0","0","0","0","0","0","0","0","0","0","0","0","0","0"
"0x7b03637b2430","      LDGSTS.E.BYPASS.128 desc[UR20][R106.64], P3, [R149+0x4800]","7","1","7","32768","1048576","1048576","32","32","0","0","0","Global,Shared","Load,Store","128","131072","4","0","131072","131072","0","524288","524288","","0","0","0","0","0","0","0","0","0","0","0","0","0","0","0","0","0","0","0","0","0","0","0","7","0","0","0","0","0","0","0","0","0","0","0","0","0","0","0","0","0","1"
"0x7b03637b2440","      LDGSTS.E.BYPASS.128 desc[UR20][R12.64], P4, [R149+0x5000]","11","6","11","32768","1048576","1048576","32","32","0","0","0","Global,Shared","Load,Store","128","131072","4","0","131072","131072","0","524288","524288","","0","0","0","0","0","0","0","0","0","0","0","0","0","0","0","1","0","0","0","1","0","0","0","9","0","0","0","0","0","0","0","0","0","1","0","0","0","0","0","0","0","5"
"0x7b03637b2450","      LDGSTS.E.BYPASS.128 desc[UR20][R6.64], P5, [R149+0x5800]","17","12","17","32768","1048576","1048576","32","32","0","0","0","Global,Shared","Load,Store","128","131072","4","0","131072","131072","0","524288","524288","","0","0","0","0","0","0","0","0","0","0","0","0","0","0","0","7","0","0","1","2","0","0","0","7","0","0","0","0","0","0","0","0","0","7","0","0","0","0","0","0","0","5"
"0x7b03637b2460","      LDGDEPBAR","19","11","19","32768","1048576","1048576","32","32","0","0","0","-","-","-","0","0","0","0","0","0","0","0","-","0","0","0","0","0","0","0","0","0","0","0","1","0","0","0","6","0","0","2","3","0","0","0","7","0","0","0","0","0","1","0","0","0","4","0","0","0","0","0","0","0","6"
"0x7b03637b2470","      LDGSTS.E.BYPASS.128 desc[UR20][R88.64], P2, [R149+0x14000]","20","16","20","32768","1048576","1048576","32","32","0","0","0","Global,Shared","Load,Store","128","131072","4","0","131072","131072","0","524288","524288","","0","0","0","0","0","0","0","0","0","0","0","2","0","0","0","6","0","0","0","1","0","0","0","11","0","0","0","0","0","2","0","0","0","5","0","0","0","0","0","0","0","9"
"0x7b03637b2480","      LEA R8, P2, R9, R4, 0x1","3","0","3","32768","1048576","1048576","32","32","0","0","0","-","-","-","0","0","0","0","0","0","0","0","-","0","0","0","0","0","0","0","0","0","0","0","0","0","0","0","0","0","0","0","3","0","0","0","0","0","0","0","0","0","0","0","0","0","0","0","0","0","0","0","0","0","0"
"0x7b03637b2490","      LDGSTS.E.BYPASS.128 desc[UR20][R90.64], P3, [R149+0x14800]","13","7","13","32768","1048576","1048576","32","32","0","0","0","Global,Shared","Load,Store","128","131072","4","0","131072","131072","0","524288","524288","","0","0","0","0","0","0","0","0","0","0","0","5","0","0","0","2","0","0","1","2","0","0","0","3","0","0","0","0","0","3","0","0","0","2","0","0","0","0","0","0","0","2"
"0x7b03637b24a0","      LEA.HI.X.SX32 R9, R9, R5, 0x1, P2","1","0","1","32768","1048576","1048576","32","32","0","0","0","-","-","-","0","0","0","0","0","0","0","0","-","0","0","0","0","0","0","0","0","0","0","0","0","0","0","0","0","0","0","0","1","0","0","0","0","0","0","0","0","0","0","0","0","0","0","0","0","0","0","0","0","0","0"
"0x7b03637b24b0","      IMAD R7, R118, R140, RZ","97","82","97","32768","1048576","1048576","32","32","0","0","0","-","-","-","0","0","0","0","0","0","0","0","-","0","0","0","0","0","0","0","0","0","0","0","0","96","0","0","0","0","0","0","1","0","0","0","0","0","0","0","0","0","0","82","0","0","0","0","0","0","0","0","0","0","0"
"0x7b03637b24c0","      LEA R10, P2, R117, R4, 0x1","2","0","2","32768","1048576","1048576","32","32","0","0","0","-","-","-","0","0","0","0","0","0","0","0","-","0","0","0","0","0","0","0","0","0","0","0","0","0","0","0","0","0","0","0","2","0","0","0","0","0","0","0","0","0","0","0","0","0","0","0","0","0","0","0","0","0","0"
"0x7b03637b24d0","      LDGSTS.E.BYPASS.128 desc[UR20][R94.64], P4, [R149+0x15000]","2","0","2","32768","1048576","1048576","32","32","0","0","0","Global,Shared","Load,Store","128","131072","4","0","131072","131072","0","524288","524288","","0","0","0","0","0","0","0","0","0","0","0","0","0","0","0","0","0","0","0","2","0","0","0","0","0","0","0","0","0","0","0","0","0","0","0","0","0","0","0","0","0","0"
"0x7b03637b24e0","      LEA.HI.X.SX32 R11, R117, R5, 0x1, P2","3","2","3","32768","1048576","1048576","32","32","0","0","0","-","-","-","0","0","0","0","0","0","0","0","-","0","0","0","0","0","0","0","0","0","0","0","0","0","0","0","0","0","0","0","0","0","0","0","3","0","0","0","0","0","0","0","0","0","0","0","0","0","0","0","0","0","2"
"0x7b03637b24f0","      LDGSTS.E.BYPASS.128 desc[UR20][R98.64], P5, [R149+0x15800]","2","1","2","32768","1048576","1048576","32","32","0","0","0","Global,Shared","Load,Store","128","131072","4","0","131072","131072","0","524288","524288","","0","0","0","0","0","0","0","0","0","0","0","0","0","0","0","1","0","0","0","1","0","0","0","0","0","0","0","0","0","0","0","0","0","1","0","0","0","0","0","0","0","0"
"0x7b03637b2500","      LEA R6, P2, R7, R4, 0x1","1","0","1","32768","1048576","1048576","32","32","0","0","0","-","-","-","0","0","0","0","0","0","0","0","-","0","0","0","0","0","0","0","0","0","0","0","0","0","0","0","0","0","0","0","1","0","0","0","0","0","0","0","0","0","0","0","0","0","0","0","0","0","0","0","0","0","0"
"0x7b03637b2510","      LDGDEPBAR","11","10","11","32768","1048576","1048576","32","32","0","0","0","-","-","-","0","0","0","0","0","0","0","0","-","0","0","0","0","0","0","0","0","0","0","0","1","0","0","0","4","0","0","0","0","0","0","0","6","0","0","0","0","0","1","0","0","0","4","0","0","0","0","0","0","0","5"
"0x7b03637b2520","      LEA.HI.X.SX32 R7, R7, R5, 0x1, P2","2","0","2","32768","1048576","1048576","32","32","0","0","0","-","-","-","0","0","0","0","0","0","0","0","-","0","0","0","0","0","0","0","0","0","0","0","0","0","0","0","0","0","0","0","2","0","0","0","0","0","0","0","0","0","0","0","0","0","0","0","0","0","0","0","0","0","0"
"0x7b03637b2530","      BAR.SYNC.DEFER_BLOCKING 0x0","0","0","0","32768","1048576","1048576","32","32","0","0","0","-","-","-","0","0","0","0","0","0","0","0","-","0","0","0","0","0","0","0","0","0","0","0","0","0","0","0","0","0","0","0","0","0","0","0","0","0","0","0","0","0","0","0","0","0","0","0","0","0","0","0","0","0","0"
"0x7b03637b2540","      LEA R12, P2, R119, R4, 0x1","2","0","2","32768","1048576","1048576","32","32","0","0","0","-","-","-","0","0","0","0","0","0","0","0","-","0","0","0","0","0","0","0","0","0","0","0","0","0","0","0","0","0","0","0","2","0","0","0","0","0","0","0","0","0","0","0","0","0","0","0","0","0","0","0","0","0","0"
"0x7b03637b2550","      LEA.HI.X.SX32 R13, R119, R5, 0x1, P2","13","7","13","32768","1048576","1048576","32","32","0","0","0","-","-","-","0","0","0","0","0","0","0","0","-","0","0","0","0","0","0","0","0","0","0","0","0","0","0","0","0","0","0","1","3","0","0","0","9","0","0","0","0","0","0","0","0","0","0","0","0","0","0","0","0","0","7"
"0x7b03637b2560","      ISETP.GE.AND P2, PT, R18, R15, PT","2","2","2","32768","1048576","1048576","32","32","0","0","0","-","-","-","0","0","0","0","0","0","0","0","-","0","0","0","0","0","0","0","0","0","0","0","0","0","0","0","0","0","0","0","0","0","0","0","2","0","0","0","0","0","0","0","0","0","0","0","0","0","0","0","0","0","2"
"0x7b03637b2570","@!PT  LDS RZ, [RZ]","158","139","158","32768","1048576","0","32","0","32","32","0","","Load","32","0","0","0","0","0","0","0","0","-","0","0","0","0","0","0","143","0","0","0","0","0","0","0","0","4","0","0","7","4","0","0","0","0","135","0","0","0","0","0","0","0","0","4","0","0","0","0","0","0","0","0"
"0x7b03637b2580","@!PT  LDS RZ, [RZ]","13","10","13","32768","1048576","0","32","0","0","32","0","","Load","32","0","0","0","0","0","0","0","0","-","0","0","0","0","0","0","0","0","0","0","0","0","0","0","0","10","0","0","1","2","0","0","0","0","0","0","0","0","0","0","0","0","0","10","0","0","0","0","0","0","0","0"
"0x7b03637b2590","@!PT  LDS RZ, [RZ]","6","4","6","32768","1048576","0","32","0","0","32","0","","Load","32","0","0","0","0","0","0","0","0","-","0","0","0","0","0","0","0","0","0","0","0","0","0","0","0","4","0","0","1","1","0","0","0","0","0","0","0","0","0","0","0","0","0","4","0","0","0","0","0","0","0","0"
"0x7b03637b25a0","      LDGSTS.E.BYPASS.128 desc[UR20][R8.64], !PT, [R149+0x8000]","24","20","24","32768","1048576","1048576","32","32","32","0","0","Global,Shared","Load,Store","128","0","4","0","131072","131072","0","0","0","","0","0","0","0","0","0","0","0","0","0","0","0","0","0","0","20","0","0","2","2","0","0","0","0","0","0","0","0","0","0","0","0","0","20","0","0","0","0","0","0","0","0"
"0x7b03637b25b0","      LDGSTS.E.BYPASS.128 desc[UR20][R10.64], !PT, [R149+0x8800]","38","29","38","32768","1048576","1048576","32","32","0","0","0","Global,Shared","Load,Store","128","0","4","0","131072","131072","0","0","0","","0","0","0","0","0","0","0","0","0","0","0","0","0","0","0","23","0","0","3","2","0","0","0","10","0","0","0","0","0","0","0","0","0","23","0","0","0","0","0","0","0","6"
"0x7b03637b25c0","      LDGSTS.E.BYPASS.128 desc[UR20][R6.64], !PT, [R149+0x9000]","60","57","60","32768","1048576","1048576","32","32","0","0","0","Global,Shared","Load,Store","128","0","4","0","131072","131072","0","0","0","","0","0","0","0","0","0","0","0","0","0","0","3","0","0","0","50","0","0","2","0","0","0","0","5","0","0","0","0","0","3","0","0","0","50","0","0","0","0","0","0","0","4"
"0x7b03637b25d0","      LDGSTS.E.BYPASS.128 desc[UR20][R12.64], !PT, [R149+0x9800]","117","114","117","32768","1048576","1048576","32","32","0","0","0","Global,Shared","Load,Store","128","0","4","0","131072","131072","0","0","0","","0","0","0","0","0","0","0","0","0","0","0","82","0","0","0","30","0","0","2","1","0","0","0","2","0","0","0","0","0","82","0","0","0","30","0","0","0","0","0","0","0","2"
"0x7b03637b25e0","      LDGDEPBAR","64","62","64","32768","1048576","1048576","32","32","0","0","0","-","-","-","0","0","0","0","0","0","0","0","-","0","0","0","0","0","0","0","0","0","0","0","37","0","0","0","22","0","0","0","2","0","0","0","3","0","0","0","0","0","37","0","0","0","22","0","0","0","0","0","0","0","3"
"0x7b03637b25f0","      LDGSTS.E.BYPASS.128 desc[UR20][R92.64], !PT, [R149+0x18000]","64","62","64","32768","1048576","1048576","32","32","0","0","0","Global,Shared","Load,Store","128","0","4","0","131072","131072","0","0","0","","0","0","0","0","0","0","0","0","0","0","0","35","0","0","0","21","0","0","0","1","0","0","0","7","0","0","0","0","0","35","0","0","0","21","0","0","0","0","0","0","0","6"
"0x7b03637b2600","      LDGSTS.E.BYPASS.128 desc[UR20][R96.64], !PT, [R149+0x18800]","47","45","47","32768","1048576","1048576","32","32","0","0","0","Global,Shared","Load,Store","128","0","4","0","131072","131072","0","0","0","","0","0","0","0","0","0","0","0","0","0","0","14","0","0","0","20","0","0","0","2","0","0","0","11","0","0","0","0","0","14","0","0","0","20","0","0","0","0","0","0","0","11"
"0x7b03637b2610","      LDGSTS.E.BYPASS.128 desc[UR20][R100.64], !PT, [R149+0x19000]","62","61","62","32768","1048576","1048576","32","32","0","0","0","Global,Shared","Load,Store","128","0","4","0","131072","131072","0","0","0","","0","0","0","0","0","0","0","0","0","0","0","27","0","0","0","29","0","0","0","1","0","0","0","5","0","0","0","0","0","27","0","0","0","29","0","0","0","0","0","0","0","5"
"0x7b03637b2620","      LDGSTS.E.BYPASS.128 desc[UR20][R102.64], !PT, [R149+0x19800]","63","63","63","32768","1048576","1048576","32","32","0","0","0","Global,Shared","Load,Store","128","0","4","0","131072","131072","0","0","0","","0","0","0","0","0","0","0","0","0","0","0","34","0","0","0","24","0","0","0","0","0","0","0","5","0","0","0","0","0","34","0","0","0","24","0","0","0","0","0","0","0","5"
"0x7b03637b2630","      LDGDEPBAR","123","118","123","32768","1048576","1048576","32","32","0","0","0","-","-","-","0","0","0","0","0","0","0","0","-","0","0","0","0","0","0","0","0","0","0","0","89","0","0","0","24","0","0","2","2","0","0","0","6","0","0","0","0","0","88","0","0","0","24","0","0","0","0","0","0","0","6"
"0x7b03637b2640","@!PT  LDS RZ, [RZ]","56","56","56","32768","1048576","0","32","0","32","32","0","","Load","32","0","0","0","0","0","0","0","0","-","0","0","0","0","0","0","0","0","0","0","0","0","0","0","0","56","0","0","0","0","0","0","0","0","0","0","0","0","0","0","0","0","0","56","0","0","0","0","0","0","0","0"
"0x7b03637b2650","      MEMBAR.ALL.CTA","91","84","91","32768","1048576","1048576","32","32","32","0","0","-","-","-","0","0","0","0","0","0","0","0","-","0","0","0","0","0","0","0","0","0","0","0","7","0","0","0","77","0","0","5","2","0","0","0","0","0","0","0","0","0","7","0","0","0","77","0","0","0","0","0","0","0","0"
"0x7b03637b2660","      FENCE.VIEW.ASYNC.S","268","238","268","32768","1048576","1048576","32","32","0","0","0","-","-","-","0","0","0","0","0","0","0","0","-","0","0","0","0","0","0","0","0","0","0","0","0","257","0","0","0","0","0","0","0","0","0","0","11","0","0","0","0","0","0","227","0","0","0","0","0","0","0","0","0","0","11"
"0x7b03637b2670","@P2   BRA 0x7b03637b4780","1","0","1","32768","1048576","0","32","0","32","32","0","-","-","-","0","0","0","0","0","0","0","0","-","0","0","0","0","0","0","0","0","0","0","0","0","0","0","0","0","0","0","0","1","0","0","0","0","0","0","0","0","0","0","0","0","0","0","0","0","0","0","0","0","0","0"
"0x7b03637b2680","      SHF.R.U32.HI R7, RZ, 0x2, R0","11","9","11","32768","1048576","1048576","32","32","32","0","0","-","-","-","0","0","0","0","0","0","0","0","-","0","0","0","0","0","0","0","0","0","0","0","0","0","0","0","0","0","0","0","2","0","0","0","9","0","0","0","0","0","0","0","0","0","0","0","0","0","0","0","0","0","9"
"0x7b03637b2690","      VIADD R149, R15, 0xffffff40","2","0","2","32768","1048576","1048576","32","32","0","0","0","-","-","-","0","0","0","0","0","0","0","0","-","0","0","0","0","0","0","0","0","0","0","0","0","0","0","0","0","0","0","0","2","0","0","0","0","0","0","0","0","0","0","0","0","0","0","0","0","0","0","0","0","0","0"
"0x7b03637b26a0","      SHF.R.U32.HI R6, RZ, 0x1, R0","2","0","2","32768","1048576","1048576","32","32","0","0","0","-","-","-","0","0","0","0","0","0","0","0","-","0","0","0","0","0","0","0","0","0","0","0","0","0","0","0","0","0","0","0","2","0","0","0","0","0","0","0","0","0","0","0","0","0","0","0","0","0","0","0","0","0","0"
"0x7b03637b26b0","      IMAD.IADD R150, R18, 0x1, R147","1","0","1","32768","1048576","1048576","32","32","0","0","0","-","-","-","0","0","0","0","0","0","0","0","-","0","0","0","0","0","0","0","0","0","0","0","0","0","0","0","0","0","0","0","1","0","0","0","0","0","0","0","0","0","0","0","0","0","0","0","0","0","0","0","0","0","0"
"0x7b03637b26c0","      SGXT.U32 R7, R7, 0x3","1","0","1","32768","1048576","1048576","32","32","0","0","0","-","-","-","0","0","0","0","0","0","0","0","-","0","0","0","0","0","0","0","0","0","0","0","0","0","0","0","0","0","0","0","1","0","0","0","0","0","0","0","0","0","0","0","0","0","0","0","0","0","0","0","0","0","0"
"0x7b03637b26d0","      IMAD.MOV.U32 R147, RZ, RZ, RZ","2","0","2","32768","1048576","1048576","32","32","0","0","0","-","-","-","0","0","0","0","0","0","0","0","-","0","0","0","0","0","0","0","0","0","0","0","0","0","0","0","0","0","0","0","2","0","0","0","0","0","0","0","0","0","0","0","0","0","0","0","0","0","0","0","0","0","0"
"0x7b03637b26e0","      SHF.R.S32.HI R162, RZ, 0x1f, R18","2","0","2","32768","1048576","1048576","32","32","0","0","0","-","-","-","0","0","0","0","0","0","0","0","-","0","0","0","0","0","0","0","0","0","0","0","0","0","0","0","0","0","0","0","2","0","0","0","0","0","0","0","0","0","0","0","0","0","0","0","0","0","0","0","0","0","0"
"0x7b03637b26f0","      IMAD.MOV.U32 R14, RZ, RZ, RZ","2","0","2","32768","1048576","1048576","32","32","0","0","0","-","-","-","0","0","0","0","0","0","0","0","-","0","0","0","0","0","0","0","0","0","0","0","0","0","0","0","0","0","0","0","2","0","0","0","0","0","0","0","0","0","0","0","0","0","0","0","0","0","0","0","0","0","0"
"0x7b03637b2700","      LOP3.LUT R7, R7, 0x70, R6, 0xf8, !PT","1","0","1","32768","1048576","1048576","32","32","0","0","0","-","-","-","0","0","0","0","0","0","0","0","-","0","0","0","0","0","0","0","0","0","0","0","0","0","0","0","0","0","0","0","1","0","0","0","0","0","0","0","0","0","0","0","0","0","0","0","0","0","0","0","0","0","0"
"0x7b03637b2710","      VIADD R158, R150, 0xf0","0","0","0","32768","1048576","1048576","32","32","0","0","0","-","-","-","0","0","0","0","0","0","0","0","-","0","0","0","0","0","0","0","0","0","0","0","0","0","0","0","0","0","0","0","0","0","0","0","0","0","0","0","0","0","0","0","0","0","0","0","0","0","0","0","0","0","0"
"0x7b03637b2720","      LEA R170, P2, R151, R18, 0x1","2","0","2","32768","1048576","1048576","32","32","0","0","0","-","-","-","0","0","0","0","0","0","0","0","-","0","0","0","0","0","0","0","0","0","0","0","0","0","0","0","0","0","0","0","2","0","0","0","0","0","0","0","0","0","0","0","0","0","0","0","0","0","0","0","0","0","0"
"0x7b03637b2730","      VIADD R157, R150, 0xe0","2","0","2","32768","1048576","1048576","32","32","0","0","0","-","-","-","0","0","0","0","0","0","0","0","-","0","0","0","0","0","0","0","0","0","0","0","0","0","0","0","0","0","0","0","2","0","0","0","0","0","0","0","0","0","0","0","0","0","0","0","0","0","0","0","0","0","0"
"0x7b03637b2740","      LOP3.LUT R160, R7, R18, RZ, 0xfc, !PT","3","0","3","32768","1048576","1048576","32","32","0","0","0","-","-","-","0","0","0","0","0","0","0","0","-","0","0","0","0","0","0","0","0","0","0","0","0","0","0","0","0","0","0","0","3","0","0","0","0","0","0","0","0","0","0","0","0","0","0","0","0","0","0","0","0","0","0"
"0x7b03637b2750","      VIADD R155, R150, 0xd0","2","0","2","32768","1048576","1048576","32","32","0","0","0","-","-","-","0","0","0","0","0","0","0","0","-","0","0","0","0","0","0","0","0","0","0","0","0","0","0","0","0","0","0","0","2","0","0","0","0","0","0","0","0","0","0","0","0","0","0","0","0","0","0","0","0","0","0"
"0x7b03637b2760","      SHF.R.S32.HI R148, RZ, 0x1f, R15","1","0","1","32768","1048576","1048576","32","32","0","0","0","-","-","-","0","0","0","0","0","0","0","0","-","0","0","0","0","0","0","0","0","0","0","0","0","0","0","0","0","0","0","0","1","0","0","0","0","0","0","0","0","0","0","0","0","0","0","0","0","0","0","0","0","0","0"
"0x7b03637b2770","      IMAD.X R172, RZ, RZ, R162, P2","2","0","2","32768","1048576","1048576","32","32","0","0","0","-","-","-","0","0","0","0","0","0","0","0","-","0","0","0","0","0","0","0","0","0","0","0","0","0","0","0","0","0","0","0","2","0","0","0","0","0","0","0","0","0","0","0","0","0","0","0","0","0","0","0","0","0","0"
"0x7b03637b2780","      LOP3.LUT R156, R160, 0x8, RZ, 0xfc, !PT","1","0","1","32768","1048576","1048576","32","32","0","0","0","-","-","-","0","0","0","0","0","0","0","0","-","0","0","0","0","0","0","0","0","0","0","0","0","0","0","0","0","0","0","0","1","0","0","0","0","0","0","0","0","0","0","0","0","0","0","0","0","0","0","0","0","0","0"
"0x7b03637b2790","      VIADD R154, R150, 0xc0","5","0","5","32768","1048576","1048576","32","32","0","0","0","-","-","-","0","0","0","0","0","0","0","0","-","0","0","0","0","0","0","0","0","1","0","0","0","0","0","0","0","0","0","0","4","0","0","0","0","0","0","0","0","0","0","0","0","0","0","0","0","0","0","0","0","0","0"
"0x7b03637b27a0","      SHF.R.S32.HI R159, RZ, 0x1f, R149","4","0","4","32768","1048576","1048576","32","32","0","0","0","-","-","-","0","0","0","0","0","0","0","0","-","0","0","0","0","0","0","0","0","0","0","0","0","0","0","0","0","0","0","0","4","0","0","0","0","0","0","0","0","0","0","0","0","0","0","0","0","0","0","0","0","0","0"
"0x7b03637b27b0","      UIADD3 UR24, UR12, 0x20000, URZ","2","0","2","32768","1048576","1048576","32","32","0","0","0","-","-","-","0","0","0","0","0","0","0","0","-","0","0","0","0","0","0","0","0","0","0","0","0","0","0","0","0","0","0","0","2","0","0","0","0","0","0","0","0","0","0","0","0","0","0","0","0","0","0","0","0","0","0"
"0x7b03637b27c0","      SHF.R.S32.HI R153, RZ, 0x1f, R160","1","0","1","32768","1048576","1048576","32","32","0","0","0","-","-","-","0","0","0","0","0","0","0","0","-","0","0","0","0","0","0","0","0","0","0","0","0","0","0","0","0","0","0","0","1","0","0","0","0","0","0","0","0","0","0","0","0","0","0","0","0","0","0","0","0","0","0"
"0x7b03637b27d0","      USHF.R.S32.HI UR25, URZ, 0x1f, UR22","6","0","6","32768","1048576","1048576","32","32","0","0","0","-","-","-","0","0","0","0","0","0","0","0","-","0","0","0","0","0","0","0","0","0","0","0","0","0","0","0","0","0","0","0","6","0","0","0","0","0","0","0","0","0","0","0","0","0","0","0","0","0","0","0","0","0","0"
"0x7b03637b27e0","      SHF.R.S32.HI R152, RZ, 0x1f, R156","2","0","2","32768","1048576","1048576","32","32","0","0","0","-","-","-","0","0","0","0","0","0","0","0","-","0","0","0","0","0","0","0","0","0","0","0","0","0","0","0","0","0","0","0","2","0","0","0","0","0","0","0","0","0","0","0","0","0","0","0","0","0","0","0","0","0","0"
"0x7b03637b27f0","      UMOV UR14, 0x2","2","0","2","32768","1048576","1048576","32","32","0","0","0","-","-","-","0","0","0","0","0","0","0","0","-","0","0","0","0","0","0","0","0","0","0","0","0","0","0","0","0","0","0","0","2","0","0","0","0","0","0","0","0","0","0","0","0","0","0","0","0","0","0","0","0","0","0"
"0x7b03637b2800","      UMOV UR13, 0xffffffff","4","0","4","32768","1048576","1048576","32","32","0","0","0","-","-","-","0","0","0","0","0","0","0","0","-","0","0","0","0","0","0","0","0","0","0","0","0","0","0","0","0","0","0","0","4","0","0","0","0","0","0","0","0","0","0","0","0","0","0","0","0","0","0","0","0","0","0"
"0x7b03637b2810","      UMOV UR4, URZ","4","0","4","32768","1048576","1048576","32","32","0","0","0","-","-","-","0","0","0","0","0","0","0","0","-","0","0","0","0","0","0","0","0","0","0","0","0","0","0","0","0","0","0","0","4","0","0","0","0","0","0","0","0","0","0","0","0","0","0","0","0","0","0","0","0","0","0"
"0x7b03637b2820","      UMOV UR5, URZ","6","0","6","32768","1048576","1048576","32","32","0","0","0","-","-","-","0","0","0","0","0","0","0","0","-","0","0","0","0","0","0","0","0","0","0","0","0","0","0","0","0","0","0","0","6","0","0","0","0","0","0","0","0","0","0","0","0","0","0","0","0","0","0","0","0","0","0"
"0x7b03637b2830","      ULDC UR26, c[0x0][0x26c]","1","0","1","32768","1048576","1048576","32","32","0","0","0","-","-","-","0","0","0","0","0","0","0","0","-","0","0","0","0","0","0","0","0","0","0","0","0","0","0","0","0","0","0","0","1","0","0","0","0","0","0","0","0","0","0","0","0","0","0","0","0","0","0","0","0","0","0"
"0x7b03637b2840","      DEPBAR.LE SB0, 0x4","53","45","53","65536","2097152","2097152","32","32","0","0","0","-","-","-","0","0","0","0","0","0","0","0","-","0","0","0","0","0","0","0","12","0","0","0","0","0","0","0","0","0","22","1","0","0","0","0","18","0","7","0","0","0","0","0","0","0","0","0","21","0","0","0","0","0","17"
"0x7b03637b2850","      BAR.SYNC.DEFER_BLOCKING 0x0","148","91","148","65536","2097152","2097152","32","32","0","0","0","-","-","-","0","0","0","0","0","0","0","0","-","0","0","0","0","0","0","0","0","0","0","0","0","125","0","0","0","0","0","1","12","0","0","0","10","0","0","0","0","0","0","87","0","0","0","0","0","0","0","0","0","0","4"
"0x7b03637b2860","      UIADD3 UR13, UR13, 0x1, URZ","6","0","6","65536","2097152","2097152","32","32","0","0","0","-","-","-","0","0","0","0","0","0","0","0","-","0","0","0","0","0","0","0","0","0","0","0","0","0","0","0","0","0","0","0","6","0","0","0","0","0","0","0","0","0","0","0","0","0","0","0","0","0","0","0","0","0","0"
"0x7b03637b2870","      IADD3 R163, P2, R170, UR4, RZ","1","0","1","65536","2097152","2097152","32","32","0","0","0","-","-","-","0","0","0","0","0","0","0","0","-","0","0","0","0","0","0","0","0","0","0","0","0","0","0","0","0","0","0","0","1","0","0","0","0","0","0","0","0","0","0","0","0","0","0","0","0","0","0","0","0","0","0"
"0x7b03637b2880","      USHF.L.U32 UR6, UR23, 0x7, URZ","5","0","5","65536","2097152","2097152","32","32","0","0","0","-","-","-","0","0","0","0","0","0","0","0","-","0","0","0","0","0","0","0","0","0","0","0","0","0","0","0","0","0","1","0","4","0","0","0","0","0","0","0","0","0","0","0","0","0","0","0","0","0","0","0","0","0","0"
"0x7b03637b2890","      UISETP.GT.AND UP0, UPT, UR13, 0x3, UPT","9","4","9","65536","2097152","2097152","32","32","0","0","0","-","-","-","0","0","0","0","0","0","0","0","-","0","0","0","0","0","0","0","0","0","0","0","0","0","0","0","0","0","0","0","3","0","0","0","6","0","0","0","0","0","0","0","0","0","0","0","0","0","0","0","0","0","4"
"0x7b03637b28a0","      IADD3.X R171, R172, UR5, RZ, P2, !PT","2","0","2","65536","2097152","2097152","32","32","0","0","0","-","-","-","0","0","0","0","0","0","0","0","-","0","0","0","0","0","0","0","0","0","0","0","0","0","0","0","0","0","0","0","2","0","0","0","0","0","0","0","0","0","0","0","0","0","0","0","0","0","0","0","0","0","0"
"0x7b03637b28b0","      ULOP3.LUT UR6, UR6, 0x200, URZ, 0xc0, !UPT","3","0","3","65536","2097152","2097152","32","32","0","0","0","-","-","-","0","0","0","0","0","0","0","0","-","0","0","0","0","0","0","0","0","0","0","0","0","0","0","0","0","0","0","0","3","0","0","0","0","0","0","0","0","0","0","0","0","0","0","0","0","0","0","0","0","0","0"
"0x7b03637b28c0","      IADD3 R7, P2, R163, 0x9, RZ","2","0","2","65536","2097152","2097152","32","32","0","0","0","-","-","-","0","0","0","0","0","0","0","0","-","0","0","0","0","0","0","0","0","0","0","0","0","0","0","0","0","0","0","0","2","0","0","0","0","0","0","0","0","0","0","0","0","0","0","0","0","0","0","0","0","0","0"
"0x7b03637b28d0","      USEL UR13, UR13, URZ, !UP0","6","0","6","65536","2097152","2097152","32","32","0","0","0","-","-","-","0","0","0","0","0","0","0","0","-","0","0","0","0","0","0","0","0","0","0","0","0","0","0","0","0","0","0","0","6","0","0","0","0","0","0","0","0","0","0","0","0","0","0","0","0","0","0","0","0","0","0"
"0x7b03637b28e0","      ISETP.LE.U32.AND P3, PT, R163, R160, PT","2","0","2","65536","2097152","2097152","32","32","0","0","0","-","-","-","0","0","0","0","0","0","0","0","-","0","0","0","0","0","0","0","0","0","0","0","0","0","0","0","0","0","0","0","2","0","0","0","0","0","0","0","0","0","0","0","0","0","0","0","0","0","0","0","0","0","0"
"0x7b03637b28f0","      ULEA.HI UR6, UR24, UR6, URZ, 0x1c","3","0","3","65536","2097152","2097152","32","32","0","0","0","-","-","-","0","0","0","0","0","0","0","0","-","0","0","0","0","0","0","0","0","0","0","0","0","0","0","0","0","0","0","0","3","0","0","0","0","0","0","0","0","0","0","0","0","0","0","0","0","0","0","0","0","0","0"
"0x7b03637b2900","      ULEA UR15, UR13, UR12, 0xe","25","4","25","65536","2097152","2097152","32","32","0","0","0","-","-","-","0","0","0","0","0","0","0","0","-","0","0","0","0","0","0","0","0","0","0","0","0","0","7","0","0","0","5","7","2","0","0","0","4","0","0","0","0","0","0","0","1","0","0","0","0","0","0","0","0","0","3"
"0x7b03637b2910","      IMAD.X R6, RZ, RZ, R171, P2","4","0","4","65536","2097152","2097152","32","32","0","0","0","-","-","-","0","0","0","0","0","0","0","0","-","0","0","0","0","0","0","0","0","0","0","0","0","0","0","0","0","0","0","0","4","0","0","0","0","0","0","0","0","0","0","0","0","0","0","0","0","0","0","0","0","0","0"
"0x7b03637b2920","      ULOP3.LUT UR8, UR6, 0x3fff, URZ, 0xc0, !UPT","4","0","4","65536","2097152","2097152","32","32","0","0","0","-","-","-","0","0","0","0","0","0","0","0","-","0","0","0","0","0","0","0","0","0","0","0","0","0","0","0","0","0","0","0","4","0","0","0","0","0","0","0","0","0","0","0","0","0","0","0","0","0","0","0","0","0","0"
"0x7b03637b2930","      IADD3 R13, P2, R163, 0x8, RZ","1","0","1","65536","2097152","2097152","32","32","0","0","0","-","-","-","0","0","0","0","0","0","0","0","-","0","0","0","0","0","0","0","0","0","0","0","0","0","0","0","0","0","0","0","1","0","0","0","0","0","0","0","0","0","0","0","0","0","0","0","0","0","0","0","0","0","0"
"0x7b03637b2940","      USHF.R.U32.HI UR10, URZ, 0x4, UR15","4","0","4","65536","2097152","2097152","32","32","0","0","0","-","-","-","0","0","0","0","0","0","0","0","-","0","0","0","0","0","0","0","0","0","0","0","0","0","0","0","0","0","0","0","4","0","0","0","0","0","0","0","0","0","0","0","0","0","0","0","0","0","0","0","0","0","0"
"0x7b03637b2950","      UMOV UR9, 0x40000040","45","20","45","65536","2097152","2097152","32","32","0","0","0","-","-","-","0","0","0","0","0","0","0","0","-","0","0","0","0","0","0","35","0","0","0","0","0","0","0","0","0","0","0","7","3","0","0","0","0","20","0","0","0","0","0","0","0","0","0","0","0","0","0","0","0","0","0"
"0x7b03637b2960","      UMOV UR11, 0x40000040","3","0","3","65536","2097152","2097152","32","32","0","0","0","-","-","-","0","0","0","0","0","0","0","0","-","0","0","0","0","0","0","0","0","0","0","0","0","0","0","0","0","0","0","0","3","0","0","0","0","0","0","0","0","0","0","0","0","0","0","0","0","0","0","0","0","0","0"
"0x7b03637b2970","      USGXT.U32 UR10, UR10, 0xe","25","0","25","65536","2097152","2097152","32","32","0","0","0","-","-","-","0","0","0","0","0","0","0","0","-","0","0","0","0","0","0","0","0","1","0","0","0","0","3","0","0","0","0","13","6","0","0","0","2","0","0","0","0","0","0","0","0","0","0","0","0","0","0","0","0","0","0"
"0x7b03637b2980","      IMAD.X R12, RZ, RZ, R171, P2","8","0","8","65536","2097152","2097152","32","32","0","0","0","-","-","-","0","0","0","0","0","0","0","0","-","0","0","0","0","0","0","0","0","0","0","0","0","0","0","0","0","0","0","0","8","0","0","0","0","0","0","0","0","0","0","0","0","0","0","0","0","0","0","0","0","0","0"
"0x7b03637b2990","      UMOV UR7, URZ","3","0","3","65536","2097152","2097152","32","32","0","0","0","-","-","-","0","0","0","0","0","0","0","0","-","0","0","0","0","0","0","0","0","1","0","0","0","0","0","0","0","0","0","0","2","0","0","0","0","0","0","0","0","0","0","0","0","0","0","0","0","0","0","0","0","0","0"
"0x7b03637b29a0","@!PT  LDS RZ, [RZ]","3","0","3","65536","2097152","0","32","0","32","32","0","","Load","32","0","0","0","0","0","0","0","0","-","0","0","0","0","0","0","0","0","0","0","0","0","0","0","0","0","0","0","0","3","0","0","0","0","0","0","0","0","0","0","0","0","0","0","0","0","0","0","0","0","0","0"
"0x7b03637b29b0","@!PT  LDS RZ, [RZ]","4","0","4","65536","2097152","0","32","0","0","32","0","","Load","32","0","0","0","0","0","0","0","0","-","0","0","0","0","0","0","0","0","0","0","0","0","0","0","0","0","0","0","0","4","0","0","0","0","0","0","0","0","0","0","0","0","0","0","0","0","0","0","0","0","0","0"
"0x7b03637b29c0","@!PT  LDS RZ, [RZ]","4","0","4","65536","2097152","0","32","0","0","32","0","","Load","32","0","0","0","0","0","0","0","0","-","0","0","0","0","0","0","0","0","0","0","0","0","0","0","0","0","0","0","0","4","0","0","0","0","0","0","0","0","0","0","0","0","0","0","0","0","0","0","0","0","0","0"
"0x7b03637b29d0","@!PT  LDS RZ, [RZ]","5","0","5","65536","2097152","0","32","0","0","32","0","","Load","32","0","0","0","0","0","0","0","0","-","0","0","0","0","0","0","0","0","0","0","0","0","0","0","0","0","0","0","0","5","0","0","0","0","0","0","0","0","0","0","0","0","0","0","0","0","0","0","0","0","0","0"
"0x7b03637b29e0","      MEMBAR.ALL.CTA","10","0","10","65536","2097152","2097152","32","32","32","0","0","-","-","-","0","0","0","0","0","0","0","0","-","0","0","0","0","0","0","0","0","2","0","0","0","0","0","0","0","0","0","0","8","0","0","0","0","0","0","0","0","0","0","0","0","0","0","0","0","0","0","0","0","0","0"
"0x7b03637b29f0","      FENCE.VIEW.ASYNC.S","99","56","99","65536","2097152","2097152","32","32","0","0","0","-","-","-","0","0","0","0","0","0","0","0","-","0","0","0","0","0","0","0","0","0","0","0","0","61","0","0","0","0","0","0","6","0","0","0","32","0","0","0","0","0","0","42","0","0","0","0","0","0","0","0","0","0","14"
"0x7b03637b2a00","      UMOV UR6, URZ","6","0","6","65536","2097152","2097152","32","32","0","0","0","-","-","-","0","0","0","0","0","0","0","0","-","0","0","0","0","0","0","0","0","0","0","0","0","0","0","0","0","0","0","0","6","0","0","0","0","0","0","0","0","0","0","0","0","0","0","0","0","0","0","0","0","0","0"
"0x7b03637b2a10","      IADD3 R11, P2, R163, 0x31, RZ","3","0","3","65536","2097152","2097152","32","32","0","0","0","-","-","-","0","0","0","0","0","0","0","0","-","0","0","0","0","0","0","0","0","0","0","0","0","0","0","0","0","0","0","0","3","0","0","0","0","0","0","0","0","0","0","0","0","0","0","0","0","0","0","0","0","0","0"
"0x7b03637b2a20","      UIADD3 UR15, UR15, 0x10000, URZ","2","0","2","65536","2097152","2097152","32","32","0","0","0","-","-","-","0","0","0","0","0","0","0","0","-","0","0","0","0","0","0","0","0","0","0","0","0","0","0","0","0","0","0","0","2","0","0","0","0","0","0","0","0","0","0","0","0","0","0","0","0","0","0","0","0","0","0"
"0x7b03637b2a30","      UIADD3 UR14, UR14, 0x1, URZ","7","2","7","65536","2097152","2097152","32","32","0","0","0","-","-","-","0","0","0","0","0","0","0","0","-","0","0","0","0","0","0","0","0","0","0","0","0","0","0","0","0","0","0","0","4","0","0","0","3","0","0","0","0","0","0","0","0","0","0","0","0","0","0","0","0","0","2"
"0x7b03637b2a40","      IMAD.X R10, RZ, RZ, R171, P2","9","2","9","65536","2097152","2097152","32","32","0","0","0","-","-","-","0","0","0","0","0","0","0","0","-","0","0","0","0","0","0","0","0","0","0","0","0","0","0","0","0","0","0","0","7","0","0","0","2","0","0","0","0","0","0","0","0","0","0","0","0","0","0","0","0","0","2"
"0x7b03637b2a50","      IADD3 R9, P2, R163, 0x38, RZ","2","0","2","65536","2097152","2097152","32","32","0","0","0","-","-","-","0","0","0","0","0","0","0","0","-","0","0","0","0","0","0","0","0","0","0","0","0","0","0","0","0","0","0","0","2","0","0","0","0","0","0","0","0","0","0","0","0","0","0","0","0","0","0","0","0","0","0"
"0x7b03637b2a60","      IMAD.X R8, RZ, RZ, R171, P2","22","17","22","65536","2097152","2097152","32","32","0","0","0","-","-","-","0","0","0","0","0","0","0","0","-","0","0","0","0","0","0","0","0","0","0","0","0","0","0","0","0","0","0","1","4","0","0","0","17","0","0","0","0","0","0","0","0","0","0","0","0","0","0","0","0","0","17"
"0x7b03637b2a70","      ISETP.GT.U32.AND P2, PT, R7, R160, PT","2","0","2","65536","2097152","2097152","32","32","0","0","0","-","-","-","0","0","0","0","0","0","0","0","-","0","0","0","0","0","0","0","0","0","0","0","0","0","0","0","0","0","0","0","2","0","0","0","0","0","0","0","0","0","0","0","0","0","0","0","0","0","0","0","0","0","0"
"0x7b03637b2a80","      ISETP.GT.AND.EX P2, PT, R6, R153, PT, P2","21","10","21","65536","2097152","2097152","32","32","0","0","0","-","-","-","0","0","0","0","0","0","0","0","-","0","0","0","0","0","0","0","0","0","0","0","0","0","3","0","0","0","0","2","4","0","0","0","12","0","0","0","0","0","0","0","1","0","0","0","0","0","0","0","0","0","9"
"0x7b03637b2a90","      WARPGROUP.ARRIVE","118","91","118","65536","2097152","2097152","32","32","0","0","0","-","-","-","0","0","0","0","0","0","0","0","-","0","0","0","0","0","0","0","0","0","0","0","0","115","0","0","0","0","0","0","3","0","0","0","0","0","0","0","0","0","0","91","0","0","0","0","0","0","0","0","0","0","0"
"0x7b03637b2aa0","      HGMMA.64x64x16.F32 R88, gdesc[UR8], RZ, !UPT","67","54","67","65536","2097152","2097152","32","32","0","0","0","Shared","Load","-","0","8","0","524288","524288","0","0","0","-","0","0","0","0","0","0","0","0","0","0","0","0","0","0","0","0","0","0","0","2","0","0","0","14","0","0","0","0","0","0","0","0","0","0","0","0","0","0","0","0","0","14"
"0x7b03637b2ab0","      UIADD3 UR8, UP1, UR8, 0x2, URZ","4","0","4","65536","2097152","2097152","32","32","0","0","0","-","-","-","0","0","0","0","0","0","0","0","-","0","0","0","0","0","0","0","0","0","0","0","0","0","0","0","0","0","0","0","4","0","0","0","0","0","0","0","0","0","0","0","0","0","0","0","0","0","0","0","0","0","0"
"0x7b03637b2ac0","      UIADD3 UR10, UP0, UR10, 0x2, URZ","13","5","13","65536","2097152","2097152","32","32","0","0","0","-","-","-","0","0","0","0","0","0","0","0","-","0","0","0","0","0","0","0","0","0","0","0","0","0","1","0","0","0","0","2","4","0","0","0","6","0","0","0","0","0","0","0","1","0","0","0","0","0","0","0","0","0","4"
"0x7b03637b2ad0","      UIADD3.X UR9, UR7, 0x40000040, URZ, UP1, !UPT","8","5","8","65536","2097152","2097152","32","32","0","0","0","-","-","-","0","0","0","0","0","0","0","0","-","0","0","0","0","0","0","0","0","0","0","0","0","0","2","0","0","0","0","1","1","0","0","0","4","0","0","0","0","0","0","0","2","0","0","0","0","0","0","0","0","0","3"
"0x7b03637b2ae0","      UIADD3.X UR11, UR6, 0x40000040, URZ, UP0, !UPT","29","13","29","65536","2097152","2097152","32","32","0","0","0","-","-","-","0","0","0","0","0","0","0","0","-","0","0","0","0","0","0","0","0","0","0","0","0","0","11","0","0","0","0","7","7","0","0","0","4","0","0","0","0","0","0","0","11","0","0","0","0","0","0","0","0","0","2"
"0x7b03637b2af0","      UIADD3 UR16, UP0, UR8, 0x2, URZ","8","3","8","65536","2097152","2097152","32","32","0","0","0","-","-","-","0","0","0","0","0","0","0","0","-","0","0","0","0","0","0","0","0","0","0","0","0","0","0","0","0","0","0","1","4","0","0","0","3","0","0","0","0","0","0","0","0","0","0","0","0","0","0","0","0","0","3"
"0x7b03637b2b00","      UIADD3.64 UR18, UR10, 0x2, URZ","9","5","9","65536","2097152","2097152","32","32","0","0","0","-","-","-","0","0","0","0","0","0","0","0","-","0","0","0","0","0","0","0","0","0","0","0","0","0","0","0","0","0","0","0","4","0","0","0","5","0","0","0","0","0","0","0","0","0","0","0","0","0","0","0","0","0","5"
"0x7b03637b2b10","      UIADD3.X UR17, UR9, URZ, URZ, UP0, !UPT","36","18","36","65536","2097152","2097152","32","32","0","0","0","-","-","-","0","0","0","0","0","0","0","0","-","0","0","0","0","0","0","0","0","0","0","0","0","0","15","0","0","0","0","11","7","0","0","0","3","0","0","0","0","0","0","0","15","0","0","0","0","0","0","0","0","0","3"
"0x7b03637b2b20","      USHF.R.U32.HI UR7, URZ, 0x4, UR15","13","7","13","65536","2097152","2097152","32","32","0","0","0","-","-","-","0","0","0","0","0","0","0","0","-","0","0","0","0","0","0","0","0","0","0","0","0","0","0","0","0","0","0","0","6","0","0","0","7","0","0","0","0","0","0","0","0","0","0","0","0","0","0","0","0","0","7"
"0x7b03637b2b30","      USGXT.U32 UR7, UR7, 0xe","16","7","16","65536","2097152","2097152","32","32","0","0","0","-","-","-","0","0","0","0","0","0","0","0","-","0","0","0","0","0","0","0","0","0","0","0","0","0","1","0","0","0","0","2","2","0","0","0","11","0","0","0","0","0","0","0","1","0","0","0","0","0","0","0","0","0","6"
"0x7b03637b2b40","      ULOP3.LUT UR6, UR7, 0x2000000, URZ, 0xfc, !UPT","19","9","19","65536","2097152","2097152","32","32","0","0","0","-","-","-","0","0","0","0","0","0","0","0","-","0","0","0","0","0","0","0","0","0","0","0","0","0","0","0","0","0","0","0","5","0","0","0","14","0","0","0","0","0","0","0","0","0","0","0","0","0","0","0","0","0","9"
"0x7b03637b2b50","      HGMMA.64x64x16.F32 R88, gdesc[UR8], R88","4","0","4","65536","2097152","2097152","32","32","0","0","0","Shared","Load","-","0","8","0","524288","524288","0","0","0","-","0","0","0","0","0","0","0","0","0","0","0","0","0","0","0","0","0","0","0","4","0","0","0","0","0","0","0","0","0","0","0","0","0","0","0","0","0","0","0","0","0","0"
"0x7b03637b2b60","      HGMMA.64x64x16.F32 R88, gdesc[UR16], R88","16","2","16","65536","2097152","2097152","32","32","0","0","0","Shared","Load","-","0","8","0","524288","524288","0","0","0","-","0","0","0","0","0","0","0","0","0","0","0","0","0","0","0","0","0","0","0","6","0","0","0","10","0","0","0","0","0","0","0","0","0","0","0","0","0","0","0","0","0","2"
"0x7b03637b2b70","      UIADD3 UR16, UP0, UR8, 0x4, URZ","3","0","3","65536","2097152","2097152","32","32","0","0","0","-","-","-","0","0","0","0","0","0","0","0","-","0","0","0","0","0","0","0","0","2","0","0","0","0","0","0","0","0","0","0","1","0","0","0","0","0","0","0","0","0","0","0","0","0","0","0","0","0","0","0","0","0","0"
"0x7b03637b2b80","      UIADD3.64 UR18, UR10, 0x4, URZ","29","10","29","65536","2097152","2097152","32","32","0","0","0","-","-","-","0","0","0","0","0","0","0","0","-","0","0","0","0","0","0","0","0","9","0","0","0","0","5","0","0","0","0","5","6","0","0","0","4","0","0","4","0","0","0","0","5","0","0","0","0","0","0","0","0","0","1"
"0x7b03637b2b90","      UIADD3.X UR17, UR9, URZ, URZ, UP0, !UPT","16","10","16","65536","2097152","2097152","32","32","0","0","0","-","-","-","0","0","0","0","0","0","0","0","-","0","0","0","0","0","0","0","0","2","0","0","0","0","0","0","0","0","0","0","6","0","0","0","8","0","0","2","0","0","0","0","0","0","0","0","0","0","0","0","0","0","8"
"0x7b03637b2ba0","      HGMMA.64x64x16.F32 R88, gdesc[UR16], R88","32","21","32","65536","2097152","2097152","32","32","0","0","0","Shared","Load","-","0","8","0","524288","524288","0","0","0","-","0","0","0","0","0","0","0","0","0","0","0","0","0","0","0","0","0","0","0","3","0","0","0","29","0","0","0","0","0","0","0","0","0","0","0","0","0","0","0","0","0","21"
"0x7b03637b2bb0","      UIADD3 UR16, UP0, UR8, 0x3fe, URZ","3","0","3","65536","2097152","2097152","32","32","0","0","0","-","-","-","0","0","0","0","0","0","0","0","-","0","0","0","0","0","0","0","0","0","0","0","0","0","0","0","0","0","0","0","3","0","0","0","0","0","0","0","0","0","0","0","0","0","0","0","0","0","0","0","0","0","0"
"0x7b03637b2bc0","      UIADD3.64 UR18, UR10, 0x1fe, URZ","9","4","9","65536","2097152","2097152","32","32","0","0","0","-","-","-","0","0","0","0","0","0","0","0","-","0","0","0","0","0","0","0","0","0","0","0","0","0","0","0","0","0","0","0","5","0","0","0","4","0","0","0","0","0","0","0","0","0","0","0","0","0","0","0","0","0","4"
"0x7b03637b2bd0","      UIADD3.X UR17, UR9, URZ, URZ, UP0, !UPT","24","10","24","65536","2097152","2097152","32","32","0","0","0","-","-","-","0","0","0","0","0","0","0","0","-","0","0","0","0","0","0","0","0","5","0","0","0","0","6","0","0","0","0","4","4","0","0","0","5","0","0","4","0","0","0","0","6","0","0","0","0","0","0","0","0","0","0"
"0x7b03637b2be0","      HGMMA.64x64x16.F32 R88, gdesc[UR16], R88","67","50","67","65536","2097152","2097152","32","32","0","0","0","Shared","Load","-","0","8","0","524288","524288","0","0","0","-","0","0","0","0","0","0","0","0","0","0","0","0","0","0","0","25","0","0","2","6","0","0","0","34","0","0","0","0","0","0","0","0","0","23","0","0","0","0","0","0","0","27"
"0x7b03637b2bf0","      UIADD3 UR16, UP0, UR8, 0x400, URZ","3","0","3","65536","2097152","2097152","32","32","0","0","0","-","-","-","0","0","0","0","0","0","0","0","-","0","0","0","0","0","0","0","0","0","0","0","0","0","0","0","0","0","0","0","3","0","0","0","0","0","0","0","0","0","0","0","0","0","0","0","0","0","0","0","0","0","0"
"0x7b03637b2c00","      UIADD3.64 UR18, UR10, 0x200, URZ","22","15","22","65536","2097152","2097152","32","32","0","0","0","-","-","-","0","0","0","0","0","0","0","0","-","0","0","0","0","0","0","0","0","5","0","0","0","0","9","0","0","0","0","5","1","0","0","0","2","0","0","5","0","0","0","0","9","0","0","0","0","0","0","0","0","0","1"
"0x7b03637b2c10","      UIADD3.X UR17, UR9, URZ, URZ, UP0, !UPT","14","7","14","65536","2097152","2097152","32","32","0","0","0","-","-","-","0","0","0","0","0","0","0","0","-","0","0","0","0","0","0","0","0","0","0","0","0","0","0","0","0","0","0","0","7","0","0","0","7","0","0","0","0","0","0","0","0","0","0","0","0","0","0","0","0","0","7"
"0x7b03637b2c20","      HGMMA.64x64x16.F32 R88, gdesc[UR16], R88","91","71","91","65536","2097152","2097152","32","32","0","0","0","Shared","Load","-","0","8","0","524288","524288","0","0","0","-","0","0","0","0","0","0","0","0","0","0","0","0","0","0","0","53","0","0","0","8","0","0","0","30","0","0","0","0","0","0","0","0","0","48","0","0","0","0","0","0","0","23"
"0x7b03637b2c30","      UIADD3 UR16, UP0, UR8, 0x402, URZ","6","0","6","65536","2097152","2097152","32","32","0","0","0","-","-","-","0","0","0","0","0","0","0","0","-","0","0","0","0","0","0","0","0","2","0","0","0","0","0","0","0","0","0","0","4","0","0","0","0","0","0","0","0","0","0","0","0","0","0","0","0","0","0","0","0","0","0"
"0x7b03637b2c40","      UIADD3.64 UR18, UR10, 0x202, URZ","8","4","8","65536","2097152","2097152","32","32","0","0","0","-","-","-","0","0","0","0","0","0","0","0","-","0","0","0","0","0","0","0","0","0","0","0","0","0","0","0","0","0","0","0","4","0","0","0","4","0","0","0","0","0","0","0","0","0","0","0","0","0","0","0","0","0","4"
"0x7b03637b2c50","      UIADD3.X UR17, UR9, URZ, URZ, UP0, !UPT","29","14","29","65536","2097152","2097152","32","32","0","0","0","-","-","-","0","0","0","0","0","0","0","0","-","0","0","0","0","0","0","0","0","0","0","0","0","0","11","0","0","0","0","8","6","0","0","0","4","0","0","0","0","0","0","0","11","0","0","0","0","0","0","0","0","0","3"
"0x7b03637b2c60","      UIADD3 UR8, UP0, UR8, 0x404, URZ","11","4","11","65536","2097152","2097152","32","32","0","0","0","-","-","-","0","0","0","0","0","0","0","0","-","0","0","0","0","0","0","0","0","0","0","0","0","0","0","0","0","0","0","0","5","0","0","0","6","0","0","0","0","0","0","0","0","0","0","0","0","0","0","0","0","0","4"
"0x7b03637b2c70","      UIADD3.64 UR10, UR10, 0x204, URZ","8","4","8","65536","2097152","2097152","32","32","0","0","0","-","-","-","0","0","0","0","0","0","0","0","-","0","0","0","0","0","0","0","0","0","0","0","0","0","0","0","0","0","0","0","4","0","0","0","4","0","0","0","0","0","0","0","0","0","0","0","0","0","0","0","0","0","4"
"0x7b03637b2c80","      UIADD3.X UR9, UR9, URZ, URZ, UP0, !UPT","9","6","9","65536","2097152","2097152","32","32","0","0","0","-","-","-","0","0","0","0","0","0","0","0","-","0","0","0","0","0","0","0","0","1","0","0","0","0","0","0","0","0","0","0","3","0","0","0","5","0","0","1","0","0","0","0","0","0","0","0","0","0","0","0","0","0","5"
"0x7b03637b2c90","      HGMMA.64x64x16.F32 R88, gdesc[UR16], R88","76","59","76","65536","2097152","2097152","32","32","0","0","0","Shared","Load","-","0","8","0","524288","524288","0","0","0","-","0","0","0","0","0","0","0","0","0","0","0","0","0","0","0","63","0","0","4","4","0","0","0","5","0","0","0","0","0","0","0","0","0","57","0","0","0","0","0","0","0","2"
"0x7b03637b2ca0","      HGMMA.64x64x16.F32 R88, gdesc[UR8], R88, gsb0","72","46","72","65536","2097152","2097152","32","32","0","0","0","Shared","Load","-","0","8","0","524288","524288","0","0","0","-","0","0","0","0","0","0","0","0","0","0","0","0","0","0","0","40","0","0","1","7","0","0","0","24","0","0","0","0","0","0","0","0","0","37","0","0","0","0","0","0","0","9"
"0x7b03637b2cb0","      UMOV UR10, UR6","4","0","4","65536","2097152","2097152","32","32","0","0","0","-","-","-","0","0","0","0","0","0","0","0","-","0","0","0","0","0","0","0","0","0","0","0","0","0","0","0","0","0","0","0","4","0","0","0","0","0","0","0","0","0","0","0","0","0","0","0","0","0","0","0","0","0","0"
"0x7b03637b2cc0","      UMOV UR11, 0x40000040","2","0","2","65536","2097152","2097152","32","32","0","0","0","-","-","-","0","0","0","0","0","0","0","0","-","0","0","0","0","0","0","0","0","0","0","0","0","0","0","0","0","0","0","0","2","0","0","0","0","0","0","0","0","0","0","0","0","0","0","0","0","0","0","0","0","0","0"
"0x7b03637b2cd0","      UIADD3 UR8, UP0, UR7, 0x2000080, URZ","4","0","4","65536","2097152","2097152","32","32","0","0","0","-","-","-","0","0","0","0","0","0","0","0","-","0","0","0","0","0","0","0","0","0","0","0","0","0","0","0","0","0","0","0","4","0","0","0","0","0","0","0","0","0","0","0","0","0","0","0","0","0","0","0","0","0","0"
"0x7b03637b2ce0","      UMOV UR6, URZ","4","0","4","65536","2097152","2097152","32","32","0","0","0","-","-","-","0","0","0","0","0","0","0","0","-","0","0","0","0","0","0","0","0","0","0","0","0","0","0","0","0","0","0","0","4","0","0","0","0","0","0","0","0","0","0","0","0","0","0","0","0","0","0","0","0","0","0"
"0x7b03637b2cf0","      UIADD3.X UR9, UR6, 0x40000040, URZ, UP0, !UPT","26","4","26","65536","2097152","2097152","32","32","0","0","0","-","-","-","0","0","0","0","0","0","0","0","-","0","0","0","0","0","0","0","0","2","0","0","0","0","0","0","0","0","0","0","7","0","0","0","17","0","0","2","0","0","0","0","0","0","0","0","0","0","0","0","0","0","2"
"0x7b03637b2d00","      UISETP.GT.AND UP0, UPT, UR14, 0x3, UPT","7","3","7","65536","2097152","2097152","32","32","0","0","0","-","-","-","0","0","0","0","0","0","0","0","-","0","0","0","0","0","0","0","0","0","0","0","0","0","0","0","0","0","0","0","4","0","0","0","3","0","0","0","0","0","0","0","0","0","0","0","0","0","0","0","0","0","3"
"0x7b03637b2d10","      UMOV UR6, UR8","6","0","6","65536","2097152","2097152","32","32","0","0","0","-","-","-","0","0","0","0","0","0","0","0","-","0","0","0","0","0","0","0","0","0","0","0","0","0","0","0","0","0","0","0","6","0","0","0","0","0","0","0","0","0","0","0","0","0","0","0","0","0","0","0","0","0","0"
"0x7b03637b2d20","      USEL UR14, UR14, URZ, !UP0","21","6","21","65536","2097152","2097152","32","32","0","0","0","-","-","-","0","0","0","0","0","0","0","0","-","0","0","0","0","0","0","0","0","2","0","0","0","0","2","0","0","0","0","3","6","0","0","0","8","0","0","0","0","0","0","0","0","0","0","0","0","0","0","0","0","0","6"
"0x7b03637b2d30","      UMOV UR7, UR9","5","0","5","65536","2097152","2097152","32","32","0","0","0","-","-","-","0","0","0","0","0","0","0","0","-","0","0","0","0","0","0","0","0","1","0","0","0","0","0","0","0","0","0","0","4","0","0","0","0","0","0","0","0","0","0","0","0","0","0","0","0","0","0","0","0","0","0"
"0x7b03637b2d40","      WARPGROUP.DEPBAR.LE gsb0, 0x0","1414","1338","1414","65536","2097152","2097152","32","32","0","0","0","-","-","-","0","0","0","0","0","0","0","0","-","0","0","0","0","0","0","1407","0","0","0","0","0","0","0","0","0","0","0","1","6","0","0","0","0","1338","0","0","0","0","0","0","0","0","0","0","0","0","0","0","0","0","0"
"0x7b03637b2d50","      FSEL R120, R93, -INF , !P2","6","1","6","65536","2097152","2097152","32","32","0","0","0","-","-","-","0","0","0","0","0","0","0","0","-","0","0","0","0","0","0","0","0","0","0","0","0","0","0","0","0","0","0","0","3","0","0","0","3","0","0","0","0","0","0","0","0","0","0","0","0","0","0","0","0","0","1"
"0x7b03637b2d60","      ISETP.GT.U32.AND P2, PT, R7, R156, PT","10","7","10","65536","2097152","2097152","32","32","0","0","0","-","-","-","0","0","0","0","0","0","0","0","-","0","0","0","0","0","0","0","0","0","0","0","0","0","0","0","0","0","0","0","3","0","0","0","7","0","0","0","0","0","0","0","0","0","0","0","0","0","0","0","0","0","7"
"0x7b03637b2d70","      LOP3.LUT R7, R163, 0x21, RZ, 0xfc, !PT","5","5","5","65536","2097152","2097152","32","32","0","0","0","-","-","-","0","0","0","0","0","0","0","0","-","0","0","0","0","0","0","0","0","0","0","0","0","0","0","0","0","0","0","0","0","0","0","0","5","0","0","0","0","0","0","0","0","0","0","0","0","0","0","0","0","0","5"
"0x7b03637b2d80","      ISETP.GT.AND.EX P2, PT, R6, R152, PT, P2","6","2","6","65536","2097152","2097152","32","32","0","0","0","-","-","-","0","0","0","0","0","0","0","0","-","0","0","0","0","0","0","0","0","0","0","0","0","0","0","0","0","0","0","0","4","0","0","0","2","0","0","0","0","0","0","0","0","0","0","0","0","0","0","0","0","0","2"
"0x7b03637b2d90","      LOP3.LUT R127, R163, 0x20, RZ, 0xfc, !PT","9","7","9","65536","2097152","2097152","32","32","0","0","0","-","-","-","0","0","0","0","0","0","0","0","-","0","0","0","0","0","0","0","0","0","0","0","0","0","0","0","0","0","0","0","2","0","0","0","7","0","0","0","0","0","0","0","0","0","0","0","0","0","0","0","0","0","7"
"0x7b03637b2da0","      FSEL R121, R95, -INF , !P2","18","9","18","65536","2097152","2097152","32","32","0","0","0","-","-","-","0","0","0","0","0","0","0","0","-","0","0","0","0","0","0","0","0","0","0","0","0","0","0","0","0","0","0","0","9","0","0","0","9","0","0","0","0","0","0","0","0","0","0","0","0","0","0","0","0","0","9"
"0x7b03637b2db0","      ISETP.GT.U32.AND P2, PT, R7, R160, PT","10","4","10","65536","2097152","2097152","32","32","0","0","0","-","-","-","0","0","0","0","0","0","0","0","-","0","0","0","0","0","0","0","0","0","0","0","0","0","0","0","0","0","0","0","3","0","0","0","7","0","0","0","0","0","0","0","0","0","0","0","0","0","0","0","0","0","4"
"0x7b03637b2dc0","      LOP3.LUT R125, R163, 0x10, RZ, 0xfc, !PT","9","2","9","65536","2097152","2097152","32","32","0","0","0","-","-","-","0","0","0","0","0","0","0","0","-","0","0","0","0","0","0","0","0","0","0","0","0","0","0","0","0","0","0","0","6","0","0","0","3","0","0","0","0","0","0","0","0","0","0","0","0","0","0","0","0","0","2"
"0x7b03637b2dd0","      ISETP.GT.AND.EX P2, PT, R171, R153, PT, P2","12","5","12","65536","2097152","2097152","32","32","0","0","0","-","-","-","0","0","0","0","0","0","0","0","-","0","0","0","0","0","0","0","0","0","0","0","0","0","0","0","0","0","0","0","3","0","0","0","9","0","0","0","0","0","0","0","0","0","0","0","0","0","0","0","0","0","5"
"0x7b03637b2de0","      FSEL R95, R105, -INF , !P2","19","11","19","65536","2097152","2097152","32","32","0","0","0","-","-","-","0","0","0","0","0","0","0","0","-","0","0","0","0","0","0","0","0","0","0","0","0","0","1","0","0","0","0","1","3","0","0","0","14","0","0","0","0","0","0","0","1","0","0","0","0","0","0","0","0","0","10"
"0x7b03637b2df0","      ISETP.GT.U32.AND P2, PT, R7, R156, PT","11","5","11","65536","2097152","2097152","32","32","0","0","0","-","-","-","0","0","0","0","0","0","0","0","-","0","0","0","0","0","0","0","0","0","0","0","0","0","0","0","0","0","0","0","4","0","0","0","7","0","0","0","0","0","0","0","0","0","0","0","0","0","0","0","0","0","5"
"0x7b03637b2e00","      LOP3.LUT R7, R163, 0x28, RZ, 0xfc, !PT","7","3","7","65536","2097152","2097152","32","32","0","0","0","-","-","-","0","0","0","0","0","0","0","0","-","0","0","0","0","0","0","0","0","0","0","0","0","0","0","0","0","0","0","0","4","0","0","0","3","0","0","0","0","0","0","0","0","0","0","0","0","0","0","0","0","0","3"
"0x7b03637b2e10","      ISETP.GT.AND.EX P2, PT, R171, R152, PT, P2","10","6","10","65536","2097152","2097152","32","32","0","0","0","-","-","-","0","0","0","0","0","0","0","0","-","0","0","0","0","0","0","0","0","0","0","0","0","0","0","0","0","0","0","0","4","0","0","0","6","0","0","0","0","0","0","0","0","0","0","0","0","0","0","0","0","0","6"
"0x7b03637b2e20","      FSEL R122, R107, -INF , !P2","32","16","32","65536","2097152","2097152","32","32","0","0","0","-","-","-","0","0","0","0","0","0","0","0","-","0","0","0","0","0","0","0","0","0","0","0","0","0","10","0","0","0","0","6","4","0","0","0","12","0","0","0","0","0","0","0","10","0","0","0","0","0","0","0","0","0","6"
"0x7b03637b2e30","      ISETP.GT.U32.AND P2, PT, R7, R160, PT","8","3","8","65536","2097152","2097152","32","32","0","0","0","-","-","-","0","0","0","0","0","0","0","0","-","0","0","0","0","0","0","0","0","0","0","0","0","0","0","0","0","0","0","0","5","0","0","0","3","0","0","0","0","0","0","0","0","0","0","0","0","0","0","0","0","0","3"
"0x7b03637b2e40","      ISETP.GT.AND.EX P2, PT, R171, R153, PT, P2","26","17","26","65536","2097152","2097152","32","32","0","0","0","-","-","-","0","0","0","0","0","0","0","0","-","0","0","0","0","0","0","0","0","0","0","0","0","0","7","0","0","0","0","4","0","0","0","0","15","0","0","0","0","0","0","0","7","0","0","0","0","0","0","0","0","0","10"
"0x7b03637b2e50","      FSEL R123, R108, -INF , !P2","15","11","15","65536","2097152","2097152","32","32","0","0","0","-","-","-","0","0","0","0","0","0","0","0","-","0","0","0","0","0","0","0","0","0","0","0","0","0","3","0","0","0","0","0","1","0","0","0","11","0","0","0","0","0","0","0","3","0","0","0","0","0","0","0","0","0","8"
"0x7b03637b2e60","      ISETP.GT.U32.AND P2, PT, R7, R156, PT","7","1","7","65536","2097152","2097152","32","32","0","0","0","-","-","-","0","0","0","0","0","0","0","0","-","0","0","0","0","0","0","0","0","0","0","0","0","0","0","0","0","0","0","0","6","0","0","0","1","0","0","0","0","0","0","0","0","0","0","0","0","0","0","0","0","0","1"
"0x7b03637b2e70","      LOP3.LUT R7, R163, 0x29, RZ, 0xfc, !PT","8","2","8","65536","2097152","2097152","32","32","0","0","0","-","-","-","0","0","0","0","0","0","0","0","-","0","0","0","0","0","0","0","0","0","0","0","0","0","0","0","0","0","0","0","6","0","0","0","2","0","0","0","0","0","0","0","0","0","0","0","0","0","0","0","0","0","2"
"0x7b03637b2e80","      ISETP.GT.AND.EX P2, PT, R171, R152, PT, P2","5","1","5","65536","2097152","2097152","32","32","0","0","0","-","-","-","0","0","0","0","0","0","0","0","-","0","0","0","0","0","0","0","0","0","0","0","0","0","0","0","0","0","0","0","4","0","0","0","1","0","0","0","0","0","0","0","0","0","0","0","0","0","0","0","0","0","1"
"0x7b03637b2e90","      FSEL R124, R110, -INF , !P2","25","11","25","65536","2097152","2097152","32","32","0","0","0","-","-","-","0","0","0","0","0","0","0","0","-","0","0","0","0","0","0","0","0","0","0","0","0","0","1","0","0","0","0","1","9","0","0","0","14","0","0","0","0","0","0","0","1","0","0","0","0","0","0","0","0","0","10"
"0x7b03637b2ea0","      ISETP.GT.U32.AND P2, PT, R7, R160, PT","10","4","10","65536","2097152","2097152","32","32","0","0","0","-","-","-","0","0","0","0","0","0","0","0","-","0","0","0","0","0","0","0","0","0","0","0","0","0","0","0","0","0","0","0","4","0","0","0","6","0","0","0","0","0","0","0","0","0","0","0","0","0","0","0","0","0","4"
"0x7b03637b2eb0","      ISETP.GT.AND.EX P2, PT, R171, R153, PT, P2","52","28","52","65536","2097152","2097152","32","32","0","0","0","-","-","-","0","0","0","0","0","0","0","0","-","0","0","0","0","0","0","0","0","0","0","0","0","0","20","0","0","0","0","19","3","0","0","0","10","0","0","0","0","0","0","0","20","0","0","0","0","0","0","0","0","0","8"
"0x7b03637b2ec0","      FSEL R110, R109, -INF , !P2","35","18","35","65536","2097152","2097152","32","32","0","0","0","-","-","-","0","0","0","0","0","0","0","0","-","0","0","0","0","0","0","0","0","0","0","0","0","0","9","0","0","0","0","4","7","0","0","0","15","0","0","0","0","0","0","0","9","0","0","0","0","0","0","0","0","0","9"
"0x7b03637b2ed0","      ISETP.GT.U32.AND P2, PT, R7, R156, PT","10","5","10","65536","2097152","2097152","32","32","0","0","0","-","-","-","0","0","0","0","0","0","0","0","-","0","0","0","0","0","0","0","0","0","0","0","0","0","0","0","0","0","0","0","5","0","0","0","5","0","0","0","0","0","0","0","0","0","0","0","0","0","0","0","0","0","5"
"0x7b03637b2ee0","      LOP3.LUT R7, R163, 0x11, RZ, 0xfc, !PT","8","3","8","65536","2097152","2097152","32","32","0","0","0","-","-","-","0","0","0","0","0","0","0","0","-","0","0","0","0","0","0","0","0","0","0","0","0","0","0","0","0","0","0","0","5","0","0","0","3","0","0","0","0","0","0","0","0","0","0","0","0","0","0","0","0","0","3"
"0x7b03637b2ef0","      ISETP.GT.AND.EX P2, PT, R171, R152, PT, P2","9","8","9","65536","2097152","2097152","32","32","0","0","0","-","-","-","0","0","0","0","0","0","0","0","-","0","0","0","0","0","0","0","0","0","0","0","0","0","0","0","0","0","0","0","1","0","0","0","8","0","0","0","0","0","0","0","0","0","0","0","0","0","0","0","0","0","8"
"0x7b03637b2f00","      FSEL R111, R111, -INF , !P2","20","9","20","65536","2097152","2097152","32","32","0","0","0","-","-","-","0","0","0","0","0","0","0","0","-","0","0","0","0","0","0","0","0","0","0","0","0","0","0","0","0","0","0","2","4","0","0","0","14","0","0","0","0","0","0","0","0","0","0","0","0","0","0","0","0","0","9"
"0x7b03637b2f10","      ISETP.GT.U32.AND P2, PT, R127, R156, PT","11","6","11","65536","2097152","2097152","32","32","0","0","0","-","-","-","0","0","0","0","0","0","0","0","-","0","0","0","0","0","0","0","0","0","0","0","0","0","0","0","0","0","0","0","5","0","0","0","6","0","0","0","0","0","0","0","0","0","0","0","0","0","0","0","0","0","6"
"0x7b03637b2f20","      ISETP.GT.AND.EX P2, PT, R171, R152, PT, P2","31","14","31","65536","2097152","2097152","32","32","0","0","0","-","-","-","0","0","0","0","0","0","0","0","-","0","0","0","0","0","0","0","0","0","0","0","0","0","9","0","0","0","0","8","4","0","0","0","10","0","0","0","0","0","0","0","9","0","0","0","0","0","0","0","0","0","5"
"0x7b03637b2f30","      FSEL R109, R106, -INF , !P2","23","16","23","65536","2097152","2097152","32","32","0","0","0","-","-","-","0","0","0","0","0","0","0","0","-","0","0","0","0","0","0","0","0","0","0","0","0","0","2","0","0","0","0","4","0","0","0","0","17","0","0","0","0","0","0","0","2","0","0","0","0","0","0","0","0","0","14"
"0x7b03637b2f40","      ISETP.GT.U32.AND P2, PT, R127, R160, PT","13","9","13","65536","2097152","2097152","32","32","0","0","0","-","-","-","0","0","0","0","0","0","0","0","-","0","0","0","0","0","0","0","0","0","0","0","0","0","0","0","0","0","0","0","4","0","0","0","9","0","0","0","0","0","0","0","0","0","0","0","0","0","0","0","0","0","9"
"0x7b03637b2f50","      ISETP.GT.AND.EX P2, PT, R171, R153, PT, P2","15","5","15","65536","2097152","2097152","32","32","0","0","0","-","-","-","0","0","0","0","0","0","0","0","-","0","0","0","0","0","0","0","0","0","0","0","0","0","1","0","0","0","0","2","7","0","0","0","5","0","0","0","0","0","0","0","1","0","0","0","0","0","0","0","0","0","4"
"0x7b03637b2f60","      FSEL R93, R104, -INF , !P2","33","14","33","65536","2097152","2097152","32","32","0","0","0","-","-","-","0","0","0","0","0","0","0","0","-","0","0","0","0","0","0","0","0","0","0","0","0","0","3","0","0","0","0","3","7","0","0","0","20","0","0","0","0","0","0","0","3","0","0","0","0","0","0","0","0","0","11"
"0x7b03637b2f70","      ISETP.GT.U32.AND P2, PT, R7, R160, PT","6","2","6","65536","2097152","2097152","32","32","0","0","0","-","-","-","0","0","0","0","0","0","0","0","-","0","0","0","0","0","0","0","0","0","0","0","0","0","0","0","0","0","0","0","4","0","0","0","2","0","0","0","0","0","0","0","0","0","0","0","0","0","0","0","0","0","2"
"0x7b03637b2f80","      ISETP.GT.AND.EX P2, PT, R171, R153, PT, P2","31","12","31","65536","2097152","2097152","32","32","0","0","0","-","-","-","0","0","0","0","0","0","0","0","-","0","0","0","0","0","0","0","0","0","0","0","0","0","6","0","0","0","0","9","5","0","0","0","11","0","0","0","0","0","0","0","6","0","0","0","0","0","0","0","0","0","6"
"0x7b03637b2f90","      FSEL R104, R97, -INF , !P2","19","4","19","65536","2097152","2097152","32","32","0","0","0","-","-","-","0","0","0","0","0","0","0","0","-","0","0","0","0","0","0","0","0","0","0","0","0","0","1","0","0","0","0","3","7","0","0","0","8","0","0","0","0","0","0","0","1","0","0","0","0","0","0","0","0","0","3"
"0x7b03637b2fa0","      ISETP.GT.U32.AND P2, PT, R7, R156, PT","6","3","6","65536","2097152","2097152","32","32","0","0","0","-","-","-","0","0","0","0","0","0","0","0","-","0","0","0","0","0","0","0","0","0","0","0","0","0","0","0","0","0","0","0","3","0","0","0","3","0","0","0","0","0","0","0","0","0","0","0","0","0","0","0","0","0","3"
"0x7b03637b2fb0","      LOP3.LUT R7, R163, 0x18, RZ, 0xfc, !PT","13","8","13","65536","2097152","2097152","32","32","0","0","0","-","-","-","0","0","0","0","0","0","0","0","-","0","0","0","0","0","0","0","0","0","0","0","0","0","0","0","0","0","0","0","5","0","0","0","8","0","0","0","0","0","0","0","0","0","0","0","0","0","0","0","0","0","8"
"0x7b03637b2fc0","      ISETP.GT.AND.EX P2, PT, R171, R152, PT, P2","9","6","9","65536","2097152","2097152","32","32","0","0","0","-","-","-","0","0","0","0","0","0","0","0","-","0","0","0","0","0","0","0","0","0","0","0","0","0","0","0","0","0","0","0","3","0","0","0","6","0","0","0","0","0","0","0","0","0","0","0","0","0","0","0","0","0","6"
"0x7b03637b2fd0","      FSEL R105, R99, -INF , !P2","16","10","16","65536","2097152","2097152","32","32","0","0","0","-","-","-","0","0","0","0","0","0","0","0","-","0","0","0","0","0","0","0","0","0","0","0","0","0","0","0","0","0","0","1","3","0","0","0","12","0","0","0","0","0","0","0","0","0","0","0","0","0","0","0","0","0","10"
"0x7b03637b2fe0","      ISETP.GT.U32.AND P2, PT, R7, R160, PT","4","3","4","65536","2097152","2097152","32","32","0","0","0","-","-","-","0","0","0","0","0","0","0","0","-","0","0","0","0","0","0","0","0","0","0","0","0","0","0","0","0","0","0","0","1","0","0","0","3","0","0","0","0","0","0","0","0","0","0","0","0","0","0","0","0","0","3"
"0x7b03637b2ff0","      ISETP.GT.AND.EX P2, PT, R171, R153, PT, P2","32","15","32","65536","2097152","2097152","32","32","0","0","0","-","-","-","0","0","0","0","0","0","0","0","-","0","0","0","0","0","0","0","0","0","0","0","0","0","4","0","0","0","0","7","7","0","0","0","14","0","0","0","0","0","0","0","4","0","0","0","0","0","0","0","0","0","11"
"0x7b03637b3000","      FSEL R106, R100, -INF , !P2","18","9","18","65536","2097152","2097152","32","32","0","0","0","-","-","-","0","0","0","0","0","0","0","0","-","0","0","0","0","0","0","0","0","0","0","0","0","0","2","0","0","0","0","4","3","0","0","0","9","0","0","0","0","0","0","0","2","0","0","0","0","0","0","0","0","0","7"
"0x7b03637b3010","      ISETP.GT.U32.AND P2, PT, R7, R156, PT","10","6","10","65536","2097152","2097152","32","32","0","0","0","-","-","-","0","0","0","0","0","0","0","0","-","0","0","0","0","0","0","0","0","0","0","0","0","0","0","0","0","0","0","0","4","0","0","0","6","0","0","0","0","0","0","0","0","0","0","0","0","0","0","0","0","0","6"
"0x7b03637b3020","      LOP3.LUT R7, R163, 0x19, RZ, 0xfc, !PT","11","5","11","65536","2097152","2097152","32","32","0","0","0","-","-","-","0","0","0","0","0","0","0","0","-","0","0","0","0","0","0","0","0","0","0","0","0","0","0","0","0","0","0","0","6","0","0","0","5","0","0","0","0","0","0","0","0","0","0","0","0","0","0","0","0","0","5"
"0x7b03637b3030","      ISETP.GT.AND.EX P2, PT, R171, R152, PT, P2","5","2","5","65536","2097152","2097152","32","32","0","0","0","-","-","-","0","0","0","0","0","0","0","0","-","0","0","0","0","0","0","0","0","0","0","0","0","0","0","0","0","0","0","0","3","0","0","0","2","0","0","0","0","0","0","0","0","0","0","0","0","0","0","0","0","0","2"
"0x7b03637b3040","      FSEL R108, R102, -INF , !P2","13","9","13","65536","2097152","2097152","32","32","0","0","0","-","-","-","0","0","0","0","0","0","0","0","-","0","0","0","0","0","0","0","0","0","0","0","0","0","2","0","0","0","0","0","3","0","0","0","8","0","0","0","0","0","0","0","2","0","0","0","0","0","0","0","0","0","7"
"0x7b03637b3050","      ISETP.GT.U32.AND P2, PT, R7, R160, PT","8","5","8","65536","2097152","2097152","32","32","0","0","0","-","-","-","0","0","0","0","0","0","0","0","-","0","0","0","0","0","0","0","0","0","0","0","0","0","0","0","0","0","0","0","3","0","0","0","5","0","0","0","0","0","0","0","0","0","0","0","0","0","0","0","0","0","5"
"0x7b03637b3060","      ISETP.GT.AND.EX P2, PT, R171, R153, PT, P2","30","10","30","65536","2097152","2097152","32","32","0","0","0","-","-","-","0","0","0","0","0","0","0","0","-","0","0","0","0","0","0","0","0","0","0","0","0","0","4","0","0","0","0","10","6","0","0","0","10","0","0","0","0","0","0","0","4","0","0","0","0","0","0","0","0","0","6"
"0x7b03637b3070","      FSEL R107, R101, -INF , !P2","26","17","26","65536","2097152","2097152","32","32","0","0","0","-","-","-","0","0","0","0","0","0","0","0","-","0","0","0","0","0","0","0","0","0","0","0","0","0","3","0","0","0","0","0","4","0","0","0","19","0","0","0","0","0","0","0","3","0","0","0","0","0","0","0","0","0","14"
"0x7b03637b3080","      ISETP.GT.U32.AND P2, PT, R7, R156, PT","9","4","9","65536","2097152","2097152","32","32","0","0","0","-","-","-","0","0","0","0","0","0","0","0","-","0","0","0","0","0","0","0","0","0","0","0","0","0","0","0","0","0","0","0","5","0","0","0","4","0","0","0","0","0","0","0","0","0","0","0","0","0","0","0","0","0","4"
"0x7b03637b3090","      ISETP.GT.AND.EX P2, PT, R171, R152, PT, P2","12","7","12","65536","2097152","2097152","32","32","0","0","0","-","-","-","0","0","0","0","0","0","0","0","-","0","0","0","0","0","0","0","0","0","0","0","0","0","3","0","0","0","0","1","2","0","0","0","6","0","0","0","0","0","0","0","3","0","0","0","0","0","0","0","0","0","4"
"0x7b03637b30a0","      FSEL R103, R103, -INF , !P2","24","11","24","65536","2097152","2097152","32","32","0","0","0","-","-","-","0","0","0","0","0","0","0","0","-","0","0","0","0","0","0","0","0","0","0","0","0","0","0","0","0","0","0","2","6","0","0","0","16","0","0","0","0","0","0","0","0","0","0","0","0","0","0","0","0","0","11"
"0x7b03637b30b0","      ISETP.GT.U32.AND P2, PT, R125, R160, PT","7","5","7","65536","2097152","2097152","32","32","0","0","0","-","-","-","0","0","0","0","0","0","0","0","-","0","0","0","0","0","0","0","0","0","0","0","0","0","0","0","0","0","0","0","2","0","0","0","5","0","0","0","0","0","0","0","0","0","0","0","0","0","0","0","0","0","5"
"0x7b03637b30c0","      ISETP.GT.AND.EX P2, PT, R171, R153, PT, P2","24","11","24","65536","2097152","2097152","32","32","0","0","0","-","-","-","0","0","0","0","0","0","0","0","-","0","0","0","0","0","0","0","0","0","0","0","0","0","3","0","0","0","0","7","4","0","0","0","10","0","0","0","0","0","0","0","3","0","0","0","0","0","0","0","0","0","8"
"0x7b03637b30d0","      FSEL R100, R96, -INF , !P2","28","15","28","65536","2097152","2097152","32","32","0","0","0","-","-","-","0","0","0","0","0","0","0","0","-","0","0","0","0","0","0","0","0","0","0","0","0","0","3","0","0","0","0","5","1","0","0","0","19","0","0","0","0","0","0","0","3","0","0","0","0","0","0","0","0","0","12"
"0x7b03637b30e0","      ISETP.GT.U32.AND P2, PT, R125, R156, PT","11","2","11","65536","2097152","2097152","32","32","0","0","0","-","-","-","0","0","0","0","0","0","0","0","-","0","0","0","0","0","0","0","0","0","0","0","0","0","0","0","0","0","0","0","9","0","0","0","2","0","0","0","0","0","0","0","0","0","0","0","0","0","0","0","0","0","2"
"0x7b03637b30f0","      ISETP.GT.AND.EX P2, PT, R171, R152, PT, P2","23","13","23","65536","2097152","2097152","32","32","0","0","0","-","-","-","0","0","0","0","0","0","0","0","-","0","0","0","0","0","0","0","0","0","0","0","0","0","2","0","0","0","0","1","7","0","0","0","13","0","0","0","0","0","0","0","2","0","0","0","0","0","0","0","0","0","11"
"0x7b03637b3100","      FSEL R102, R98, -INF , !P2","21","9","21","65536","2097152","2097152","32","32","0","0","0","-","-","-","0","0","0","0","0","0","0","0","-","0","0","0","0","0","0","0","0","0","0","0","0","0","1","0","0","0","0","5","2","0","0","0","13","0","0","0","0","0","0","0","0","0","0","0","0","0","0","0","0","0","9"
"0x7b03637b3110","      IADD3 R7, P2, R163, 0x39, RZ","7","4","7","65536","2097152","2097152","32","32","0","0","0","-","-","-","0","0","0","0","0","0","0","0","-","0","0","0","0","0","0","0","0","0","0","0","0","0","0","0","0","0","0","0","3","0","0","0","4","0","0","0","0","0","0","0","0","0","0","0","0","0","0","0","0","0","4"
"0x7b03637b3120","      IMAD.X R6, RZ, RZ, R171, P2","19","13","19","65536","2097152","2097152","32","32","0","0","0","-","-","-","0","0","0","0","0","0","0","0","-","0","0","0","0","0","0","0","0","0","0","0","0","0","0","0","0","0","0","0","4","0","0","0","15","0","0","0","0","0","0","0","0","0","0","0","0","0","0","0","0","0","13"
"0x7b03637b3130","      ISETP.GT.U32.AND P2, PT, R13, R160, PT","3","0","3","65536","2097152","2097152","32","32","0","0","0","-","-","-","0","0","0","0","0","0","0","0","-","0","0","0","0","0","0","0","0","0","0","0","0","0","0","0","0","0","0","0","3","0","0","0","0","0","0","0","0","0","0","0","0","0","0","0","0","0","0","0","0","0","0"
"0x7b03637b3140","      IMAD R13, R158, R140, R147","3","0","3","65536","2097152","2097152","32","32","0","0","0","-","-","-","0","0","0","0","0","0","0","0","-","0","0","0","0","0","0","0","0","0","0","0","0","0","0","0","0","0","0","0","3","0","0","0","0","0","0","0","0","0","0","0","0","0","0","0","0","0","0","0","0","0","0"
"0x7b03637b3150","      ISETP.GT.AND.EX P2, PT, R12, R153, PT, P2","16","8","16","65536","2097152","2097152","32","32","0","0","0","-","-","-","0","0","0","0","0","0","0","0","-","0","0","0","0","0","0","0","0","0","0","0","0","0","4","0","0","0","0","2","4","0","0","0","6","0","0","0","0","0","0","0","4","0","0","0","0","0","0","0","0","0","4"
"0x7b03637b3160","      FSEL R99, R92, -INF , !P2","22","9","22","65536","2097152","2097152","32","32","0","0","0","-","-","-","0","0","0","0","0","0","0","0","-","0","0","0","0","0","0","0","0","0","0","0","0","0","1","0","0","0","0","2","6","0","0","0","13","0","0","0","0","0","0","0","0","0","0","0","0","0","0","0","0","0","9"
"0x7b03637b3170","      ISETP.GE.U32.AND P2, PT, R163, R160, PT","4","3","4","65536","2097152","2097152","32","32","0","0","0","-","-","-","0","0","0","0","0","0","0","0","-","0","0","0","0","0","0","0","0","0","0","0","0","0","0","0","0","0","0","0","1","0","0","0","3","0","0","0","0","0","0","0","0","0","0","0","0","0","0","0","0","0","3"
"0x7b03637b3180","      ISETP.GE.AND.EX P2, PT, R171, R153, PT, P2","25","6","25","65536","2097152","2097152","32","32","0","0","0","-","-","-","0","0","0","0","0","0","0","0","-","0","0","0","0","0","0","0","0","0","0","0","0","0","2","0","0","0","0","11","1","0","0","0","11","0","0","0","0","0","0","0","2","0","0","0","0","0","0","0","0","0","4"
"0x7b03637b3190","      FSEL R96, R89, -INF , !P2","28","14","28","65536","2097152","2097152","32","32","0","0","0","-","-","-","0","0","0","0","0","0","0","0","-","0","0","0","0","0","0","0","0","0","0","0","0","0","6","0","0","0","0","4","4","0","0","0","14","0","0","0","0","0","0","0","6","0","0","0","0","0","0","0","0","0","8"
"0x7b03637b31a0","      IMAD R89, R154, R139, R14","2","0","2","65536","2097152","2097152","32","32","0","0","0","-","-","-","0","0","0","0","0","0","0","0","-","0","0","0","0","0","0","0","0","0","0","0","0","0","0","0","0","0","0","0","2","0","0","0","0","0","0","0","0","0","0","0","0","0","0","0","0","0","0","0","0","0","0"
"0x7b03637b31b0","      ISETP.GT.U32.AND P2, PT, R163, R156, PT","1","0","1","65536","2097152","2097152","32","32","0","0","0","-","-","-","0","0","0","0","0","0","0","0","-","0","0","0","0","0","0","0","0","0","0","0","0","0","0","0","0","0","0","0","1","0","0","0","0","0","0","0","0","0","0","0","0","0","0","0","0","0","0","0","0","0","0"
"0x7b03637b31c0","      ISETP.GT.AND.EX P2, PT, R171, R152, PT, P2","17","13","17","65536","2097152","2097152","32","32","0","0","0","-","-","-","0","0","0","0","0","0","0","0","-","0","0","0","0","0","0","0","0","0","0","0","0","0","5","0","0","0","0","1","2","0","0","0","9","0","0","0","0","0","0","0","5","0","0","0","0","0","0","0","0","0","8"
"0x7b03637b31d0","      FSEL R97, R90, -INF , !P2","10","6","10","65536","2097152","2097152","32","32","0","0","0","-","-","-","0","0","0","0","0","0","0","0","-","0","0","0","0","0","0","0","0","0","0","0","0","0","1","0","0","0","0","1","1","0","0","0","7","0","0","0","0","0","0","0","1","0","0","0","0","0","0","0","0","0","5"
"0x7b03637b31e0","      ISETP.GE.U32.AND P2, PT, R163, R156, PT","10","4","10","65536","2097152","2097152","32","32","0","0","0","-","-","-","0","0","0","0","0","0","0","0","-","0","0","0","0","0","0","0","0","0","0","0","0","0","0","0","0","0","0","0","6","0","0","0","4","0","0","0","0","0","0","0","0","0","0","0","0","0","0","0","0","0","4"
"0x7b03637b31f0","      ISETP.GE.AND.EX P2, PT, R171, R152, PT, P2","18","8","18","65536","2097152","2097152","32","32","0","0","0","-","-","-","0","0","0","0","0","0","0","0","-","0","0","0","0","0","0","0","0","0","0","0","0","0","3","0","0","0","0","3","1","0","0","0","11","0","0","0","0","0","0","0","3","0","0","0","0","0","0","0","0","0","5"
"0x7b03637b3200","      FSEL R98, R91, -INF , !P2","29","15","29","65536","2097152","2097152","32","32","0","0","0","-","-","-","0","0","0","0","0","0","0","0","-","0","0","0","0","0","0","0","0","0","0","0","0","0","6","0","0","0","0","9","3","0","0","0","11","0","0","0","0","0","0","0","6","0","0","0","0","0","0","0","0","0","9"
"0x7b03637b3210","      ISETP.GE.U32.AND P2, PT, R163, UR22, PT","6","1","6","65536","2097152","2097152","32","32","0","0","0","-","-","-","0","0","0","0","0","0","0","0","-","0","0","0","0","0","0","0","0","0","0","0","0","0","0","0","0","0","0","0","5","0","0","0","1","0","0","0","0","0","0","0","0","0","0","0","0","0","0","0","0","0","1"
"0x7b03637b3220","      LOP3.LUT R163, R163, 0x30, RZ, 0xfc, !PT","7","6","7","65536","2097152","2097152","32","32","0","0","0","-","-","-","0","0","0","0","0","0","0","0","-","0","0","0","0","0","0","0","0","0","0","0","0","0","0","0","0","0","0","0","1","0","0","0","6","0","0","0","0","0","0","0","0","0","0","0","0","0","0","0","0","0","6"
"0x7b03637b3230","      ISETP.GE.AND.EX P2, PT, R171, UR25, PT, P2","7","2","7","65536","2097152","2097152","32","32","0","0","0","-","-","-","0","0","0","0","0","0","0","0","-","0","0","0","0","0","0","0","0","0","0","0","0","0","0","0","0","0","0","0","5","0","0","0","2","0","0","0","0","0","0","0","0","0","0","0","0","0","0","0","0","0","2"
"0x7b03637b3240","      ISETP.LE.AND.EX P3, PT, R171, R153, !P2, P3","8","7","8","65536","2097152","2097152","32","32","0","0","0","-","-","-","0","0","0","0","0","0","0","0","-","0","0","0","0","0","0","0","0","0","0","0","0","0","0","0","0","0","0","0","0","0","0","0","8","0","0","0","0","0","0","0","0","0","0","0","0","0","0","0","0","0","7"
"0x7b03637b3250","      FSEL R121, R121, -INF , !P2","9","7","9","65536","2097152","2097152","32","32","0","0","0","-","-","-","0","0","0","0","0","0","0","0","-","0","0","0","0","0","0","0","0","0","0","0","0","0","0","0","0","0","0","0","2","0","0","0","7","0","0","0","0","0","0","0","0","0","0","0","0","0","0","0","0","0","7"
"0x7b03637b3260","      FSEL R90, R88, -INF , P3","10","6","10","65536","2097152","2097152","32","32","0","0","0","-","-","-","0","0","0","0","0","0","0","0","-","0","0","0","0","0","0","0","0","0","0","0","0","0","0","0","0","0","0","0","4","0","0","0","6","0","0","0","0","0","0","0","0","0","0","0","0","0","0","0","0","0","6"
"0x7b03637b3270","      FSEL R101, R94, -INF , P3","12","4","12","65536","2097152","2097152","32","32","0","0","0","-","-","-","0","0","0","0","0","0","0","0","-","0","0","0","0","0","0","0","0","0","0","0","0","0","0","0","0","0","0","0","8","0","0","0","4","0","0","0","0","0","0","0","0","0","0","0","0","0","0","0","0","0","4"
"0x7b03637b3280","      ISETP.GT.U32.AND P3, PT, R163, R160, PT","6","2","6","65536","2097152","2097152","32","32","0","0","0","-","-","-","0","0","0","0","0","0","0","0","-","0","0","0","0","0","0","0","0","0","0","0","0","0","0","0","0","0","0","0","4","0","0","0","2","0","0","0","0","0","0","0","0","0","0","0","0","0","0","0","0","0","2"
"0x7b03637b3290","      ISETP.GT.AND.EX P3, PT, R171, R153, PT, P3","23","12","23","65536","2097152","2097152","32","32","0","0","0","-","-","-","0","0","0","0","0","0","0","0","-","0","0","0","0","0","0","0","0","0","0","0","0","0","3","0","0","0","0","4","0","0","0","0","16","0","0","0","0","0","0","0","3","0","0","0","0","0","0","0","0","0","9"
"0x7b03637b32a0","      FSEL R112, R112, -INF , !P3","22","11","22","65536","2097152","2097152","32","32","0","0","0","-","-","-","0","0","0","0","0","0","0","0","-","0","0","0","0","0","0","0","0","0","0","0","0","0","4","0","0","0","0","1","6","0","0","0","11","0","0","0","0","0","0","0","4","0","0","0","0","0","0","0","0","0","7"
"0x7b03637b32b0","      ISETP.GT.U32.AND P3, PT, R163, R156, PT","8","5","8","65536","2097152","2097152","32","32","0","0","0","-","-","-","0","0","0","0","0","0","0","0","-","0","0","0","0","0","0","0","0","0","0","0","0","0","0","0","0","0","0","0","3","0","0","0","5","0","0","0","0","0","0","0","0","0","0","0","0","0","0","0","0","0","5"
"0x7b03637b32c0","      ISETP.GT.AND.EX P3, PT, R171, R152, PT, P3","31","16","31","65536","2097152","2097152","32","32","0","0","0","-","-","-","0","0","0","0","0","0","0","0","-","0","0","0","0","0","0","0","0","0","0","0","0","0","7","0","0","0","0","8","3","0","0","0","13","0","0","0","0","0","0","0","7","0","0","0","0","0","0","0","0","0","9"
"0x7b03637b32d0","      FSEL R114, R114, -INF , !P3","14","6","14","65536","2097152","2097152","32","32","0","0","0","-","-","-","0","0","0","0","0","0","0","0","-","0","0","0","0","0","0","0","0","0","0","0","0","0","2","0","0","0","0","2","4","0","0","0","6","0","0","0","0","0","0","0","2","0","0","0","0","0","0","0","0","0","4"
"0x7b03637b32e0","      ISETP.GT.U32.AND P3, PT, R11, R160, PT","12","7","12","65536","2097152","2097152","32","32","0","0","0","-","-","-","0","0","0","0","0","0","0","0","-","0","0","0","0","0","0","0","0","0","0","0","0","0","0","0","0","0","0","0","5","0","0","0","7","0","0","0","0","0","0","0","0","0","0","0","0","0","0","0","0","0","7"
"0x7b03637b32f0","      ISETP.GT.AND.EX P3, PT, R10, R153, PT, P3","21","9","21","65536","2097152","2097152","32","32","0","0","0","-","-","-","0","0","0","0","0","0","0","0","-","0","0","0","0","0","0","0","0","0","0","0","0","0","3","0","0","0","0","6","3","0","0","0","9","0","0","0","0","0","0","0","2","0","0","0","0","0","0","0","0","0","7"
"0x7b03637b3300","      FSEL R94, R113, -INF , !P3","28","16","28","65536","2097152","2097152","32","32","0","0","0","-","-","-","0","0","0","0","0","0","0","0","-","0","0","0","0","0","0","0","0","0","0","0","0","0","4","0","0","0","0","3","3","0","0","0","18","0","0","0","0","0","0","0","4","0","0","0","0","0","0","0","0","0","12"
"0x7b03637b3310","      ISETP.GT.U32.AND P3, PT, R11, R156, PT","8","6","8","65536","2097152","2097152","32","32","0","0","0","-","-","-","0","0","0","0","0","0","0","0","-","0","0","0","0","0","0","0","0","0","0","0","0","0","0","0","0","0","0","0","2","0","0","0","6","0","0","0","0","0","0","0","0","0","0","0","0","0","0","0","0","0","6"
"0x7b03637b3320","      IMAD R11, R157, R140, R147","2","0","2","65536","2097152","2097152","32","32","0","0","0","-","-","-","0","0","0","0","0","0","0","0","-","0","0","0","0","0","0","0","0","0","0","0","0","0","0","0","0","0","0","0","2","0","0","0","0","0","0","0","0","0","0","0","0","0","0","0","0","0","0","0","0","0","0"
"0x7b03637b3330","      ISETP.GT.AND.EX P3, PT, R10, R152, PT, P3","23","7","23","65536","2097152","2097152","32","32","0","0","0","-","-","-","0","0","0","0","0","0","0","0","-","0","0","0","0","0","0","0","0","0","0","0","0","0","4","0","0","0","0","1","13","0","0","0","5","0","0","0","0","0","0","0","4","0","0","0","0","0","0","0","0","0","3"
"0x7b03637b3340","      FSEL R126, R115, -INF , !P3","20","9","20","65536","2097152","2097152","32","32","0","0","0","-","-","-","0","0","0","0","0","0","0","0","-","0","0","0","0","0","0","0","0","0","0","0","0","0","1","0","0","0","0","1","5","0","0","0","13","0","0","0","0","0","0","0","0","0","0","0","0","0","0","0","0","0","9"
"0x7b03637b3350","      ISETP.GT.U32.AND P3, PT, R9, R160, PT","6","3","6","65536","2097152","2097152","32","32","0","0","0","-","-","-","0","0","0","0","0","0","0","0","-","0","0","0","0","0","0","0","0","0","0","0","0","0","0","0","0","0","0","0","3","0","0","0","3","0","0","0","0","0","0","0","0","0","0","0","0","0","0","0","0","0","3"
"0x7b03637b3360","      ISETP.GT.AND.EX P3, PT, R8, R153, PT, P3","15","7","15","65536","2097152","2097152","32","32","0","0","0","-","-","-","0","0","0","0","0","0","0","0","-","0","0","0","0","0","0","0","0","0","0","0","0","0","0","0","0","0","0","2","4","0","0","0","9","0","0","0","0","0","0","0","0","0","0","0","0","0","0","0","0","0","7"
"0x7b03637b3370","      FSEL R116, R116, -INF , !P3","17","7","17","65536","2097152","2097152","32","32","0","0","0","-","-","-","0","0","0","0","0","0","0","0","-","0","0","0","0","0","0","0","0","0","0","0","0","0","2","0","0","0","0","1","6","0","0","0","8","0","0","0","0","0","0","0","2","0","0","0","0","0","0","0","0","0","5"
"0x7b03637b3380","      ISETP.GT.U32.AND P3, PT, R9, R156, PT","7","5","7","65536","2097152","2097152","32","32","0","0","0","-","-","-","0","0","0","0","0","0","0","0","-","0","0","0","0","0","0","0","0","0","0","0","0","0","0","0","0","0","0","0","2","0","0","0","5","0","0","0","0","0","0","0","0","0","0","0","0","0","0","0","0","0","5"
"0x7b03637b3390","      IMAD R9, R155, R140, R147","4","0","4","65536","2097152","2097152","32","32","0","0","0","-","-","-","0","0","0","0","0","0","0","0","-","0","0","0","0","0","0","0","0","0","0","0","0","0","0","0","0","0","0","0","4","0","0","0","0","0","0","0","0","0","0","0","0","0","0","0","0","0","0","0","0","0","0"
"0x7b03637b33a0","      ISETP.GT.AND.EX P3, PT, R8, R152, PT, P3","19","7","19","65536","2097152","2097152","32","32","0","0","0","-","-","-","0","0","0","0","0","0","0","0","-","0","0","0","0","0","0","0","0","0","0","0","0","0","3","0","0","0","0","1","8","0","0","0","7","0","0","0","0","0","0","0","3","0","0","0","0","0","0","0","0","0","4"
"0x7b03637b33b0","      FSEL R128, R118, -INF , !P3","28","9","28","65536","2097152","2097152","32","32","0","0","0","-","-","-","0","0","0","0","0","0","0","0","-","0","0","0","0","0","0","0","0","0","0","0","0","0","2","0","0","0","0","5","4","0","0","0","17","0","0","0","0","0","0","0","0","0","0","0","0","0","0","0","0","0","9"
"0x7b03637b33c0","      ISETP.GT.U32.AND P3, PT, R7, R160, PT","2","1","2","65536","2097152","2097152","32","32","0","0","0","-","-","-","0","0","0","0","0","0","0","0","-","0","0","0","0","0","0","0","0","0","0","0","0","0","0","0","0","0","0","0","1","0","0","0","1","0","0","0","0","0","0","0","0","0","0","0","0","0","0","0","0","0","1"
"0x7b03637b33d0","      ISETP.GT.AND.EX P3, PT, R6, R153, PT, P3","24","9","24","65536","2097152","2097152","32","32","0","0","0","-","-","-","0","0","0","0","0","0","0","0","-","0","0","0","0","0","0","0","0","0","0","0","0","0","2","0","0","0","0","2","5","0","0","0","15","0","0","0","0","0","0","0","1","0","0","0","0","0","0","0","0","0","8"
"0x7b03637b33e0","      FSEL R118, R117, -INF , !P3","21","7","21","65536","2097152","2097152","32","32","0","0","0","-","-","-","0","0","0","0","0","0","0","0","-","0","0","0","0","0","0","0","0","0","0","0","0","0","2","0","0","0","0","2","7","0","0","0","10","0","0","0","0","0","0","0","2","0","0","0","0","0","0","0","0","0","5"
"0x7b03637b33f0","      ISETP.GT.U32.AND P3, PT, R7, R156, PT","3","0","3","65536","2097152","2097152","32","32","0","0","0","-","-","-","0","0","0","0","0","0","0","0","-","0","0","0","0","0","0","0","0","0","0","0","0","0","0","0","0","0","0","0","3","0","0","0","0","0","0","0","0","0","0","0","0","0","0","0","0","0","0","0","0","0","0"
"0x7b03637b3400","      IMAD R7, R154, R140, R147","1","0","1","65536","2097152","2097152","32","32","0","0","0","-","-","-","0","0","0","0","0","0","0","0","-","0","0","0","0","0","0","0","0","0","0","0","0","0","0","0","0","0","0","0","1","0","0","0","0","0","0","0","0","0","0","0","0","0","0","0","0","0","0","0","0","0","0"
"0x7b03637b3410","      IMAD R147, R140, 0x40, R147","3","0","3","65536","2097152","2097152","32","32","0","0","0","-","-","-","0","0","0","0","0","0","0","0","-","0","0","0","0","0","0","0","0","0","0","0","0","0","0","0","0","0","0","0","1","0","0","0","2","0","0","0","0","0","0","0","0","0","0","0","0","0","0","0","0","0","0"
"0x7b03637b3420","      ISETP.GT.AND.EX P3, PT, R6, R152, PT, P3","3","0","3","65536","2097152","2097152","32","32","0","0","0","-","-","-","0","0","0","0","0","0","0","0","-","0","0","0","0","0","0","0","0","0","0","0","0","0","0","0","0","0","0","0","3","0","0","0","0","0","0","0","0","0","0","0","0","0","0","0","0","0","0","0","0","0","0"
"0x7b03637b3430","      FSEL R130, R119, -INF , !P3","18","7","18","65536","2097152","2097152","32","32","0","0","0","-","-","-","0","0","0","0","0","0","0","0","-","0","0","0","0","0","0","0","0","0","0","0","0","0","3","0","0","0","0","2","4","0","0","0","9","0","0","0","0","0","0","0","0","0","0","0","0","0","0","0","0","0","7"
"0x7b03637b3440","      LEA R6, P3, R7, R4, 0x1","10","6","10","65536","2097152","2097152","32","32","0","0","0","-","-","-","0","0","0","0","0","0","0","0","-","0","0","0","0","0","0","0","0","0","0","0","0","0","3","0","0","0","0","2","2","0","0","0","3","0","0","0","0","0","0","0","3","0","0","0","0","0","0","0","0","0","3"
"0x7b03637b3450","      LEA.HI.X.SX32 R7, R7, R5, 0x1, P3","28","11","28","65536","2097152","2097152","32","32","0","0","0","-","-","-","0","0","0","0","0","0","0","0","-","0","0","0","0","0","0","0","0","0","0","0","0","0","5","0","0","0","0","5","5","0","0","0","13","0","0","0","0","0","0","0","5","0","0","0","0","0","0","0","0","0","6"
"0x7b03637b3460","      LEA R8, P3, R9, R4, 0x1","11","5","11","65536","2097152","2097152","32","32","0","0","0","-","-","-","0","0","0","0","0","0","0","0","-","0","0","0","0","0","0","0","0","0","0","0","0","0","0","0","0","0","0","0","6","0","0","0","5","0","0","0","0","0","0","0","0","0","0","0","0","0","0","0","0","0","5"
"0x7b03637b3470","      LEA.HI.X.SX32 R9, R9, R5, 0x1, P3","20","10","20","65536","2097152","2097152","32","32","0","0","0","-","-","-","0","0","0","0","0","0","0","0","-","0","0","0","0","0","0","0","0","0","0","0","0","0","3","0","0","0","0","4","5","0","0","0","8","0","0","0","0","0","0","0","3","0","0","0","0","0","0","0","0","0","7"
"0x7b03637b3480","      LEA R10, P3, R11, R4, 0x1","6","4","6","65536","2097152","2097152","32","32","0","0","0","-","-","-","0","0","0","0","0","0","0","0","-","0","0","0","0","0","0","0","0","0","0","0","0","0","0","0","0","0","0","0","2","0","0","0","4","0","0","0","0","0","0","0","0","0","0","0","0","0","0","0","0","0","4"
"0x7b03637b3490","      LEA.HI.X.SX32 R11, R11, R5, 0x1, P3","34","20","34","65536","2097152","2097152","32","32","0","0","0","-","-","-","0","0","0","0","0","0","0","0","-","0","0","0","0","0","0","0","0","0","0","0","0","0","9","0","0","0","0","6","3","0","0","0","16","0","0","0","0","0","0","0","9","0","0","0","0","0","0","0","0","0","11"
"0x7b03637b34a0","      LEA R12, P3, R13, R4, 0x1","9","3","9","65536","2097152","2097152","32","32","0","0","0","-","-","-","0","0","0","0","0","0","0","0","-","0","0","0","0","0","0","0","0","0","0","0","0","0","0","0","0","0","0","0","6","0","0","0","3","0","0","0","0","0","0","0","0","0","0","0","0","0","0","0","0","0","3"
"0x7b03637b34b0","      LEA.HI.X.SX32 R13, R13, R5, 0x1, P3","42","13","42","65536","2097152","2097152","32","32","0","0","0","-","-","-","0","0","0","0","0","0","0","0","-","0","0","0","0","0","0","0","0","0","0","0","0","0","11","0","0","0","0","12","10","0","0","0","9","0","0","0","0","0","0","0","9","0","0","0","0","0","0","0","0","0","4"
"0x7b03637b34c0","      LEA R88, P3, R89, R2, 0x1","8","5","8","65536","2097152","2097152","32","32","0","0","0","-","-","-","0","0","0","0","0","0","0","0","-","0","0","0","0","0","0","0","0","0","0","0","0","0","2","0","0","0","0","0","3","0","0","0","3","0","0","0","0","0","0","0","2","0","0","0","0","0","0","0","0","0","3"
"0x7b03637b34d0","      LEA.HI.X.SX32 R89, R89, R3, 0x1, P3","27","15","27","65536","2097152","2097152","32","32","0","0","0","-","-","-","0","0","0","0","0","0","0","0","-","0","0","0","0","0","0","0","0","0","0","0","0","0","9","0","0","0","0","9","3","0","0","0","6","0","0","0","0","0","0","0","9","0","0","0","0","0","0","0","0","0","6"
"0x7b03637b34e0","      ISETP.GE.U32.AND P3, PT, R127, UR22, PT","15","4","15","65536","2097152","2097152","32","32","0","0","0","-","-","-","0","0","0","0","0","0","0","0","-","0","0","0","0","0","0","0","0","0","0","0","0","0","0","0","0","0","0","0","11","0","0","0","4","0","0","0","0","0","0","0","0","0","0","0","0","0","0","0","0","0","4"
"0x7b03637b34f0","      ISETP.GE.AND.EX P3, PT, R171, UR25, PT, P3","26","10","26","65536","2097152","2097152","32","32","0","0","0","-","-","-","0","0","0","0","0","0","0","0","-","0","0","0","0","0","0","0","0","0","0","0","0","0","7","0","0","0","0","8","2","0","0","0","9","0","0","0","0","0","0","0","5","0","0","0","0","0","0","0","0","0","5"
"0x7b03637b3500","      FSEL R91, R93, -INF , !P3","35","16","35","65536","2097152","2097152","32","32","0","0","0","-","-","-","0","0","0","0","0","0","0","0","-","0","0","0","0","0","0","0","0","0","0","0","0","0","9","0","0","0","0","14","3","0","0","0","9","0","0","0","0","0","0","0","9","0","0","0","0","0","0","0","0","0","7"
"0x7b03637b3510","      FSEL R92, R95, -INF , !P3","11","6","11","65536","2097152","2097152","32","32","0","0","0","-","-","-","0","0","0","0","0","0","0","0","-","0","0","0","0","0","0","0","0","0","0","0","0","0","0","0","0","0","0","0","5","0","0","0","6","0","0","0","0","0","0","0","0","0","0","0","0","0","0","0","0","0","6"
"0x7b03637b3520","      FSEL R131, R109, -INF , !P3","7","3","7","65536","2097152","2097152","32","32","0","0","0","-","-","-","0","0","0","0","0","0","0","0","-","0","0","0","0","0","0","0","0","0","0","0","0","0","0","0","0","0","0","0","4","0","0","0","3","0","0","0","0","0","0","0","0","0","0","0","0","0","0","0","0","0","3"
"0x7b03637b3530","      FSEL R133, R122, -INF , !P3","12","7","12","65536","2097152","2097152","32","32","0","0","0","-","-","-","0","0","0","0","0","0","0","0","-","0","0","0","0","0","0","0","0","0","0","0","0","0","0","0","0","0","0","0","5","0","0","0","7","0","0","0","0","0","0","0","0","0","0","0","0","0","0","0","0","0","7"
"0x7b03637b3540","      FSEL R93, R123, -INF , !P3","11","6","11","65536","2097152","2097152","32","32","0","0","0","-","-","-","0","0","0","0","0","0","0","0","-","0","0","0","0","0","0","0","0","0","0","0","0","0","0","0","0","0","0","0","5","0","0","0","6","0","0","0","0","0","0","0","0","0","0","0","0","0","0","0","0","0","6"
"0x7b03637b3550","      FSEL R95, R110, -INF , !P3","8","5","8","65536","2097152","2097152","32","32","0","0","0","-","-","-","0","0","0","0","0","0","0","0","-","0","0","0","0","0","0","0","0","0","0","0","0","0","0","0","0","0","0","0","3","0","0","0","5","0","0","0","0","0","0","0","0","0","0","0","0","0","0","0","0","0","5"
"0x7b03637b3560","      FSEL R135, R124, -INF , !P3","28","16","28","65536","2097152","2097152","32","32","0","0","0","-","-","-","0","0","0","0","0","0","0","0","-","0","0","0","0","0","0","0","0","0","0","0","0","0","12","0","0","0","0","7","5","0","0","0","4","0","0","0","0","0","0","0","12","0","0","0","0","0","0","0","0","0","4"
"0x7b03637b3570","      FSEL R161, R111, -INF , !P3","7","5","7","65536","2097152","2097152","32","32","0","0","0","-","-","-","0","0","0","0","0","0","0","0","-","0","0","0","0","0","0","0","0","0","0","0","0","0","0","0","0","0","0","0","2","0","0","0","5","0","0","0","0","0","0","0","0","0","0","0","0","0","0","0","0","0","5"
"0x7b03637b3580","      ISETP.GE.U32.AND P3, PT, R125, UR22, PT","11","6","11","65536","2097152","2097152","32","32","0","0","0","-","-","-","0","0","0","0","0","0","0","0","-","0","0","0","0","0","0","0","0","0","0","0","0","0","0","0","0","0","0","0","5","0","0","0","6","0","0","0","0","0","0","0","0","0","0","0","0","0","0","0","0","0","6"
"0x7b03637b3590","      FSEL R109, R99, -INF , !P2","8","2","8","65536","2097152","2097152","32","32","0","0","0","-","-","-","0","0","0","0","0","0","0","0","-","0","0","0","0","0","0","0","0","0","0","0","0","0","0","0","0","0","0","0","6","0","0","0","2","0","0","0","0","0","0","0","0","0","0","0","0","0","0","0","0","0","2"
"0x7b03637b35a0","      ISETP.GE.AND.EX P3, PT, R171, UR25, PT, P3","8","3","8","65536","2097152","2097152","32","32","0","0","0","-","-","-","0","0","0","0","0","0","0","0","-","0","0","0","0","0","0","0","0","0","0","0","0","0","0","0","0","0","0","0","5","0","0","0","3","0","0","0","0","0","0","0","0","0","0","0","0","0","0","0","0","0","3"
"0x7b03637b35b0","      FSEL R111, R120, -INF , !P2","4","3","4","65536","2097152","2097152","32","32","0","0","0","-","-","-","0","0","0","0","0","0","0","0","-","0","0","0","0","0","0","0","0","0","0","0","0","0","0","0","0","0","0","0","1","0","0","0","3","0","0","0","0","0","0","0","0","0","0","0","0","0","0","0","0","0","3"
"0x7b03637b35c0","      FSEL R119, R105, -INF , !P3","57","30","57","65536","2097152","2097152","32","32","0","0","0","-","-","-","0","0","0","0","0","0","0","0","-","0","0","0","0","0","0","0","0","0","0","0","0","0","28","0","0","0","0","23","4","0","0","0","2","0","0","0","0","0","0","0","28","0","0","0","0","0","0","0","0","0","2"
"0x7b03637b35d0","      FSEL R125, R107, -INF , !P3","8","3","8","65536","2097152","2097152","32","32","0","0","0","-","-","-","0","0","0","0","0","0","0","0","-","0","0","0","0","0","0","0","0","0","0","0","0","0","0","0","0","0","0","0","5","0","0","0","3","0","0","0","0","0","0","0","0","0","0","0","0","0","0","0","0","0","3"
"0x7b03637b35e0","      FSEL R105, R97, -INF , !P2","6","2","6","65536","2097152","2097152","32","32","0","0","0","-","-","-","0","0","0","0","0","0","0","0","-","0","0","0","0","0","0","0","0","0","0","0","0","0","0","0","0","0","0","0","4","0","0","0","2","0","0","0","0","0","0","0","0","0","0","0","0","0","0","0","0","0","2"
"0x7b03637b35f0","      FSEL R107, R98, -INF , !P2","6","2","6","65536","2097152","2097152","32","32","0","0","0","-","-","-","0","0","0","0","0","0","0","0","-","0","0","0","0","0","0","0","0","0","0","0","0","0","0","0","0","0","0","0","4","0","0","0","2","0","0","0","0","0","0","0","0","0","0","0","0","0","0","0","0","0","2"
"0x7b03637b3600","      FSEL R117, R102, -INF , !P3","9","2","9","65536","2097152","2097152","32","32","0","0","0","-","-","-","0","0","0","0","0","0","0","0","-","0","0","0","0","0","0","0","0","0","0","0","0","0","0","0","0","0","0","0","7","0","0","0","2","0","0","0","0","0","0","0","0","0","0","0","0","0","0","0","0","0","2"
"0x7b03637b3610","      FSEL R129, R103, -INF , !P3","7","4","7","65536","2097152","2097152","32","32","0","0","0","-","-","-","0","0","0","0","0","0","0","0","-","0","0","0","0","0","0","0","0","0","0","0","0","0","0","0","0","0","0","0","3","0","0","0","4","0","0","0","0","0","0","0","0","0","0","0","0","0","0","0","0","0","4"
"0x7b03637b3620","      FMNMX R102, R105, R107, !PT","58","30","58","65536","2097152","2097152","32","32","0","0","0","-","-","-","0","0","0","0","0","0","0","0","-","0","0","0","0","0","0","0","0","0","0","0","0","0","28","0","0","0","0","22","3","0","0","0","5","0","0","0","0","0","0","0","25","0","0","0","0","0","0","0","0","0","5"
"0x7b03637b3630","      FSEL R103, R96, -INF , !P2","11","5","11","65536","2097152","2097152","32","32","0","0","0","-","-","-","0","0","0","0","0","0","0","0","-","0","0","0","0","0","0","0","0","0","0","0","0","0","0","0","0","0","0","0","6","0","0","0","5","0","0","0","0","0","0","0","0","0","0","0","0","0","0","0","0","0","5"
"0x7b03637b3640","      FSEL R115, R104, -INF , !P3","7","2","7","65536","2097152","2097152","32","32","0","0","0","-","-","-","0","0","0","0","0","0","0","0","-","0","0","0","0","0","0","0","0","0","0","0","0","0","0","0","0","0","0","0","5","0","0","0","2","0","0","0","0","0","0","0","0","0","0","0","0","0","0","0","0","0","2"
"0x7b03637b3650","      FMNMX R104, R101, R102, !PT","5","1","5","65536","2097152","2097152","32","32","0","0","0","-","-","-","0","0","0","0","0","0","0","0","-","0","0","0","0","0","0","0","0","0","0","0","0","0","0","0","0","0","0","0","4","0","0","0","1","0","0","0","0","0","0","0","0","0","0","0","0","0","0","0","0","0","1"
"0x7b03637b3660","      FMNMX R102, R90, R103, !PT","9","3","9","65536","2097152","2097152","32","32","0","0","0","-","-","-","0","0","0","0","0","0","0","0","-","0","0","0","0","0","0","0","0","0","0","0","0","0","0","0","0","0","0","0","6","0","0","0","3","0","0","0","0","0","0","0","0","0","0","0","0","0","0","0","0","0","3"
"0x7b03637b3670","      FSEL R113, R100, -INF , !P3","12","3","12","65536","2097152","2097152","32","32","0","0","0","-","-","-","0","0","0","0","0","0","0","0","-","0","0","0","0","0","0","0","0","0","0","0","0","0","0","0","0","0","0","0","9","0","0","0","3","0","0","0","0","0","0","0","0","0","0","0","0","0","0","0","0","0","3"
"0x7b03637b3680","      VIADD R100, R150, UR4","4","0","4","65536","2097152","2097152","32","32","0","0","0","-","-","-","0","0","0","0","0","0","0","0","-","0","0","0","0","0","0","0","0","0","0","0","0","0","0","0","0","0","0","0","4","0","0","0","0","0","0","0","0","0","0","0","0","0","0","0","0","0","0","0","0","0","0"
"0x7b03637b3690","      FMNMX R102, R109, R102, !PT","1","0","1","65536","2097152","2097152","32","32","0","0","0","-","-","-","0","0","0","0","0","0","0","0","-","0","0","0","0","0","0","0","0","0","0","0","0","0","0","0","0","0","0","0","1","0","0","0","0","0","0","0","0","0","0","0","0","0","0","0","0","0","0","0","0","0","0"
"0x7b03637b36a0","      FMNMX R104, R121, R104, !PT","47","18","47","65536","2097152","2097152","32","32","0","0","0","-","-","-","0","0","0","0","0","0","0","0","-","0","0","0","0","0","0","0","0","0","0","0","0","0","19","0","0","0","0","24","2","0","0","0","2","0","0","0","0","0","0","0","16","0","0","0","0","0","0","0","0","0","2"
"0x7b03637b36b0","      VIADD R97, R100, 0xc0","4","0","4","65536","2097152","2097152","32","32","0","0","0","-","-","-","0","0","0","0","0","0","0","0","-","0","0","0","0","0","0","0","0","0","0","0","0","0","0","0","0","0","0","0","4","0","0","0","0","0","0","0","0","0","0","0","0","0","0","0","0","0","0","0","0","0","0"
"0x7b03637b36c0","      FMNMX R102, R111, R102, !PT","4","0","4","65536","2097152","2097152","32","32","0","0","0","-","-","-","0","0","0","0","0","0","0","0","-","0","0","0","0","0","0","0","0","0","0","0","0","0","0","0","0","0","0","0","4","0","0","0","0","0","0","0","0","0","0","0","0","0","0","0","0","0","0","0","0","0","0"
"0x7b03637b36d0","      VIADD R98, R100, 0xd0","1","0","1","65536","2097152","2097152","32","32","0","0","0","-","-","-","0","0","0","0","0","0","0","0","-","0","0","0","0","0","0","0","0","0","0","0","0","0","0","0","0","0","0","0","1","0","0","0","0","0","0","0","0","0","0","0","0","0","0","0","0","0","0","0","0","0","0"
"0x7b03637b36e0","      FMNMX R104, R117, R104, !PT","2","0","2","65536","2097152","2097152","32","32","0","0","0","-","-","-","0","0","0","0","0","0","0","0","-","0","0","0","0","0","0","0","0","0","0","0","0","0","0","0","0","0","0","0","2","0","0","0","0","0","0","0","0","0","0","0","0","0","0","0","0","0","0","0","0","0","0"
"0x7b03637b36f0","      VIADD R99, R100, 0xe0","1","0","1","65536","2097152","2097152","32","32","0","0","0","-","-","-","0","0","0","0","0","0","0","0","-","0","0","0","0","0","0","0","0","0","0","0","0","0","0","0","0","0","0","0","1","0","0","0","0","0","0","0","0","0","0","0","0","0","0","0","0","0","0","0","0","0","0"
"0x7b03637b3700","      FMNMX R102, R113, R102, !PT","1","0","1","65536","2097152","2097152","32","32","0","0","0","-","-","-","0","0","0","0","0","0","0","0","-","0","0","0","0","0","0","0","0","0","0","0","0","0","0","0","0","0","0","0","1","0","0","0","0","0","0","0","0","0","0","0","0","0","0","0","0","0","0","0","0","0","0"
"0x7b03637b3710","      VIADD R100, R100, 0xf0","3","0","3","65536","2097152","2097152","32","32","0","0","0","-","-","-","0","0","0","0","0","0","0","0","-","0","0","0","0","0","0","0","0","0","0","0","0","0","0","0","0","0","0","0","3","0","0","0","0","0","0","0","0","0","0","0","0","0","0","0","0","0","0","0","0","0","0"
"0x7b03637b3720","      FSEL R123, R106, -INF , !P3","5","0","5","65536","2097152","2097152","32","32","0","0","0","-","-","-","0","0","0","0","0","0","0","0","-","0","0","0","0","0","0","0","0","0","0","0","0","0","0","0","0","0","0","0","5","0","0","0","0","0","0","0","0","0","0","0","0","0","0","0","0","0","0","0","0","0","0"
"0x7b03637b3730","      FMNMX R102, R115, R102, !PT","10","6","10","65536","2097152","2097152","32","32","0","0","0","-","-","-","0","0","0","0","0","0","0","0","-","0","0","0","0","0","0","0","0","0","0","0","0","0","0","0","0","0","0","0","4","0","0","0","6","0","0","0","0","0","0","0","0","0","0","0","0","0","0","0","0","0","6"
"0x7b03637b3740","      FSEL R127, R108, -INF , !P3","95","45","95","65536","2097152","2097152","32","32","0","0","0","-","-","-","0","0","0","0","0","0","0","0","-","0","0","0","0","0","0","0","0","0","0","0","0","0","46","0","0","0","0","37","7","0","0","0","5","0","0","0","0","0","0","0","40","0","0","0","0","0","0","0","0","0","5"
"0x7b03637b3750","      FMNMX R104, R119, R104, !PT","9","6","9","65536","2097152","2097152","32","32","0","0","0","-","-","-","0","0","0","0","0","0","0","0","-","0","0","0","0","0","0","0","0","0","0","0","0","0","0","0","0","0","0","0","3","0","0","0","6","0","0","0","0","0","0","0","0","0","0","0","0","0","0","0","0","0","6"
"0x7b03637b3760","      FMNMX R102, R123, R102, !PT","8","6","8","65536","2097152","2097152","32","32","0","0","0","-","-","-","0","0","0","0","0","0","0","0","-","0","0","0","0","0","0","0","0","0","0","0","0","0","0","0","0","0","0","0","2","0","0","0","6","0","0","0","0","0","0","0","0","0","0","0","0","0","0","0","0","0","6"
"0x7b03637b3770","      FMNMX R104, R127, R104, !PT","12","6","12","65536","2097152","2097152","32","32","0","0","0","-","-","-","0","0","0","0","0","0","0","0","-","0","0","0","0","0","0","0","0","0","0","0","0","0","0","0","0","0","0","0","6","0","0","0","6","0","0","0","0","0","0","0","0","0","0","0","0","0","0","0","0","0","6"
"0x7b03637b3780","      FMNMX R102, R125, R102, !PT","5","3","5","65536","2097152","2097152","32","32","0","0","0","-","-","-","0","0","0","0","0","0","0","0","-","0","0","0","0","0","0","0","0","0","0","0","0","0","0","0","0","0","0","0","2","0","0","0","3","0","0","0","0","0","0","0","0","0","0","0","0","0","0","0","0","0","3"
"0x7b03637b3790","      FMNMX R104, R129, R104, !PT","5","2","5","65536","2097152","2097152","32","32","0","0","0","-","-","-","0","0","0","0","0","0","0","0","-","0","0","0","0","0","0","0","0","0","0","0","0","0","0","0","0","0","0","0","3","0","0","0","2","0","0","0","0","0","0","0","0","0","0","0","0","0","0","0","0","0","2"
"0x7b03637b37a0","      FMNMX R185, R91, R102, !PT","55","25","55","65536","2097152","2097152","32","32","0","0","0","-","-","-","0","0","0","0","0","0","0","0","-","0","0","0","0","0","0","0","0","0","0","0","0","0","23","0","0","0","0","23","6","0","0","0","3","0","0","0","0","0","0","0","22","0","0","0","0","0","0","0","0","0","3"
"0x7b03637b37b0","      FMNMX R104, R131, R104, !PT","7","3","7","65536","2097152","2097152","32","32","0","0","0","-","-","-","0","0","0","0","0","0","0","0","-","0","0","0","0","0","0","0","0","0","0","0","0","0","0","0","0","0","0","0","4","0","0","0","3","0","0","0","0","0","0","0","0","0","0","0","0","0","0","0","0","0","3"
"0x7b03637b37c0","      ISETP.GE.U32.AND P2, PT, R163, UR22, PT","10","6","10","65536","2097152","2097152","32","32","0","0","0","-","-","-","0","0","0","0","0","0","0","0","-","0","0","0","0","0","0","0","0","0","0","0","0","0","0","0","0","0","0","0","4","0","0","0","6","0","0","0","0","0","0","0","0","0","0","0","0","0","0","0","0","0","6"
"0x7b03637b37d0","      FMNMX R102, R92, R185, !PT","8","2","8","65536","2097152","2097152","32","32","0","0","0","-","-","-","0","0","0","0","0","0","0","0","-","0","0","0","0","0","0","0","0","0","0","0","0","0","0","0","0","0","0","0","6","0","0","0","2","0","0","0","0","0","0","0","0","0","0","0","0","0","0","0","0","0","2"
"0x7b03637b37e0","      FMNMX R104, R133, R104, !PT","10","5","10","65536","2097152","2097152","32","32","0","0","0","-","-","-","0","0","0","0","0","0","0","0","-","0","0","0","0","0","0","0","0","0","0","0","0","0","0","0","0","0","0","0","5","0","0","0","5","0","0","0","0","0","0","0","0","0","0","0","0","0","0","0","0","0","5"
"0x7b03637b37f0","      ISETP.GE.AND.EX P2, PT, R171, UR25, PT, P2","7","3","7","65536","2097152","2097152","32","32","0","0","0","-","-","-","0","0","0","0","0","0","0","0","-","0","0","0","0","0","0","0","0","0","0","0","0","0","0","0","0","0","0","0","4","0","0","0","3","0","0","0","0","0","0","0","0","0","0","0","0","0","0","0","0","0","3"
"0x7b03637b3800","      FMNMX R102, R93, R102, !PT","37","20","37","65536","2097152","2097152","32","32","0","0","0","-","-","-","0","0","0","0","0","0","0","0","-","0","0","0","0","0","0","0","0","0","0","0","0","0","19","0","0","0","0","13","2","0","0","0","3","0","0","0","0","0","0","0","17","0","0","0","0","0","0","0","0","0","3"
"0x7b03637b3810","      FMNMX R104, R135, R104, !PT","7","2","7","65536","2097152","2097152","32","32","0","0","0","-","-","-","0","0","0","0","0","0","0","0","-","0","0","0","0","0","0","0","0","0","0","0","0","0","0","0","0","0","0","0","5","0","0","0","2","0","0","0","0","0","0","0","0","0","0","0","0","0","0","0","0","0","2"
"0x7b03637b3820","      FSEL R163, R112, -INF , !P2","3","1","3","65536","2097152","2097152","32","32","0","0","0","-","-","-","0","0","0","0","0","0","0","0","-","0","0","0","0","0","0","0","0","0","0","0","0","0","0","0","0","0","0","0","2","0","0","0","1","0","0","0","0","0","0","0","0","0","0","0","0","0","0","0","0","0","1"
"0x7b03637b3830","      FMNMX R102, R95, R102, !PT","8","3","8","65536","2097152","2097152","32","32","0","0","0","-","-","-","0","0","0","0","0","0","0","0","-","0","0","0","0","0","0","0","0","0","0","0","0","0","0","0","0","0","0","0","5","0","0","0","3","0","0","0","0","0","0","0","0","0","0","0","0","0","0","0","0","0","3"
"0x7b03637b3840","      FSEL R173, R114, -INF , !P2","8","5","8","65536","2097152","2097152","32","32","0","0","0","-","-","-","0","0","0","0","0","0","0","0","-","0","0","0","0","0","0","0","0","0","0","0","0","0","0","0","0","0","0","0","3","0","0","0","5","0","0","0","0","0","0","0","0","0","0","0","0","0","0","0","0","0","5"
"0x7b03637b3850","      FMNMX R104, R161, R104, !PT","7","4","7","65536","2097152","2097152","32","32","0","0","0","-","-","-","0","0","0","0","0","0","0","0","-","0","0","0","0","0","0","0","0","0","0","0","0","0","0","0","0","0","0","0","3","0","0","0","4","0","0","0","0","0","0","0","0","0","0","0","0","0","0","0","0","0","4"
"0x7b03637b3860","      FSEL R171, R94, -INF , !P2","56","29","56","65536","2097152","2097152","32","32","0","0","0","-","-","-","0","0","0","0","0","0","0","0","-","0","0","0","0","0","0","0","0","0","0","0","0","0","22","0","0","0","0","23","4","0","0","0","7","0","0","0","0","0","0","0","22","0","0","0","0","0","0","0","0","0","7"
"0x7b03637b3870","      FMNMX R102, R163, R102, !PT","10","4","10","65536","2097152","2097152","32","32","0","0","0","-","-","-","0","0","0","0","0","0","0","0","-","0","0","0","0","0","0","0","0","0","0","0","0","0","0","0","0","0","0","0","6","0","0","0","4","0","0","0","0","0","0","0","0","0","0","0","0","0","0","0","0","0","4"
"0x7b03637b3880","      FSEL R175, R126, -INF , !P2","4","1","4","65536","2097152","2097152","32","32","0","0","0","-","-","-","0","0","0","0","0","0","0","0","-","0","0","0","0","0","0","0","0","0","0","0","0","0","0","0","0","0","0","0","3","0","0","0","1","0","0","0","0","0","0","0","0","0","0","0","0","0","0","0","0","0","1"
"0x7b03637b3890","      FMNMX R104, R173, R104, !PT","6","6","6","65536","2097152","2097152","32","32","0","0","0","-","-","-","0","0","0","0","0","0","0","0","-","0","0","0","0","0","0","0","0","0","0","0","0","0","0","0","0","0","0","0","0","0","0","0","6","0","0","0","0","0","0","0","0","0","0","0","0","0","0","0","0","0","6"
"0x7b03637b38a0","      FSEL R177, R116, -INF , !P2","4","2","4","65536","2097152","2097152","32","32","0","0","0","-","-","-","0","0","0","0","0","0","0","0","-","0","0","0","0","0","0","0","0","0","0","0","0","0","0","0","0","0","0","0","2","0","0","0","2","0","0","0","0","0","0","0","0","0","0","0","0","0","0","0","0","0","2"
"0x7b03637b38b0","      FMNMX R102, R171, R102, !PT","9","5","9","65536","2097152","2097152","32","32","0","0","0","-","-","-","0","0","0","0","0","0","0","0","-","0","0","0","0","0","0","0","0","0","0","0","0","0","0","0","0","0","0","0","4","0","0","0","5","0","0","0","0","0","0","0","0","0","0","0","0","0","0","0","0","0","5"
"0x7b03637b38c0","      FSEL R181, R128, -INF , !P2","40","14","40","65536","2097152","2097152","32","32","0","0","0","-","-","-","0","0","0","0","0","0","0","0","-","0","0","0","0","0","0","0","0","0","0","0","0","0","16","0","0","0","0","20","2","0","0","0","2","0","0","0","0","0","0","0","12","0","0","0","0","0","0","0","0","0","2"
"0x7b03637b38d0","      FMNMX R104, R175, R104, !PT","5","3","5","65536","2097152","2097152","32","32","0","0","0","-","-","-","0","0","0","0","0","0","0","0","-","0","0","0","0","0","0","0","0","0","0","0","0","0","0","0","0","0","0","0","2","0","0","0","3","0","0","0","0","0","0","0","0","0","0","0","0","0","0","0","0","0","3"
"0x7b03637b38e0","      FSEL R179, R118, -INF , !P2","8","2","8","65536","2097152","2097152","32","32","0","0","0","-","-","-","0","0","0","0","0","0","0","0","-","0","0","0","0","0","0","0","0","0","0","0","0","0","0","0","0","0","0","0","6","0","0","0","2","0","0","0","0","0","0","0","0","0","0","0","0","0","0","0","0","0","2"
"0x7b03637b38f0","      FMNMX R102, R177, R102, !PT","7","4","7","65536","2097152","2097152","32","32","0","0","0","-","-","-","0","0","0","0","0","0","0","0","-","0","0","0","0","0","0","0","0","0","0","0","0","0","0","0","0","0","0","0","3","0","0","0","4","0","0","0","0","0","0","0","0","0","0","0","0","0","0","0","0","0","4"
"0x7b03637b3900","      FSEL R183, R130, -INF , !P2","10","7","10","65536","2097152","2097152","32","32","0","0","0","-","-","-","0","0","0","0","0","0","0","0","-","0","0","0","0","0","0","0","0","0","0","0","0","0","0","0","0","0","0","0","3","0","0","0","7","0","0","0","0","0","0","0","0","0","0","0","0","0","0","0","0","0","7"
"0x7b03637b3910","      FMNMX R104, R181, R104, !PT","10","5","10","65536","2097152","2097152","32","32","0","0","0","-","-","-","0","0","0","0","0","0","0","0","-","0","0","0","0","0","0","0","0","0","0","0","0","0","0","0","0","0","0","0","5","0","0","0","5","0","0","0","0","0","0","0","0","0","0","0","0","0","0","0","0","0","5"
"0x7b03637b3920","      FMNMX R102, R179, R102, !PT","39","15","39","65536","2097152","2097152","32","32","0","0","0","-","-","-","0","0","0","0","0","0","0","0","-","0","0","0","0","0","0","0","0","0","0","0","0","0","13","0","0","0","0","20","4","0","0","0","2","0","0","0","0","0","0","0","13","0","0","0","0","0","0","0","0","0","2"
"0x7b03637b3930","      FMNMX R104, R183, R104, !PT","10","8","10","65536","2097152","2097152","32","32","0","0","0","-","-","-","0","0","0","0","0","0","0","0","-","0","0","0","0","0","0","0","0","0","0","0","0","0","0","0","0","0","0","0","2","0","0","0","8","0","0","0","0","0","0","0","0","0","0","0","0","0","0","0","0","0","8"
"0x7b03637b3940","      IADD3 R96, P2, R18, UR4, RZ","6","4","6","65536","2097152","2097152","32","32","0","0","0","-","-","-","0","0","0","0","0","0","0","0","-","0","0","0","0","0","0","0","0","0","0","0","0","0","0","0","0","0","0","0","2","0","0","0","4","0","0","0","0","0","0","0","0","0","0","0","0","0","0","0","0","0","4"
"0x7b03637b3950","      SHFL.BFLY PT, R185, R102, 0x2, 0x1f","3","0","3","65536","2097152","2097152","32","32","0","0","0","-","-","-","0","0","0","0","0","0","0","0","-","0","0","0","0","0","0","0","0","0","0","0","0","0","0","0","0","0","0","0","3","0","0","0","0","0","0","0","0","0","0","0","0","0","0","0","0","0","0","0","0","0","0"
"0x7b03637b3960","      UIADD3 UR4, UP0, UR4, 0x40, URZ","2","0","2","65536","2097152","2097152","32","32","0","0","0","-","-","-","0","0","0","0","0","0","0","0","-","0","0","0","0","0","0","0","0","0","0","0","0","0","0","0","0","0","0","0","2","0","0","0","0","0","0","0","0","0","0","0","0","0","0","0","0","0","0","0","0","0","0"
"0x7b03637b3970","      IADD3.X R94, R162, UR5, RZ, P2, !PT","26","10","26","65536","2097152","2097152","32","32","0","0","0","-","-","-","0","0","0","0","0","0","0","0","-","0","0","0","0","0","0","0","0","0","0","0","0","0","12","0","0","0","0","6","6","0","0","0","2","0","0","0","0","0","0","0","10","0","0","0","0","0","0","0","0","0","0"
"0x7b03637b3980","      SHFL.BFLY PT, R187, R104, 0x2, 0x1f","6","0","6","65536","2097152","2097152","32","32","0","0","0","-","-","-","0","0","0","0","0","0","0","0","-","0","0","0","0","0","0","0","0","0","0","0","0","0","0","0","0","0","0","0","6","0","0","0","0","0","0","0","0","0","0","0","0","0","0","0","0","0","0","0","0","0","0"
"0x7b03637b3990","      ISETP.GE.AND P2, PT, R97, UR22, PT","1","0","1","65536","2097152","2097152","32","32","0","0","0","-","-","-","0","0","0","0","0","0","0","0","-","0","0","0","0","0","0","0","0","0","0","0","0","0","0","0","0","0","0","0","1","0","0","0","0","0","0","0","0","0","0","0","0","0","0","0","0","0","0","0","0","0","0"
"0x7b03637b39a0","      UIADD3.X UR5, URZ, UR5, URZ, UP0, !UPT","11","0","11","65536","2097152","2097152","32","32","0","0","0","-","-","-","0","0","0","0","0","0","0","0","-","0","0","0","0","0","0","0","0","0","0","0","0","0","0","0","0","0","0","0","11","0","0","0","0","0","0","0","0","0","0","0","0","0","0","0","0","0","0","0","0","0","0"
"0x7b03637b39b0","      ISETP.GE.U32.AND P5, PT, R96, R149, PT","2","0","2","65536","2097152","2097152","32","32","0","0","0","-","-","-","0","0","0","0","0","0","0","0","-","0","0","0","0","0","0","0","0","0","0","0","0","0","0","0","0","0","0","0","2","0","0","0","0","0","0","0","0","0","0","0","0","0","0","0","0","0","0","0","0","0","0"
"0x7b03637b39c0","      SEL R97, RZ, 0x10, P2","54","8","54","65536","2097152","2097152","32","32","0","0","0","-","-","-","0","0","0","0","0","0","0","0","-","0","0","0","0","0","0","0","0","0","0","0","0","0","9","0","0","0","0","38","4","0","0","0","3","0","0","0","0","0","0","0","6","0","0","0","0","0","0","0","0","0","2"
"0x7b03637b39d0","      ISETP.GE.AND P2, PT, R98, UR22, PT","22","6","22","65536","2097152","2097152","32","32","0","0","0","-","-","-","0","0","0","0","0","0","0","0","-","0","0","0","0","0","0","0","0","0","0","0","0","0","2","0","0","0","0","6","8","0","0","0","6","0","0","0","0","0","0","0","0","0","0","0","0","0","0","0","0","0","6"
"0x7b03637b39e0","      ISETP.GE.AND.EX P5, PT, R94, R159, PT, P5","21","4","21","65536","2097152","2097152","32","32","0","0","0","-","-","-","0","0","0","0","0","0","0","0","-","0","0","0","0","0","0","0","0","0","0","0","0","0","2","0","0","0","0","9","6","0","0","0","4","0","0","0","0","0","0","0","0","0","0","0","0","0","0","0","0","0","4"
"0x7b03637b39f0","      SEL R98, RZ, 0x10, P2","13","6","13","65536","2097152","2097152","32","32","0","0","0","-","-","-","0","0","0","0","0","0","0","0","-","0","0","0","0","0","0","0","0","0","0","0","0","0","0","0","0","0","0","3","4","0","0","0","6","0","0","0","0","0","0","0","0","0","0","0","0","0","0","0","0","0","6"
"0x7b03637b3a00","      ISETP.GE.AND P2, PT, R99, UR22, PT","9","7","9","65536","2097152","2097152","32","32","0","0","0","-","-","-","0","0","0","0","0","0","0","0","-","0","0","0","0","0","0","0","0","0","0","0","0","0","0","0","0","0","0","0","2","0","0","0","7","0","0","0","0","0","0","0","0","0","0","0","0","0","0","0","0","0","7"
"0x7b03637b3a10","      SEL R98, R98, RZ, !P5","8","5","8","65536","2097152","2097152","32","32","0","0","0","-","-","-","0","0","0","0","0","0","0","0","-","0","0","0","0","0","0","0","0","0","0","0","0","0","0","0","0","0","0","1","2","0","0","0","5","0","0","0","0","0","0","0","0","0","0","0","0","0","0","0","0","0","5"
"0x7b03637b3a20","      SEL R99, RZ, 0x10, P2","39","17","39","65536","2097152","2097152","32","32","0","0","0","-","-","-","0","0","0","0","0","0","0","0","-","0","0","0","0","0","0","0","0","0","0","0","0","0","15","0","0","0","0","22","0","0","0","0","2","0","0","0","0","0","0","0","15","0","0","0","0","0","0","0","0","0","2"
"0x7b03637b3a30","      ISETP.GE.AND P2, PT, R100, UR22, PT","37","2","37","65536","2097152","2097152","32","32","0","0","0","-","-","-","0","0","0","0","0","0","0","0","-","0","0","0","0","0","0","0","0","0","0","0","0","0","0","0","0","0","0","26","8","0","0","0","3","0","0","0","0","0","0","0","0","0","0","0","0","0","0","0","0","0","2"
"0x7b03637b3a40","      FMNMX R185, R102, R185, !PT","8","3","8","65536","2097152","2097152","32","32","0","0","0","-","-","-","0","0","0","0","0","0","0","0","-","0","0","0","0","0","0","0","0","0","0","0","0","0","1","0","0","0","0","0","4","0","0","0","3","0","0","0","0","0","0","0","0","0","0","0","0","0","0","0","0","0","3"
"0x7b03637b3a50","      SEL R100, RZ, 0x10, P2","11","6","11","65536","2097152","2097152","32","32","0","0","0","-","-","-","0","0","0","0","0","0","0","0","-","0","0","0","0","0","0","0","0","0","0","0","0","0","0","0","0","0","0","2","3","0","0","0","6","0","0","0","0","0","0","0","0","0","0","0","0","0","0","0","0","0","6"
"0x7b03637b3a60","      FMNMX R187, R104, R187, !PT","8","5","8","65536","2097152","2097152","32","32","0","0","0","-","-","-","0","0","0","0","0","0","0","0","-","0","0","0","0","0","0","0","0","0","0","0","0","0","0","0","0","0","0","1","2","0","0","0","5","0","0","0","0","0","0","0","0","0","0","0","0","0","0","0","0","0","5"
"0x7b03637b3a70","      SHFL.BFLY PT, R106, R185, 0x1, 0x1f","7","0","7","65536","2097152","2097152","32","32","0","0","0","-","-","-","0","0","0","0","0","0","0","0","-","0","0","0","0","0","0","0","0","0","0","0","0","0","0","0","0","0","0","0","7","0","0","0","0","0","0","0","0","0","0","0","0","0","0","0","0","0","0","0","0","0","0"
"0x7b03637b3a80","      SEL R99, R99, RZ, !P5","5","0","5","65536","2097152","2097152","32","32","0","0","0","-","-","-","0","0","0","0","0","0","0","0","-","0","0","0","0","0","0","0","0","0","0","0","0","0","0","0","0","0","0","0","5","0","0","0","0","0","0","0","0","0","0","0","0","0","0","0","0","0","0","0","0","0","0"
"0x7b03637b3a90","      SEL R100, R100, RZ, !P5","59","18","59","65536","2097152","2097152","32","32","0","0","0","-","-","-","0","0","0","0","0","0","0","0","-","0","0","0","0","0","0","0","0","0","0","0","0","0","18","0","0","0","0","30","5","0","0","0","6","0","0","0","0","0","0","0","15","0","0","0","0","0","0","0","0","0","3"
"0x7b03637b3aa0","      SHFL.BFLY PT, R108, R187, 0x1, 0x1f","2","0","2","65536","2097152","2097152","32","32","0","0","0","-","-","-","0","0","0","0","0","0","0","0","-","0","0","0","0","0","0","0","0","0","0","0","0","0","0","0","0","0","0","0","2","0","0","0","0","0","0","0","0","0","0","0","0","0","0","0","0","0","0","0","0","0","0"
"0x7b03637b3ab0","      ISETP.NE.U32.AND P3, PT, R98, RZ, PT","5","0","5","65536","2097152","2097152","32","32","0","0","0","-","-","-","0","0","0","0","0","0","0","0","-","0","0","0","0","0","0","0","0","0","0","0","0","0","0","0","0","0","0","0","5","0","0","0","0","0","0","0","0","0","0","0","0","0","0","0","0","0","0","0","0","0","0"
"0x7b03637b3ac0","      ISETP.NE.U32.AND P4, PT, R99, RZ, PT","56","2","56","65536","2097152","2097152","32","32","0","0","0","-","-","-","0","0","0","0","0","0","0","0","-","0","0","0","0","0","0","0","0","1","0","0","0","0","9","0","0","0","0","37","5","0","0","0","4","0","0","0","0","0","0","0","0","0","0","0","0","0","0","0","0","0","2"
"0x7b03637b3ad0","      FMNMX R106, R185, R106, !PT","70","19","70","65536","2097152","2097152","32","32","0","0","0","-","-","-","0","0","0","0","0","0","0","0","-","0","0","0","0","0","0","0","0","0","0","0","0","0","12","0","0","0","0","34","4","17","0","0","3","0","0","0","0","0","0","0","4","0","0","0","0","0","0","12","0","0","3"
"0x7b03637b3ae0","      FMNMX R108, R187, R108, !PT","55","31","55","65536","2097152","2097152","32","32","0","0","0","-","-","-","0","0","0","0","0","0","0","0","-","0","0","0","0","0","0","0","0","0","0","0","0","0","1","0","0","0","0","10","3","39","0","0","2","0","0","0","0","0","0","0","1","0","0","0","0","0","0","28","0","0","2"
"0x7b03637b3af0","      FMUL R189, R106, UR26","14","5","14","65536","2097152","2097152","32","32","0","0","0","-","-","-","0","0","0","0","0","0","0","0","-","0","0","0","0","0","0","0","0","0","0","0","0","0","0","0","0","0","0","2","4","0","0","0","8","0","0","0","0","0","0","0","0","0","0","0","0","0","0","0","0","0","5"
"0x7b03637b3b00","      FMUL R108, R108, UR26","14","1","14","65536","2097152","2097152","32","32","0","0","0","-","-","-","0","0","0","0","0","0","0","0","-","0","0","0","0","0","0","0","0","0","0","0","0","0","0","0","0","0","0","6","7","0","0","0","1","0","0","0","0","0","0","0","0","0","0","0","0","0","0","0","0","0","1"
"0x7b03637b3b10","      FMNMX R104, R189, R144, !PT","76","6","76","65536","2097152","2097152","32","32","0","0","0","-","-","-","0","0","0","0","0","0","0","0","-","0","0","0","0","0","0","0","0","1","0","0","0","0","15","0","0","0","0","49","5","0","0","0","6","0","0","0","0","0","0","0","3","0","0","0","0","0","0","0","0","0","3"
"0x7b03637b3b20","      FMNMX R102, R108, R143, !PT","27","2","27","65536","2097152","2097152","32","32","0","0","0","-","-","-","0","0","0","0","0","0","0","0","-","0","0","0","0","0","0","0","0","1","0","0","0","0","4","0","0","0","0","13","7","0","0","0","2","0","0","0","0","0","0","0","0","0","0","0","0","0","0","0","0","0","2"
"0x7b03637b3b30","      FFMA R176, R95, UR26, -R104","31","6","31","65536","2097152","2097152","32","32","0","0","0","-","-","-","0","0","0","0","0","0","0","0","-","0","0","0","0","0","0","0","0","1","0","0","0","0","0","0","0","0","0","19","3","0","0","0","8","0","0","0","0","0","0","0","0","0","0","0","0","0","0","0","0","0","6"
"0x7b03637b3b40","      FADD R95, -R104, R144","3","0","3","65536","2097152","2097152","32","32","0","0","0","-","-","-","0","0","0","0","0","0","0","0","-","0","0","0","0","0","0","0","0","0","0","0","0","0","0","0","0","0","0","0","3","0","0","0","0","0","0","0","0","0","0","0","0","0","0","0","0","0","0","0","0","0","0"
"0x7b03637b3b50","      FFMA R90, R90, UR26, -R104","3","0","3","65536","2097152","2097152","32","32","0","0","0","-","-","-","0","0","0","0","0","0","0","0","-","0","0","0","0","0","0","0","0","0","0","0","0","0","0","0","0","0","0","0","3","0","0","0","0","0","0","0","0","0","0","0","0","0","0","0","0","0","0","0","0","0","0"
"0x7b03637b3b60","      FFMA R103, R103, UR26, -R104","5","0","5","65536","2097152","2097152","32","32","0","0","0","-","-","-","0","0","0","0","0","0","0","0","-","0","0","0","0","0","0","0","0","0","0","0","0","0","0","0","0","0","0","0","5","0","0","0","0","0","0","0","0","0","0","0","0","0","0","0","0","0","0","0","0","0","0"
"0x7b03637b3b70","      FFMA R106, R107, UR26, -R102","1","0","1","65536","2097152","2097152","32","32","0","0","0","-","-","-","0","0","0","0","0","0","0","0","-","0","0","0","0","0","0","0","0","0","0","0","0","0","0","0","0","0","0","0","1","0","0","0","0","0","0","0","0","0","0","0","0","0","0","0","0","0","0","0","0","0","0"
"0x7b03637b3b80","      FFMA R114, R119, UR26, -R102","5","0","5","65536","2097152","2097152","32","32","0","0","0","-","-","-","0","0","0","0","0","0","0","0","-","0","0","0","0","0","0","0","0","1","0","0","0","0","0","0","0","0","0","0","4","0","0","0","0","0","0","0","0","0","0","0","0","0","0","0","0","0","0","0","0","0","0"
"0x7b03637b3b90","      FADD R188, -R102, R143","7","0","7","65536","2097152","2097152","32","32","0","0","0","-","-","-","0","0","0","0","0","0","0","0","-","0","0","0","0","0","0","0","0","4","0","0","0","0","0","0","0","0","0","0","3","0","0","0","0","0","0","0","0","0","0","0","0","0","0","0","0","0","0","0","0","0","0"
"0x7b03637b3ba0","      FFMA R105, R105, UR26, -R102","6","0","6","65536","2097152","2097152","32","32","0","0","0","-","-","-","0","0","0","0","0","0","0","0","-","0","0","0","0","0","0","0","0","5","0","0","0","0","0","0","0","0","0","0","1","0","0","0","0","0","0","0","0","0","0","0","0","0","0","0","0","0","0","0","0","0","0"
"0x7b03637b3bb0","      FFMA R101, R101, UR26, -R102","4","0","4","65536","2097152","2097152","32","32","0","0","0","-","-","-","0","0","0","0","0","0","0","0","-","0","0","0","0","0","0","0","0","0","0","0","0","0","0","0","0","0","0","0","4","0","0","0","0","0","0","0","0","0","0","0","0","0","0","0","0","0","0","0","0","0","0"
"0x7b03637b3bc0","      FFMA R110, R121, UR26, -R102","4","0","4","65536","2097152","2097152","32","32","0","0","0","-","-","-","0","0","0","0","0","0","0","0","-","0","0","0","0","0","0","0","0","1","0","0","0","0","0","0","0","0","0","0","3","0","0","0","0","0","0","0","0","0","0","0","0","0","0","0","0","0","0","0","0","0","0"
"0x7b03637b3bd0","      FFMA R117, R117, UR26, -R102","8","0","8","65536","2097152","2097152","32","32","0","0","0","-","-","-","0","0","0","0","0","0","0","0","-","0","0","0","0","0","0","0","0","0","0","0","0","0","0","0","0","0","0","0","8","0","0","0","0","0","0","0","0","0","0","0","0","0","0","0","0","0","0","0","0","0","0"
"0x7b03637b3be0","      FFMA R118, R127, UR26, -R102","7","0","7","65536","2097152","2097152","32","32","0","0","0","-","-","-","0","0","0","0","0","0","0","0","-","0","0","0","0","0","0","0","0","3","0","0","0","0","0","0","0","0","0","0","4","0","0","0","0","0","0","0","0","0","0","0","0","0","0","0","0","0","0","0","0","0","0"
"0x7b03637b3bf0","      FFMA R119, R129, UR26, -R102","2","0","2","65536","2097152","2097152","32","32","0","0","0","-","-","-","0","0","0","0","0","0","0","0","-","0","0","0","0","0","0","0","0","1","0","0","0","0","0","0","0","0","0","0","1","0","0","0","0","0","0","0","0","0","0","0","0","0","0","0","0","0","0","0","0","0","0"
"0x7b03637b3c00","      FFMA R174, R131, UR26, -R102","8","0","8","65536","2097152","2097152","32","32","0","0","0","-","-","-","0","0","0","0","0","0","0","0","-","0","0","0","0","0","0","0","0","3","0","0","0","0","0","0","0","0","0","0","5","0","0","0","0","0","0","0","0","0","0","0","0","0","0","0","0","0","0","0","0","0","0"
"0x7b03637b3c10","      FFMA R185, R133, UR26, -R102","6","0","6","65536","2097152","2097152","32","32","0","0","0","-","-","-","0","0","0","0","0","0","0","0","-","0","0","0","0","0","0","0","0","1","0","0","0","0","0","0","0","0","0","0","5","0","0","0","0","0","0","0","0","0","0","0","0","0","0","0","0","0","0","0","0","0","0"
"0x7b03637b3c20","      FFMA R178, R135, UR26, -R102","9","0","9","65536","2097152","2097152","32","32","0","0","0","-","-","-","0","0","0","0","0","0","0","0","-","0","0","0","0","0","0","0","0","3","0","0","0","0","0","0","0","0","0","0","6","0","0","0","0","0","0","0","0","0","0","0","0","0","0","0","0","0","0","0","0","0","0"
"0x7b03637b3c30","      FFMA R161, R161, UR26, -R102","10","0","10","65536","2097152","2097152","32","32","0","0","0","-","-","-","0","0","0","0","0","0","0","0","-","0","0","0","0","0","0","0","0","6","0","0","0","0","0","0","0","0","0","0","4","0","0","0","0","0","0","0","0","0","0","0","0","0","0","0","0","0","0","0","0","0","0"
"0x7b03637b3c40","      FFMA R173, R173, UR26, -R102","12","0","12","65536","2097152","2097152","32","32","0","0","0","-","-","-","0","0","0","0","0","0","0","0","-","0","0","0","0","0","0","0","0","1","0","0","0","0","0","0","0","0","0","0","11","0","0","0","0","0","0","0","0","0","0","0","0","0","0","0","0","0","0","0","0","0","0"
"0x7b03637b3c50","      FFMA R182, R175, UR26, -R102","6","0","6","65536","2097152","2097152","32","32","0","0","0","-","-","-","0","0","0","0","0","0","0","0","-","0","0","0","0","0","0","0","0","5","0","0","0","0","0","0","0","0","0","0","1","0","0","0","0","0","0","0","0","0","0","0","0","0","0","0","0","0","0","0","0","0","0"
"0x7b03637b3c60","      FFMA R181, R181, UR26, -R102","4","0","4","65536","2097152","2097152","32","32","0","0","0","-","-","-","0","0","0","0","0","0","0","0","-","0","0","0","0","0","0","0","0","1","0","0","0","0","0","0","0","0","0","0","3","0","0","0","0","0","0","0","0","0","0","0","0","0","0","0","0","0","0","0","0","0","0"
"0x7b03637b3c70","      FFMA R186, R183, UR26, -R102","6","0","6","65536","2097152","2097152","32","32","0","0","0","-","-","-","0","0","0","0","0","0","0","0","-","0","0","0","0","0","0","0","0","3","0","0","0","0","0","0","0","0","0","0","3","0","0","0","0","0","0","0","0","0","0","0","0","0","0","0","0","0","0","0","0","0","0"
"0x7b03637b3c80","      FFMA R109, R109, UR26, -R104","5","0","5","65536","2097152","2097152","32","32","0","0","0","-","-","-","0","0","0","0","0","0","0","0","-","0","0","0","0","0","0","0","0","1","0","0","0","0","0","0","0","0","0","0","4","0","0","0","0","0","0","0","0","0","0","0","0","0","0","0","0","0","0","0","0","0","0"
"0x7b03637b3c90","      FFMA R108, R111, UR26, -R104","11","0","11","65536","2097152","2097152","32","32","0","0","0","-","-","-","0","0","0","0","0","0","0","0","-","0","0","0","0","0","0","0","0","5","0","0","0","0","0","0","0","0","0","0","6","0","0","0","0","0","0","0","0","0","0","0","0","0","0","0","0","0","0","0","0","0","0"
"0x7b03637b3ca0","      FFMA R113, R113, UR26, -R104","7","0","7","65536","2097152","2097152","32","32","0","0","0","-","-","-","0","0","0","0","0","0","0","0","-","0","0","0","0","0","0","0","0","2","0","0","0","0","0","0","0","0","0","0","5","0","0","0","0","0","0","0","0","0","0","0","0","0","0","0","0","0","0","0","0","0","0"
"0x7b03637b3cb0","      FFMA R112, R115, UR26, -R104","2","0","2","65536","2097152","2097152","32","32","0","0","0","-","-","-","0","0","0","0","0","0","0","0","-","0","0","0","0","0","0","0","0","2","0","0","0","0","0","0","0","0","0","0","0","0","0","0","0","0","0","0","0","0","0","0","0","0","0","0","0","0","0","0","0","0","0"
"0x7b03637b3cc0","      FFMA R107, R123, UR26, -R104","6","0","6","65536","2097152","2097152","32","32","0","0","0","-","-","-","0","0","0","0","0","0","0","0","-","0","0","0","0","0","0","0","0","1","0","0","0","0","0","0","0","0","0","0","5","0","0","0","0","0","0","0","0","0","0","0","0","0","0","0","0","0","0","0","0","0","0"
"0x7b03637b3cd0","      FFMA R116, R125, UR26, -R104","9","0","9","65536","2097152","2097152","32","32","0","0","0","-","-","-","0","0","0","0","0","0","0","0","-","0","0","0","0","0","0","0","0","3","0","0","0","0","0","0","0","0","0","0","6","0","0","0","0","0","0","0","0","0","0","0","0","0","0","0","0","0","0","0","0","0","0"
"0x7b03637b3ce0","      FFMA R91, R91, UR26, -R104","8","0","8","65536","2097152","2097152","32","32","0","0","0","-","-","-","0","0","0","0","0","0","0","0","-","0","0","0","0","0","0","0","0","5","0","0","0","0","0","0","0","0","0","0","3","0","0","0","0","0","0","0","0","0","0","0","0","0","0","0","0","0","0","0","0","0","0"
"0x7b03637b3cf0","      FFMA R92, R92, UR26, -R104","5","0","5","65536","2097152","2097152","32","32","0","0","0","-","-","-","0","0","0","0","0","0","0","0","-","0","0","0","0","0","0","0","0","1","0","0","0","0","0","0","0","0","0","0","4","0","0","0","0","0","0","0","0","0","0","0","0","0","0","0","0","0","0","0","0","0","0"
"0x7b03637b3d00","      FFMA R93, R93, UR26, -R104","8","0","8","65536","2097152","2097152","32","32","0","0","0","-","-","-","0","0","0","0","0","0","0","0","-","0","0","0","0","0","0","0","0","4","0","0","0","0","0","0","0","0","2","0","2","0","0","0","0","0","0","0","0","0","0","0","0","0","0","0","0","0","0","0","0","0","0"
"0x7b03637b3d10","      FFMA R163, R163, UR26, -R104","5","0","5","65536","2097152","2097152","32","32","0","0","0","-","-","-","0","0","0","0","0","0","0","0","-","0","0","0","0","0","0","0","0","1","0","0","0","0","0","0","0","0","0","0","4","0","0","0","0","0","0","0","0","0","0","0","0","0","0","0","0","0","0","0","0","0","0"
"0x7b03637b3d20","      FFMA R180, R171, UR26, -R104","8","0","8","65536","2097152","2097152","32","32","0","0","0","-","-","-","0","0","0","0","0","0","0","0","-","0","0","0","0","0","0","0","0","1","0","0","0","0","0","0","0","0","0","0","7","0","0","0","0","0","0","0","0","0","0","0","0","0","0","0","0","0","0","0","0","0","0"
"0x7b03637b3d30","      FFMA R177, R177, UR26, -R104","5","0","5","65536","2097152","2097152","32","32","0","0","0","-","-","-","0","0","0","0","0","0","0","0","-","0","0","0","0","0","0","0","0","2","0","0","0","0","0","0","0","0","0","0","3","0","0","0","0","0","0","0","0","0","0","0","0","0","0","0","0","0","0","0","0","0","0"
"0x7b03637b3d40","      FFMA R184, R179, UR26, -R104","7","0","7","65536","2097152","2097152","32","32","0","0","0","-","-","-","0","0","0","0","0","0","0","0","-","0","0","0","0","0","0","0","0","0","0","0","0","0","0","0","0","0","0","0","7","0","0","0","0","0","0","0","0","0","0","0","0","0","0","0","0","0","0","0","0","0","0"
"0x7b03637b3d50","      FMUL R26, R26, R188","2","0","2","65536","2097152","2097152","32","32","0","0","0","-","-","-","0","0","0","0","0","0","0","0","-","0","0","0","0","0","0","0","0","1","0","0","0","0","0","0","0","0","0","0","1","0","0","0","0","0","0","0","0","0","0","0","0","0","0","0","0","0","0","0","0","0","0"
"0x7b03637b3d60","      FMUL R27, R27, R188","9","0","9","65536","2097152","2097152","32","32","0","0","0","-","-","-","0","0","0","0","0","0","0","0","-","0","0","0","0","0","0","0","0","4","0","0","0","0","0","0","0","0","0","0","5","0","0","0","0","0","0","0","0","0","0","0","0","0","0","0","0","0","0","0","0","0","0"
"0x7b03637b3d70","      FMUL R30, R30, R188","9","0","9","65536","2097152","2097152","32","32","0","0","0","-","-","-","0","0","0","0","0","0","0","0","-","0","0","0","0","0","0","0","0","6","0","0","0","0","0","0","0","0","0","0","3","0","0","0","0","0","0","0","0","0","0","0","0","0","0","0","0","0","0","0","0","0","0"
"0x7b03637b3d80","      FMUL R31, R31, R188","7","0","7","65536","2097152","2097152","32","32","0","0","0","-","-","-","0","0","0","0","0","0","0","0","-","0","0","0","0","0","0","0","0","3","0","0","0","0","0","0","0","0","0","0","4","0","0","0","0","0","0","0","0","0","0","0","0","0","0","0","0","0","0","0","0","0","0"
"0x7b03637b3d90","      FMUL R34, R34, R188","4","0","4","65536","2097152","2097152","32","32","0","0","0","-","-","-","0","0","0","0","0","0","0","0","-","0","0","0","0","0","0","0","0","1","0","0","0","0","0","0","0","0","0","0","3","0","0","0","0","0","0","0","0","0","0","0","0","0","0","0","0","0","0","0","0","0","0"
"0x7b03637b3da0","      FMUL R35, R35, R188","3","0","3","65536","2097152","2097152","32","32","0","0","0","-","-","-","0","0","0","0","0","0","0","0","-","0","0","0","0","0","0","0","0","1","0","0","0","0","0","0","0","0","0","0","2","0","0","0","0","0","0","0","0","0","0","0","0","0","0","0","0","0","0","0","0","0","0"
"0x7b03637b3db0","      FMUL R38, R38, R188","7","0","7","65536","2097152","2097152","32","32","0","0","0","-","-","-","0","0","0","0","0","0","0","0","-","0","0","0","0","0","0","0","0","2","0","0","0","0","0","0","0","0","0","0","5","0","0","0","0","0","0","0","0","0","0","0","0","0","0","0","0","0","0","0","0","0","0"
"0x7b03637b3dc0","      FMUL R39, R39, R188","7","0","7","65536","2097152","2097152","32","32","0","0","0","-","-","-","0","0","0","0","0","0","0","0","-","0","0","0","0","0","0","0","0","0","0","0","0","0","0","0","0","0","0","0","7","0","0","0","0","0","0","0","0","0","0","0","0","0","0","0","0","0","0","0","0","0","0"
"0x7b03637b3dd0","      FMUL R42, R42, R188","3","0","3","65536","2097152","2097152","32","32","0","0","0","-","-","-","0","0","0","0","0","0","0","0","-","0","0","0","0","0","0","0","0","0","0","0","0","0","0","0","0","0","0","0","3","0","0","0","0","0","0","0","0","0","0","0","0","0","0","0","0","0","0","0","0","0","0"
"0x7b03637b3de0","      FMUL R43, R43, R188","1","0","1","65536","2097152","2097152","32","32","0","0","0","-","-","-","0","0","0","0","0","0","0","0","-","0","0","0","0","0","0","0","0","0","0","0","0","0","0","0","0","0","0","0","1","0","0","0","0","0","0","0","0","0","0","0","0","0","0","0","0","0","0","0","0","0","0"
"0x7b03637b3df0","      FMUL R46, R46, R188","8","0","8","65536","2097152","2097152","32","32","0","0","0","-","-","-","0","0","0","0","0","0","0","0","-","0","0","0","0","0","0","0","0","3","0","0","0","0","0","0","0","0","0","0","5","0","0","0","0","0","0","0","0","0","0","0","0","0","0","0","0","0","0","0","0","0","0"
"0x7b03637b3e00","      FMUL R47, R47, R188","4","0","4","65536","2097152","2097152","32","32","0","0","0","-","-","-","0","0","0","0","0","0","0","0","-","0","0","0","0","0","0","0","0","0","0","0","0","0","0","0","0","0","0","0","4","0","0","0","0","0","0","0","0","0","0","0","0","0","0","0","0","0","0","0","0","0","0"
"0x7b03637b3e10","      FMUL R50, R50, R188","4","0","4","65536","2097152","2097152","32","32","0","0","0","-","-","-","0","0","0","0","0","0","0","0","-","0","0","0","0","0","0","0","0","0","0","0","0","0","0","0","0","0","0","0","4","0","0","0","0","0","0","0","0","0","0","0","0","0","0","0","0","0","0","0","0","0","0"
"0x7b03637b3e20","      FMUL R51, R51, R188","3","0","3","65536","2097152","2097152","32","32","0","0","0","-","-","-","0","0","0","0","0","0","0","0","-","0","0","0","0","0","0","0","0","0","0","0","0","0","0","0","0","0","0","0","3","0","0","0","0","0","0","0","0","0","0","0","0","0","0","0","0","0","0","0","0","0","0"
"0x7b03637b3e30","      FMUL R54, R54, R188","6","0","6","65536","2097152","2097152","32","32","0","0","0","-","-","-","0","0","0","0","0","0","0","0","-","0","0","0","0","0","0","0","0","2","0","0","0","0","0","0","0","0","0","0","4","0","0","0","0","0","0","0","0","0","0","0","0","0","0","0","0","0","0","0","0","0","0"
"0x7b03637b3e40","      FMUL R55, R55, R188","4","0","4","65536","2097152","2097152","32","32","0","0","0","-","-","-","0","0","0","0","0","0","0","0","-","0","0","0","0","0","0","0","0","0","0","0","0","0","0","0","0","0","0","0","4","0","0","0","0","0","0","0","0","0","0","0","0","0","0","0","0","0","0","0","0","0","0"
"0x7b03637b3e50","      FMUL R58, R58, R188","2","0","2","65536","2097152","2097152","32","32","0","0","0","-","-","-","0","0","0","0","0","0","0","0","-","0","0","0","0","0","0","0","0","0","0","0","0","0","0","0","0","0","0","0","2","0","0","0","0","0","0","0","0","0","0","0","0","0","0","0","0","0","0","0","0","0","0"
"0x7b03637b3e60","      FMUL R59, R59, R188","3","0","3","65536","2097152","2097152","32","32","0","0","0","-","-","-","0","0","0","0","0","0","0","0","-","0","0","0","0","0","0","0","0","0","0","0","0","0","0","0","0","0","0","0","3","0","0","0","0","0","0","0","0","0","0","0","0","0","0","0","0","0","0","0","0","0","0"
"0x7b03637b3e70","      FMUL R62, R62, R188","6","0","6","65536","2097152","2097152","32","32","0","0","0","-","-","-","0","0","0","0","0","0","0","0","-","0","0","0","0","0","0","0","0","1","0","0","0","0","0","0","0","0","0","0","5","0","0","0","0","0","0","0","0","0","0","0","0","0","0","0","0","0","0","0","0","0","0"
"0x7b03637b3e80","      FMUL R63, R63, R188","4","0","4","65536","2097152","2097152","32","32","0","0","0","-","-","-","0","0","0","0","0","0","0","0","-","0","0","0","0","0","0","0","0","0","0","0","0","0","0","0","0","0","0","1","3","0","0","0","0","0","0","0","0","0","0","0","0","0","0","0","0","0","0","0","0","0","0"
"0x7b03637b3e90","      FMUL R66, R66, R188","4","0","4","65536","2097152","2097152","32","32","0","0","0","-","-","-","0","0","0","0","0","0","0","0","-","0","0","0","0","0","0","0","0","0","0","0","0","0","0","0","0","0","0","0","4","0","0","0","0","0","0","0","0","0","0","0","0","0","0","0","0","0","0","0","0","0","0"
"0x7b03637b3ea0","      FMUL R67, R67, R188","6","0","6","65536","2097152","2097152","32","32","0","0","0","-","-","-","0","0","0","0","0","0","0","0","-","0","0","0","0","0","0","0","0","0","0","0","0","0","0","0","0","0","0","0","6","0","0","0","0","0","0","0","0","0","0","0","0","0","0","0","0","0","0","0","0","0","0"
"0x7b03637b3eb0","      FMUL R70, R70, R188","7","0","7","65536","2097152","2097152","32","32","0","0","0","-","-","-","0","0","0","0","0","0","0","0","-","0","0","0","0","0","0","0","0","0","0","0","0","0","0","0","0","0","0","0","7","0","0","0","0","0","0","0","0","0","0","0","0","0","0","0","0","0","0","0","0","0","0"
"0x7b03637b3ec0","      FMUL R71, R71, R188","4","0","4","65536","2097152","2097152","32","32","0","0","0","-","-","-","0","0","0","0","0","0","0","0","-","0","0","0","0","0","0","0","0","0","0","0","0","0","0","0","0","0","0","0","4","0","0","0","0","0","0","0","0","0","0","0","0","0","0","0","0","0","0","0","0","0","0"
"0x7b03637b3ed0","      FMUL R74, R74, R188","7","0","7","65536","2097152","2097152","32","32","0","0","0","-","-","-","0","0","0","0","0","0","0","0","-","0","0","0","0","0","0","0","0","0","0","0","0","0","0","0","0","0","0","0","7","0","0","0","0","0","0","0","0","0","0","0","0","0","0","0","0","0","0","0","0","0","0"
"0x7b03637b3ee0","      FMUL R75, R75, R188","3","0","3","65536","2097152","2097152","32","32","0","0","0","-","-","-","0","0","0","0","0","0","0","0","-","0","0","0","0","0","0","0","0","0","0","0","0","0","0","0","0","0","0","0","3","0","0","0","0","0","0","0","0","0","0","0","0","0","0","0","0","0","0","0","0","0","0"
"0x7b03637b3ef0","      FMUL R78, R78, R188","5","0","5","65536","2097152","2097152","32","32","0","0","0","-","-","-","0","0","0","0","0","0","0","0","-","0","0","0","0","0","0","0","0","0","0","0","0","0","0","0","0","0","0","0","5","0","0","0","0","0","0","0","0","0","0","0","0","0","0","0","0","0","0","0","0","0","0"
"0x7b03637b3f00","      FMUL R79, R79, R188","7","0","7","65536","2097152","2097152","32","32","0","0","0","-","-","-","0","0","0","0","0","0","0","0","-","0","0","0","0","0","0","0","0","0","0","0","0","0","0","0","0","0","0","0","7","0","0","0","0","0","0","0","0","0","0","0","0","0","0","0","0","0","0","0","0","0","0"
"0x7b03637b3f10","      FMUL R82, R82, R188","2","0","2","65536","2097152","2097152","32","32","0","0","0","-","-","-","0","0","0","0","0","0","0","0","-","0","0","0","0","0","0","0","0","0","0","0","0","0","0","0","0","0","0","0","2","0","0","0","0","0","0","0","0","0","0","0","0","0","0","0","0","0","0","0","0","0","0"
"0x7b03637b3f20","      FMUL R83, R83, R188","4","0","4","65536","2097152","2097152","32","32","0","0","0","-","-","-","0","0","0","0","0","0","0","0","-","0","0","0","0","0","0","0","0","0","0","0","0","0","0","0","0","0","0","0","4","0","0","0","0","0","0","0","0","0","0","0","0","0","0","0","0","0","0","0","0","0","0"
"0x7b03637b3f30","      FMUL R86, R86, R188","2","0","2","65536","2097152","2097152","32","32","0","0","0","-","-","-","0","0","0","0","0","0","0","0","-","0","0","0","0","0","0","0","0","1","0","0","0","0","0","0","0","0","0","0","1","0","0","0","0","0","0","0","0","0","0","0","0","0","0","0","0","0","0","0","0","0","0"
"0x7b03637b3f40","      FMUL R87, R87, R188","5","0","5","65536","2097152","2097152","32","32","0","0","0","-","-","-","0","0","0","0","0","0","0","0","-","0","0","0","0","0","0","0","0","0","0","0","0","0","0","0","0","0","0","0","5","0","0","0","0","0","0","0","0","0","0","0","0","0","0","0","0","0","0","0","0","0","0"
"0x7b03637b3f50","      FMUL R24, R24, R95","2","0","2","65536","2097152","2097152","32","32","0","0","0","-","-","-","0","0","0","0","0","0","0","0","-","0","0","0","0","0","0","0","0","0","0","0","0","0","0","0","0","0","0","0","2","0","0","0","0","0","0","0","0","0","0","0","0","0","0","0","0","0","0","0","0","0","0"
"0x7b03637b3f60","      FMUL R25, R25, R95","4","0","4","65536","2097152","2097152","32","32","0","0","0","-","-","-","0","0","0","0","0","0","0","0","-","0","0","0","0","0","0","0","0","0","0","0","0","0","0","0","0","0","0","0","4","0","0","0","0","0","0","0","0","0","0","0","0","0","0","0","0","0","0","0","0","0","0"
"0x7b03637b3f70","      FMUL R28, R28, R95","6","0","6","65536","2097152","2097152","32","32","0","0","0","-","-","-","0","0","0","0","0","0","0","0","-","0","0","0","0","0","0","0","0","0","0","0","0","0","0","0","0","0","0","0","6","0","0","0","0","0","0","0","0","0","0","0","0","0","0","0","0","0","0","0","0","0","0"
"0x7b03637b3f80","      FMUL R29, R29, R95","5","0","5","65536","2097152","2097152","32","32","0","0","0","-","-","-","0","0","0","0","0","0","0","0","-","0","0","0","0","0","0","0","0","0","0","0","0","0","0","0","0","0","0","1","4","0","0","0","0","0","0","0","0","0","0","0","0","0","0","0","0","0","0","0","0","0","0"
"0x7b03637b3f90","      FMUL R32, R32, R95","3","0","3","65536","2097152","2097152","32","32","0","0","0","-","-","-","0","0","0","0","0","0","0","0","-","0","0","0","0","0","0","0","0","0","0","0","0","0","0","0","0","0","0","0","3","0","0","0","0","0","0","0","0","0","0","0","0","0","0","0","0","0","0","0","0","0","0"
"0x7b03637b3fa0","      FMUL R33, R33, R95","6","0","6","65536","2097152","2097152","32","32","0","0","0","-","-","-","0","0","0","0","0","0","0","0","-","0","0","0","0","0","0","0","0","0","0","0","0","0","0","0","0","0","0","0","6","0","0","0","0","0","0","0","0","0","0","0","0","0","0","0","0","0","0","0","0","0","0"
"0x7b03637b3fb0","      FMUL R36, R36, R95","6","0","6","65536","2097152","2097152","32","32","0","0","0","-","-","-","0","0","0","0","0","0","0","0","-","0","0","0","0","0","0","0","0","0","0","0","0","0","0","0","0","0","0","0","6","0","0","0","0","0","0","0","0","0","0","0","0","0","0","0","0","0","0","0","0","0","0"
"0x7b03637b3fc0","      FMUL R37, R37, R95","4","0","4","65536","2097152","2097152","32","32","0","0","0","-","-","-","0","0","0","0","0","0","0","0","-","0","0","0","0","0","0","0","0","0","0","0","0","0","0","0","0","0","0","0","4","0","0","0","0","0","0","0","0","0","0","0","0","0","0","0","0","0","0","0","0","0","0"
"0x7b03637b3fd0","      FMUL R40, R40, R95","3","0","3","65536","2097152","2097152","32","32","0","0","0","-","-","-","0","0","0","0","0","0","0","0","-","0","0","0","0","0","0","0","0","0","0","0","0","0","0","0","0","0","0","0","3","0","0","0","0","0","0","0","0","0","0","0","0","0","0","0","0","0","0","0","0","0","0"
"0x7b03637b3fe0","      FMUL R41, R41, R95","2","0","2","65536","2097152","2097152","32","32","0","0","0","-","-","-","0","0","0","0","0","0","0","0","-","0","0","0","0","0","0","0","0","0","0","0","0","0","0","0","0","0","0","0","2","0","0","0","0","0","0","0","0","0","0","0","0","0","0","0","0","0","0","0","0","0","0"
"0x7b03637b3ff0","      FMUL R44, R44, R95","3","0","3","65536","2097152","2097152","32","32","0","0","0","-","-","-","0","0","0","0","0","0","0","0","-","0","0","0","0","0","0","0","0","0","0","0","0","0","0","0","0","0","0","0","3","0","0","0","0","0","0","0","0","0","0","0","0","0","0","0","0","0","0","0","0","0","0"
"0x7b03637b4000","      FMUL R45, R45, R95","2","0","2","65536","2097152","2097152","32","32","0","0","0","-","-","-","0","0","0","0","0","0","0","0","-","0","0","0","0","0","0","0","0","0","0","0","0","0","0","0","0","0","0","0","2","0","0","0","0","0","0","0","0","0","0","0","0","0","0","0","0","0","0","0","0","0","0"
"0x7b03637b4010","      FMUL R48, R48, R95","4","0","4","65536","2097152","2097152","32","32","0","0","0","-","-","-","0","0","0","0","0","0","0","0","-","0","0","0","0","0","0","0","0","0","0","0","0","0","0","0","0","0","0","0","4","0","0","0","0","0","0","0","0","0","0","0","0","0","0","0","0","0","0","0","0","0","0"
"0x7b03637b4020","      FMUL R49, R49, R95","3","0","3","65536","2097152","2097152","32","32","0","0","0","-","-","-","0","0","0","0","0","0","0","0","-","0","0","0","0","0","0","0","0","0","0","0","0","0","0","0","0","0","0","0","3","0","0","0","0","0","0","0","0","0","0","0","0","0","0","0","0","0","0","0","0","0","0"
"0x7b03637b4030","      FMUL R52, R52, R95","2","0","2","65536","2097152","2097152","32","32","0","0","0","-","-","-","0","0","0","0","0","0","0","0","-","0","0","0","0","0","0","0","0","0","0","0","0","0","0","0","0","0","0","0","2","0","0","0","0","0","0","0","0","0","0","0","0","0","0","0","0","0","0","0","0","0","0"
"0x7b03637b4040","      FMUL R53, R53, R95","6","0","6","65536","2097152","2097152","32","32","0","0","0","-","-","-","0","0","0","0","0","0","0","0","-","0","0","0","0","0","0","0","0","0","0","0","0","0","0","0","0","0","0","0","6","0","0","0","0","0","0","0","0","0","0","0","0","0","0","0","0","0","0","0","0","0","0"
"0x7b03637b4050","      FMUL R56, R56, R95","4","0","4","65536","2097152","2097152","32","32","0","0","0","-","-","-","0","0","0","0","0","0","0","0","-","0","0","0","0","0","0","0","0","0","0","0","0","0","0","0","0","0","0","0","4","0","0","0","0","0","0","0","0","0","0","0","0","0","0","0","0","0","0","0","0","0","0"
"0x7b03637b4060","      FMUL R57, R57, R95","2","0","2","65536","2097152","2097152","32","32","0","0","0","-","-","-","0","0","0","0","0","0","0","0","-","0","0","0","0","0","0","0","0","0","0","0","0","0","0","0","0","0","0","0","2","0","0","0","0","0","0","0","0","0","0","0","0","0","0","0","0","0","0","0","0","0","0"
"0x7b03637b4070","      FMUL R60, R60, R95","0","0","0","65536","2097152","2097152","32","32","0","0","0","-","-","-","0","0","0","0","0","0","0","0","-","0","0","0","0","0","0","0","0","0","0","0","0","0","0","0","0","0","0","0","0","0","0","0","0","0","0","0","0","0","0","0","0","0","0","0","0","0","0","0","0","0","0"
"0x7b03637b4080","      FMUL R61, R61, R95","2","0","2","65536","2097152","2097152","32","32","0","0","0","-","-","-","0","0","0","0","0","0","0","0","-","0","0","0","0","0","0","0","0","0","0","0","0","0","0","0","0","0","0","0","2","0","0","0","0","0","0","0","0","0","0","0","0","0","0","0","0","0","0","0","0","0","0"
"0x7b03637b4090","      FMUL R64, R64, R95","4","0","4","65536","2097152","2097152","32","32","0","0","0","-","-","-","0","0","0","0","0","0","0","0","-","0","0","0","0","0","0","0","0","0","0","0","0","0","0","0","0","0","0","0","4","0","0","0","0","0","0","0","0","0","0","0","0","0","0","0","0","0","0","0","0","0","0"
"0x7b03637b40a0","      FMUL R65, R65, R95","3","0","3","65536","2097152","2097152","32","32","0","0","0","-","-","-","0","0","0","0","0","0","0","0","-","0","0","0","0","0","0","0","0","0","0","0","0","0","0","0","0","0","0","0","3","0","0","0","0","0","0","0","0","0","0","0","0","0","0","0","0","0","0","0","0","0","0"
"0x7b03637b40b0","      FMUL R68, R68, R95","2","0","2","65536","2097152","2097152","32","32","0","0","0","-","-","-","0","0","0","0","0","0","0","0","-","0","0","0","0","0","0","0","0","0","0","0","0","0","0","0","0","0","0","0","2","0","0","0","0","0","0","0","0","0","0","0","0","0","0","0","0","0","0","0","0","0","0"
"0x7b03637b40c0","      FMUL R69, R69, R95","7","0","7","65536","2097152","2097152","32","32","0","0","0","-","-","-","0","0","0","0","0","0","0","0","-","0","0","0","0","0","0","0","0","0","0","0","0","0","0","0","0","0","0","0","7","0","0","0","0","0","0","0","0","0","0","0","0","0","0","0","0","0","0","0","0","0","0"
"0x7b03637b40d0","      FMUL R72, R72, R95","5","0","5","65536","2097152","2097152","32","32","0","0","0","-","-","-","0","0","0","0","0","0","0","0","-","0","0","0","0","0","0","0","0","0","0","0","0","0","0","0","0","0","0","0","5","0","0","0","0","0","0","0","0","0","0","0","0","0","0","0","0","0","0","0","0","0","0"
"0x7b03637b40e0","      FMUL R73, R73, R95","2","0","2","65536","2097152","2097152","32","32","0","0","0","-","-","-","0","0","0","0","0","0","0","0","-","0","0","0","0","0","0","0","0","0","0","0","0","0","0","0","0","0","0","0","2","0","0","0","0","0","0","0","0","0","0","0","0","0","0","0","0","0","0","0","0","0","0"
"0x7b03637b40f0","      FMUL R76, R76, R95","6","0","6","65536","2097152","2097152","32","32","0","0","0","-","-","-","0","0","0","0","0","0","0","0","-","0","0","0","0","0","0","0","0","0","0","0","0","0","0","0","0","0","0","0","6","0","0","0","0","0","0","0","0","0","0","0","0","0","0","0","0","0","0","0","0","0","0"
"0x7b03637b4100","      FMUL R77, R77, R95","4","0","4","65536","2097152","2097152","32","32","0","0","0","-","-","-","0","0","0","0","0","0","0","0","-","0","0","0","0","0","0","0","0","0","0","0","0","0","0","0","0","0","0","1","3","0","0","0","0","0","0","0","0","0","0","0","0","0","0","0","0","0","0","0","0","0","0"
"0x7b03637b4110","      FMUL R80, R80, R95","7","0","7","65536","2097152","2097152","32","32","0","0","0","-","-","-","0","0","0","0","0","0","0","0","-","0","0","0","0","0","0","0","0","0","0","0","0","0","0","0","0","0","0","0","7","0","0","0","0","0","0","0","0","0","0","0","0","0","0","0","0","0","0","0","0","0","0"
"0x7b03637b4120","      FMUL R81, R81, R95","4","0","4","65536","2097152","2097152","32","32","0","0","0","-","-","-","0","0","0","0","0","0","0","0","-","0","0","0","0","0","0","0","0","0","0","0","0","0","0","0","0","0","0","0","4","0","0","0","0","0","0","0","0","0","0","0","0","0","0","0","0","0","0","0","0","0","0"
"0x7b03637b4130","      FMUL R84, R84, R95","3","0","3","65536","2097152","2097152","32","32","0","0","0","-","-","-","0","0","0","0","0","0","0","0","-","0","0","0","0","0","0","0","0","0","0","0","0","0","0","0","0","0","0","0","3","0","0","0","0","0","0","0","0","0","0","0","0","0","0","0","0","0","0","0","0","0","0"
"0x7b03637b4140","      FMUL R85, R85, R95","5","0","5","65536","2097152","2097152","32","32","0","0","0","-","-","-","0","0","0","0","0","0","0","0","-","0","0","0","0","0","0","0","0","0","0","0","0","0","0","0","0","0","0","0","5","0","0","0","0","0","0","0","0","0","0","0","0","0","0","0","0","0","0","0","0","0","0"
"0x7b03637b4150","      F2FP.F16.F32.PACK_AB R121, R106, R105","6","0","6","65536","2097152","2097152","32","32","0","0","0","-","-","-","0","0","0","0","0","0","0","0","-","0","0","0","0","0","0","0","0","0","0","0","0","0","0","0","0","0","0","0","6","0","0","0","0","0","0","0","0","0","0","0","0","0","0","0","0","0","0","0","0","0","0"
"0x7b03637b4160","      FADD R106, R105, R106","1","0","1","65536","2097152","2097152","32","32","0","0","0","-","-","-","0","0","0","0","0","0","0","0","-","0","0","0","0","0","0","0","0","0","0","0","0","0","0","0","0","0","0","0","1","0","0","0","0","0","0","0","0","0","0","0","0","0","0","0","0","0","0","0","0","0","0"
"0x7b03637b4170","      F2FP.F16.F32.PACK_AB R120, R103, R90","4","0","4","65536","2097152","2097152","32","32","0","0","0","-","-","-","0","0","0","0","0","0","0","0","-","0","0","0","0","0","0","0","0","0","0","0","0","0","0","0","0","0","0","0","4","0","0","0","0","0","0","0","0","0","0","0","0","0","0","0","0","0","0","0","0","0","0"
"0x7b03637b4180","      FADD R90, R90, R103","6","0","6","65536","2097152","2097152","32","32","0","0","0","-","-","-","0","0","0","0","0","0","0","0","-","0","0","0","0","0","0","0","0","0","0","0","0","0","0","0","0","0","0","0","6","0","0","0","0","0","0","0","0","0","0","0","0","0","0","0","0","0","0","0","0","0","0"
"0x7b03637b4190","      F2FP.F16.F32.PACK_AB R122, R108, R109","1","0","1","65536","2097152","2097152","32","32","0","0","0","-","-","-","0","0","0","0","0","0","0","0","-","0","0","0","0","0","0","0","0","0","0","0","0","0","0","0","0","0","0","0","1","0","0","0","0","0","0","0","0","0","0","0","0","0","0","0","0","0","0","0","0","0","0"
"0x7b03637b41a0","      IMAD.MOV.U32 R144, RZ, RZ, R104","5","0","5","65536","2097152","2097152","32","32","0","0","0","-","-","-","0","0","0","0","0","0","0","0","-","0","0","0","0","0","0","0","0","0","0","0","0","0","0","0","0","0","0","0","5","0","0","0","0","0","0","0","0","0","0","0","0","0","0","0","0","0","0","0","0","0","0"
"0x7b03637b41b0","      F2FP.F16.F32.PACK_AB R123, R110, R101","3","0","3","65536","2097152","2097152","32","32","0","0","0","-","-","-","0","0","0","0","0","0","0","0","-","0","0","0","0","0","0","0","0","0","0","0","0","0","0","0","0","0","0","0","3","0","0","0","0","0","0","0","0","0","0","0","0","0","0","0","0","0","0","0","0","0","0"
"0x7b03637b41c0","      FADD R101, R101, R106","5","0","5","65536","2097152","2097152","32","32","0","0","0","-","-","-","0","0","0","0","0","0","0","0","-","0","0","0","0","0","0","0","0","0","0","0","0","0","0","0","0","0","0","0","5","0","0","0","0","0","0","0","0","0","0","0","0","0","0","0","0","0","0","0","0","0","0"
"0x7b03637b41d0","      F2FP.F16.F32.PACK_AB R124, R112, R113","2","0","2","65536","2097152","2097152","32","32","0","0","0","-","-","-","0","0","0","0","0","0","0","0","-","0","0","0","0","0","0","0","0","0","0","0","0","0","0","0","0","0","0","0","2","0","0","0","0","0","0","0","0","0","0","0","0","0","0","0","0","0","0","0","0","0","0"
"0x7b03637b41e0","      FADD R109, R109, R90","2","0","2","65536","2097152","2097152","32","32","0","0","0","-","-","-","0","0","0","0","0","0","0","0","-","0","0","0","0","0","0","0","0","0","0","0","0","0","0","0","0","0","0","0","2","0","0","0","0","0","0","0","0","0","0","0","0","0","0","0","0","0","0","0","0","0","0"
"0x7b03637b41f0","      F2FP.F16.F32.PACK_AB R125, R114, R117","2","0","2","65536","2097152","2097152","32","32","0","0","0","-","-","-","0","0","0","0","0","0","0","0","-","0","0","0","0","0","0","0","0","0","0","0","0","0","0","0","0","0","0","0","2","0","0","0","0","0","0","0","0","0","0","0","0","0","0","0","0","0","0","0","0","0","0"
"0x7b03637b4200","      FADD R110, R110, R101","6","0","6","65536","2097152","2097152","32","32","0","0","0","-","-","-","0","0","0","0","0","0","0","0","-","0","0","0","0","0","0","0","0","0","0","0","0","0","0","0","0","0","0","0","6","0","0","0","0","0","0","0","0","0","0","0","0","0","0","0","0","0","0","0","0","0","0"
"0x7b03637b4210","      F2FP.F16.F32.PACK_AB R126, R116, R107","7","0","7","65536","2097152","2097152","32","32","0","0","0","-","-","-","0","0","0","0","0","0","0","0","-","0","0","0","0","0","0","0","0","0","0","0","0","0","0","0","0","0","0","0","7","0","0","0","0","0","0","0","0","0","0","0","0","0","0","0","0","0","0","0","0","0","0"
"0x7b03637b4220","      FADD R108, R108, R109","3","0","3","65536","2097152","2097152","32","32","0","0","0","-","-","-","0","0","0","0","0","0","0","0","-","0","0","0","0","0","0","0","0","0","0","0","0","0","0","0","0","0","0","0","3","0","0","0","0","0","0","0","0","0","0","0","0","0","0","0","0","0","0","0","0","0","0"
"0x7b03637b4230","      F2FP.F16.F32.PACK_AB R127, R119, R118","2","0","2","65536","2097152","2097152","32","32","0","0","0","-","-","-","0","0","0","0","0","0","0","0","-","0","0","0","0","0","0","0","0","0","0","0","0","0","0","0","0","0","0","0","2","0","0","0","0","0","0","0","0","0","0","0","0","0","0","0","0","0","0","0","0","0","0"
"0x7b03637b4240","      FADD R117, R117, R110","2","0","2","65536","2097152","2097152","32","32","0","0","0","-","-","-","0","0","0","0","0","0","0","0","-","0","0","0","0","0","0","0","0","0","0","0","0","0","0","0","0","0","0","0","2","0","0","0","0","0","0","0","0","0","0","0","0","0","0","0","0","0","0","0","0","0","0"
"0x7b03637b4250","      F2FP.F16.F32.PACK_AB R128, R92, R91","1","0","1","65536","2097152","2097152","32","32","0","0","0","-","-","-","0","0","0","0","0","0","0","0","-","0","0","0","0","0","0","0","0","0","0","0","0","0","0","0","0","0","0","0","1","0","0","0","0","0","0","0","0","0","0","0","0","0","0","0","0","0","0","0","0","0","0"
"0x7b03637b4260","      FADD R113, R113, R108","4","0","4","65536","2097152","2097152","32","32","0","0","0","-","-","-","0","0","0","0","0","0","0","0","-","0","0","0","0","0","0","0","0","0","0","0","0","0","0","0","0","0","0","0","4","0","0","0","0","0","0","0","0","0","0","0","0","0","0","0","0","0","0","0","0","0","0"
"0x7b03637b4270","      F2FP.F16.F32.PACK_AB R129, R185, R174","7","0","7","65536","2097152","2097152","32","32","0","0","0","-","-","-","0","0","0","0","0","0","0","0","-","0","0","0","0","0","0","0","0","0","0","0","0","0","0","0","0","0","0","0","7","0","0","0","0","0","0","0","0","0","0","0","0","0","0","0","0","0","0","0","0","0","0"
"0x7b03637b4280","      FADD R117, R114, R117","2","0","2","65536","2097152","2097152","32","32","0","0","0","-","-","-","0","0","0","0","0","0","0","0","-","0","0","0","0","0","0","0","0","0","0","0","0","0","0","0","0","0","0","1","1","0","0","0","0","0","0","0","0","0","0","0","0","0","0","0","0","0","0","0","0","0","0"
"0x7b03637b4290","      F2FP.F16.F32.PACK_AB R130, R176, R93","2","0","2","65536","2097152","2097152","32","32","0","0","0","-","-","-","0","0","0","0","0","0","0","0","-","0","0","0","0","0","0","0","0","0","0","0","0","0","0","0","0","0","0","0","2","0","0","0","0","0","0","0","0","0","0","0","0","0","0","0","0","0","0","0","0","0","0"
"0x7b03637b42a0","      FADD R112, R112, R113","2","0","2","65536","2097152","2097152","32","32","0","0","0","-","-","-","0","0","0","0","0","0","0","0","-","0","0","0","0","0","0","0","0","0","0","0","0","0","0","0","0","0","0","0","2","0","0","0","0","0","0","0","0","0","0","0","0","0","0","0","0","0","0","0","0","0","0"
"0x7b03637b42b0","      F2FP.F16.F32.PACK_AB R131, R161, R178","2","0","2","65536","2097152","2097152","32","32","0","0","0","-","-","-","0","0","0","0","0","0","0","0","-","0","0","0","0","0","0","0","0","0","0","0","0","0","0","0","0","0","0","0","2","0","0","0","0","0","0","0","0","0","0","0","0","0","0","0","0","0","0","0","0","0","0"
"0x7b03637b42c0","      FADD R118, R118, R117","3","0","3","65536","2097152","2097152","32","32","0","0","0","-","-","-","0","0","0","0","0","0","0","0","-","0","0","0","0","0","0","0","0","0","0","0","0","0","0","0","0","0","0","0","3","0","0","0","0","0","0","0","0","0","0","0","0","0","0","0","0","0","0","0","0","0","0"
"0x7b03637b42d0","      F2FP.F16.F32.PACK_AB R132, R180, R163","6","0","6","65536","2097152","2097152","32","32","0","0","0","-","-","-","0","0","0","0","0","0","0","0","-","0","0","0","0","0","0","0","0","0","0","0","0","0","0","0","0","0","0","0","6","0","0","0","0","0","0","0","0","0","0","0","0","0","0","0","0","0","0","0","0","0","0"
"0x7b03637b42e0","      FADD R107, R107, R112","2","0","2","65536","2097152","2097152","32","32","0","0","0","-","-","-","0","0","0","0","0","0","0","0","-","0","0","0","0","0","0","0","0","0","0","0","0","0","0","0","0","0","0","0","2","0","0","0","0","0","0","0","0","0","0","0","0","0","0","0","0","0","0","0","0","0","0"
"0x7b03637b42f0","      F2FP.F16.F32.PACK_AB R133, R182, R173","2","0","2","65536","2097152","2097152","32","32","0","0","0","-","-","-","0","0","0","0","0","0","0","0","-","0","0","0","0","0","0","0","0","0","0","0","0","0","0","0","0","0","0","0","2","0","0","0","0","0","0","0","0","0","0","0","0","0","0","0","0","0","0","0","0","0","0"
"0x7b03637b4300","      FADD R119, R119, R118","4","0","4","65536","2097152","2097152","32","32","0","0","0","-","-","-","0","0","0","0","0","0","0","0","-","0","0","0","0","0","0","0","0","0","0","0","0","0","0","0","0","0","0","0","4","0","0","0","0","0","0","0","0","0","0","0","0","0","0","0","0","0","0","0","0","0","0"
"0x7b03637b4310","      F2FP.F16.F32.PACK_AB R134, R184, R177","7","0","7","65536","2097152","2097152","32","32","0","0","0","-","-","-","0","0","0","0","0","0","0","0","-","0","0","0","0","0","0","0","0","0","0","0","0","0","0","0","0","0","0","0","7","0","0","0","0","0","0","0","0","0","0","0","0","0","0","0","0","0","0","0","0","0","0"
"0x7b03637b4320","      FADD R116, R116, R107","6","0","6","65536","2097152","2097152","32","32","0","0","0","-","-","-","0","0","0","0","0","0","0","0","-","0","0","0","0","0","0","0","0","0","0","0","0","0","0","0","0","0","0","0","6","0","0","0","0","0","0","0","0","0","0","0","0","0","0","0","0","0","0","0","0","0","0"
"0x7b03637b4330","      F2FP.F16.F32.PACK_AB R135, R186, R181","0","0","0","65536","2097152","2097152","32","32","0","0","0","-","-","-","0","0","0","0","0","0","0","0","-","0","0","0","0","0","0","0","0","0","0","0","0","0","0","0","0","0","0","0","0","0","0","0","0","0","0","0","0","0","0","0","0","0","0","0","0","0","0","0","0","0","0"
"0x7b03637b4340","      FADD R174, R174, R119","7","0","7","65536","2097152","2097152","32","32","0","0","0","-","-","-","0","0","0","0","0","0","0","0","-","0","0","0","0","0","0","0","0","0","0","0","0","0","0","0","0","0","0","0","7","0","0","0","0","0","0","0","0","0","0","0","0","0","0","0","0","0","0","0","0","0","0"
"0x7b03637b4350","      SEL R111, R97, RZ, !P5","3","0","3","65536","2097152","2097152","32","32","0","0","0","-","-","-","0","0","0","0","0","0","0","0","-","0","0","0","0","0","0","0","0","0","0","0","0","0","0","0","0","0","0","0","3","0","0","0","0","0","0","0","0","0","0","0","0","0","0","0","0","0","0","0","0","0","0"
"0x7b03637b4360","      FADD R91, R91, R116","5","0","5","65536","2097152","2097152","32","32","0","0","0","-","-","-","0","0","0","0","0","0","0","0","-","0","0","0","0","0","0","0","0","0","0","0","0","0","0","0","0","0","0","0","5","0","0","0","0","0","0","0","0","0","0","0","0","0","0","0","0","0","0","0","0","0","0"
"0x7b03637b4370","      WARPGROUP.ARRIVE","4","0","4","65536","2097152","2097152","32","32","0","0","0","-","-","-","0","0","0","0","0","0","0","0","-","0","0","0","0","0","0","0","0","0","0","0","0","0","0","0","0","0","0","0","4","0","0","0","0","0","0","0","0","0","0","0","0","0","0","0","0","0","0","0","0","0","0"
"0x7b03637b4380","      ISETP.NE.U32.AND P5, PT, R100, RZ, PT","4","0","4","65536","2097152","2097152","32","32","0","0","0","-","-","-","0","0","0","0","0","0","0","0","-","0","0","0","0","0","0","0","0","0","0","0","0","0","0","0","0","0","0","1","3","0","0","0","0","0","0","0","0","0","0","0","0","0","0","0","0","0","0","0","0","0","0"
"0x7b03637b4390","      FADD R185, R185, R174","3","0","3","65536","2097152","2097152","32","32","0","0","0","-","-","-","0","0","0","0","0","0","0","0","-","0","0","0","0","0","0","0","0","0","0","0","0","0","0","0","0","0","0","0","3","0","0","0","0","0","0","0","0","0","0","0","0","0","0","0","0","0","0","0","0","0","0"
"0x7b03637b43a0","      ISETP.NE.U32.AND P2, PT, R111, RZ, PT","2","0","2","65536","2097152","2097152","32","32","0","0","0","-","-","-","0","0","0","0","0","0","0","0","-","0","0","0","0","0","0","0","0","0","0","0","0","0","0","0","0","0","0","0","2","0","0","0","0","0","0","0","0","0","0","0","0","0","0","0","0","0","0","0","0","0","0"
"0x7b03637b43b0","      FADD R92, R92, R91","4","0","4","65536","2097152","2097152","32","32","0","0","0","-","-","-","0","0","0","0","0","0","0","0","-","0","0","0","0","0","0","0","0","0","0","0","0","0","0","0","0","0","0","0","4","0","0","0","0","0","0","0","0","0","0","0","0","0","0","0","0","0","0","0","0","0","0"
"0x7b03637b43c0","      IMAD.MOV.U32 R143, RZ, RZ, R102","5","0","5","65536","2097152","2097152","32","32","0","0","0","-","-","-","0","0","0","0","0","0","0","0","-","0","0","0","0","0","0","0","0","0","0","0","0","0","0","0","0","0","0","0","5","0","0","0","0","0","0","0","0","0","0","0","0","0","0","0","0","0","0","0","0","0","0"
"0x7b03637b43d0","      HGMMA.64x128x16.F32 R24, R120, gdesc[UR8].tnspB, R24","173","14","173","65536","2097152","2097152","32","32","0","0","0","Shared","Load","-","0","8","0","524288","524288","0","0","0","-","0","0","0","0","0","0","0","0","10","0","0","0","0","0","0","0","0","0","119","5","0","0","0","0","0","0","0","0","0","0","0","0","0","0","0","0","0","0","0","0","0","0"
"0x7b03637b43e0","      UIADD3.64 UR10, UR6, 0x80, URZ","5","0","5","65536","2097152","2097152","32","32","0","0","0","-","-","-","0","0","0","0","0","0","0","0","-","0","0","0","0","0","0","0","0","0","0","0","0","0","0","0","0","0","0","0","5","0","0","0","0","0","0","0","0","0","0","0","0","0","0","0","0","0","0","0","0","0","0"
"0x7b03637b43f0","      FADD R178, R178, R185","2","0","2","65536","2097152","2097152","32","32","0","0","0","-","-","-","0","0","0","0","0","0","0","0","-","0","0","0","0","0","0","0","0","0","0","0","0","0","0","0","0","0","0","0","2","0","0","0","0","0","0","0","0","0","0","0","0","0","0","0","0","0","0","0","0","0","0"
"0x7b03637b4400","      FADD R93, R93, R92","4","0","4","65536","2097152","2097152","32","32","0","0","0","-","-","-","0","0","0","0","0","0","0","0","-","0","0","0","0","0","0","0","0","0","0","0","0","0","0","0","0","0","0","0","4","0","0","0","0","0","0","0","0","0","0","0","0","0","0","0","0","0","0","0","0","0","0"
"0x7b03637b4410","      FADD R178, R161, R178","58","4","58","65536","2097152","2097152","32","32","0","0","0","-","-","-","0","0","0","0","0","0","0","0","-","0","0","0","0","0","0","0","0","9","0","0","0","0","0","0","0","0","0","38","4","0","0","0","7","0","0","0","0","0","0","0","0","0","0","0","0","0","0","0","0","0","4"
"0x7b03637b4420","      FADD R176, R176, R93","2","0","2","65536","2097152","2097152","32","32","0","0","0","-","-","-","0","0","0","0","0","0","0","0","-","0","0","0","0","0","0","0","0","0","0","0","0","0","0","0","0","0","0","0","2","0","0","0","0","0","0","0","0","0","0","0","0","0","0","0","0","0","0","0","0","0","0"
"0x7b03637b4430","      FADD R173, R173, R178","21","2","21","65536","2097152","2097152","32","32","0","0","0","-","-","-","0","0","0","0","0","0","0","0","-","0","0","0","0","0","0","0","0","1","0","0","0","0","0","0","0","0","0","6","6","0","0","0","8","0","0","0","0","0","0","0","0","0","0","0","0","0","0","0","0","0","2"
"0x7b03637b4440","      FADD R163, R163, R176","2","0","2","65536","2097152","2097152","32","32","0","0","0","-","-","-","0","0","0","0","0","0","0","0","-","0","0","0","0","0","0","0","0","0","0","0","0","0","0","0","0","0","0","0","2","0","0","0","0","0","0","0","0","0","0","0","0","0","0","0","0","0","0","0","0","0","0"
"0x7b03637b4450","      FADD R182, R182, R173","75","2","75","65536","2097152","2097152","32","32","0","0","0","-","-","-","0","0","0","0","0","0","0","0","-","0","0","0","0","0","0","0","0","24","0","0","0","0","0","0","0","0","0","41","2","0","0","0","8","0","0","0","0","0","0","0","0","0","0","0","0","0","0","0","0","0","2"
"0x7b03637b4460","      FADD R180, R180, R163","4","0","4","65536","2097152","2097152","32","32","0","0","0","-","-","-","0","0","0","0","0","0","0","0","-","0","0","0","0","0","0","0","0","0","0","0","0","0","0","0","0","0","0","0","4","0","0","0","0","0","0","0","0","0","0","0","0","0","0","0","0","0","0","0","0","0","0"
"0x7b03637b4470","      FADD R181, R181, R182","18","4","18","65536","2097152","2097152","32","32","0","0","0","-","-","-","0","0","0","0","0","0","0","0","-","0","0","0","0","0","0","0","0","5","0","0","0","0","0","0","0","0","0","2","4","0","0","0","7","0","0","0","0","0","0","0","0","0","0","0","0","0","0","0","0","0","4"
"0x7b03637b4480","      FADD R177, R177, R180","3","0","3","65536","2097152","2097152","32","32","0","0","0","-","-","-","0","0","0","0","0","0","0","0","-","0","0","0","0","0","0","0","0","1","0","0","0","0","0","0","0","0","0","0","2","0","0","0","0","0","0","0","0","0","0","0","0","0","0","0","0","0","0","0","0","0","0"
"0x7b03637b4490","      FADD R181, R186, R181","29","7","29","65536","2097152","2097152","32","32","0","0","0","-","-","-","0","0","0","0","0","0","0","0","-","0","0","0","0","0","0","0","0","9","0","0","0","0","0","0","0","0","0","3","6","0","0","0","11","0","0","0","0","0","0","0","0","0","0","0","0","0","0","0","0","0","7"
"0x7b03637b44a0","      FADD R177, R184, R177","9","0","9","65536","2097152","2097152","32","32","0","0","0","-","-","-","0","0","0","0","0","0","0","0","-","0","0","0","0","0","0","0","0","4","0","0","0","0","0","0","0","0","0","0","5","0","0","0","0","0","0","0","0","0","0","0","0","0","0","0","0","0","0","0","0","0","0"
"0x7b03637b44b0","      HGMMA.64x128x16.F32 R24, R124, gdesc[UR4].tnspB, R24","5","0","5","65536","2097152","2097152","32","32","0","0","0","Shared","Load","-","0","8","0","524288","524288","0","0","0","-","0","0","0","0","0","0","0","0","1","0","0","0","0","0","0","0","0","0","0","4","0","0","0","0","0","0","0","0","0","0","0","0","0","0","0","0","0","0","0","0","0","0"
"0x7b03637b44c0","      UIADD3.64 UR6, UR6, 0x100, URZ","4","0","4","65536","2097152","2097152","32","32","0","0","0","-","-","-","0","0","0","0","0","0","0","0","-","0","0","0","0","0","0","0","0","1","0","0","0","0","0","0","0","0","0","0","3","0","0","0","0","0","0","0","0","0","0","0","0","0","0","0","0","0","0","0","0","0","0"
"0x7b03637b44d0","      HGMMA.64x128x16.F32 R24, R128, gdesc[UR8].tnspB, R24","71","36","71","65536","2097152","2097152","32","32","0","0","0","Shared","Load","-","0","8","0","524288","524288","0","0","0","-","0","0","0","0","0","0","0","0","5","0","0","0","0","0","0","0","0","0","13","5","0","0","0","48","0","0","2","0","0","0","0","0","0","0","0","0","0","0","0","0","0","34"
"0x7b03637b44e0","      HGMMA.64x128x16.F32 R24, R132, gdesc[UR4].tnspB, R24, gsb0","117","30","117","65536","2097152","2097152","32","32","0","0","0","Shared","Load","-","0","8","0","524288","524288","0","0","0","-","0","0","0","0","0","0","0","0","39","0","0","0","0","0","0","1","0","0","33","1","0","0","0","43","0","0","0","0","0","0","0","0","0","0","0","0","0","0","0","0","0","30"
"0x7b03637b44f0","      ULEA UR6, UR14, UR12, 0xe","8","0","8","65536","2097152","2097152","32","32","0","0","0","-","-","-","0","0","0","0","0","0","0","0","-","0","0","0","0","0","0","0","0","0","0","0","0","0","0","0","0","0","0","0","8","0","0","0","0","0","0","0","0","0","0","0","0","0","0","0","0","0","0","0","0","0","0"
"0x7b03637b4500","      VIADD R97, R142, UR6","59","23","59","65536","2097152","2097152","32","32","0","0","0","-","-","-","0","0","0","0","0","0","0","0","-","0","0","0","0","0","0","0","0","3","0","0","0","0","14","0","0","0","0","12","2","0","0","0","28","0","0","0","0","0","0","0","0","0","0","0","0","0","0","0","0","0","23"
"0x7b03637b4510","      BAR.SYNC.DEFER_BLOCKING 0x0","2","0","2","65536","2097152","2097152","32","32","0","0","0","-","-","-","0","0","0","0","0","0","0","0","-","0","0","0","0","0","0","0","0","2","0","0","0","0","0","0","0","0","0","0","0","0","0","0","0","0","0","0","0","0","0","0","0","0","0","0","0","0","0","0","0","0","0"
"0x7b03637b4520","@!PT  LDS RZ, [RZ]","178","112","178","65536","2097152","0","32","0","32","32","0","","Load","32","0","0","0","0","0","0","0","0","-","0","0","0","0","0","0","149","0","0","0","0","0","0","0","0","0","0","0","9","2","0","0","0","18","99","0","0","0","0","0","0","0","0","0","0","0","0","0","0","0","0","13"
"0x7b03637b4530","@!PT  LDS RZ, [RZ]","6","0","6","65536","2097152","0","32","0","0","32","0","","Load","32","0","0","0","0","0","0","0","0","-","0","0","0","0","0","0","0","0","0","0","0","0","0","0","0","0","0","0","0","6","0","0","0","0","0","0","0","0","0","0","0","0","0","0","0","0","0","0","0","0","0","0"
"0x7b03637b4540","@!PT  LDS RZ, [RZ]","4","0","4","65536","2097152","0","32","0","0","32","0","","Load","32","0","0","0","0","0","0","0","0","-","0","0","0","0","0","0","0","0","0","0","0","0","0","0","0","0","0","0","0","4","0","0","0","0","0","0","0","0","0","0","0","0","0","0","0","0","0","0","0","0","0","0"
"0x7b03637b4550","      LDGSTS.E.BYPASS.128 desc[UR20][R6.64], P2, [R97]","7","0","7","65536","2097152","2097152","32","32","32","0","0","Global,Shared","Load,Store","128","0","4","0","262144","262144","0","0","0","","0","0","0","0","0","0","0","0","0","0","0","0","0","0","0","0","0","0","0","7","0","0","0","0","0","0","0","0","0","0","0","0","0","0","0","0","0","0","0","0","0","0"
"0x7b03637b4560","      LDGSTS.E.BYPASS.128 desc[UR20][R8.64], P3, [R97+0x800]","20","3","20","65536","2097152","2097152","32","32","0","0","0","Global,Shared","Load,Store","128","0","4","0","262144","262144","0","0","0","","0","0","0","0","0","0","0","0","0","0","0","0","0","0","0","0","0","0","2","6","0","0","0","12","0","0","0","0","0","0","0","0","0","0","0","0","0","0","0","0","0","3"
"0x7b03637b4570","      LDGSTS.E.BYPASS.128 desc[UR20][R10.64], P4, [R97+0x1000]","8","4","8","65536","2097152","2097152","32","32","0","0","0","Global,Shared","Load,Store","128","0","4","0","262144","262144","0","0","0","","0","0","0","0","0","0","0","0","0","0","0","0","0","0","0","0","0","0","0","2","0","0","0","6","0","0","0","0","0","0","0","0","0","0","0","0","0","0","0","0","0","4"
"0x7b03637b4580","      IMAD R7, R155, R139, R14","115","108","115","65536","2097152","2097152","32","32","0","0","0","-","-","-","0","0","0","0","0","0","0","0","-","0","0","0","0","0","0","0","0","0","0","0","0","113","0","0","0","0","0","0","2","0","0","0","0","0","0","0","0","0","0","108","0","0","0","0","0","0","0","0","0","0","0"
"0x7b03637b4590","      LDGSTS.E.BYPASS.128 desc[UR20][R12.64], P5, [R97+0x1800]","13","7","13","65536","2097152","2097152","32","32","0","0","0","Global,Shared","Load,Store","128","0","4","0","262144","262144","0","0","0","","0","0","0","0","0","0","0","0","0","0","0","0","0","0","0","0","0","0","0","6","0","0","0","7","0","0","0","0","0","0","0","0","0","0","0","0","0","0","0","0","0","7"
"0x7b03637b45a0","      IMAD R9, R157, R139, R14","169","155","169","65536","2097152","2097152","32","32","0","0","0","-","-","-","0","0","0","0","0","0","0","0","-","0","0","0","0","0","0","0","0","0","0","0","0","165","0","0","0","0","0","0","4","0","0","0","0","0","0","0","0","0","0","155","0","0","0","0","0","0","0","0","0","0","0"
"0x7b03637b45b0","      LDGDEPBAR","11","9","11","65536","2097152","2097152","32","32","0","0","0","-","-","-","0","0","0","0","0","0","0","0","-","0","0","0","0","0","0","0","0","0","0","0","0","0","0","0","0","0","0","0","2","0","0","0","9","0","0","0","0","0","0","0","0","0","0","0","0","0","0","0","0","0","9"
"0x7b03637b45c0","      IMAD R11, R158, R139, R14","138","117","138","65536","2097152","2097152","32","32","0","0","0","-","-","-","0","0","0","0","0","0","0","0","-","0","0","0","0","0","0","0","0","1","0","0","0","134","0","0","0","0","0","0","3","0","0","0","0","0","0","1","0","0","0","116","0","0","0","0","0","0","0","0","0","0","0"
"0x7b03637b45d0","      LDGSTS.E.BYPASS.128 desc[UR20][R88.64], P2, [R97+0x10000]","29","16","29","65536","2097152","2097152","32","32","0","0","0","Global,Shared","Load,Store","128","0","4","0","262144","262144","0","0","0","","0","0","0","0","0","0","0","0","6","0","0","0","0","0","0","0","0","0","1","4","0","0","0","18","0","0","0","0","0","0","0","0","0","0","0","0","0","0","0","0","0","16"
"0x7b03637b45e0","      LEA R6, P2, R7, R2, 0x1","5","0","5","65536","2097152","2097152","32","32","0","0","0","-","-","-","0","0","0","0","0","0","0","0","-","0","0","0","0","0","0","0","0","1","0","0","0","0","0","0","0","0","0","0","4","0","0","0","0","0","0","0","0","0","0","0","0","0","0","0","0","0","0","0","0","0","0"
"0x7b03637b45f0","      IMAD R14, R139, 0x40, R14","10","0","10","65536","2097152","2097152","32","32","0","0","0","-","-","-","0","0","0","0","0","0","0","0","-","0","0","0","0","0","0","0","0","6","0","0","0","0","0","0","0","0","0","0","4","0","0","0","0","0","0","0","0","0","0","0","0","0","0","0","0","0","0","0","0","0","0"
"0x7b03637b4600","      LEA.HI.X.SX32 R7, R7, R3, 0x1, P2","19","10","19","65536","2097152","2097152","32","32","0","0","0","-","-","-","0","0","0","0","0","0","0","0","-","0","0","0","0","0","0","0","0","0","0","0","0","0","0","0","0","0","0","0","4","0","0","0","15","0","0","0","0","0","0","0","0","0","0","0","0","0","0","0","0","0","10"
"0x7b03637b4610","      LEA R8, P2, R9, R2, 0x1","48","12","48","65536","2097152","2097152","32","32","0","0","0","-","-","-","0","0","0","0","0","0","0","0","-","0","0","0","0","0","0","0","0","16","0","0","0","0","14","0","0","0","0","6","9","0","0","0","3","0","0","8","0","0","0","0","4","0","0","0","0","0","0","0","0","0","0"
"0x7b03637b4620","      LDGSTS.E.BYPASS.128 desc[UR20][R6.64], P3, [R97+0x10800]","38","23","38","65536","2097152","2097152","32","32","0","0","0","Global,Shared","Load,Store","128","0","4","0","262144","262144","0","0","0","","0","0","0","0","0","0","0","0","17","0","0","0","0","0","0","0","0","0","1","3","0","0","0","17","0","0","16","0","0","0","0","0","0","0","0","0","0","0","0","0","0","7"
"0x7b03637b4630","      LEA.HI.X.SX32 R9, R9, R3, 0x1, P2","7","0","7","65536","2097152","2097152","32","32","0","0","0","-","-","-","0","0","0","0","0","0","0","0","-","0","0","0","0","0","0","0","0","0","0","0","0","0","0","0","0","0","0","0","7","0","0","0","0","0","0","0","0","0","0","0","0","0","0","0","0","0","0","0","0","0","0"
"0x7b03637b4640","      LEA R10, P2, R11, R2, 0x1","24","3","24","65536","2097152","2097152","32","32","0","0","0","-","-","-","0","0","0","0","0","0","0","0","-","0","0","0","0","0","0","0","0","5","0","0","0","0","2","0","0","0","0","4","1","0","0","0","12","0","0","0","0","0","0","0","0","0","0","0","0","0","0","0","0","0","3"
"0x7b03637b4650","      LDGSTS.E.BYPASS.128 desc[UR20][R8.64], P4, [R97+0x11000]","38","13","38","65536","2097152","2097152","32","32","0","0","0","Global,Shared","Load,Store","128","0","4","0","262144","262144","0","0","0","","0","0","0","0","0","0","0","0","12","0","0","0","0","0","0","0","0","0","0","8","0","0","0","18","0","0","7","0","0","0","0","0","0","0","0","0","0","0","0","0","0","6"
"0x7b03637b4660","      LEA.HI.X.SX32 R11, R11, R3, 0x1, P2","5","0","5","65536","2097152","2097152","32","32","0","0","0","-","-","-","0","0","0","0","0","0","0","0","-","0","0","0","0","0","0","0","0","4","0","0","0","0","0","0","0","0","0","0","1","0","0","0","0","0","0","0","0","0","0","0","0","0","0","0","0","0","0","0","0","0","0"
"0x7b03637b4670","      IADD3 R96, P2, R96, 0x40, RZ","23","9","23","65536","2097152","2097152","32","32","0","0","0","-","-","-","0","0","0","0","0","0","0","0","-","0","0","0","0","0","0","0","0","0","0","0","0","0","0","0","0","0","0","0","5","0","0","0","18","0","0","0","0","0","0","0","0","0","0","0","0","0","0","0","0","0","9"
"0x7b03637b4680","      SHFL.BFLY PT, R6, R177, 0x2, 0x1f","441","393","441","65536","2097152","2097152","32","32","0","0","0","-","-","-","0","0","0","0","0","0","0","0","-","0","0","0","0","0","0","0","0","0","0","0","0","438","0","0","0","0","0","0","3","0","0","0","0","0","0","0","0","0","0","393","0","0","0","0","0","0","0","0","0","0","0"
"0x7b03637b4690","      IMAD.X R13, RZ, RZ, R94, P2","13","7","13","65536","2097152","2097152","32","32","0","0","0","-","-","-","0","0","0","0","0","0","0","0","-","0","0","0","0","0","0","0","0","0","0","0","0","0","0","0","0","0","0","0","6","0","0","0","7","0","0","0","0","0","0","0","0","0","0","0","0","0","0","0","0","0","7"
"0x7b03637b46a0","      ISETP.GE.U32.AND P2, PT, R96, R15, PT","7","0","7","65536","2097152","2097152","32","32","0","0","0","-","-","-","0","0","0","0","0","0","0","0","-","0","0","0","0","0","0","0","0","5","0","0","0","0","0","0","0","0","0","0","2","0","0","0","0","0","0","0","0","0","0","0","0","0","0","0","0","0","0","0","0","0","0"
"0x7b03637b46b0","      LDGSTS.E.BYPASS.128 desc[UR20][R10.64], P5, [R97+0x11800]","4","0","4","65536","2097152","2097152","32","32","0","0","0","Global,Shared","Load,Store","128","0","4","0","262144","262144","0","0","0","","0","0","0","0","0","0","0","0","0","0","0","0","0","0","0","0","0","0","0","4","0","0","0","0","0","0","0","0","0","0","0","0","0","0","0","0","0","0","0","0","0","0"
"0x7b03637b46c0","      ISETP.GE.AND.EX P2, PT, R13, R148, PT, P2","12","8","12","65536","2097152","2097152","32","32","0","0","0","-","-","-","0","0","0","0","0","0","0","0","-","0","0","0","0","0","0","0","0","0","0","0","0","0","0","0","0","0","0","0","4","0","0","0","8","0","0","0","0","0","0","0","0","0","0","0","0","0","0","0","0","0","8"
"0x7b03637b46d0","      SHFL.BFLY PT, R8, R181, 0x2, 0x1f","89","81","89","65536","2097152","2097152","32","32","0","0","0","-","-","-","0","0","0","0","0","0","0","0","-","0","0","0","0","0","0","0","0","1","0","0","0","80","0","0","0","0","0","0","8","0","0","0","0","0","0","1","0","0","0","80","0","0","0","0","0","0","0","0","0","0","0"
"0x7b03637b46e0","      LDGDEPBAR","14","9","14","65536","2097152","2097152","32","32","0","0","0","-","-","-","0","0","0","0","0","0","0","0","-","0","0","0","0","0","0","0","0","0","0","0","0","0","0","0","0","0","0","0","5","0","0","0","9","0","0","0","0","0","0","0","0","0","0","0","0","0","0","0","0","0","9"
"0x7b03637b46f0","      FADD R6, R177, R6","421","391","421","65536","2097152","2097152","32","32","0","0","0","-","-","-","0","0","0","0","0","0","0","0","-","0","0","0","0","0","0","0","0","0","0","0","0","0","0","0","0","0","0","0","4","417","0","0","0","0","0","0","0","0","0","0","0","0","0","0","0","0","0","391","0","0","0"
"0x7b03637b4700","      SHFL.BFLY PT, R7, R6, 0x1, 0x1f","14","11","14","65536","2097152","2097152","32","32","0","0","0","-","-","-","0","0","0","0","0","0","0","0","-","0","0","0","0","0","0","0","0","0","0","0","0","0","0","0","0","0","0","0","3","0","0","0","11","0","0","0","0","0","0","0","0","0","0","0","0","0","0","0","0","0","11"
"0x7b03637b4710","      FADD R9, R181, R8","83","78","83","65536","2097152","2097152","32","32","0","0","0","-","-","-","0","0","0","0","0","0","0","0","-","0","0","0","0","0","0","0","0","0","0","0","0","0","0","0","0","0","0","0","5","78","0","0","0","0","0","0","0","0","0","0","0","0","0","0","0","0","0","78","0","0","0"
"0x7b03637b4720","      SHFL.BFLY PT, R8, R9, 0x1, 0x1f","16","12","16","65536","2097152","2097152","32","32","0","0","0","-","-","-","0","0","0","0","0","0","0","0","-","0","0","0","0","0","0","0","0","0","0","0","0","0","0","0","0","0","0","0","4","0","0","0","12","0","0","0","0","0","0","0","0","0","0","0","0","0","0","0","0","0","12"
"0x7b03637b4730","      FADD R11, R9, R8","209","186","209","65536","2097152","2097152","32","32","0","0","0","-","-","-","0","0","0","0","0","0","0","0","-","0","0","0","0","0","0","0","0","0","0","0","0","0","0","0","0","0","0","1","5","200","0","0","3","0","0","0","0","0","0","0","0","0","0","0","0","0","0","183","0","0","3"
"0x7b03637b4740","      FADD R8, R6, R7","5","0","5","65536","2097152","2097152","32","32","0","0","0","-","-","-","0","0","0","0","0","0","0","0","-","0","0","0","0","0","0","0","0","0","0","0","0","0","0","0","0","0","0","0","5","0","0","0","0","0","0","0","0","0","0","0","0","0","0","0","0","0","0","0","0","0","0"
"0x7b03637b4750","      FFMA R145, R188, R145, R11","12","6","12","65536","2097152","2097152","32","32","0","0","0","-","-","-","0","0","0","0","0","0","0","0","-","0","0","0","0","0","0","0","0","0","0","0","0","0","0","0","0","0","0","2","3","0","0","0","7","0","0","0","0","0","0","0","0","0","0","0","0","0","0","0","0","0","6"
"0x7b03637b4760","      FFMA R146, R95, R146, R8","2","0","2","65536","2097152","2097152","32","32","0","0","0","-","-","-","0","0","0","0","0","0","0","0","-","0","0","0","0","0","0","0","0","0","0","0","0","0","0","0","0","0","0","0","2","0","0","0","0","0","0","0","0","0","0","0","0","0","0","0","0","0","0","0","0","0","0"
"0x7b03637b4770","@!P2  BRA 0x7b03637b2840","3","0","3","65536","2097152","1048576","32","16","16","16","0","-","-","-","0","0","0","0","0","0","0","0","-","0","0","0","0","0","0","0","0","0","0","0","0","0","0","0","0","0","0","0","3","0","0","0","0","0","0","0","0","0","0","0","0","0","0","0","0","0","0","0","0","0","0"
"0x7b03637b4780","      ULDC UR4, c[0x0][0x254]","30","14","30","32768","1048576","1048576","32","32","16","0","0","-","-","-","0","0","0","0","0","0","0","0","-","0","0","0","0","0","0","0","0","0","0","0","0","0","0","0","0","0","0","3","6","0","0","0","21","0","0","0","0","0","0","0","0","0","0","0","0","0","0","0","0","0","14"
"0x7b03637b4790","      ULDC.64 UR6, c[0x0][0x258]","1","0","1","32768","1048576","1048576","32","32","0","0","0","-","-","-","0","0","0","0","0","0","0","0","-","0","0","0","0","0","0","0","0","0","0","0","0","0","0","0","0","0","0","0","1","0","0","0","0","0","0","0","0","0","0","0","0","0","0","0","0","0","0","0","0","0","0"
"0x7b03637b47a0","      IMAD R16, R16, UR4, RZ","3","0","3","32768","1048576","1048576","32","32","0","0","0","-","-","-","0","0","0","0","0","0","0","0","-","0","0","0","0","0","0","0","0","0","0","0","0","0","0","0","0","0","0","0","3","0","0","0","0","0","0","0","0","0","0","0","0","0","0","0","0","0","0","0","0","0","0"
"0x7b03637b47b0","      ULDC.64 UR4, c[0x0][0x228]","0","0","0","32768","1048576","1048576","32","32","0","0","0","-","-","-","0","0","0","0","0","0","0","0","-","0","0","0","0","0","0","0","0","0","0","0","0","0","0","0","0","0","0","0","0","0","0","0","0","0","0","0","0","0","0","0","0","0","0","0","0","0","0","0","0","0","0"
"0x7b03637b47c0","      IMAD R17, R17, UR6, RZ","2","0","2","32768","1048576","1048576","32","32","0","0","0","-","-","-","0","0","0","0","0","0","0","0","-","0","0","0","0","0","0","0","0","0","0","0","0","0","0","0","0","0","0","0","2","0","0","0","0","0","0","0","0","0","0","0","0","0","0","0","0","0","0","0","0","0","0"
"0x7b03637b47d0","      NOP","1","0","1","32768","1048576","1048576","32","32","0","0","0","-","-","-","0","0","0","0","0","0","0","0","-","0","0","0","0","0","0","0","0","0","0","0","0","0","0","0","0","0","0","0","1","0","0","0","0","0","0","0","0","0","0","0","0","0","0","0","0","0","0","0","0","0","0"
"0x7b03637b47e0","      WARPGROUP.DEPBAR.LE gsb0, 0x0","3","0","3","32768","1048576","1048576","32","32","0","0","0","-","-","-","0","0","0","0","0","0","0","0","-","0","0","0","0","0","0","0","0","0","0","0","0","0","0","0","0","0","0","0","3","0","0","0","0","0","0","0","0","0","0","0","0","0","0","0","0","0","0","0","0","0","0"
"0x7b03637b47f0","      IMAD.SHL.U32 R2, R16, 0x2, RZ","9","0","9","32768","1048576","1048576","32","32","0","0","0","-","-","-","0","0","0","0","0","0","0","0","-","0","0","0","0","0","0","0","0","0","0","0","0","0","4","0","0","0","0","0","4","0","0","0","1","0","0","0","0","0","0","0","0","0","0","0","0","0","0","0","0","0","0"
"0x7b03637b4800","      FMUL R95, R38, 0.25","6","2","6","32768","1048576","1048576","32","32","0","0","0","-","-","-","0","0","0","0","0","0","0","0","-","0","0","0","0","0","0","0","0","1","0","0","0","0","0","0","0","0","0","2","0","0","0","0","3","0","0","0","0","0","0","0","0","0","0","0","0","0","0","0","0","0","2"
"0x7b03637b4810","      IMAD.SHL.U32 R3, R17, 0x2, RZ","3","0","3","32768","1048576","1048576","32","32","0","0","0","-","-","-","0","0","0","0","0","0","0","0","-","0","0","0","0","0","0","0","0","2","0","0","0","0","0","0","0","0","0","0","1","0","0","0","0","0","0","0","0","0","0","0","0","0","0","0","0","0","0","0","0","0","0"
"0x7b03637b4820","      FSETP.GEU.AND P4, PT, |R146|, 1.175494350822287508e-38, PT","4","0","4","32768","1048576","1048576","32","32","0","0","0","-","-","-","0","0","0","0","0","0","0","0","-","0","0","0","0","0","0","0","0","0","0","0","0","0","0","0","0","0","0","0","4","0","0","0","0","0","0","0","0","0","0","0","0","0","0","0","0","0","0","0","0","0","0"
"0x7b03637b4830","      IMAD R19, R19, UR7, RZ","1","0","1","32768","1048576","1048576","32","32","0","0","0","-","-","-","0","0","0","0","0","0","0","0","-","0","0","0","0","0","0","0","0","1","0","0","0","0","0","0","0","0","0","0","0","0","0","0","0","0","0","0","0","0","0","0","0","0","0","0","0","0","0","0","0","0","0"
"0x7b03637b4840","      DEPBAR.LE SB0, 0x0","2","0","2","32768","1048576","1048576","32","32","0","0","0","-","-","-","0","0","0","0","0","0","0","0","-","0","0","0","0","0","0","0","0","0","0","0","0","0","0","0","0","0","0","0","2","0","0","0","0","0","0","0","0","0","0","0","0","0","0","0","0","0","0","0","0","0","0"
"0x7b03637b4850","      IMAD.HI R16, R16, 0x2, RZ","15","0","15","32768","1048576","1048576","32","32","0","0","0","-","-","-","0","0","0","0","0","0","0","0","-","0","0","0","0","0","0","0","0","0","0","0","0","0","3","0","0","0","0","2","2","0","0","0","8","0","0","0","0","0","0","0","0","0","0","0","0","0","0","0","0","0","0"
"0x7b03637b4860","      IADD3 R18, P2, P3, R3, UR4, R2","2","0","2","32768","1048576","1048576","32","32","0","0","0","-","-","-","0","0","0","0","0","0","0","0","-","0","0","0","0","0","0","0","0","0","0","0","0","0","0","0","0","0","0","0","2","0","0","0","0","0","0","0","0","0","0","0","0","0","0","0","0","0","0","0","0","0","0"
"0x7b03637b4870","      P2R R88, PR, RZ, 0x2","9","0","9","32768","1048576","1048576","32","32","0","0","0","-","-","-","0","0","0","0","0","0","0","0","-","0","0","0","0","0","0","0","0","5","0","0","0","0","1","0","0","0","0","0","1","0","0","0","2","0","0","0","0","0","0","0","0","0","0","0","0","0","0","0","0","0","0"
"0x7b03637b4880","      IMAD.HI R17, R17, 0x2, RZ","2","0","2","32768","1048576","1048576","32","32","0","0","0","-","-","-","0","0","0","0","0","0","0","0","-","0","0","0","0","0","0","0","0","0","0","0","0","0","0","0","0","0","0","0","2","0","0","0","0","0","0","0","0","0","0","0","0","0","0","0","0","0","0","0","0","0","0"
"0x7b03637b4890","      ISETP.NE.AND P1, PT, R169, RZ, PT","4","0","4","32768","1048576","1048576","32","32","0","0","0","-","-","-","0","0","0","0","0","0","0","0","-","0","0","0","0","0","0","0","0","0","0","0","0","0","0","0","0","0","0","0","4","0","0","0","0","0","0","0","0","0","0","0","0","0","0","0","0","0","0","0","0","0","0"
"0x7b03637b48a0","      ISETP.NE.AND P6, PT, R168, RZ, PT","19","1","19","32768","1048576","1048576","32","32","0","0","0","-","-","-","0","0","0","0","0","0","0","0","-","0","0","0","0","0","0","0","0","1","0","0","0","0","8","0","0","0","0","8","2","0","0","0","0","0","0","0","0","0","0","0","1","0","0","0","0","0","0","0","0","0","0"
"0x7b03637b48b0","      IMAD.SHL.U32 R2, R19, 0x2, RZ","2","0","2","32768","1048576","1048576","32","32","0","0","0","-","-","-","0","0","0","0","0","0","0","0","-","0","0","0","0","0","0","0","0","0","0","0","0","0","0","0","0","0","0","0","2","0","0","0","0","0","0","0","0","0","0","0","0","0","0","0","0","0","0","0","0","0","0"
"0x7b03637b48c0","      IADD3.X R17, R17, UR5, R16, P2, P3","6","0","6","32768","1048576","1048576","32","32","0","0","0","-","-","-","0","0","0","0","0","0","0","0","-","0","0","0","0","0","0","0","0","3","0","0","0","0","0","0","0","0","0","0","3","0","0","0","0","0","0","0","0","0","0","0","0","0","0","0","0","0","0","0","0","0","0"
"0x7b03637b48d0","      IMAD R20, R20, UR7, RZ","2","0","2","32768","1048576","1048576","32","32","0","0","0","-","-","-","0","0","0","0","0","0","0","0","-","0","0","0","0","0","0","0","0","0","0","0","0","0","0","0","0","0","0","0","2","0","0","0","0","0","0","0","0","0","0","0","0","0","0","0","0","0","0","0","0","0","0"
"0x7b03637b48e0","      ISETP.NE.AND P5, PT, R167, RZ, PT","3","0","3","32768","1048576","1048576","32","32","0","0","0","-","-","-","0","0","0","0","0","0","0","0","-","0","0","0","0","0","0","0","0","0","0","0","0","0","0","0","0","0","0","0","3","0","0","0","0","0","0","0","0","0","0","0","0","0","0","0","0","0","0","0","0","0","0"
"0x7b03637b48f0","      IMAD.HI R19, R19, 0x2, RZ","2","0","2","32768","1048576","1048576","32","32","0","0","0","-","-","-","0","0","0","0","0","0","0","0","-","0","0","0","0","0","0","0","0","0","0","0","0","0","0","0","0","0","0","0","2","0","0","0","0","0","0","0","0","0","0","0","0","0","0","0","0","0","0","0","0","0","0"
"0x7b03637b4900","      IADD3 R2, P2, P3, R141, R2, R18","2","0","2","32768","1048576","1048576","32","32","0","0","0","-","-","-","0","0","0","0","0","0","0","0","-","0","0","0","0","0","0","0","0","0","0","0","0","0","0","0","0","0","0","0","2","0","0","0","0","0","0","0","0","0","0","0","0","0","0","0","0","0","0","0","0","0","0"
"0x7b03637b4910","      IMAD.SHL.U32 R4, R20, 0x2, RZ","17","2","17","32768","1048576","1048576","32","32","0","0","0","-","-","-","0","0","0","0","0","0","0","0","-","0","0","0","0","0","0","0","0","0","0","0","0","0","6","0","0","0","0","1","3","0","0","0","7","0","0","0","0","0","0","0","1","0","0","0","0","0","0","0","0","0","1"
"0x7b03637b4920","      IADD3.X R3, RZ, R19, R17, P2, P3","6","0","6","32768","1048576","1048576","32","32","0","0","0","-","-","-","0","0","0","0","0","0","0","0","-","0","0","0","0","0","0","0","0","5","0","0","0","0","0","0","0","0","0","0","1","0","0","0","0","0","0","0","0","0","0","0","0","0","0","0","0","0","0","0","0","0","0"
"0x7b03637b4930","      IMAD R21, R21, UR7, RZ","3","0","3","32768","1048576","1048576","32","32","0","0","0","-","-","-","0","0","0","0","0","0","0","0","-","0","0","0","0","0","0","0","0","1","0","0","0","0","0","0","0","0","0","0","2","0","0","0","0","0","0","0","0","0","0","0","0","0","0","0","0","0","0","0","0","0","0"
"0x7b03637b4940","      FMUL R19, R26, 0.25","8","1","8","32768","1048576","1048576","32","32","0","0","0","-","-","-","0","0","0","0","0","0","0","0","-","0","0","0","0","0","0","0","0","0","0","0","0","0","0","0","0","0","0","4","2","0","0","0","2","0","0","0","0","0","0","0","0","0","0","0","0","0","0","0","0","0","1"
"0x7b03637b4950","      IMAD.HI R20, R20, 0x2, RZ","3","0","3","32768","1048576","1048576","32","32","0","0","0","-","-","-","0","0","0","0","0","0","0","0","-","0","0","0","0","0","0","0","0","0","0","0","0","0","0","0","0","0","0","0","3","0","0","0","0","0","0","0","0","0","0","0","0","0","0","0","0","0","0","0","0","0","0"
"0x7b03637b4960","      IADD3 R4, P2, P3, R141, R4, R18","1","0","1","32768","1048576","1048576","32","32","0","0","0","-","-","-","0","0","0","0","0","0","0","0","-","0","0","0","0","0","0","0","0","0","0","0","0","0","0","0","0","0","0","0","1","0","0","0","0","0","0","0","0","0","0","0","0","0","0","0","0","0","0","0","0","0","0"
"0x7b03637b4970","      IMAD.SHL.U32 R6, R21, 0x2, RZ","23","0","23","32768","1048576","1048576","32","32","0","0","0","-","-","-","0","0","0","0","0","0","0","0","-","0","0","0","0","0","0","0","0","0","0","0","0","0","10","0","0","0","0","4","2","0","0","0","7","0","0","0","0","0","0","0","0","0","0","0","0","0","0","0","0","0","0"
"0x7b03637b4980","      IADD3.X R5, RZ, R20, R17, P2, P3","3","0","3","32768","1048576","1048576","32","32","0","0","0","-","-","-","0","0","0","0","0","0","0","0","-","0","0","0","0","0","0","0","0","0","0","0","0","0","0","0","0","0","0","0","3","0","0","0","0","0","0","0","0","0","0","0","0","0","0","0","0","0","0","0","0","0","0"
"0x7b03637b4990","      IMAD R22, R22, UR7, RZ","1","0","1","32768","1048576","1048576","32","32","0","0","0","-","-","-","0","0","0","0","0","0","0","0","-","0","0","0","0","0","0","0","0","0","0","0","0","0","0","0","0","0","0","0","1","0","0","0","0","0","0","0","0","0","0","0","0","0","0","0","0","0","0","0","0","0","0"
"0x7b03637b49a0","      FMUL R20, R35, 0.25","6","2","6","32768","1048576","1048576","32","32","0","0","0","-","-","-","0","0","0","0","0","0","0","0","-","0","0","0","0","0","0","0","0","0","0","0","0","0","0","0","0","0","0","0","2","0","0","0","4","0","0","0","0","0","0","0","0","0","0","0","0","0","0","0","0","0","2"
"0x7b03637b49b0","      IMAD.HI R21, R21, 0x2, RZ","3","0","3","32768","1048576","1048576","32","32","0","0","0","-","-","-","0","0","0","0","0","0","0","0","-","0","0","0","0","0","0","0","0","0","0","0","0","0","0","0","0","0","0","0","3","0","0","0","0","0","0","0","0","0","0","0","0","0","0","0","0","0","0","0","0","0","0"
"0x7b03637b49c0","      BAR.SYNC.DEFER_BLOCKING 0x0","4","0","4","32768","1048576","1048576","32","32","0","0","0","-","-","-","0","0","0","0","0","0","0","0","-","0","0","0","0","0","0","0","0","0","0","0","0","0","0","0","0","0","0","0","4","0","0","0","0","0","0","0","0","0","0","0","0","0","0","0","0","0","0","0","0","0","0"
"0x7b03637b49d0","      IADD3 R6, P2, P3, R141, R6, R18","5","0","5","32768","1048576","1048576","32","32","0","0","0","-","-","-","0","0","0","0","0","0","0","0","-","0","0","0","0","0","0","0","0","1","0","0","0","0","0","0","0","0","0","0","4","0","0","0","0","0","0","0","0","0","0","0","0","0","0","0","0","0","0","0","0","0","0"
"0x7b03637b49e0","      IMAD.SHL.U32 R8, R22, 0x2, RZ","12","3","12","32768","1048576","1048576","32","32","0","0","0","-","-","-","0","0","0","0","0","0","0","0","-","0","0","0","0","0","0","0","0","1","0","0","0","0","3","0","0","0","0","3","5","0","0","0","0","0","0","0","0","0","0","0","3","0","0","0","0","0","0","0","0","0","0"
"0x7b03637b49f0","      IMAD R23, R23, UR7, RZ","2","1","2","32768","1048576","1048576","32","32","0","0","0","-","-","-","0","0","0","0","0","0","0","0","-","0","0","0","0","0","0","0","0","0","0","0","0","0","1","0","0","0","0","0","0","0","0","0","1","0","0","0","0","0","0","0","0","0","0","0","0","0","0","0","0","0","1"
"0x7b03637b4a00","      IADD3.X R7, RZ, R21, R17, P2, P3","4","0","4","32768","1048576","1048576","32","32","0","0","0","-","-","-","0","0","0","0","0","0","0","0","-","0","0","0","0","0","0","0","0","3","0","0","0","0","0","0","0","0","0","0","1","0","0","0","0","0","0","0","0","0","0","0","0","0","0","0","0","0","0","0","0","0","0"
"0x7b03637b4a10","      IMAD.HI R22, R22, 0x2, RZ","0","0","0","32768","1048576","1048576","32","32","0","0","0","-","-","-","0","0","0","0","0","0","0","0","-","0","0","0","0","0","0","0","0","0","0","0","0","0","0","0","0","0","0","0","0","0","0","0","0","0","0","0","0","0","0","0","0","0","0","0","0","0","0","0","0","0","0"
"0x7b03637b4a20","      IADD3 R8, P2, P3, R141, R8, R18","1","0","1","32768","1048576","1048576","32","32","0","0","0","-","-","-","0","0","0","0","0","0","0","0","-","0","0","0","0","0","0","0","0","0","0","0","0","0","0","0","0","0","0","0","1","0","0","0","0","0","0","0","0","0","0","0","0","0","0","0","0","0","0","0","0","0","0"
"0x7b03637b4a30","      IMAD.SHL.U32 R10, R23, 0x2, RZ","17","4","17","32768","1048576","1048576","32","32","0","0","0","-","-","-","0","0","0","0","0","0","0","0","-","0","0","0","0","0","0","0","0","0","0","0","0","0","5","0","0","0","0","3","2","0","0","0","7","0","0","0","0","0","0","0","1","0","0","0","0","0","0","0","0","0","3"
"0x7b03637b4a40","      IADD3.X R9, RZ, R22, R17, P2, P3","5","0","5","32768","1048576","1048576","32","32","0","0","0","-","-","-","0","0","0","0","0","0","0","0","-","0","0","0","0","0","0","0","0","0","0","0","0","0","0","0","0","0","0","0","5","0","0","0","0","0","0","0","0","0","0","0","0","0","0","0","0","0","0","0","0","0","0"
"0x7b03637b4a50","      IMAD R136, R136, UR7, RZ","5","0","5","32768","1048576","1048576","32","32","0","0","0","-","-","-","0","0","0","0","0","0","0","0","-","0","0","0","0","0","0","0","0","4","0","0","0","0","0","0","0","0","0","0","1","0","0","0","0","0","0","0","0","0","0","0","0","0","0","0","0","0","0","0","0","0","0"
"0x7b03637b4a60","      FMUL R22, R47, 0.25","6","4","6","32768","1048576","1048576","32","32","0","0","0","-","-","-","0","0","0","0","0","0","0","0","-","0","0","0","0","0","0","0","0","0","0","0","0","0","0","0","0","0","0","0","1","0","0","0","5","0","0","0","0","0","0","0","0","0","0","0","0","0","0","0","0","0","4"
"0x7b03637b4a70","      IMAD.HI R23, R23, 0x2, RZ","1","0","1","32768","1048576","1048576","32","32","0","0","0","-","-","-","0","0","0","0","0","0","0","0","-","0","0","0","0","0","0","0","0","0","0","0","0","0","0","0","0","0","0","0","1","0","0","0","0","0","0","0","0","0","0","0","0","0","0","0","0","0","0","0","0","0","0"
"0x7b03637b4a80","      IADD3 R10, P2, P3, R141, R10, R18","3","0","3","32768","1048576","1048576","32","32","0","0","0","-","-","-","0","0","0","0","0","0","0","0","-","0","0","0","0","0","0","0","0","0","0","0","0","0","0","0","0","0","0","0","3","0","0","0","0","0","0","0","0","0","0","0","0","0","0","0","0","0","0","0","0","0","0"
"0x7b03637b4a90","      IMAD.SHL.U32 R12, R136, 0x2, RZ","17","2","17","32768","1048576","1048576","32","32","0","0","0","-","-","-","0","0","0","0","0","0","0","0","-","0","0","0","0","0","0","0","0","0","0","0","0","0","8","0","0","0","0","3","3","0","0","0","3","0","0","0","0","0","0","0","2","0","0","0","0","0","0","0","0","0","0"
"0x7b03637b4aa0","      IADD3.X R11, RZ, R23, R17, P2, P3","3","0","3","32768","1048576","1048576","32","32","0","0","0","-","-","-","0","0","0","0","0","0","0","0","-","0","0","0","0","0","0","0","0","0","0","0","0","0","0","0","0","0","0","0","3","0","0","0","0","0","0","0","0","0","0","0","0","0","0","0","0","0","0","0","0","0","0"
"0x7b03637b4ab0","      IMAD R137, R137, UR7, RZ","3","0","3","32768","1048576","1048576","32","32","0","0","0","-","-","-","0","0","0","0","0","0","0","0","-","0","0","0","0","0","0","0","0","0","0","0","0","0","0","0","0","0","0","0","3","0","0","0","0","0","0","0","0","0","0","0","0","0","0","0","0","0","0","0","0","0","0"
"0x7b03637b4ac0","      FMUL R23, R34, 0.25","9","2","9","32768","1048576","1048576","32","32","0","0","0","-","-","-","0","0","0","0","0","0","0","0","-","0","0","0","0","0","0","0","0","0","0","0","0","0","0","0","0","0","0","1","0","0","0","0","8","0","0","0","0","0","0","0","0","0","0","0","0","0","0","0","0","0","2"
"0x7b03637b4ad0","      IMAD.HI R136, R136, 0x2, RZ","2","0","2","32768","1048576","1048576","32","32","0","0","0","-","-","-","0","0","0","0","0","0","0","0","-","0","0","0","0","0","0","0","0","0","0","0","0","0","0","0","0","0","0","0","2","0","0","0","0","0","0","0","0","0","0","0","0","0","0","0","0","0","0","0","0","0","0"
"0x7b03637b4ae0","      IADD3 R12, P2, P3, R141, R12, R18","4","0","4","32768","1048576","1048576","32","32","0","0","0","-","-","-","0","0","0","0","0","0","0","0","-","0","0","0","0","0","0","0","0","0","0","0","0","0","0","0","0","0","0","0","4","0","0","0","0","0","0","0","0","0","0","0","0","0","0","0","0","0","0","0","0","0","0"
"0x7b03637b4af0","      IMAD.SHL.U32 R14, R137, 0x2, RZ","13","0","13","32768","1048576","1048576","32","32","0","0","0","-","-","-","0","0","0","0","0","0","0","0","-","0","0","0","0","0","0","0","0","0","0","0","0","0","3","0","0","0","0","4","3","0","0","0","3","0","0","0","0","0","0","0","0","0","0","0","0","0","0","0","0","0","0"
"0x7b03637b4b00","      IADD3.X R13, RZ, R136, R17, P2, P3","3","0","3","32768","1048576","1048576","32","32","0","0","0","-","-","-","0","0","0","0","0","0","0","0","-","0","0","0","0","0","0","0","0","0","0","0","0","0","0","0","0","0","0","0","3","0","0","0","0","0","0","0","0","0","0","0","0","0","0","0","0","0","0","0","0","0","0"
"0x7b03637b4b10","      IMAD R138, R138, UR7, RZ","6","0","6","32768","1048576","1048576","32","32","0","0","0","-","-","-","0","0","0","0","0","0","0","0","-","0","0","0","0","0","0","0","0","0","0","0","0","0","0","0","0","0","0","0","6","0","0","0","0","0","0","0","0","0","0","0","0","0","0","0","0","0","0","0","0","0","0"
"0x7b03637b4b20","      IMAD.HI R137, R137, 0x2, RZ","16","4","16","32768","1048576","1048576","32","32","0","0","0","-","-","-","0","0","0","0","0","0","0","0","-","0","0","0","0","0","0","0","0","0","0","0","0","0","1","0","0","0","0","7","3","0","0","0","5","0","0","0","0","0","0","0","1","0","0","0","0","0","0","0","0","0","3"
"0x7b03637b4b30","      IADD3 R14, P2, P3, R141, R14, R18","2","0","2","32768","1048576","1048576","32","32","0","0","0","-","-","-","0","0","0","0","0","0","0","0","-","0","0","0","0","0","0","0","0","0","0","0","0","0","0","0","0","0","0","0","2","0","0","0","0","0","0","0","0","0","0","0","0","0","0","0","0","0","0","0","0","0","0"
"0x7b03637b4b40","      IMAD.SHL.U32 R16, R138, 0x2, RZ","22","2","22","32768","1048576","1048576","32","32","0","0","0","-","-","-","0","0","0","0","0","0","0","0","-","0","0","0","0","0","0","0","0","0","0","0","0","0","5","0","0","0","0","13","2","0","0","0","2","0","0","0","0","0","0","0","2","0","0","0","0","0","0","0","0","0","0"
"0x7b03637b4b50","      IADD3.X R15, RZ, R137, R17, P2, P3","3","0","3","32768","1048576","1048576","32","32","0","0","0","-","-","-","0","0","0","0","0","0","0","0","-","0","0","0","0","0","0","0","0","1","0","0","0","0","0","0","0","0","0","0","2","0","0","0","0","0","0","0","0","0","0","0","0","0","0","0","0","0","0","0","0","0","0"
"0x7b03637b4b60","      IMAD.HI R138, R138, 0x2, RZ","2","0","2","32768","1048576","1048576","32","32","0","0","0","-","-","-","0","0","0","0","0","0","0","0","-","0","0","0","0","0","0","0","0","0","0","0","0","0","0","0","0","0","0","0","2","0","0","0","0","0","0","0","0","0","0","0","0","0","0","0","0","0","0","0","0","0","0"
"0x7b03637b4b70","      IADD3 R16, P2, P3, R141, R16, R18","76","3","76","32768","1048576","1048576","32","32","0","0","0","-","-","-","0","0","0","0","0","0","0","0","-","0","0","0","0","0","0","0","0","3","0","0","0","0","33","0","0","0","0","31","3","0","0","0","6","0","0","0","0","0","0","0","0","0","0","0","0","0","0","0","0","0","3"
"0x7b03637b4b80","      IMAD.MOV.U32 R90, RZ, RZ, R145","2","0","2","32768","1048576","1048576","32","32","0","0","0","-","-","-","0","0","0","0","0","0","0","0","-","0","0","0","0","0","0","0","0","0","0","0","0","0","0","0","0","0","0","0","2","0","0","0","0","0","0","0","0","0","0","0","0","0","0","0","0","0","0","0","0","0","0"
"0x7b03637b4b90","      FMUL R18, R27, 0.25","56","0","56","32768","1048576","1048576","32","32","0","0","0","-","-","-","0","0","0","0","0","0","0","0","-","0","0","0","0","0","0","0","0","0","0","0","0","0","0","0","0","0","0","53","1","0","0","0","2","0","0","0","0","0","0","0","0","0","0","0","0","0","0","0","0","0","0"
"0x7b03637b4ba0","      IADD3.X R17, RZ, R138, R17, P2, P3","2","0","2","32768","1048576","1048576","32","32","0","0","0","-","-","-","0","0","0","0","0","0","0","0","-","0","0","0","0","0","0","0","0","0","0","0","0","0","0","0","0","0","0","0","2","0","0","0","0","0","0","0","0","0","0","0","0","0","0","0","0","0","0","0","0","0","0"
"0x7b03637b4bb0","      FSETP.GT.AND P3, PT, |R90|, 8.50705917302346158658e+37, PT","91","2","91","32768","1048576","1048576","32","32","0","0","0","-","-","-","0","0","0","0","0","0","0","0","-","0","0","0","0","0","0","0","0","0","0","0","0","0","7","0","0","0","0","78","2","0","0","0","4","0","0","0","0","0","0","0","2","0","0","0","0","0","0","0","0","0","0"
"0x7b03637b4bc0","      FSETP.GEU.AND P2, PT, |R90|, 1.175494350822287508e-38, PT","32","0","32","32768","1048576","1048576","32","32","0","0","0","-","-","-","0","0","0","0","0","0","0","0","-","0","0","0","0","0","0","0","0","1","0","0","0","0","3","0","0","0","0","25","2","0","0","0","1","0","0","0","0","0","0","0","0","0","0","0","0","0","0","0","0","0","0"
"0x7b03637b4bd0","      FSEL R21, R19, R26, P3","18","1","18","32768","1048576","1048576","32","32","0","0","0","-","-","-","0","0","0","0","0","0","0","0","-","0","0","0","0","0","0","0","0","0","0","0","0","0","2","0","0","0","0","11","3","0","0","0","2","0","0","0","0","0","0","0","0","0","0","0","0","0","0","0","0","0","1"
"0x7b03637b4be0","      FMUL R19, R30, 0.25","2","0","2","32768","1048576","1048576","32","32","0","0","0","-","-","-","0","0","0","0","0","0","0","0","-","0","0","0","0","0","0","0","0","0","0","0","0","0","0","0","0","0","0","0","2","0","0","0","0","0","0","0","0","0","0","0","0","0","0","0","0","0","0","0","0","0","0"
"0x7b03637b4bf0","      FSEL R27, R18, R27, P3","1","0","1","32768","1048576","1048576","32","32","0","0","0","-","-","-","0","0","0","0","0","0","0","0","-","0","0","0","0","0","0","0","0","1","0","0","0","0","0","0","0","0","0","0","0","0","0","0","0","0","0","0","0","0","0","0","0","0","0","0","0","0","0","0","0","0","0"
"0x7b03637b4c00","      FMUL R18, R31, 0.25","1","0","1","32768","1048576","1048576","32","32","0","0","0","-","-","-","0","0","0","0","0","0","0","0","-","0","0","0","0","0","0","0","0","0","0","0","0","0","0","0","0","0","0","0","1","0","0","0","0","0","0","0","0","0","0","0","0","0","0","0","0","0","0","0","0","0","0"
"0x7b03637b4c10","      FSEL R93, R20, R35, P3","0","0","0","32768","1048576","1048576","32","32","0","0","0","-","-","-","0","0","0","0","0","0","0","0","-","0","0","0","0","0","0","0","0","0","0","0","0","0","0","0","0","0","0","0","0","0","0","0","0","0","0","0","0","0","0","0","0","0","0","0","0","0","0","0","0","0","0"
"0x7b03637b4c20","      FMUL R20, R43, 0.25","2","0","2","32768","1048576","1048576","32","32","0","0","0","-","-","-","0","0","0","0","0","0","0","0","-","0","0","0","0","0","0","0","0","0","0","0","0","0","0","0","0","0","0","0","2","0","0","0","0","0","0","0","0","0","0","0","0","0","0","0","0","0","0","0","0","0","0"
"0x7b03637b4c30","      FSEL R89, R19, R30, P3","2","0","2","32768","1048576","1048576","32","32","0","0","0","-","-","-","0","0","0","0","0","0","0","0","-","0","0","0","0","0","0","0","0","0","0","0","0","0","0","0","0","0","0","0","2","0","0","0","0","0","0","0","0","0","0","0","0","0","0","0","0","0","0","0","0","0","0"
"0x7b03637b4c40","      FMUL R19, R42, 0.25","3","0","3","32768","1048576","1048576","32","32","0","0","0","-","-","-","0","0","0","0","0","0","0","0","-","0","0","0","0","0","0","0","0","0","0","0","0","0","0","0","0","0","0","0","3","0","0","0","0","0","0","0","0","0","0","0","0","0","0","0","0","0","0","0","0","0","0"
"0x7b03637b4c50","      FSEL R31, R18, R31, P3","3","0","3","32768","1048576","1048576","32","32","0","0","0","-","-","-","0","0","0","0","0","0","0","0","-","0","0","0","0","0","0","0","0","0","0","0","0","0","0","0","0","0","0","0","3","0","0","0","0","0","0","0","0","0","0","0","0","0","0","0","0","0","0","0","0","0","0"
"0x7b03637b4c60","      FMUL R18, R39, 0.25","2","0","2","32768","1048576","1048576","32","32","0","0","0","-","-","-","0","0","0","0","0","0","0","0","-","0","0","0","0","0","0","0","0","0","0","0","0","0","0","0","0","0","0","0","2","0","0","0","0","0","0","0","0","0","0","0","0","0","0","0","0","0","0","0","0","0","0"
"0x7b03637b4c70","      FSEL R91, R23, R34, P3","1","0","1","32768","1048576","1048576","32","32","0","0","0","-","-","-","0","0","0","0","0","0","0","0","-","0","0","0","0","0","0","0","0","0","0","0","0","0","0","0","0","0","0","0","1","0","0","0","0","0","0","0","0","0","0","0","0","0","0","0","0","0","0","0","0","0","0"
"0x7b03637b4c80","      FMUL R23, R46, 0.25","1","0","1","32768","1048576","1048576","32","32","0","0","0","-","-","-","0","0","0","0","0","0","0","0","-","0","0","0","0","0","0","0","0","0","0","0","0","0","0","0","0","0","0","0","1","0","0","0","0","0","0","0","0","0","0","0","0","0","0","0","0","0","0","0","0","0","0"
"0x7b03637b4c90","      FSEL R101, R20, R43, P3","3","0","3","32768","1048576","1048576","32","32","0","0","0","-","-","-","0","0","0","0","0","0","0","0","-","0","0","0","0","0","0","0","0","0","0","0","0","0","0","0","0","0","0","0","3","0","0","0","0","0","0","0","0","0","0","0","0","0","0","0","0","0","0","0","0","0","0"
"0x7b03637b4ca0","      FMUL R20, R55, 0.25","2","0","2","32768","1048576","1048576","32","32","0","0","0","-","-","-","0","0","0","0","0","0","0","0","-","0","0","0","0","0","0","0","0","0","0","0","0","0","0","0","0","0","0","0","2","0","0","0","0","0","0","0","0","0","0","0","0","0","0","0","0","0","0","0","0","0","0"
"0x7b03637b4cb0","      FSEL R97, R18, R39, P3","2","0","2","32768","1048576","1048576","32","32","0","0","0","-","-","-","0","0","0","0","0","0","0","0","-","0","0","0","0","0","0","0","0","0","0","0","0","0","0","0","0","0","0","0","2","0","0","0","0","0","0","0","0","0","0","0","0","0","0","0","0","0","0","0","0","0","0"
"0x7b03637b4cc0","      FMUL R18, R51, 0.25","2","0","2","32768","1048576","1048576","32","32","0","0","0","-","-","-","0","0","0","0","0","0","0","0","-","0","0","0","0","0","0","0","0","0","0","0","0","0","0","0","0","0","0","0","2","0","0","0","0","0","0","0","0","0","0","0","0","0","0","0","0","0","0","0","0","0","0"
"0x7b03637b4cd0","      FSEL R99, R19, R42, P3","1","0","1","32768","1048576","1048576","32","32","0","0","0","-","-","-","0","0","0","0","0","0","0","0","-","0","0","0","0","0","0","0","0","0","0","0","0","0","0","0","0","0","0","0","1","0","0","0","0","0","0","0","0","0","0","0","0","0","0","0","0","0","0","0","0","0","0"
"0x7b03637b4ce0","      FMUL R19, R50, 0.25","2","0","2","32768","1048576","1048576","32","32","0","0","0","-","-","-","0","0","0","0","0","0","0","0","-","0","0","0","0","0","0","0","0","0","0","0","0","0","0","0","0","0","0","0","2","0","0","0","0","0","0","0","0","0","0","0","0","0","0","0","0","0","0","0","0","0","0"
"0x7b03637b4cf0","      FSEL R103, R23, R46, P3","4","0","4","32768","1048576","1048576","32","32","0","0","0","-","-","-","0","0","0","0","0","0","0","0","-","0","0","0","0","0","0","0","0","0","0","0","0","0","0","0","0","0","0","0","4","0","0","0","0","0","0","0","0","0","0","0","0","0","0","0","0","0","0","0","0","0","0"
"0x7b03637b4d00","      FMUL R23, R54, 0.25","1","0","1","32768","1048576","1048576","32","32","0","0","0","-","-","-","0","0","0","0","0","0","0","0","-","0","0","0","0","0","0","0","0","0","0","0","0","0","0","0","0","0","0","0","1","0","0","0","0","0","0","0","0","0","0","0","0","0","0","0","0","0","0","0","0","0","0"
"0x7b03637b4d10","      FSEL R113, R20, R55, P3","0","0","0","32768","1048576","1048576","32","32","0","0","0","-","-","-","0","0","0","0","0","0","0","0","-","0","0","0","0","0","0","0","0","0","0","0","0","0","0","0","0","0","0","0","0","0","0","0","0","0","0","0","0","0","0","0","0","0","0","0","0","0","0","0","0","0","0"
"0x7b03637b4d20","      FMUL R20, R63, 0.25","2","0","2","32768","1048576","1048576","32","32","0","0","0","-","-","-","0","0","0","0","0","0","0","0","-","0","0","0","0","0","0","0","0","0","0","0","0","0","0","0","0","0","0","0","2","0","0","0","0","0","0","0","0","0","0","0","0","0","0","0","0","0","0","0","0","0","0"
"0x7b03637b4d30","      FSEL R107, R19, R50, P3","0","0","0","32768","1048576","1048576","32","32","0","0","0","-","-","-","0","0","0","0","0","0","0","0","-","0","0","0","0","0","0","0","0","0","0","0","0","0","0","0","0","0","0","0","0","0","0","0","0","0","0","0","0","0","0","0","0","0","0","0","0","0","0","0","0","0","0"
"0x7b03637b4d40","      FMUL R19, R62, 0.25","0","0","0","32768","1048576","1048576","32","32","0","0","0","-","-","-","0","0","0","0","0","0","0","0","-","0","0","0","0","0","0","0","0","0","0","0","0","0","0","0","0","0","0","0","0","0","0","0","0","0","0","0","0","0","0","0","0","0","0","0","0","0","0","0","0","0","0"
"0x7b03637b4d50","      FSEL R109, R18, R51, P3","1","0","1","32768","1048576","1048576","32","32","0","0","0","-","-","-","0","0","0","0","0","0","0","0","-","0","0","0","0","0","0","0","0","0","0","0","0","0","0","0","0","0","0","0","1","0","0","0","0","0","0","0","0","0","0","0","0","0","0","0","0","0","0","0","0","0","0"
"0x7b03637b4d60","      FMUL R18, R59, 0.25","0","0","0","32768","1048576","1048576","32","32","0","0","0","-","-","-","0","0","0","0","0","0","0","0","-","0","0","0","0","0","0","0","0","0","0","0","0","0","0","0","0","0","0","0","0","0","0","0","0","0","0","0","0","0","0","0","0","0","0","0","0","0","0","0","0","0","0"
"0x7b03637b4d70","      FSEL R111, R23, R54, P3","3","0","3","32768","1048576","1048576","32","32","0","0","0","-","-","-","0","0","0","0","0","0","0","0","-","0","0","0","0","0","0","0","0","0","0","0","0","0","0","0","0","0","0","0","3","0","0","0","0","0","0","0","0","0","0","0","0","0","0","0","0","0","0","0","0","0","0"
"0x7b03637b4d80","      FMUL R23, R66, 0.25","2","0","2","32768","1048576","1048576","32","32","0","0","0","-","-","-","0","0","0","0","0","0","0","0","-","0","0","0","0","0","0","0","0","0","0","0","0","0","0","0","0","0","0","0","2","0","0","0","0","0","0","0","0","0","0","0","0","0","0","0","0","0","0","0","0","0","0"
"0x7b03637b4d90","      FSEL R121, R20, R63, P3","3","0","3","32768","1048576","1048576","32","32","0","0","0","-","-","-","0","0","0","0","0","0","0","0","-","0","0","0","0","0","0","0","0","0","0","0","0","0","0","0","0","0","0","0","3","0","0","0","0","0","0","0","0","0","0","0","0","0","0","0","0","0","0","0","0","0","0"
"0x7b03637b4da0","      FMUL R20, R75, 0.25","2","0","2","32768","1048576","1048576","32","32","0","0","0","-","-","-","0","0","0","0","0","0","0","0","-","0","0","0","0","0","0","0","0","0","0","0","0","0","0","0","0","0","0","0","2","0","0","0","0","0","0","0","0","0","0","0","0","0","0","0","0","0","0","0","0","0","0"
"0x7b03637b4db0","      FSEL R105, R22, R47, P3","3","0","3","32768","1048576","1048576","32","32","0","0","0","-","-","-","0","0","0","0","0","0","0","0","-","0","0","0","0","0","0","0","0","0","0","0","0","0","0","0","0","0","0","0","3","0","0","0","0","0","0","0","0","0","0","0","0","0","0","0","0","0","0","0","0","0","0"
"0x7b03637b4dc0","      FMUL R35, R58, 0.25","1","0","1","32768","1048576","1048576","32","32","0","0","0","-","-","-","0","0","0","0","0","0","0","0","-","0","0","0","0","0","0","0","0","0","0","0","0","0","0","0","0","0","0","0","1","0","0","0","0","0","0","0","0","0","0","0","0","0","0","0","0","0","0","0","0","0","0"
"0x7b03637b4dd0","      FSEL R117, R18, R59, P3","1","0","1","32768","1048576","1048576","32","32","0","0","0","-","-","-","0","0","0","0","0","0","0","0","-","0","0","0","0","0","0","0","0","0","0","0","0","0","0","0","0","0","0","0","1","0","0","0","0","0","0","0","0","0","0","0","0","0","0","0","0","0","0","0","0","0","0"
"0x7b03637b4de0","      FMUL R22, R67, 0.25","3","0","3","32768","1048576","1048576","32","32","0","0","0","-","-","-","0","0","0","0","0","0","0","0","-","0","0","0","0","0","0","0","0","0","0","0","0","0","0","0","0","0","0","0","3","0","0","0","0","0","0","0","0","0","0","0","0","0","0","0","0","0","0","0","0","0","0"
"0x7b03637b4df0","      FSEL R119, R19, R62, P3","2","0","2","32768","1048576","1048576","32","32","0","0","0","-","-","-","0","0","0","0","0","0","0","0","-","0","0","0","0","0","0","0","0","0","0","0","0","0","0","0","0","0","0","0","2","0","0","0","0","0","0","0","0","0","0","0","0","0","0","0","0","0","0","0","0","0","0"
"0x7b03637b4e00","      FMUL R19, R70, 0.25","3","0","3","32768","1048576","1048576","32","32","0","0","0","-","-","-","0","0","0","0","0","0","0","0","-","0","0","0","0","0","0","0","0","0","0","0","0","0","0","0","0","0","0","0","3","0","0","0","0","0","0","0","0","0","0","0","0","0","0","0","0","0","0","0","0","0","0"
"0x7b03637b4e10","      FSEL R123, R23, R66, P3","0","0","0","32768","1048576","1048576","32","32","0","0","0","-","-","-","0","0","0","0","0","0","0","0","-","0","0","0","0","0","0","0","0","0","0","0","0","0","0","0","0","0","0","0","0","0","0","0","0","0","0","0","0","0","0","0","0","0","0","0","0","0","0","0","0","0","0"
"0x7b03637b4e20","      FMUL R18, R71, 0.25","2","0","2","32768","1048576","1048576","32","32","0","0","0","-","-","-","0","0","0","0","0","0","0","0","-","0","0","0","0","0","0","0","0","0","0","0","0","0","0","0","0","0","0","0","2","0","0","0","0","0","0","0","0","0","0","0","0","0","0","0","0","0","0","0","0","0","0"
"0x7b03637b4e30","      FMUL R23, R74, 0.25","1","0","1","32768","1048576","1048576","32","32","0","0","0","-","-","-","0","0","0","0","0","0","0","0","-","0","0","0","0","0","0","0","0","0","0","0","0","0","0","0","0","0","0","0","1","0","0","0","0","0","0","0","0","0","0","0","0","0","0","0","0","0","0","0","0","0","0"
"0x7b03637b4e40","      FSEL R133, R20, R75, P3","3","0","3","32768","1048576","1048576","32","32","0","0","0","-","-","-","0","0","0","0","0","0","0","0","-","0","0","0","0","0","0","0","0","0","0","0","0","0","0","0","0","0","0","0","3","0","0","0","0","0","0","0","0","0","0","0","0","0","0","0","0","0","0","0","0","0","0"
"0x7b03637b4e50","      FMUL R20, R83, 0.25","0","0","0","32768","1048576","1048576","32","32","0","0","0","-","-","-","0","0","0","0","0","0","0","0","-","0","0","0","0","0","0","0","0","0","0","0","0","0","0","0","0","0","0","0","0","0","0","0","0","0","0","0","0","0","0","0","0","0","0","0","0","0","0","0","0","0","0"
"0x7b03637b4e60","      FSEL R115, R35, R58, P3","1","0","1","32768","1048576","1048576","32","32","0","0","0","-","-","-","0","0","0","0","0","0","0","0","-","0","0","0","0","0","0","0","0","0","0","0","0","0","0","0","0","0","0","0","1","0","0","0","0","0","0","0","0","0","0","0","0","0","0","0","0","0","0","0","0","0","0"
"0x7b03637b4e70","      FMUL R35, R78, 0.25","4","0","4","32768","1048576","1048576","32","32","0","0","0","-","-","-","0","0","0","0","0","0","0","0","-","0","0","0","0","0","0","0","0","0","0","0","0","0","0","0","0","0","0","0","4","0","0","0","0","0","0","0","0","0","0","0","0","0","0","0","0","0","0","0","0","0","0"
"0x7b03637b4e80","      FSEL R125, R22, R67, P3","10","0","10","32768","1048576","1048576","32","32","0","0","0","-","-","-","0","0","0","0","0","0","0","0","-","0","0","0","0","0","0","0","0","0","0","0","0","0","1","0","0","0","0","8","1","0","0","0","0","0","0","0","0","0","0","0","0","0","0","0","0","0","0","0","0","0","0"
"0x7b03637b4e90","      FMUL R22, R87, 0.25","2","0","2","32768","1048576","1048576","32","32","0","0","0","-","-","-","0","0","0","0","0","0","0","0","-","0","0","0","0","0","0","0","0","0","0","0","0","0","0","0","0","0","0","0","2","0","0","0","0","0","0","0","0","0","0","0","0","0","0","0","0","0","0","0","0","0","0"
"0x7b03637b4ea0","      FSEL R127, R19, R70, P3","0","0","0","32768","1048576","1048576","32","32","0","0","0","-","-","-","0","0","0","0","0","0","0","0","-","0","0","0","0","0","0","0","0","0","0","0","0","0","0","0","0","0","0","0","0","0","0","0","0","0","0","0","0","0","0","0","0","0","0","0","0","0","0","0","0","0","0"
"0x7b03637b4eb0","      FMUL R19, R82, 0.25","2","0","2","32768","1048576","1048576","32","32","0","0","0","-","-","-","0","0","0","0","0","0","0","0","-","0","0","0","0","0","0","0","0","0","0","0","0","0","0","0","0","0","0","0","2","0","0","0","0","0","0","0","0","0","0","0","0","0","0","0","0","0","0","0","0","0","0"
"0x7b03637b4ec0","      FSEL R129, R18, R71, P3","2","0","2","32768","1048576","1048576","32","32","0","0","0","-","-","-","0","0","0","0","0","0","0","0","-","0","0","0","0","0","0","0","0","0","0","0","0","0","0","0","0","0","0","0","2","0","0","0","0","0","0","0","0","0","0","0","0","0","0","0","0","0","0","0","0","0","0"
"0x7b03637b4ed0","      FMUL R18, R79, 0.25","0","0","0","32768","1048576","1048576","32","32","0","0","0","-","-","-","0","0","0","0","0","0","0","0","-","0","0","0","0","0","0","0","0","0","0","0","0","0","0","0","0","0","0","0","0","0","0","0","0","0","0","0","0","0","0","0","0","0","0","0","0","0","0","0","0","0","0"
"0x7b03637b4ee0","      FSEL R131, R23, R74, P3","2","0","2","32768","1048576","1048576","32","32","0","0","0","-","-","-","0","0","0","0","0","0","0","0","-","0","0","0","0","0","0","0","0","0","0","0","0","0","0","0","0","0","0","0","2","0","0","0","0","0","0","0","0","0","0","0","0","0","0","0","0","0","0","0","0","0","0"
"0x7b03637b4ef0","      FMUL R23, R86, 0.25","3","0","3","32768","1048576","1048576","32","32","0","0","0","-","-","-","0","0","0","0","0","0","0","0","-","0","0","0","0","0","0","0","0","0","0","0","0","0","0","0","0","0","0","0","3","0","0","0","0","0","0","0","0","0","0","0","0","0","0","0","0","0","0","0","0","0","0"
"0x7b03637b4f00","      FSEL R141, R20, R83, P3","2","0","2","32768","1048576","1048576","32","32","0","0","0","-","-","-","0","0","0","0","0","0","0","0","-","0","0","0","0","0","0","0","0","0","0","0","0","0","0","0","0","0","0","0","2","0","0","0","0","0","0","0","0","0","0","0","0","0","0","0","0","0","0","0","0","0","0"
"0x7b03637b4f10","@P3   FMUL R90, R90, 0.25","1","0","1","32768","1048576","0","32","0","32","32","0","-","-","-","0","0","0","0","0","0","0","0","-","0","0","0","0","0","0","0","0","0","0","0","0","0","0","0","0","0","0","0","1","0","0","0","0","0","0","0","0","0","0","0","0","0","0","0","0","0","0","0","0","0","0"
"0x7b03637b4f20","      FSEL R95, R95, R38, P3","2","0","2","32768","1048576","1048576","32","32","32","0","0","-","-","-","0","0","0","0","0","0","0","0","-","0","0","0","0","0","0","0","0","0","0","0","0","0","0","0","0","0","0","0","2","0","0","0","0","0","0","0","0","0","0","0","0","0","0","0","0","0","0","0","0","0","0"
"0x7b03637b4f30","      FMUL R20, R33, 0.25","2","0","2","32768","1048576","1048576","32","32","0","0","0","-","-","-","0","0","0","0","0","0","0","0","-","0","0","0","0","0","0","0","0","0","0","0","0","0","0","0","0","0","0","0","2","0","0","0","0","0","0","0","0","0","0","0","0","0","0","0","0","0","0","0","0","0","0"
"0x7b03637b4f40","      FSEL R135, R35, R78, P3","3","0","3","32768","1048576","1048576","32","32","0","0","0","-","-","-","0","0","0","0","0","0","0","0","-","0","0","0","0","0","0","0","0","0","0","0","0","0","0","0","0","0","0","0","3","0","0","0","0","0","0","0","0","0","0","0","0","0","0","0","0","0","0","0","0","0","0"
"0x7b03637b4f50","@!P2  FMUL R90, R90, 16777216","3","0","3","32768","1048576","0","32","0","32","32","0","-","-","-","0","0","0","0","0","0","0","0","-","0","0","0","0","0","0","0","0","0","0","0","0","0","0","0","0","0","0","0","3","0","0","0","0","0","0","0","0","0","0","0","0","0","0","0","0","0","0","0","0","0","0"
"0x7b03637b4f60","      FSEL R137, R18, R79, P3","2","0","2","32768","1048576","1048576","32","32","32","0","0","-","-","-","0","0","0","0","0","0","0","0","-","0","0","0","0","0","0","0","0","0","0","0","0","0","0","0","0","0","0","0","2","0","0","0","0","0","0","0","0","0","0","0","0","0","0","0","0","0","0","0","0","0","0"
"0x7b03637b4f70","      FMUL R18, R25, 0.25","3","0","3","32768","1048576","1048576","32","32","0","0","0","-","-","-","0","0","0","0","0","0","0","0","-","0","0","0","0","0","0","0","0","0","0","0","0","0","0","0","0","0","0","0","3","0","0","0","0","0","0","0","0","0","0","0","0","0","0","0","0","0","0","0","0","0","0"
"0x7b03637b4f80","      FSEL R139, R19, R82, P3","7","0","7","32768","1048576","1048576","32","32","0","0","0","-","-","-","0","0","0","0","0","0","0","0","-","0","0","0","0","0","0","0","0","0","0","0","0","0","2","0","0","0","0","3","2","0","0","0","0","0","0","0","0","0","0","0","0","0","0","0","0","0","0","0","0","0","0"
"0x7b03637b4f90","      FMUL R19, R24, 0.25","5","0","5","32768","1048576","1048576","32","32","0","0","0","-","-","-","0","0","0","0","0","0","0","0","-","0","0","0","0","0","0","0","0","0","0","0","0","0","0","0","0","0","0","0","5","0","0","0","0","0","0","0","0","0","0","0","0","0","0","0","0","0","0","0","0","0","0"
"0x7b03637b4fa0","      FSEL R143, R23, R86, P3","1","0","1","32768","1048576","1048576","32","32","0","0","0","-","-","-","0","0","0","0","0","0","0","0","-","0","0","0","0","0","0","0","0","0","0","0","0","0","0","0","0","0","0","0","1","0","0","0","0","0","0","0","0","0","0","0","0","0","0","0","0","0","0","0","0","0","0"
"0x7b03637b4fb0","      FMUL R23, R28, 0.25","4","0","4","32768","1048576","1048576","32","32","0","0","0","-","-","-","0","0","0","0","0","0","0","0","-","0","0","0","0","0","0","0","0","0","0","0","0","0","0","0","0","0","0","0","4","0","0","0","0","0","0","0","0","0","0","0","0","0","0","0","0","0","0","0","0","0","0"
"0x7b03637b4fc0","      FSEL R145, R22, R87, P3","1","0","1","32768","1048576","1048576","32","32","0","0","0","-","-","-","0","0","0","0","0","0","0","0","-","0","0","0","0","0","0","0","0","0","0","0","0","0","0","0","0","0","0","0","1","0","0","0","0","0","0","0","0","0","0","0","0","0","0","0","0","0","0","0","0","0","0"
"0x7b03637b4fd0","      FMUL R22, R45, 0.25","1","0","1","32768","1048576","1048576","32","32","0","0","0","-","-","-","0","0","0","0","0","0","0","0","-","0","0","0","0","0","0","0","0","0","0","0","0","0","0","0","0","0","0","0","1","0","0","0","0","0","0","0","0","0","0","0","0","0","0","0","0","0","0","0","0","0","0"
"0x7b03637b4fe0","      FSETP.GT.AND P3, PT, |R146|, 8.50705917302346158658e+37, PT","2","0","2","32768","1048576","1048576","32","32","0","0","0","-","-","-","0","0","0","0","0","0","0","0","-","0","0","0","0","0","0","0","0","0","0","0","0","0","0","0","0","0","0","0","2","0","0","0","0","0","0","0","0","0","0","0","0","0","0","0","0","0","0","0","0","0","0"
"0x7b03637b4ff0","      FMUL R35, R32, 0.25","1","0","1","32768","1048576","1048576","32","32","0","0","0","-","-","-","0","0","0","0","0","0","0","0","-","0","0","0","0","0","0","0","0","0","0","0","0","0","0","0","0","0","0","0","1","0","0","0","0","0","0","0","0","0","0","0","0","0","0","0","0","0","0","0","0","0","0"
"0x7b03637b5000","      FMUL R39, R36, 0.25","2","0","2","32768","1048576","1048576","32","32","0","0","0","-","-","-","0","0","0","0","0","0","0","0","-","0","0","0","0","0","0","0","0","0","0","0","0","0","0","0","0","0","0","1","1","0","0","0","0","0","0","0","0","0","0","0","0","0","0","0","0","0","0","0","0","0","0"
"0x7b03637b5010","      FMUL R47, R44, 0.25","3","0","3","32768","1048576","1048576","32","32","0","0","0","-","-","-","0","0","0","0","0","0","0","0","-","0","0","0","0","0","0","0","0","0","0","0","0","0","0","0","0","0","0","0","3","0","0","0","0","0","0","0","0","0","0","0","0","0","0","0","0","0","0","0","0","0","0"
"0x7b03637b5020","      FSEL R33, R20, R33, P3","0","0","0","32768","1048576","1048576","32","32","0","0","0","-","-","-","0","0","0","0","0","0","0","0","-","0","0","0","0","0","0","0","0","0","0","0","0","0","0","0","0","0","0","0","0","0","0","0","0","0","0","0","0","0","0","0","0","0","0","0","0","0","0","0","0","0","0"
"0x7b03637b5030","      FMUL R20, R41, 0.25","1","0","1","32768","1048576","1048576","32","32","0","0","0","-","-","-","0","0","0","0","0","0","0","0","-","0","0","0","0","0","0","0","0","0","0","0","0","0","0","0","0","0","0","0","1","0","0","0","0","0","0","0","0","0","0","0","0","0","0","0","0","0","0","0","0","0","0"
"0x7b03637b5040","      FSEL R25, R18, R25, P3","2","0","2","32768","1048576","1048576","32","32","0","0","0","-","-","-","0","0","0","0","0","0","0","0","-","0","0","0","0","0","0","0","0","0","0","0","0","0","0","0","0","0","0","0","2","0","0","0","0","0","0","0","0","0","0","0","0","0","0","0","0","0","0","0","0","0","0"
"0x7b03637b5050","      FMUL R18, R29, 0.25","1","0","1","32768","1048576","1048576","32","32","0","0","0","-","-","-","0","0","0","0","0","0","0","0","-","0","0","0","0","0","0","0","0","0","0","0","0","0","0","0","0","0","0","0","1","0","0","0","0","0","0","0","0","0","0","0","0","0","0","0","0","0","0","0","0","0","0"
"0x7b03637b5060","      FSEL R45, R22, R45, P3","0","0","0","32768","1048576","1048576","32","32","0","0","0","-","-","-","0","0","0","0","0","0","0","0","-","0","0","0","0","0","0","0","0","0","0","0","0","0","0","0","0","0","0","0","0","0","0","0","0","0","0","0","0","0","0","0","0","0","0","0","0","0","0","0","0","0","0"
"0x7b03637b5070","      FMUL R22, R65, 0.25","2","0","2","32768","1048576","1048576","32","32","0","0","0","-","-","-","0","0","0","0","0","0","0","0","-","0","0","0","0","0","0","0","0","0","0","0","0","0","0","0","0","0","0","0","2","0","0","0","0","0","0","0","0","0","0","0","0","0","0","0","0","0","0","0","0","0","0"
"0x7b03637b5080","      FSEL R41, R20, R41, P3","2","0","2","32768","1048576","1048576","32","32","0","0","0","-","-","-","0","0","0","0","0","0","0","0","-","0","0","0","0","0","0","0","0","0","0","0","0","0","0","0","0","0","0","0","2","0","0","0","0","0","0","0","0","0","0","0","0","0","0","0","0","0","0","0","0","0","0"
"0x7b03637b5090","      FMUL R20, R53, 0.25","3","0","3","32768","1048576","1048576","32","32","0","0","0","-","-","-","0","0","0","0","0","0","0","0","-","0","0","0","0","0","0","0","0","0","0","0","0","0","0","0","0","0","0","0","3","0","0","0","0","0","0","0","0","0","0","0","0","0","0","0","0","0","0","0","0","0","0"
"0x7b03637b50a0","      FSEL R29, R18, R29, P3","2","0","2","32768","1048576","1048576","32","32","0","0","0","-","-","-","0","0","0","0","0","0","0","0","-","0","0","0","0","0","0","0","0","0","0","0","0","0","0","0","0","0","0","0","2","0","0","0","0","0","0","0","0","0","0","0","0","0","0","0","0","0","0","0","0","0","0"
"0x7b03637b50b0","      FMUL R18, R37, 0.25","2","0","2","32768","1048576","1048576","32","32","0","0","0","-","-","-","0","0","0","0","0","0","0","0","-","0","0","0","0","0","0","0","0","0","0","0","0","0","0","0","0","0","0","0","2","0","0","0","0","0","0","0","0","0","0","0","0","0","0","0","0","0","0","0","0","0","0"
"0x7b03637b50c0","      FSEL R65, R22, R65, P3","2","0","2","32768","1048576","1048576","32","32","0","0","0","-","-","-","0","0","0","0","0","0","0","0","-","0","0","0","0","0","0","0","0","0","0","0","0","0","0","0","0","0","0","0","2","0","0","0","0","0","0","0","0","0","0","0","0","0","0","0","0","0","0","0","0","0","0"
"0x7b03637b50d0","      FMUL R22, R85, 0.25","2","0","2","32768","1048576","1048576","32","32","0","0","0","-","-","-","0","0","0","0","0","0","0","0","-","0","0","0","0","0","0","0","0","0","0","0","0","0","0","0","0","0","0","0","2","0","0","0","0","0","0","0","0","0","0","0","0","0","0","0","0","0","0","0","0","0","0"
"0x7b03637b50e0","      FSEL R53, R20, R53, P3","4","0","4","32768","1048576","1048576","32","32","0","0","0","-","-","-","0","0","0","0","0","0","0","0","-","0","0","0","0","0","0","0","0","0","0","0","0","0","0","0","0","0","0","0","4","0","0","0","0","0","0","0","0","0","0","0","0","0","0","0","0","0","0","0","0","0","0"
"0x7b03637b50f0","      FMUL R20, R61, 0.25","3","0","3","32768","1048576","1048576","32","32","0","0","0","-","-","-","0","0","0","0","0","0","0","0","-","0","0","0","0","0","0","0","0","0","0","0","0","0","0","0","0","0","0","0","3","0","0","0","0","0","0","0","0","0","0","0","0","0","0","0","0","0","0","0","0","0","0"
"0x7b03637b5100","      FSEL R37, R18, R37, P3","0","0","0","32768","1048576","1048576","32","32","0","0","0","-","-","-","0","0","0","0","0","0","0","0","-","0","0","0","0","0","0","0","0","0","0","0","0","0","0","0","0","0","0","0","0","0","0","0","0","0","0","0","0","0","0","0","0","0","0","0","0","0","0","0","0","0","0"
"0x7b03637b5110","      FMUL R18, R49, 0.25","0","0","0","32768","1048576","1048576","32","32","0","0","0","-","-","-","0","0","0","0","0","0","0","0","-","0","0","0","0","0","0","0","0","0","0","0","0","0","0","0","0","0","0","0","0","0","0","0","0","0","0","0","0","0","0","0","0","0","0","0","0","0","0","0","0","0","0"
"0x7b03637b5120","      FSEL R85, R22, R85, P3","2","0","2","32768","1048576","1048576","32","32","0","0","0","-","-","-","0","0","0","0","0","0","0","0","-","0","0","0","0","0","0","0","0","0","0","0","0","0","0","0","0","0","0","0","2","0","0","0","0","0","0","0","0","0","0","0","0","0","0","0","0","0","0","0","0","0","0"
"0x7b03637b5130","@P3   FMUL R146, R146, 0.25","0","0","0","32768","1048576","0","32","0","32","32","0","-","-","-","0","0","0","0","0","0","0","0","-","0","0","0","0","0","0","0","0","0","0","0","0","0","0","0","0","0","0","0","0","0","0","0","0","0","0","0","0","0","0","0","0","0","0","0","0","0","0","0","0","0","0"
"0x7b03637b5140","      FSEL R61, R20, R61, P3","2","0","2","32768","1048576","1048576","32","32","32","0","0","-","-","-","0","0","0","0","0","0","0","0","-","0","0","0","0","0","0","0","0","0","0","0","0","0","0","0","0","0","0","0","2","0","0","0","0","0","0","0","0","0","0","0","0","0","0","0","0","0","0","0","0","0","0"
"0x7b03637b5150","      FMUL R20, R73, 0.25","0","0","0","32768","1048576","1048576","32","32","0","0","0","-","-","-","0","0","0","0","0","0","0","0","-","0","0","0","0","0","0","0","0","0","0","0","0","0","0","0","0","0","0","0","0","0","0","0","0","0","0","0","0","0","0","0","0","0","0","0","0","0","0","0","0","0","0"
"0x7b03637b5160","      FSEL R49, R18, R49, P3","2","0","2","32768","1048576","1048576","32","32","0","0","0","-","-","-","0","0","0","0","0","0","0","0","-","0","0","0","0","0","0","0","0","0","0","0","0","0","0","0","0","0","0","0","2","0","0","0","0","0","0","0","0","0","0","0","0","0","0","0","0","0","0","0","0","0","0"
"0x7b03637b5170","      FMUL R18, R57, 0.25","2","0","2","32768","1048576","1048576","32","32","0","0","0","-","-","-","0","0","0","0","0","0","0","0","-","0","0","0","0","0","0","0","0","0","0","0","0","0","0","0","0","0","0","0","2","0","0","0","0","0","0","0","0","0","0","0","0","0","0","0","0","0","0","0","0","0","0"
"0x7b03637b5180","      IMAD.SHL.U32 R22, R0, 0x4, RZ","5","0","5","32768","1048576","1048576","32","32","0","0","0","-","-","-","0","0","0","0","0","0","0","0","-","0","0","0","0","0","0","0","0","0","0","0","0","0","0","0","0","0","0","4","1","0","0","0","0","0","0","0","0","0","0","0","0","0","0","0","0","0","0","0","0","0","0"
"0x7b03637b5190","@!P4  FMUL R146, R146, 16777216","17","0","17","32768","1048576","0","32","0","32","32","0","-","-","-","0","0","0","0","0","0","0","0","-","0","0","0","0","0","0","0","0","0","0","0","0","0","0","0","0","0","0","14","2","0","0","0","1","0","0","0","0","0","0","0","0","0","0","0","0","0","0","0","0","0","0"
"0x7b03637b51a0","      FSEL R73, R20, R73, P3","1","0","1","32768","1048576","1048576","32","32","32","0","0","-","-","-","0","0","0","0","0","0","0","0","-","0","0","0","0","0","0","0","0","0","0","0","0","0","0","0","0","0","0","0","1","0","0","0","0","0","0","0","0","0","0","0","0","0","0","0","0","0","0","0","0","0","0"
"0x7b03637b51b0","      FMUL R20, R81, 0.25","2","0","2","32768","1048576","1048576","32","32","0","0","0","-","-","-","0","0","0","0","0","0","0","0","-","0","0","0","0","0","0","0","0","0","0","0","0","0","0","0","0","0","0","0","2","0","0","0","0","0","0","0","0","0","0","0","0","0","0","0","0","0","0","0","0","0","0"
"0x7b03637b51c0","      FSEL R57, R18, R57, P3","1","0","1","32768","1048576","1048576","32","32","0","0","0","-","-","-","0","0","0","0","0","0","0","0","-","0","0","0","0","0","0","0","0","0","0","0","0","0","0","0","0","0","0","0","1","0","0","0","0","0","0","0","0","0","0","0","0","0","0","0","0","0","0","0","0","0","0"
"0x7b03637b51d0","      FMUL R18, R69, 0.25","1","0","1","32768","1048576","1048576","32","32","0","0","0","-","-","-","0","0","0","0","0","0","0","0","-","0","0","0","0","0","0","0","0","0","0","0","0","0","0","0","0","0","0","0","1","0","0","0","0","0","0","0","0","0","0","0","0","0","0","0","0","0","0","0","0","0","0"
"0x7b03637b51e0","      FSEL R19, R19, R24, P3","2","0","2","32768","1048576","1048576","32","32","0","0","0","-","-","-","0","0","0","0","0","0","0","0","-","0","0","0","0","0","0","0","0","0","0","0","0","0","0","0","0","0","0","0","2","0","0","0","0","0","0","0","0","0","0","0","0","0","0","0","0","0","0","0","0","0","0"
"0x7b03637b51f0","      FMUL R43, R40, 0.25","4","0","4","32768","1048576","1048576","32","32","0","0","0","-","-","-","0","0","0","0","0","0","0","0","-","0","0","0","0","0","0","0","0","0","0","0","0","0","0","0","0","0","0","0","4","0","0","0","0","0","0","0","0","0","0","0","0","0","0","0","0","0","0","0","0","0","0"
"0x7b03637b5200","      FSEL R81, R20, R81, P3","1","0","1","32768","1048576","1048576","32","32","0","0","0","-","-","-","0","0","0","0","0","0","0","0","-","0","0","0","0","0","0","0","0","0","0","0","0","0","0","0","0","0","0","0","1","0","0","0","0","0","0","0","0","0","0","0","0","0","0","0","0","0","0","0","0","0","0"
"0x7b03637b5210","      IMAD.SHL.U32 R20, R0, 0x20, RZ","1","0","1","32768","1048576","1048576","32","32","0","0","0","-","-","-","0","0","0","0","0","0","0","0","-","0","0","0","0","0","0","0","0","0","0","0","0","0","0","0","0","0","0","0","1","0","0","0","0","0","0","0","0","0","0","0","0","0","0","0","0","0","0","0","0","0","0"
"0x7b03637b5220","      FSEL R69, R18, R69, P3","2","0","2","32768","1048576","1048576","32","32","0","0","0","-","-","-","0","0","0","0","0","0","0","0","-","0","0","0","0","0","0","0","0","0","0","0","0","0","0","0","0","0","0","0","2","0","0","0","0","0","0","0","0","0","0","0","0","0","0","0","0","0","0","0","0","0","0"
"0x7b03637b5230","      FMUL R18, R77, 0.25","1","0","1","32768","1048576","1048576","32","32","0","0","0","-","-","-","0","0","0","0","0","0","0","0","-","0","0","0","0","0","0","0","0","0","0","0","0","0","0","0","0","0","0","0","1","0","0","0","0","0","0","0","0","0","0","0","0","0","0","0","0","0","0","0","0","0","0"
"0x7b03637b5240","      LOP3.LUT R0, R0, 0x18, RZ, 0xc0, !PT","4","0","4","32768","1048576","1048576","32","32","0","0","0","-","-","-","0","0","0","0","0","0","0","0","-","0","0","0","0","0","0","0","0","0","0","0","0","0","0","0","0","0","0","0","4","0","0","0","0","0","0","0","0","0","0","0","0","0","0","0","0","0","0","0","0","0","0"
"0x7b03637b5250","      FMUL R51, R48, 0.25","1","0","1","32768","1048576","1048576","32","32","0","0","0","-","-","-","0","0","0","0","0","0","0","0","-","0","0","0","0","0","0","0","0","0","0","0","0","0","0","0","0","0","0","0","1","0","0","0","0","0","0","0","0","0","0","0","0","0","0","0","0","0","0","0","0","0","0"
"0x7b03637b5260","      LOP3.LUT R147, R20, 0x1c60, RZ, 0xc0, !PT","2","0","2","32768","1048576","1048576","32","32","0","0","0","-","-","-","0","0","0","0","0","0","0","0","-","0","0","0","0","0","0","0","0","0","0","0","0","0","0","0","0","0","0","0","2","0","0","0","0","0","0","0","0","0","0","0","0","0","0","0","0","0","0","0","0","0","0"
"0x7b03637b5270","      FMUL R55, R52, 0.25","1","0","1","32768","1048576","1048576","32","32","0","0","0","-","-","-","0","0","0","0","0","0","0","0","-","0","0","0","0","0","0","0","0","0","0","0","0","0","0","0","0","0","0","0","1","0","0","0","0","0","0","0","0","0","0","0","0","0","0","0","0","0","0","0","0","0","0"
"0x7b03637b5280","      FSEL R77, R18, R77, P3","1","0","1","32768","1048576","1048576","32","32","0","0","0","-","-","-","0","0","0","0","0","0","0","0","-","0","0","0","0","0","0","0","0","0","0","0","0","0","0","0","0","0","0","0","1","0","0","0","0","0","0","0","0","0","0","0","0","0","0","0","0","0","0","0","0","0","0"
"0x7b03637b5290","      IMAD R149, R0, 0x20, R151","0","0","0","32768","1048576","1048576","32","32","0","0","0","-","-","-","0","0","0","0","0","0","0","0","-","0","0","0","0","0","0","0","0","0","0","0","0","0","0","0","0","0","0","0","0","0","0","0","0","0","0","0","0","0","0","0","0","0","0","0","0","0","0","0","0","0","0"
"0x7b03637b52a0","      MUFU.RCP R18, R90","1","0","1","32768","1048576","1048576","32","32","0","0","0","-","-","-","0","0","0","0","0","0","0","0","-","0","0","0","0","0","0","0","0","0","0","0","0","0","0","0","0","0","0","0","1","0","0","0","0","0","0","0","0","0","0","0","0","0","0","0","0","0","0","0","0","0","0"
"0x7b03637b52b0","      IMAD R147, R0, 0x10, R147","2","0","2","32768","1048576","1048576","32","32","0","0","0","-","-","-","0","0","0","0","0","0","0","0","-","0","0","0","0","0","0","0","0","0","0","0","0","0","0","0","0","0","0","0","2","0","0","0","0","0","0","0","0","0","0","0","0","0","0","0","0","0","0","0","0","0","0"
"0x7b03637b52c0","      LOP3.LUT R20, R22, 0x10, RZ, 0xc0, !PT","1","0","1","32768","1048576","1048576","32","32","0","0","0","-","-","-","0","0","0","0","0","0","0","0","-","0","0","0","0","0","0","0","0","0","0","0","0","0","0","0","0","0","0","0","1","0","0","0","0","0","0","0","0","0","0","0","0","0","0","0","0","0","0","0","0","0","0"
"0x7b03637b52d0","      FMUL R63, R60, 0.25","5","0","5","32768","1048576","1048576","32","32","0","0","0","-","-","-","0","0","0","0","0","0","0","0","-","0","0","0","0","0","0","0","0","0","0","0","0","0","0","0","0","0","0","0","5","0","0","0","0","0","0","0","0","0","0","0","0","0","0","0","0","0","0","0","0","0","0"
"0x7b03637b52e0","      FSEL R23, R23, R28, P3","1","0","1","32768","1048576","1048576","32","32","0","0","0","-","-","-","0","0","0","0","0","0","0","0","-","0","0","0","0","0","0","0","0","0","0","0","0","0","0","0","0","0","0","0","1","0","0","0","0","0","0","0","0","0","0","0","0","0","0","0","0","0","0","0","0","0","0"
"0x7b03637b52f0","      FMUL R59, R56, 0.25","3","0","3","32768","1048576","1048576","32","32","0","0","0","-","-","-","0","0","0","0","0","0","0","0","-","0","0","0","0","0","0","0","0","0","0","0","0","0","0","0","0","0","0","0","3","0","0","0","0","0","0","0","0","0","0","0","0","0","0","0","0","0","0","0","0","0","0"
"0x7b03637b5300","      FSEL R35, R35, R32, P3","1","0","1","32768","1048576","1048576","32","32","0","0","0","-","-","-","0","0","0","0","0","0","0","0","-","0","0","0","0","0","0","0","0","0","0","0","0","0","0","0","0","0","0","0","1","0","0","0","0","0","0","0","0","0","0","0","0","0","0","0","0","0","0","0","0","0","0"
"0x7b03637b5310","      FMUL R67, R64, 0.25","9","0","9","32768","1048576","1048576","32","32","0","0","0","-","-","-","0","0","0","0","0","0","0","0","-","0","0","0","0","0","0","0","0","4","0","0","0","0","0","0","0","0","0","0","5","0","0","0","0","0","0","0","0","0","0","0","0","0","0","0","0","0","0","0","0","0","0"
"0x7b03637b5320","      MUFU.RCP R0, R146","1","0","1","32768","1048576","1048576","32","32","0","0","0","-","-","-","0","0","0","0","0","0","0","0","-","0","0","0","0","0","0","0","0","0","0","0","0","0","0","0","0","0","0","0","1","0","0","0","0","0","0","0","0","0","0","0","0","0","0","0","0","0","0","0","0","0","0"
"0x7b03637b5330","      FSEL R39, R39, R36, P3","3","0","3","32768","1048576","1048576","32","32","0","0","0","-","-","-","0","0","0","0","0","0","0","0","-","0","0","0","0","0","0","0","0","0","0","0","0","0","0","0","0","0","0","0","3","0","0","0","0","0","0","0","0","0","0","0","0","0","0","0","0","0","0","0","0","0","0"
"0x7b03637b5340","      FMUL R71, R68, 0.25","4","0","4","32768","1048576","1048576","32","32","0","0","0","-","-","-","0","0","0","0","0","0","0","0","-","0","0","0","0","0","0","0","0","0","0","0","0","0","0","0","0","0","0","0","4","0","0","0","0","0","0","0","0","0","0","0","0","0","0","0","0","0","0","0","0","0","0"
"0x7b03637b5350","      FMUL R75, R72, 0.25","3","0","3","32768","1048576","1048576","32","32","0","0","0","-","-","-","0","0","0","0","0","0","0","0","-","0","0","0","0","0","0","0","0","0","0","0","0","0","0","0","0","0","0","0","3","0","0","0","0","0","0","0","0","0","0","0","0","0","0","0","0","0","0","0","0","0","0"
"0x7b03637b5360","      FMUL R79, R76, 0.25","2","0","2","32768","1048576","1048576","32","32","0","0","0","-","-","-","0","0","0","0","0","0","0","0","-","0","0","0","0","0","0","0","0","0","0","0","0","0","0","0","0","0","0","0","2","0","0","0","0","0","0","0","0","0","0","0","0","0","0","0","0","0","0","0","0","0","0"
"0x7b03637b5370","      FMUL R83, R80, 0.25","1","0","1","32768","1048576","1048576","32","32","0","0","0","-","-","-","0","0","0","0","0","0","0","0","-","0","0","0","0","0","0","0","0","0","0","0","0","0","0","0","0","0","0","0","1","0","0","0","0","0","0","0","0","0","0","0","0","0","0","0","0","0","0","0","0","0","0"
"0x7b03637b5380","      FMUL R87, R84, 0.25","3","0","3","32768","1048576","1048576","32","32","0","0","0","-","-","-","0","0","0","0","0","0","0","0","-","0","0","0","0","0","0","0","0","0","0","0","0","0","0","0","0","0","0","0","3","0","0","0","0","0","0","0","0","0","0","0","0","0","0","0","0","0","0","0","0","0","0"
"0x7b03637b5390","      IMAD R20, R151, 0x2000, R20","3","0","3","32768","1048576","1048576","32","32","0","0","0","-","-","-","0","0","0","0","0","0","0","0","-","0","0","0","0","0","0","0","0","0","0","0","0","0","0","0","0","0","0","0","3","0","0","0","0","0","0","0","0","0","0","0","0","0","0","0","0","0","0","0","0","0","0"
"0x7b03637b53a0","@!P2  FMUL R21, R21, 16777216","18","0","18","32768","1048576","0","32","0","32","32","0","-","-","-","0","0","0","0","0","0","0","0","-","0","0","0","0","0","0","0","0","0","0","0","0","0","0","0","0","0","0","17","0","0","0","0","1","0","0","0","0","0","0","0","0","0","0","0","0","0","0","0","0","0","0"
"0x7b03637b53b0","      IMAD.SHL.U32 R149, R149, 0x20, RZ","3","1","3","32768","1048576","1048576","32","32","32","0","0","-","-","-","0","0","0","0","0","0","0","0","-","0","0","0","0","0","0","0","0","0","0","0","0","0","1","0","0","0","0","0","2","0","0","0","0","0","0","0","0","0","0","0","1","0","0","0","0","0","0","0","0","0","0"
"0x7b03637b53c0","      FSEL R47, R47, R44, P3","2","0","2","32768","1048576","1048576","32","32","0","0","0","-","-","-","0","0","0","0","0","0","0","0","-","0","0","0","0","0","0","0","0","0","0","0","0","0","0","0","0","0","0","0","2","0","0","0","0","0","0","0","0","0","0","0","0","0","0","0","0","0","0","0","0","0","0"
"0x7b03637b53d0","@!P2  FMUL R27, R27, 16777216","1","0","1","32768","1048576","0","32","0","32","32","0","-","-","-","0","0","0","0","0","0","0","0","-","0","0","0","0","0","0","0","0","0","0","0","0","0","0","0","0","0","0","0","1","0","0","0","0","0","0","0","0","0","0","0","0","0","0","0","0","0","0","0","0","0","0"
"0x7b03637b53e0","@!P2  FMUL R89, R89, 16777216","8","0","8","32768","1048576","0","32","0","0","32","0","-","-","-","0","0","0","0","0","0","0","0","-","0","0","0","0","0","0","0","0","1","0","0","0","0","0","0","0","0","0","0","7","0","0","0","0","0","0","0","0","0","0","0","0","0","0","0","0","0","0","0","0","0","0"
"0x7b03637b53f0","@!P2  FMUL R31, R31, 16777216","2","0","2","32768","1048576","0","32","0","0","32","0","-","-","-","0","0","0","0","0","0","0","0","-","0","0","0","0","0","0","0","0","0","0","0","0","0","0","0","0","0","0","0","2","0","0","0","0","0","0","0","0","0","0","0","0","0","0","0","0","0","0","0","0","0","0"
"0x7b03637b5400","@!P2  FMUL R91, R91, 16777216","2","0","2","32768","1048576","0","32","0","0","32","0","-","-","-","0","0","0","0","0","0","0","0","-","0","0","0","0","0","0","0","0","0","0","0","0","0","0","0","0","0","0","0","2","0","0","0","0","0","0","0","0","0","0","0","0","0","0","0","0","0","0","0","0","0","0"
"0x7b03637b5410","@!P2  FMUL R93, R93, 16777216","1","0","1","32768","1048576","0","32","0","0","32","0","-","-","-","0","0","0","0","0","0","0","0","-","0","0","0","0","0","0","0","0","0","0","0","0","0","0","0","0","0","0","0","1","0","0","0","0","0","0","0","0","0","0","0","0","0","0","0","0","0","0","0","0","0","0"
"0x7b03637b5420","@!P2  FMUL R95, R95, 16777216","2","0","2","32768","1048576","0","32","0","0","32","0","-","-","-","0","0","0","0","0","0","0","0","-","0","0","0","0","0","0","0","0","0","0","0","0","0","0","0","0","0","0","0","2","0","0","0","0","0","0","0","0","0","0","0","0","0","0","0","0","0","0","0","0","0","0"
"0x7b03637b5430","@!P2  FMUL R97, R97, 16777216","1","0","1","32768","1048576","0","32","0","0","32","0","-","-","-","0","0","0","0","0","0","0","0","-","0","0","0","0","0","0","0","0","0","0","0","0","0","0","0","0","0","0","0","1","0","0","0","0","0","0","0","0","0","0","0","0","0","0","0","0","0","0","0","0","0","0"
"0x7b03637b5440","@!P2  FMUL R99, R99, 16777216","1","0","1","32768","1048576","0","32","0","0","32","0","-","-","-","0","0","0","0","0","0","0","0","-","0","0","0","0","0","0","0","0","0","0","0","0","0","0","0","0","0","0","0","1","0","0","0","0","0","0","0","0","0","0","0","0","0","0","0","0","0","0","0","0","0","0"
"0x7b03637b5450","@!P2  FMUL R101, R101, 16777216","1","0","1","32768","1048576","0","32","0","0","32","0","-","-","-","0","0","0","0","0","0","0","0","-","0","0","0","0","0","0","0","0","0","0","0","0","0","0","0","0","0","0","0","1","0","0","0","0","0","0","0","0","0","0","0","0","0","0","0","0","0","0","0","0","0","0"
"0x7b03637b5460","@!P2  FMUL R103, R103, 16777216","4","0","4","32768","1048576","0","32","0","0","32","0","-","-","-","0","0","0","0","0","0","0","0","-","0","0","0","0","0","0","0","0","0","0","0","0","0","0","0","0","0","0","0","4","0","0","0","0","0","0","0","0","0","0","0","0","0","0","0","0","0","0","0","0","0","0"
"0x7b03637b5470","@!P2  FMUL R105, R105, 16777216","0","0","0","32768","1048576","0","32","0","0","32","0","-","-","-","0","0","0","0","0","0","0","0","-","0","0","0","0","0","0","0","0","0","0","0","0","0","0","0","0","0","0","0","0","0","0","0","0","0","0","0","0","0","0","0","0","0","0","0","0","0","0","0","0","0","0"
"0x7b03637b5480","@!P2  FMUL R107, R107, 16777216","1","0","1","32768","1048576","0","32","0","0","32","0","-","-","-","0","0","0","0","0","0","0","0","-","0","0","0","0","0","0","0","0","0","0","0","0","0","0","0","0","0","0","0","1","0","0","0","0","0","0","0","0","0","0","0","0","0","0","0","0","0","0","0","0","0","0"
"0x7b03637b5490","@!P2  FMUL R109, R109, 16777216","4","0","4","32768","1048576","0","32","0","0","32","0","-","-","-","0","0","0","0","0","0","0","0","-","0","0","0","0","0","0","0","0","0","0","0","0","0","0","0","0","0","0","0","4","0","0","0","0","0","0","0","0","0","0","0","0","0","0","0","0","0","0","0","0","0","0"
"0x7b03637b54a0","@!P2  FMUL R111, R111, 16777216","0","0","0","32768","1048576","0","32","0","0","32","0","-","-","-","0","0","0","0","0","0","0","0","-","0","0","0","0","0","0","0","0","0","0","0","0","0","0","0","0","0","0","0","0","0","0","0","0","0","0","0","0","0","0","0","0","0","0","0","0","0","0","0","0","0","0"
"0x7b03637b54b0","@!P2  FMUL R113, R113, 16777216","0","0","0","32768","1048576","0","32","0","0","32","0","-","-","-","0","0","0","0","0","0","0","0","-","0","0","0","0","0","0","0","0","0","0","0","0","0","0","0","0","0","0","0","0","0","0","0","0","0","0","0","0","0","0","0","0","0","0","0","0","0","0","0","0","0","0"
"0x7b03637b54c0","@!P2  FMUL R115, R115, 16777216","4","0","4","32768","1048576","0","32","0","0","32","0","-","-","-","0","0","0","0","0","0","0","0","-","0","0","0","0","0","0","0","0","0","0","0","0","0","0","0","0","0","0","0","4","0","0","0","0","0","0","0","0","0","0","0","0","0","0","0","0","0","0","0","0","0","0"
"0x7b03637b54d0","@!P2  FMUL R117, R117, 16777216","1","0","1","32768","1048576","0","32","0","0","32","0","-","-","-","0","0","0","0","0","0","0","0","-","0","0","0","0","0","0","0","0","0","0","0","0","0","0","0","0","0","0","0","1","0","0","0","0","0","0","0","0","0","0","0","0","0","0","0","0","0","0","0","0","0","0"
"0x7b03637b54e0","@!P2  FMUL R119, R119, 16777216","2","0","2","32768","1048576","0","32","0","0","32","0","-","-","-","0","0","0","0","0","0","0","0","-","0","0","0","0","0","0","0","0","0","0","0","0","0","0","0","0","0","0","0","2","0","0","0","0","0","0","0","0","0","0","0","0","0","0","0","0","0","0","0","0","0","0"
"0x7b03637b54f0","@!P2  FMUL R121, R121, 16777216","2","0","2","32768","1048576","0","32","0","0","32","0","-","-","-","0","0","0","0","0","0","0","0","-","0","0","0","0","0","0","0","0","0","0","0","0","0","0","0","0","0","0","0","2","0","0","0","0","0","0","0","0","0","0","0","0","0","0","0","0","0","0","0","0","0","0"
"0x7b03637b5500","@!P2  FMUL R123, R123, 16777216","0","0","0","32768","1048576","0","32","0","0","32","0","-","-","-","0","0","0","0","0","0","0","0","-","0","0","0","0","0","0","0","0","0","0","0","0","0","0","0","0","0","0","0","0","0","0","0","0","0","0","0","0","0","0","0","0","0","0","0","0","0","0","0","0","0","0"
"0x7b03637b5510","@!P2  FMUL R125, R125, 16777216","4","0","4","32768","1048576","0","32","0","0","32","0","-","-","-","0","0","0","0","0","0","0","0","-","0","0","0","0","0","0","0","0","0","0","0","0","0","0","0","0","0","0","0","4","0","0","0","0","0","0","0","0","0","0","0","0","0","0","0","0","0","0","0","0","0","0"
"0x7b03637b5520","@!P2  FMUL R127, R127, 16777216","2","0","2","32768","1048576","0","32","0","0","32","0","-","-","-","0","0","0","0","0","0","0","0","-","0","0","0","0","0","0","0","0","0","0","0","0","0","0","0","0","0","0","0","2","0","0","0","0","0","0","0","0","0","0","0","0","0","0","0","0","0","0","0","0","0","0"
"0x7b03637b5530","@!P2  FMUL R129, R129, 16777216","0","0","0","32768","1048576","0","32","0","0","32","0","-","-","-","0","0","0","0","0","0","0","0","-","0","0","0","0","0","0","0","0","0","0","0","0","0","0","0","0","0","0","0","0","0","0","0","0","0","0","0","0","0","0","0","0","0","0","0","0","0","0","0","0","0","0"
"0x7b03637b5540","@!P2  FMUL R131, R131, 16777216","3","0","3","32768","1048576","0","32","0","0","32","0","-","-","-","0","0","0","0","0","0","0","0","-","0","0","0","0","0","0","0","0","0","0","0","0","0","0","0","0","0","0","0","3","0","0","0","0","0","0","0","0","0","0","0","0","0","0","0","0","0","0","0","0","0","0"
"0x7b03637b5550","@!P2  FMUL R133, R133, 16777216","2","0","2","32768","1048576","0","32","0","0","32","0","-","-","-","0","0","0","0","0","0","0","0","-","0","0","0","0","0","0","0","0","0","0","0","0","0","0","0","0","0","0","0","2","0","0","0","0","0","0","0","0","0","0","0","0","0","0","0","0","0","0","0","0","0","0"
"0x7b03637b5560","@!P2  FMUL R135, R135, 16777216","3","0","3","32768","1048576","0","32","0","0","32","0","-","-","-","0","0","0","0","0","0","0","0","-","0","0","0","0","0","0","0","0","0","0","0","0","0","0","0","0","0","0","0","3","0","0","0","0","0","0","0","0","0","0","0","0","0","0","0","0","0","0","0","0","0","0"
"0x7b03637b5570","@!P2  FMUL R137, R137, 16777216","1","0","1","32768","1048576","0","32","0","0","32","0","-","-","-","0","0","0","0","0","0","0","0","-","0","0","0","0","0","0","0","0","0","0","0","0","0","0","0","0","0","0","0","1","0","0","0","0","0","0","0","0","0","0","0","0","0","0","0","0","0","0","0","0","0","0"
"0x7b03637b5580","@!P2  FMUL R139, R139, 16777216","2","0","2","32768","1048576","0","32","0","0","32","0","-","-","-","0","0","0","0","0","0","0","0","-","0","0","0","0","0","0","0","0","0","0","0","0","0","0","0","0","0","0","0","2","0","0","0","0","0","0","0","0","0","0","0","0","0","0","0","0","0","0","0","0","0","0"
"0x7b03637b5590","@!P2  FMUL R141, R141, 16777216","3","0","3","32768","1048576","0","32","0","0","32","0","-","-","-","0","0","0","0","0","0","0","0","-","0","0","0","0","0","0","0","0","0","0","0","0","0","0","0","0","0","0","0","3","0","0","0","0","0","0","0","0","0","0","0","0","0","0","0","0","0","0","0","0","0","0"
"0x7b03637b55a0","@!P2  FMUL R143, R143, 16777216","1","0","1","32768","1048576","0","32","0","0","32","0","-","-","-","0","0","0","0","0","0","0","0","-","0","0","0","0","0","0","0","0","0","0","0","0","0","0","0","0","0","0","0","1","0","0","0","0","0","0","0","0","0","0","0","0","0","0","0","0","0","0","0","0","0","0"
"0x7b03637b55b0","@!P2  FMUL R145, R145, 16777216","1","0","1","32768","1048576","0","32","0","0","32","0","-","-","-","0","0","0","0","0","0","0","0","-","0","0","0","0","0","0","0","0","0","0","0","0","0","0","0","0","0","0","0","1","0","0","0","0","0","0","0","0","0","0","0","0","0","0","0","0","0","0","0","0","0","0"
"0x7b03637b55c0","@!P4  FMUL R19, R19, 16777216","2","0","2","32768","1048576","0","32","0","0","32","0","-","-","-","0","0","0","0","0","0","0","0","-","0","0","0","0","0","0","0","0","0","0","0","0","0","0","0","0","0","0","0","2","0","0","0","0","0","0","0","0","0","0","0","0","0","0","0","0","0","0","0","0","0","0"
"0x7b03637b55d0","@!P4  FMUL R25, R25, 16777216","2","0","2","32768","1048576","0","32","0","0","32","0","-","-","-","0","0","0","0","0","0","0","0","-","0","0","0","0","0","0","0","0","0","0","0","0","0","0","0","0","0","0","0","2","0","0","0","0","0","0","0","0","0","0","0","0","0","0","0","0","0","0","0","0","0","0"
"0x7b03637b55e0","      FSEL R43, R43, R40, P3","2","0","2","32768","1048576","1048576","32","32","32","0","0","-","-","-","0","0","0","0","0","0","0","0","-","0","0","0","0","0","0","0","0","0","0","0","0","0","0","0","0","0","0","0","2","0","0","0","0","0","0","0","0","0","0","0","0","0","0","0","0","0","0","0","0","0","0"
"0x7b03637b55f0","@!P4  FMUL R23, R23, 16777216","2","0","2","32768","1048576","0","32","0","32","32","0","-","-","-","0","0","0","0","0","0","0","0","-","0","0","0","0","0","0","0","0","0","0","0","0","0","0","0","0","0","0","0","2","0","0","0","0","0","0","0","0","0","0","0","0","0","0","0","0","0","0","0","0","0","0"
"0x7b03637b5600","      FSEL R51, R51, R48, P3","3","0","3","32768","1048576","1048576","32","32","32","0","0","-","-","-","0","0","0","0","0","0","0","0","-","0","0","0","0","0","0","0","0","0","0","0","0","0","1","0","0","0","0","1","1","0","0","0","0","0","0","0","0","0","0","0","0","0","0","0","0","0","0","0","0","0","0"
"0x7b03637b5610","@!P4  FMUL R29, R29, 16777216","5","0","5","32768","1048576","0","32","0","32","32","0","-","-","-","0","0","0","0","0","0","0","0","-","0","0","0","0","0","0","0","0","0","0","0","0","0","0","0","0","0","0","0","5","0","0","0","0","0","0","0","0","0","0","0","0","0","0","0","0","0","0","0","0","0","0"
"0x7b03637b5620","      FSEL R55, R55, R52, P3","1","0","1","32768","1048576","1048576","32","32","32","0","0","-","-","-","0","0","0","0","0","0","0","0","-","0","0","0","0","0","0","0","0","0","0","0","0","0","0","0","0","0","0","0","1","0","0","0","0","0","0","0","0","0","0","0","0","0","0","0","0","0","0","0","0","0","0"
"0x7b03637b5630","@!P4  FMUL R35, R35, 16777216","1","0","1","32768","1048576","0","32","0","32","32","0","-","-","-","0","0","0","0","0","0","0","0","-","0","0","0","0","0","0","0","0","0","0","0","0","0","0","0","0","0","0","0","1","0","0","0","0","0","0","0","0","0","0","0","0","0","0","0","0","0","0","0","0","0","0"
"0x7b03637b5640","      FSEL R63, R63, R60, P3","0","0","0","32768","1048576","1048576","32","32","32","0","0","-","-","-","0","0","0","0","0","0","0","0","-","0","0","0","0","0","0","0","0","0","0","0","0","0","0","0","0","0","0","0","0","0","0","0","0","0","0","0","0","0","0","0","0","0","0","0","0","0","0","0","0","0","0"
"0x7b03637b5650","@!P4  FMUL R33, R33, 16777216","3","0","3","32768","1048576","0","32","0","32","32","0","-","-","-","0","0","0","0","0","0","0","0","-","0","0","0","0","0","0","0","0","0","0","0","0","0","0","0","0","0","0","0","3","0","0","0","0","0","0","0","0","0","0","0","0","0","0","0","0","0","0","0","0","0","0"
"0x7b03637b5660","      FSEL R59, R59, R56, P3","1","0","1","32768","1048576","1048576","32","32","32","0","0","-","-","-","0","0","0","0","0","0","0","0","-","0","0","0","0","0","0","0","0","0","0","0","0","0","0","0","0","0","0","0","1","0","0","0","0","0","0","0","0","0","0","0","0","0","0","0","0","0","0","0","0","0","0"
"0x7b03637b5670","@!P4  FMUL R39, R39, 16777216","3","0","3","32768","1048576","0","32","0","32","32","0","-","-","-","0","0","0","0","0","0","0","0","-","0","0","0","0","0","0","0","0","0","0","0","0","0","0","0","0","0","0","0","3","0","0","0","0","0","0","0","0","0","0","0","0","0","0","0","0","0","0","0","0","0","0"
"0x7b03637b5680","      FSEL R67, R67, R64, P3","4","0","4","32768","1048576","1048576","32","32","32","0","0","-","-","-","0","0","0","0","0","0","0","0","-","0","0","0","0","0","0","0","0","0","0","0","0","0","1","0","0","0","0","0","3","0","0","0","0","0","0","0","0","0","0","0","0","0","0","0","0","0","0","0","0","0","0"
"0x7b03637b5690","@!P4  FMUL R37, R37, 16777216","1","0","1","32768","1048576","0","32","0","32","32","0","-","-","-","0","0","0","0","0","0","0","0","-","0","0","0","0","0","0","0","0","0","0","0","0","0","0","0","0","0","0","0","1","0","0","0","0","0","0","0","0","0","0","0","0","0","0","0","0","0","0","0","0","0","0"
"0x7b03637b56a0","      FSEL R71, R71, R68, P3","3","0","3","32768","1048576","1048576","32","32","32","0","0","-","-","-","0","0","0","0","0","0","0","0","-","0","0","0","0","0","0","0","0","0","0","0","0","0","0","0","0","0","0","0","3","0","0","0","0","0","0","0","0","0","0","0","0","0","0","0","0","0","0","0","0","0","0"
"0x7b03637b56b0","      IMAD.IADD R147, R147, 0x1, R20","3","0","3","32768","1048576","1048576","32","32","0","0","0","-","-","-","0","0","0","0","0","0","0","0","-","0","0","0","0","0","0","0","0","0","0","0","0","0","0","0","0","0","0","0","3","0","0","0","0","0","0","0","0","0","0","0","0","0","0","0","0","0","0","0","0","0","0"
"0x7b03637b56c0","      FSEL R75, R75, R72, P3","3","0","3","32768","1048576","1048576","32","32","0","0","0","-","-","-","0","0","0","0","0","0","0","0","-","0","0","0","0","0","0","0","0","0","0","0","0","0","0","0","0","0","0","0","3","0","0","0","0","0","0","0","0","0","0","0","0","0","0","0","0","0","0","0","0","0","0"
"0x7b03637b56d0","      FMUL R20, R18, R21","2","0","2","32768","1048576","1048576","32","32","0","0","0","-","-","-","0","0","0","0","0","0","0","0","-","0","0","0","0","0","0","0","0","0","0","0","0","0","0","0","0","0","0","0","2","0","0","0","0","0","0","0","0","0","0","0","0","0","0","0","0","0","0","0","0","0","0"
"0x7b03637b56e0","      FSEL R79, R79, R76, P3","1","0","1","32768","1048576","1048576","32","32","0","0","0","-","-","-","0","0","0","0","0","0","0","0","-","0","0","0","0","0","0","0","0","0","0","0","0","0","0","0","0","0","0","0","1","0","0","0","0","0","0","0","0","0","0","0","0","0","0","0","0","0","0","0","0","0","0"
"0x7b03637b56f0","      FMUL R27, R18, R27","1","0","1","32768","1048576","1048576","32","32","0","0","0","-","-","-","0","0","0","0","0","0","0","0","-","0","0","0","0","0","0","0","0","0","0","0","0","0","0","0","0","0","0","0","1","0","0","0","0","0","0","0","0","0","0","0","0","0","0","0","0","0","0","0","0","0","0"
"0x7b03637b5700","      FSEL R83, R83, R80, P3","2","0","2","32768","1048576","1048576","32","32","0","0","0","-","-","-","0","0","0","0","0","0","0","0","-","0","0","0","0","0","0","0","0","0","0","0","0","0","0","0","0","0","0","0","2","0","0","0","0","0","0","0","0","0","0","0","0","0","0","0","0","0","0","0","0","0","0"
"0x7b03637b5710","      FMUL R21, R18, R89","2","0","2","32768","1048576","1048576","32","32","0","0","0","-","-","-","0","0","0","0","0","0","0","0","-","0","0","0","0","0","0","0","0","0","0","0","0","0","0","0","0","0","0","0","2","0","0","0","0","0","0","0","0","0","0","0","0","0","0","0","0","0","0","0","0","0","0"
"0x7b03637b5720","      FSEL R87, R87, R84, P3","2","0","2","32768","1048576","1048576","32","32","0","0","0","-","-","-","0","0","0","0","0","0","0","0","-","0","0","0","0","0","0","0","0","0","0","0","0","0","0","0","0","0","0","0","2","0","0","0","0","0","0","0","0","0","0","0","0","0","0","0","0","0","0","0","0","0","0"
"0x7b03637b5730","      FMUL R91, R18, R91","1","0","1","32768","1048576","1048576","32","32","0","0","0","-","-","-","0","0","0","0","0","0","0","0","-","0","0","0","0","0","0","0","0","0","0","0","0","0","0","0","0","0","0","0","1","0","0","0","0","0","0","0","0","0","0","0","0","0","0","0","0","0","0","0","0","0","0"
"0x7b03637b5740","      LOP3.LUT R149, R149, 0x3f0, R22, 0x78, !PT","2","0","2","32768","1048576","1048576","32","32","0","0","0","-","-","-","0","0","0","0","0","0","0","0","-","0","0","0","0","0","0","0","0","0","0","0","0","0","0","0","0","0","0","0","2","0","0","0","0","0","0","0","0","0","0","0","0","0","0","0","0","0","0","0","0","0","0"
"0x7b03637b5750","      FMUL R22, R18, R31","1","0","1","32768","1048576","1048576","32","32","0","0","0","-","-","-","0","0","0","0","0","0","0","0","-","0","0","0","0","0","0","0","0","0","0","0","0","0","0","0","0","0","0","0","1","0","0","0","0","0","0","0","0","0","0","0","0","0","0","0","0","0","0","0","0","0","0"
"0x7b03637b5760","      FMUL R28, R18, R93","5","0","5","32768","1048576","1048576","32","32","0","0","0","-","-","-","0","0","0","0","0","0","0","0","-","0","0","0","0","0","0","0","0","0","0","0","0","0","0","0","0","0","0","0","5","0","0","0","0","0","0","0","0","0","0","0","0","0","0","0","0","0","0","0","0","0","0"
"0x7b03637b5770","      FMUL R95, R18, R95","2","0","2","32768","1048576","1048576","32","32","0","0","0","-","-","-","0","0","0","0","0","0","0","0","-","0","0","0","0","0","0","0","0","0","0","0","0","0","0","0","0","0","0","0","2","0","0","0","0","0","0","0","0","0","0","0","0","0","0","0","0","0","0","0","0","0","0"
"0x7b03637b5780","      FMUL R32, R18, R97","10","0","10","32768","1048576","1048576","32","32","0","0","0","-","-","-","0","0","0","0","0","0","0","0","-","0","0","0","0","0","0","0","0","0","0","0","0","0","0","0","0","0","0","7","3","0","0","0","0","0","0","0","0","0","0","0","0","0","0","0","0","0","0","0","0","0","0"
"0x7b03637b5790","      FMUL R99, R18, R99","3","0","3","32768","1048576","1048576","32","32","0","0","0","-","-","-","0","0","0","0","0","0","0","0","-","0","0","0","0","0","0","0","0","0","0","0","0","0","0","0","0","0","0","0","3","0","0","0","0","0","0","0","0","0","0","0","0","0","0","0","0","0","0","0","0","0","0"
"0x7b03637b57a0","      FMUL R36, R18, R101","0","0","0","32768","1048576","1048576","32","32","0","0","0","-","-","-","0","0","0","0","0","0","0","0","-","0","0","0","0","0","0","0","0","0","0","0","0","0","0","0","0","0","0","0","0","0","0","0","0","0","0","0","0","0","0","0","0","0","0","0","0","0","0","0","0","0","0"
"0x7b03637b57b0","      FMUL R103, R18, R103","0","0","0","32768","1048576","1048576","32","32","0","0","0","-","-","-","0","0","0","0","0","0","0","0","-","0","0","0","0","0","0","0","0","0","0","0","0","0","0","0","0","0","0","0","0","0","0","0","0","0","0","0","0","0","0","0","0","0","0","0","0","0","0","0","0","0","0"
"0x7b03637b57c0","      FMUL R40, R18, R105","1","0","1","32768","1048576","1048576","32","32","0","0","0","-","-","-","0","0","0","0","0","0","0","0","-","0","0","0","0","0","0","0","0","0","0","0","0","0","0","0","0","0","0","0","1","0","0","0","0","0","0","0","0","0","0","0","0","0","0","0","0","0","0","0","0","0","0"
"0x7b03637b57d0","      FMUL R107, R18, R107","3","0","3","32768","1048576","1048576","32","32","0","0","0","-","-","-","0","0","0","0","0","0","0","0","-","0","0","0","0","0","0","0","0","0","0","0","0","0","0","0","0","0","0","0","3","0","0","0","0","0","0","0","0","0","0","0","0","0","0","0","0","0","0","0","0","0","0"
"0x7b03637b57e0","      FMUL R44, R18, R109","2","0","2","32768","1048576","1048576","32","32","0","0","0","-","-","-","0","0","0","0","0","0","0","0","-","0","0","0","0","0","0","0","0","0","0","0","0","0","0","0","0","0","0","0","2","0","0","0","0","0","0","0","0","0","0","0","0","0","0","0","0","0","0","0","0","0","0"
"0x7b03637b57f0","      FMUL R111, R18, R111","3","0","3","32768","1048576","1048576","32","32","0","0","0","-","-","-","0","0","0","0","0","0","0","0","-","0","0","0","0","0","0","0","0","0","0","0","0","0","0","0","0","0","0","0","3","0","0","0","0","0","0","0","0","0","0","0","0","0","0","0","0","0","0","0","0","0","0"
"0x7b03637b5800","      FMUL R48, R18, R113","2","0","2","32768","1048576","1048576","32","32","0","0","0","-","-","-","0","0","0","0","0","0","0","0","-","0","0","0","0","0","0","0","0","0","0","0","0","0","0","0","0","0","0","0","2","0","0","0","0","0","0","0","0","0","0","0","0","0","0","0","0","0","0","0","0","0","0"
"0x7b03637b5810","      FMUL R115, R18, R115","0","0","0","32768","1048576","1048576","32","32","0","0","0","-","-","-","0","0","0","0","0","0","0","0","-","0","0","0","0","0","0","0","0","0","0","0","0","0","0","0","0","0","0","0","0","0","0","0","0","0","0","0","0","0","0","0","0","0","0","0","0","0","0","0","0","0","0"
"0x7b03637b5820","      FMUL R52, R18, R117","2","0","2","32768","1048576","1048576","32","32","0","0","0","-","-","-","0","0","0","0","0","0","0","0","-","0","0","0","0","0","0","0","0","0","0","0","0","0","0","0","0","0","0","0","2","0","0","0","0","0","0","0","0","0","0","0","0","0","0","0","0","0","0","0","0","0","0"
"0x7b03637b5830","      FMUL R119, R18, R119","3","0","3","32768","1048576","1048576","32","32","0","0","0","-","-","-","0","0","0","0","0","0","0","0","-","0","0","0","0","0","0","0","0","0","0","0","0","0","0","0","0","0","0","0","3","0","0","0","0","0","0","0","0","0","0","0","0","0","0","0","0","0","0","0","0","0","0"
"0x7b03637b5840","      FMUL R56, R18, R121","0","0","0","32768","1048576","1048576","32","32","0","0","0","-","-","-","0","0","0","0","0","0","0","0","-","0","0","0","0","0","0","0","0","0","0","0","0","0","0","0","0","0","0","0","0","0","0","0","0","0","0","0","0","0","0","0","0","0","0","0","0","0","0","0","0","0","0"
"0x7b03637b5850","      FMUL R123, R18, R123","2","0","2","32768","1048576","1048576","32","32","0","0","0","-","-","-","0","0","0","0","0","0","0","0","-","0","0","0","0","0","0","0","0","0","0","0","0","0","0","0","0","0","0","0","2","0","0","0","0","0","0","0","0","0","0","0","0","0","0","0","0","0","0","0","0","0","0"
"0x7b03637b5860","      FMUL R60, R18, R125","4","0","4","32768","1048576","1048576","32","32","0","0","0","-","-","-","0","0","0","0","0","0","0","0","-","0","0","0","0","0","0","0","0","0","0","0","0","0","0","0","0","0","0","0","4","0","0","0","0","0","0","0","0","0","0","0","0","0","0","0","0","0","0","0","0","0","0"
"0x7b03637b5870","      FMUL R127, R18, R127","1","0","1","32768","1048576","1048576","32","32","0","0","0","-","-","-","0","0","0","0","0","0","0","0","-","0","0","0","0","0","0","0","0","0","0","0","0","0","0","0","0","0","0","0","1","0","0","0","0","0","0","0","0","0","0","0","0","0","0","0","0","0","0","0","0","0","0"
"0x7b03637b5880","      FMUL R64, R18, R129","3","0","3","32768","1048576","1048576","32","32","0","0","0","-","-","-","0","0","0","0","0","0","0","0","-","0","0","0","0","0","0","0","0","0","0","0","0","0","0","0","0","0","0","0","3","0","0","0","0","0","0","0","0","0","0","0","0","0","0","0","0","0","0","0","0","0","0"
"0x7b03637b5890","      FMUL R131, R18, R131","1","0","1","32768","1048576","1048576","32","32","0","0","0","-","-","-","0","0","0","0","0","0","0","0","-","0","0","0","0","0","0","0","0","0","0","0","0","0","0","0","0","0","0","0","1","0","0","0","0","0","0","0","0","0","0","0","0","0","0","0","0","0","0","0","0","0","0"
"0x7b03637b58a0","      FMUL R68, R18, R133","1","0","1","32768","1048576","1048576","32","32","0","0","0","-","-","-","0","0","0","0","0","0","0","0","-","0","0","0","0","0","0","0","0","0","0","0","0","0","0","0","0","0","0","0","1","0","0","0","0","0","0","0","0","0","0","0","0","0","0","0","0","0","0","0","0","0","0"
"0x7b03637b58b0","      FMUL R135, R18, R135","1","0","1","32768","1048576","1048576","32","32","0","0","0","-","-","-","0","0","0","0","0","0","0","0","-","0","0","0","0","0","0","0","0","0","0","0","0","0","0","0","0","0","0","0","1","0","0","0","0","0","0","0","0","0","0","0","0","0","0","0","0","0","0","0","0","0","0"
"0x7b03637b58c0","      FMUL R72, R18, R137","2","0","2","32768","1048576","1048576","32","32","0","0","0","-","-","-","0","0","0","0","0","0","0","0","-","0","0","0","0","0","0","0","0","0","0","0","0","0","0","0","0","0","0","0","2","0","0","0","0","0","0","0","0","0","0","0","0","0","0","0","0","0","0","0","0","0","0"
"0x7b03637b58d0","      FMUL R139, R18, R139","3","0","3","32768","1048576","1048576","32","32","0","0","0","-","-","-","0","0","0","0","0","0","0","0","-","0","0","0","0","0","0","0","0","0","0","0","0","0","0","0","0","0","0","0","3","0","0","0","0","0","0","0","0","0","0","0","0","0","0","0","0","0","0","0","0","0","0"
"0x7b03637b58e0","      FMUL R76, R18, R141","1","0","1","32768","1048576","1048576","32","32","0","0","0","-","-","-","0","0","0","0","0","0","0","0","-","0","0","0","0","0","0","0","0","0","0","0","0","0","0","0","0","0","0","0","1","0","0","0","0","0","0","0","0","0","0","0","0","0","0","0","0","0","0","0","0","0","0"
"0x7b03637b58f0","      FMUL R143, R18, R143","1","0","1","32768","1048576","1048576","32","32","0","0","0","-","-","-","0","0","0","0","0","0","0","0","-","0","0","0","0","0","0","0","0","0","0","0","0","0","0","0","0","0","0","0","1","0","0","0","0","0","0","0","0","0","0","0","0","0","0","0","0","0","0","0","0","0","0"
"0x7b03637b5900","      FMUL R78, R18, R145","7","0","7","32768","1048576","1048576","32","32","0","0","0","-","-","-","0","0","0","0","0","0","0","0","-","0","0","0","0","0","0","0","0","0","0","0","0","0","0","0","0","0","0","6","1","0","0","0","0","0","0","0","0","0","0","0","0","0","0","0","0","0","0","0","0","0","0"
"0x7b03637b5910","      FMUL R24, R0, R19","1","0","1","32768","1048576","1048576","32","32","0","0","0","-","-","-","0","0","0","0","0","0","0","0","-","0","0","0","0","0","0","0","0","0","0","0","0","0","0","0","0","0","0","0","1","0","0","0","0","0","0","0","0","0","0","0","0","0","0","0","0","0","0","0","0","0","0"
"0x7b03637b5920","      FMUL R25, R0, R25","1","0","1","32768","1048576","1048576","32","32","0","0","0","-","-","-","0","0","0","0","0","0","0","0","-","0","0","0","0","0","0","0","0","0","0","0","0","0","0","0","0","0","0","0","1","0","0","0","0","0","0","0","0","0","0","0","0","0","0","0","0","0","0","0","0","0","0"
"0x7b03637b5930","@!P4  FMUL R47, R47, 16777216","3","0","3","32768","1048576","0","32","0","32","32","0","-","-","-","0","0","0","0","0","0","0","0","-","0","0","0","0","0","0","0","0","0","0","0","0","0","0","0","0","0","0","0","3","0","0","0","0","0","0","0","0","0","0","0","0","0","0","0","0","0","0","0","0","0","0"
"0x7b03637b5940","@!P4  FMUL R45, R45, 16777216","1","0","1","32768","1048576","0","32","0","0","32","0","-","-","-","0","0","0","0","0","0","0","0","-","0","0","0","0","0","0","0","0","0","0","0","0","0","0","0","0","0","0","0","1","0","0","0","0","0","0","0","0","0","0","0","0","0","0","0","0","0","0","0","0","0","0"
"0x7b03637b5950","      FMUL R23, R0, R23","3","0","3","32768","1048576","1048576","32","32","32","0","0","-","-","-","0","0","0","0","0","0","0","0","-","0","0","0","0","0","0","0","0","0","0","0","0","0","0","0","0","0","0","0","3","0","0","0","0","0","0","0","0","0","0","0","0","0","0","0","0","0","0","0","0","0","0"
"0x7b03637b5960","      FMUL R18, R0, R29","1","0","1","32768","1048576","1048576","32","32","0","0","0","-","-","-","0","0","0","0","0","0","0","0","-","0","0","0","0","0","0","0","0","0","0","0","0","0","0","0","0","0","0","0","1","0","0","0","0","0","0","0","0","0","0","0","0","0","0","0","0","0","0","0","0","0","0"
"0x7b03637b5970","@!P4  FMUL R43, R43, 16777216","2","0","2","32768","1048576","0","32","0","32","32","0","-","-","-","0","0","0","0","0","0","0","0","-","0","0","0","0","0","0","0","0","0","0","0","0","0","0","0","0","0","0","0","2","0","0","0","0","0","0","0","0","0","0","0","0","0","0","0","0","0","0","0","0","0","0"
"0x7b03637b5980","@!P4  FMUL R41, R41, 16777216","1","0","1","32768","1048576","0","32","0","0","32","0","-","-","-","0","0","0","0","0","0","0","0","-","0","0","0","0","0","0","0","0","0","0","0","0","0","0","0","0","0","0","0","1","0","0","0","0","0","0","0","0","0","0","0","0","0","0","0","0","0","0","0","0","0","0"
"0x7b03637b5990","@!P4  FMUL R51, R51, 16777216","2","0","2","32768","1048576","0","32","0","0","32","0","-","-","-","0","0","0","0","0","0","0","0","-","0","0","0","0","0","0","0","0","0","0","0","0","0","0","0","0","0","0","0","2","0","0","0","0","0","0","0","0","0","0","0","0","0","0","0","0","0","0","0","0","0","0"
"0x7b03637b59a0","@!P4  FMUL R49, R49, 16777216","1","0","1","32768","1048576","0","32","0","0","32","0","-","-","-","0","0","0","0","0","0","0","0","-","0","0","0","0","0","0","0","0","0","0","0","0","0","0","0","0","0","0","0","1","0","0","0","0","0","0","0","0","0","0","0","0","0","0","0","0","0","0","0","0","0","0"
"0x7b03637b59b0","@!P4  FMUL R55, R55, 16777216","1","0","1","32768","1048576","0","32","0","0","32","0","-","-","-","0","0","0","0","0","0","0","0","-","0","0","0","0","0","0","0","0","0","0","0","0","0","0","0","0","0","0","0","1","0","0","0","0","0","0","0","0","0","0","0","0","0","0","0","0","0","0","0","0","0","0"
"0x7b03637b59c0","@!P4  FMUL R53, R53, 16777216","1","0","1","32768","1048576","0","32","0","0","32","0","-","-","-","0","0","0","0","0","0","0","0","-","0","0","0","0","0","0","0","0","0","0","0","0","0","0","0","0","0","0","0","1","0","0","0","0","0","0","0","0","0","0","0","0","0","0","0","0","0","0","0","0","0","0"
"0x7b03637b59d0","@!P4  FMUL R63, R63, 16777216","1","0","1","32768","1048576","0","32","0","0","32","0","-","-","-","0","0","0","0","0","0","0","0","-","0","0","0","0","0","0","0","0","0","0","0","0","0","0","0","0","0","0","0","1","0","0","0","0","0","0","0","0","0","0","0","0","0","0","0","0","0","0","0","0","0","0"
"0x7b03637b59e0","@!P4  FMUL R61, R61, 16777216","1","0","1","32768","1048576","0","32","0","0","32","0","-","-","-","0","0","0","0","0","0","0","0","-","0","0","0","0","0","0","0","0","0","0","0","0","0","0","0","0","0","0","0","1","0","0","0","0","0","0","0","0","0","0","0","0","0","0","0","0","0","0","0","0","0","0"
"0x7b03637b59f0","      FMUL R26, R0, R35","1","0","1","32768","1048576","1048576","32","32","32","0","0","-","-","-","0","0","0","0","0","0","0","0","-","0","0","0","0","0","0","0","0","0","0","0","0","0","0","0","0","0","0","0","1","0","0","0","0","0","0","0","0","0","0","0","0","0","0","0","0","0","0","0","0","0","0"
"0x7b03637b5a00","      FMUL R33, R0, R33","1","0","1","32768","1048576","1048576","32","32","0","0","0","-","-","-","0","0","0","0","0","0","0","0","-","0","0","0","0","0","0","0","0","0","0","0","0","0","0","0","0","0","0","0","1","0","0","0","0","0","0","0","0","0","0","0","0","0","0","0","0","0","0","0","0","0","0"
"0x7b03637b5a10","      FMUL R39, R0, R39","1","0","1","32768","1048576","1048576","32","32","0","0","0","-","-","-","0","0","0","0","0","0","0","0","-","0","0","0","0","0","0","0","0","0","0","0","0","0","0","0","0","0","0","0","1","0","0","0","0","0","0","0","0","0","0","0","0","0","0","0","0","0","0","0","0","0","0"
"0x7b03637b5a20","      FMUL R30, R0, R37","3","0","3","32768","1048576","1048576","32","32","0","0","0","-","-","-","0","0","0","0","0","0","0","0","-","0","0","0","0","0","0","0","0","0","0","0","0","0","0","0","0","0","0","0","3","0","0","0","0","0","0","0","0","0","0","0","0","0","0","0","0","0","0","0","0","0","0"
"0x7b03637b5a30","@!P4  FMUL R59, R59, 16777216","3","0","3","32768","1048576","0","32","0","32","32","0","-","-","-","0","0","0","0","0","0","0","0","-","0","0","0","0","0","0","0","0","0","0","0","0","0","0","0","0","0","0","0","3","0","0","0","0","0","0","0","0","0","0","0","0","0","0","0","0","0","0","0","0","0","0"
"0x7b03637b5a40","@!P4  FMUL R57, R57, 16777216","2","0","2","32768","1048576","0","32","0","0","32","0","-","-","-","0","0","0","0","0","0","0","0","-","0","0","0","0","0","0","0","0","0","0","0","0","0","0","0","0","0","0","0","2","0","0","0","0","0","0","0","0","0","0","0","0","0","0","0","0","0","0","0","0","0","0"
"0x7b03637b5a50","@!P4  FMUL R67, R67, 16777216","2","0","2","32768","1048576","0","32","0","0","32","0","-","-","-","0","0","0","0","0","0","0","0","-","0","0","0","0","0","0","0","0","0","0","0","0","0","0","0","0","0","0","0","2","0","0","0","0","0","0","0","0","0","0","0","0","0","0","0","0","0","0","0","0","0","0"
"0x7b03637b5a60","@!P4  FMUL R65, R65, 16777216","5","0","5","32768","1048576","0","32","0","0","32","0","-","-","-","0","0","0","0","0","0","0","0","-","0","0","0","0","0","0","0","0","0","0","0","0","0","0","0","0","0","0","0","5","0","0","0","0","0","0","0","0","0","0","0","0","0","0","0","0","0","0","0","0","0","0"
"0x7b03637b5a70","@!P4  FMUL R71, R71, 16777216","5","0","5","32768","1048576","0","32","0","0","32","0","-","-","-","0","0","0","0","0","0","0","0","-","0","0","0","0","0","0","0","0","0","0","0","0","0","0","0","0","0","0","0","5","0","0","0","0","0","0","0","0","0","0","0","0","0","0","0","0","0","0","0","0","0","0"
"0x7b03637b5a80","@!P4  FMUL R69, R69, 16777216","4","0","4","32768","1048576","0","32","0","0","32","0","-","-","-","0","0","0","0","0","0","0","0","-","0","0","0","0","0","0","0","0","0","0","0","0","0","0","0","0","0","0","0","4","0","0","0","0","0","0","0","0","0","0","0","0","0","0","0","0","0","0","0","0","0","0"
"0x7b03637b5a90","@!P4  FMUL R75, R75, 16777216","1","0","1","32768","1048576","0","32","0","0","32","0","-","-","-","0","0","0","0","0","0","0","0","-","0","0","0","0","0","0","0","0","0","0","0","0","0","0","0","0","0","0","0","1","0","0","0","0","0","0","0","0","0","0","0","0","0","0","0","0","0","0","0","0","0","0"
"0x7b03637b5aa0","@!P4  FMUL R73, R73, 16777216","1","0","1","32768","1048576","0","32","0","0","32","0","-","-","-","0","0","0","0","0","0","0","0","-","0","0","0","0","0","0","0","0","0","0","0","0","0","0","0","0","0","0","0","1","0","0","0","0","0","0","0","0","0","0","0","0","0","0","0","0","0","0","0","0","0","0"
"0x7b03637b5ab0","@!P4  FMUL R79, R79, 16777216","0","0","0","32768","1048576","0","32","0","0","32","0","-","-","-","0","0","0","0","0","0","0","0","-","0","0","0","0","0","0","0","0","0","0","0","0","0","0","0","0","0","0","0","0","0","0","0","0","0","0","0","0","0","0","0","0","0","0","0","0","0","0","0","0","0","0"
"0x7b03637b5ac0","@!P4  FMUL R77, R77, 16777216","1","0","1","32768","1048576","0","32","0","0","32","0","-","-","-","0","0","0","0","0","0","0","0","-","0","0","0","0","0","0","0","0","0","0","0","0","0","0","0","0","0","0","0","1","0","0","0","0","0","0","0","0","0","0","0","0","0","0","0","0","0","0","0","0","0","0"
"0x7b03637b5ad0","@!P4  FMUL R83, R83, 16777216","2","0","2","32768","1048576","0","32","0","0","32","0","-","-","-","0","0","0","0","0","0","0","0","-","0","0","0","0","0","0","0","0","0","0","0","0","0","0","0","0","0","0","0","2","0","0","0","0","0","0","0","0","0","0","0","0","0","0","0","0","0","0","0","0","0","0"
"0x7b03637b5ae0","@!P4  FMUL R81, R81, 16777216","1","0","1","32768","1048576","0","32","0","0","32","0","-","-","-","0","0","0","0","0","0","0","0","-","0","0","0","0","0","0","0","0","0","0","0","0","0","0","0","0","0","0","0","1","0","0","0","0","0","0","0","0","0","0","0","0","0","0","0","0","0","0","0","0","0","0"
"0x7b03637b5af0","@!P4  FMUL R87, R87, 16777216","2","0","2","32768","1048576","0","32","0","0","32","0","-","-","-","0","0","0","0","0","0","0","0","-","0","0","0","0","0","0","0","0","0","0","0","0","0","0","0","0","0","0","0","2","0","0","0","0","0","0","0","0","0","0","0","0","0","0","0","0","0","0","0","0","0","0"
"0x7b03637b5b00","@!P4  FMUL R85, R85, 16777216","3","0","3","32768","1048576","0","32","0","0","32","0","-","-","-","0","0","0","0","0","0","0","0","-","0","0","0","0","0","0","0","0","0","0","0","0","0","0","0","0","0","0","2","1","0","0","0","0","0","0","0","0","0","0","0","0","0","0","0","0","0","0","0","0","0","0"
"0x7b03637b5b10","      FMUL R47, R0, R47","6","0","6","32768","1048576","1048576","32","32","32","0","0","-","-","-","0","0","0","0","0","0","0","0","-","0","0","0","0","0","0","0","0","0","0","0","0","0","0","0","0","0","0","0","6","0","0","0","0","0","0","0","0","0","0","0","0","0","0","0","0","0","0","0","0","0","0"
"0x7b03637b5b20","      FMUL R38, R0, R45","3","0","3","32768","1048576","1048576","32","32","0","0","0","-","-","-","0","0","0","0","0","0","0","0","-","0","0","0","0","0","0","0","0","0","0","0","0","0","0","0","0","0","0","0","3","0","0","0","0","0","0","0","0","0","0","0","0","0","0","0","0","0","0","0","0","0","0"
"0x7b03637b5b30","      F2FP.F16.F32.PACK_AB R24, R25, R24","3","0","3","32768","1048576","1048576","32","32","0","0","0","-","-","-","0","0","0","0","0","0","0","0","-","0","0","0","0","0","0","0","0","0","0","0","0","0","0","0","0","0","0","0","3","0","0","0","0","0","0","0","0","0","0","0","0","0","0","0","0","0","0","0","0","0","0"
"0x7b03637b5b40","      FMUL R43, R0, R43","5","0","5","32768","1048576","1048576","32","32","0","0","0","-","-","-","0","0","0","0","0","0","0","0","-","0","0","0","0","0","0","0","0","0","0","0","0","0","0","0","0","0","0","0","5","0","0","0","0","0","0","0","0","0","0","0","0","0","0","0","0","0","0","0","0","0","0"
"0x7b03637b5b50","      FMUL R34, R0, R41","0","0","0","32768","1048576","1048576","32","32","0","0","0","-","-","-","0","0","0","0","0","0","0","0","-","0","0","0","0","0","0","0","0","0","0","0","0","0","0","0","0","0","0","0","0","0","0","0","0","0","0","0","0","0","0","0","0","0","0","0","0","0","0","0","0","0","0"
"0x7b03637b5b60","      FMUL R51, R0, R51","2","0","2","32768","1048576","1048576","32","32","0","0","0","-","-","-","0","0","0","0","0","0","0","0","-","0","0","0","0","0","0","0","0","0","0","0","0","0","0","0","0","0","0","0","2","0","0","0","0","0","0","0","0","0","0","0","0","0","0","0","0","0","0","0","0","0","0"
"0x7b03637b5b70","      FMUL R42, R0, R49","2","0","2","32768","1048576","1048576","32","32","0","0","0","-","-","-","0","0","0","0","0","0","0","0","-","0","0","0","0","0","0","0","0","0","0","0","0","0","0","0","0","0","0","0","2","0","0","0","0","0","0","0","0","0","0","0","0","0","0","0","0","0","0","0","0","0","0"
"0x7b03637b5b80","      FMUL R55, R0, R55","4","0","4","32768","1048576","1048576","32","32","0","0","0","-","-","-","0","0","0","0","0","0","0","0","-","0","0","0","0","0","0","0","0","0","0","0","0","0","0","0","0","0","0","1","3","0","0","0","0","0","0","0","0","0","0","0","0","0","0","0","0","0","0","0","0","0","0"
"0x7b03637b5b90","      FMUL R46, R0, R53","2","0","2","32768","1048576","1048576","32","32","0","0","0","-","-","-","0","0","0","0","0","0","0","0","-","0","0","0","0","0","0","0","0","0","0","0","0","0","0","0","0","0","0","0","2","0","0","0","0","0","0","0","0","0","0","0","0","0","0","0","0","0","0","0","0","0","0"
"0x7b03637b5ba0","      FMUL R63, R0, R63","1","0","1","32768","1048576","1048576","32","32","0","0","0","-","-","-","0","0","0","0","0","0","0","0","-","0","0","0","0","0","0","0","0","0","0","0","0","0","0","0","0","0","0","0","1","0","0","0","0","0","0","0","0","0","0","0","0","0","0","0","0","0","0","0","0","0","0"
"0x7b03637b5bb0","      FMUL R54, R0, R61","2","0","2","32768","1048576","1048576","32","32","0","0","0","-","-","-","0","0","0","0","0","0","0","0","-","0","0","0","0","0","0","0","0","0","0","0","0","0","0","0","0","0","0","0","2","0","0","0","0","0","0","0","0","0","0","0","0","0","0","0","0","0","0","0","0","0","0"
"0x7b03637b5bc0","      F2FP.F16.F32.PACK_AB R20, R27, R20","6","0","6","32768","1048576","1048576","32","32","0","0","0","-","-","-","0","0","0","0","0","0","0","0","-","0","0","0","0","0","0","0","0","0","0","0","0","0","0","0","0","0","0","0","6","0","0","0","0","0","0","0","0","0","0","0","0","0","0","0","0","0","0","0","0","0","0"
"0x7b03637b5bd0","      FMUL R59, R0, R59","3","0","3","32768","1048576","1048576","32","32","0","0","0","-","-","-","0","0","0","0","0","0","0","0","-","0","0","0","0","0","0","0","0","0","0","0","0","0","0","0","0","0","0","0","3","0","0","0","0","0","0","0","0","0","0","0","0","0","0","0","0","0","0","0","0","0","0"
"0x7b03637b5be0","      F2FP.F16.F32.PACK_AB R21, R22, R21","0","0","0","32768","1048576","1048576","32","32","0","0","0","-","-","-","0","0","0","0","0","0","0","0","-","0","0","0","0","0","0","0","0","0","0","0","0","0","0","0","0","0","0","0","0","0","0","0","0","0","0","0","0","0","0","0","0","0","0","0","0","0","0","0","0","0","0"
"0x7b03637b5bf0","      FMUL R50, R0, R57","1","0","1","32768","1048576","1048576","32","32","0","0","0","-","-","-","0","0","0","0","0","0","0","0","-","0","0","0","0","0","0","0","0","0","0","0","0","0","0","0","0","0","0","0","1","0","0","0","0","0","0","0","0","0","0","0","0","0","0","0","0","0","0","0","0","0","0"
"0x7b03637b5c00","      F2FP.F16.F32.PACK_AB R25, R18, R23","3","0","3","32768","1048576","1048576","32","32","0","0","0","-","-","-","0","0","0","0","0","0","0","0","-","0","0","0","0","0","0","0","0","0","0","0","0","0","0","0","0","0","0","0","3","0","0","0","0","0","0","0","0","0","0","0","0","0","0","0","0","0","0","0","0","0","0"
"0x7b03637b5c10","      FMUL R67, R0, R67","4","0","4","32768","1048576","1048576","32","32","0","0","0","-","-","-","0","0","0","0","0","0","0","0","-","0","0","0","0","0","0","0","0","0","0","0","0","0","0","0","0","0","0","0","4","0","0","0","0","0","0","0","0","0","0","0","0","0","0","0","0","0","0","0","0","0","0"
"0x7b03637b5c20","      FMUL R58, R0, R65","1","0","1","32768","1048576","1048576","32","32","0","0","0","-","-","-","0","0","0","0","0","0","0","0","-","0","0","0","0","0","0","0","0","0","0","0","0","0","0","0","0","0","0","0","1","0","0","0","0","0","0","0","0","0","0","0","0","0","0","0","0","0","0","0","0","0","0"
"0x7b03637b5c30","      FMUL R71, R0, R71","1","0","1","32768","1048576","1048576","32","32","0","0","0","-","-","-","0","0","0","0","0","0","0","0","-","0","0","0","0","0","0","0","0","0","0","0","0","0","0","0","0","0","0","0","1","0","0","0","0","0","0","0","0","0","0","0","0","0","0","0","0","0","0","0","0","0","0"
"0x7b03637b5c40","      FMUL R62, R0, R69","7","0","7","32768","1048576","1048576","32","32","0","0","0","-","-","-","0","0","0","0","0","0","0","0","-","0","0","0","0","0","0","0","0","0","0","0","0","0","0","0","0","0","0","0","7","0","0","0","0","0","0","0","0","0","0","0","0","0","0","0","0","0","0","0","0","0","0"
"0x7b03637b5c50","      FMUL R75, R0, R75","0","0","0","32768","1048576","1048576","32","32","0","0","0","-","-","-","0","0","0","0","0","0","0","0","-","0","0","0","0","0","0","0","0","0","0","0","0","0","0","0","0","0","0","0","0","0","0","0","0","0","0","0","0","0","0","0","0","0","0","0","0","0","0","0","0","0","0"
"0x7b03637b5c60","      FMUL R66, R0, R73","0","0","0","32768","1048576","1048576","32","32","0","0","0","-","-","-","0","0","0","0","0","0","0","0","-","0","0","0","0","0","0","0","0","0","0","0","0","0","0","0","0","0","0","0","0","0","0","0","0","0","0","0","0","0","0","0","0","0","0","0","0","0","0","0","0","0","0"
"0x7b03637b5c70","      FMUL R79, R0, R79","1","0","1","32768","1048576","1048576","32","32","0","0","0","-","-","-","0","0","0","0","0","0","0","0","-","0","0","0","0","0","0","0","0","0","0","0","0","0","0","0","0","0","0","0","1","0","0","0","0","0","0","0","0","0","0","0","0","0","0","0","0","0","0","0","0","0","0"
"0x7b03637b5c80","      FMUL R70, R0, R77","2","0","2","32768","1048576","1048576","32","32","0","0","0","-","-","-","0","0","0","0","0","0","0","0","-","0","0","0","0","0","0","0","0","0","0","0","0","0","0","0","0","0","0","0","2","0","0","0","0","0","0","0","0","0","0","0","0","0","0","0","0","0","0","0","0","0","0"
"0x7b03637b5c90","      FMUL R83, R0, R83","1","0","1","32768","1048576","1048576","32","32","0","0","0","-","-","-","0","0","0","0","0","0","0","0","-","0","0","0","0","0","0","0","0","0","0","0","0","0","0","0","0","0","0","0","1","0","0","0","0","0","0","0","0","0","0","0","0","0","0","0","0","0","0","0","0","0","0"
"0x7b03637b5ca0","      FMUL R74, R0, R81","2","0","2","32768","1048576","1048576","32","32","0","0","0","-","-","-","0","0","0","0","0","0","0","0","-","0","0","0","0","0","0","0","0","0","0","0","0","0","0","0","0","0","0","0","2","0","0","0","0","0","0","0","0","0","0","0","0","0","0","0","0","0","0","0","0","0","0"
"0x7b03637b5cb0","      FMUL R87, R0, R87","1","0","1","32768","1048576","1048576","32","32","0","0","0","-","-","-","0","0","0","0","0","0","0","0","-","0","0","0","0","0","0","0","0","0","0","0","0","0","0","0","0","0","0","0","1","0","0","0","0","0","0","0","0","0","0","0","0","0","0","0","0","0","0","0","0","0","0"
"0x7b03637b5cc0","      F2FP.F16.F32.PACK_AB R22, R28, R91","1","0","1","32768","1048576","1048576","32","32","0","0","0","-","-","-","0","0","0","0","0","0","0","0","-","0","0","0","0","0","0","0","0","0","0","0","0","0","0","0","0","0","0","0","1","0","0","0","0","0","0","0","0","0","0","0","0","0","0","0","0","0","0","0","0","0","0"
"0x7b03637b5cd0","      FMUL R0, R0, R85","1","0","1","32768","1048576","1048576","32","32","0","0","0","-","-","-","0","0","0","0","0","0","0","0","-","0","0","0","0","0","0","0","0","0","0","0","0","0","0","0","0","0","0","0","1","0","0","0","0","0","0","0","0","0","0","0","0","0","0","0","0","0","0","0","0","0","0"
"0x7b03637b5ce0","      F2FP.F16.F32.PACK_AB R26, R33, R26","1","0","1","32768","1048576","1048576","32","32","0","0","0","-","-","-","0","0","0","0","0","0","0","0","-","0","0","0","0","0","0","0","0","0","0","0","0","0","0","0","0","0","0","0","1","0","0","0","0","0","0","0","0","0","0","0","0","0","0","0","0","0","0","0","0","0","0"
"0x7b03637b5cf0","      F2FP.F16.F32.PACK_AB R27, R30, R39","114","11","114","32768","1048576","1048576","32","32","0","0","0","-","-","-","0","0","0","0","0","0","0","0","-","0","0","0","0","0","0","0","0","0","0","0","0","0","43","0","0","0","0","66","4","0","0","0","1","0","0","0","0","0","0","0","11","0","0","0","0","0","0","0","0","0","0"
"0x7b03637b5d00","      F2FP.F16.F32.PACK_AB R23, R32, R95","27","0","27","32768","1048576","1048576","32","32","0","0","0","-","-","-","0","0","0","0","0","0","0","0","-","0","0","0","0","0","0","0","0","0","0","0","0","0","10","0","0","0","0","16","1","0","0","0","0","0","0","0","0","0","0","0","0","0","0","0","0","0","0","0","0","0","0"
"0x7b03637b5d10","      F2FP.F16.F32.PACK_AB R29, R38, R47","130","1","130","32768","1048576","1048576","32","32","0","0","0","-","-","-","0","0","0","0","0","0","0","0","-","0","0","0","0","0","0","0","0","0","0","0","0","0","20","0","0","0","0","107","2","0","0","0","1","0","0","0","0","0","0","0","1","0","0","0","0","0","0","0","0","0","0"
"0x7b03637b5d20","      STS.128 [R147+UR12], R24","6","0","6","32768","1048576","1048576","32","32","0","0","0","Shared","Store","128","0","4","0","131072","131072","0","0","0","-","0","0","0","0","0","0","0","0","0","0","0","0","0","0","0","0","0","0","0","6","0","0","0","0","0","0","0","0","0","0","0","0","0","0","0","0","0","0","0","0","0","0"
"0x7b03637b5d30","      F2FP.F16.F32.PACK_AB R28, R34, R43","3","0","3","32768","1048576","1048576","32","32","0","0","0","-","-","-","0","0","0","0","0","0","0","0","-","0","0","0","0","0","0","0","0","0","0","0","0","0","0","0","0","0","0","0","3","0","0","0","0","0","0","0","0","0","0","0","0","0","0","0","0","0","0","0","0","0","0"
"0x7b03637b5d40","      F2FP.F16.F32.PACK_AB R30, R42, R51","7","1","7","32768","1048576","1048576","32","32","0","0","0","-","-","-","0","0","0","0","0","0","0","0","-","0","0","0","0","0","0","0","0","0","0","0","0","0","1","0","0","0","0","4","1","0","0","0","1","0","0","0","0","0","0","0","0","0","0","0","0","0","0","0","0","0","1"
"0x7b03637b5d50","      STS.128 [R147+UR12+0x200], R20","1","0","1","32768","1048576","1048576","32","32","0","0","0","Shared","Store","128","0","4","0","131072","131072","0","0","0","-","0","0","0","0","0","0","0","0","0","0","0","0","0","0","0","0","0","0","0","1","0","0","0","0","0","0","0","0","0","0","0","0","0","0","0","0","0","0","0","0","0","0"
"0x7b03637b5d60","      F2FP.F16.F32.PACK_AB R31, R46, R55","0","0","0","32768","1048576","1048576","32","32","0","0","0","-","-","-","0","0","0","0","0","0","0","0","-","0","0","0","0","0","0","0","0","0","0","0","0","0","0","0","0","0","0","0","0","0","0","0","0","0","0","0","0","0","0","0","0","0","0","0","0","0","0","0","0","0","0"
"0x7b03637b5d70","      LOP3.LUT R18, R147, 0x20, RZ, 0x3c, !PT","22","10","22","32768","1048576","1048576","32","32","0","0","0","-","-","-","0","0","0","0","0","0","0","0","-","0","0","0","0","0","0","0","0","0","0","0","0","0","7","0","0","0","0","8","1","0","0","0","6","0","0","0","0","0","0","0","4","0","0","0","0","0","0","0","0","0","6"
"0x7b03637b5d80","      F2FP.F16.F32.PACK_AB R36, R36, R99","1","0","1","32768","1048576","1048576","32","32","0","0","0","-","-","-","0","0","0","0","0","0","0","0","-","0","0","0","0","0","0","0","0","0","0","0","0","0","0","0","0","0","0","0","1","0","0","0","0","0","0","0","0","0","0","0","0","0","0","0","0","0","0","0","0","0","0"
"0x7b03637b5d90","      F2FP.F16.F32.PACK_AB R37, R40, R103","4","3","4","32768","1048576","1048576","32","32","0","0","0","-","-","-","0","0","0","0","0","0","0","0","-","0","0","0","0","0","0","0","0","0","0","0","0","0","0","0","0","0","0","0","1","0","0","0","3","0","0","0","0","0","0","0","0","0","0","0","0","0","0","0","0","0","3"
"0x7b03637b5da0","      STS.128 [R18+UR12], R28","0","0","0","32768","1048576","1048576","32","32","0","0","0","Shared","Store","128","0","4","0","131072","131072","0","0","0","-","0","0","0","0","0","0","0","0","0","0","0","0","0","0","0","0","0","0","0","0","0","0","0","0","0","0","0","0","0","0","0","0","0","0","0","0","0","0","0","0","0","0"
"0x7b03637b5db0","      F2FP.F16.F32.PACK_AB R38, R44, R107","3","0","3","32768","1048576","1048576","32","32","0","0","0","-","-","-","0","0","0","0","0","0","0","0","-","0","0","0","0","0","0","0","0","0","0","0","0","0","0","0","0","0","0","0","3","0","0","0","0","0","0","0","0","0","0","0","0","0","0","0","0","0","0","0","0","0","0"
"0x7b03637b5dc0","      F2FP.F16.F32.PACK_AB R39, R48, R111","4","2","4","32768","1048576","1048576","32","32","0","0","0","-","-","-","0","0","0","0","0","0","0","0","-","0","0","0","0","0","0","0","0","0","0","0","0","0","0","0","0","0","0","0","2","0","0","0","2","0","0","0","0","0","0","0","0","0","0","0","0","0","0","0","0","0","2"
"0x7b03637b5dd0","      F2FP.F16.F32.PACK_AB R33, R54, R63","1","0","1","32768","1048576","1048576","32","32","0","0","0","-","-","-","0","0","0","0","0","0","0","0","-","0","0","0","0","0","0","0","0","0","0","0","0","0","0","0","0","0","0","0","1","0","0","0","0","0","0","0","0","0","0","0","0","0","0","0","0","0","0","0","0","0","0"
"0x7b03637b5de0","      F2FP.F16.F32.PACK_AB R32, R50, R59","22","9","22","32768","1048576","1048576","32","32","0","0","0","-","-","-","0","0","0","0","0","0","0","0","-","0","0","0","0","0","0","0","0","0","0","0","0","0","6","0","0","0","0","10","2","0","0","0","4","0","0","0","0","0","0","0","5","0","0","0","0","0","0","0","0","0","4"
"0x7b03637b5df0","      STS.128 [R18+UR12+0x200], R36","3","0","3","32768","1048576","1048576","32","32","0","0","0","Shared","Store","128","0","4","0","131072","131072","0","0","0","-","0","0","0","0","0","0","0","0","0","0","0","0","0","0","0","0","0","0","0","3","0","0","0","0","0","0","0","0","0","0","0","0","0","0","0","0","0","0","0","0","0","0"
"0x7b03637b5e00","      F2FP.F16.F32.PACK_AB R52, R52, R115","3","0","3","32768","1048576","1048576","32","32","0","0","0","-","-","-","0","0","0","0","0","0","0","0","-","0","0","0","0","0","0","0","0","0","0","0","0","0","0","0","0","0","0","0","3","0","0","0","0","0","0","0","0","0","0","0","0","0","0","0","0","0","0","0","0","0","0"
"0x7b03637b5e10","      F2FP.F16.F32.PACK_AB R53, R56, R119","5","4","5","32768","1048576","1048576","32","32","0","0","0","-","-","-","0","0","0","0","0","0","0","0","-","0","0","0","0","0","0","0","0","0","0","0","0","0","0","0","0","0","0","0","1","0","0","0","4","0","0","0","0","0","0","0","0","0","0","0","0","0","0","0","0","0","4"
"0x7b03637b5e20","      F2FP.F16.F32.PACK_AB R34, R58, R67","2","1","2","32768","1048576","1048576","32","32","0","0","0","-","-","-","0","0","0","0","0","0","0","0","-","0","0","0","0","0","0","0","0","0","0","0","0","0","0","0","0","0","0","0","1","0","0","0","1","0","0","0","0","0","0","0","0","0","0","0","0","0","0","0","0","0","1"
"0x7b03637b5e30","      F2FP.F16.F32.PACK_AB R54, R60, R123","4","2","4","32768","1048576","1048576","32","32","0","0","0","-","-","-","0","0","0","0","0","0","0","0","-","0","0","0","0","0","0","0","0","0","0","0","0","0","0","0","0","0","0","0","2","0","0","0","2","0","0","0","0","0","0","0","0","0","0","0","0","0","0","0","0","0","2"
"0x7b03637b5e40","      F2FP.F16.F32.PACK_AB R35, R62, R71","4","3","4","32768","1048576","1048576","32","32","0","0","0","-","-","-","0","0","0","0","0","0","0","0","-","0","0","0","0","0","0","0","0","0","0","0","0","0","0","0","0","0","0","0","1","0","0","0","3","0","0","0","0","0","0","0","0","0","0","0","0","0","0","0","0","0","3"
"0x7b03637b5e50","      F2FP.F16.F32.PACK_AB R55, R64, R127","24","10","24","32768","1048576","1048576","32","32","0","0","0","-","-","-","0","0","0","0","0","0","0","0","-","0","0","0","0","0","0","0","0","0","0","0","0","0","14","0","0","0","0","6","3","0","0","0","1","0","0","0","0","0","0","0","9","0","0","0","0","0","0","0","0","0","1"
"0x7b03637b5e60","      F2FP.F16.F32.PACK_AB R85, R70, R79","2","0","2","32768","1048576","1048576","32","32","0","0","0","-","-","-","0","0","0","0","0","0","0","0","-","0","0","0","0","0","0","0","0","0","0","0","0","0","0","0","0","0","0","0","2","0","0","0","0","0","0","0","0","0","0","0","0","0","0","0","0","0","0","0","0","0","0"
"0x7b03637b5e70","      LOP3.LUT R19, R147, 0x40, RZ, 0x3c, !PT","4","2","4","32768","1048576","1048576","32","32","0","0","0","-","-","-","0","0","0","0","0","0","0","0","-","0","0","0","0","0","0","0","0","0","0","0","0","0","0","0","0","0","0","0","2","0","0","0","2","0","0","0","0","0","0","0","0","0","0","0","0","0","0","0","0","0","2"
"0x7b03637b5e80","      F2FP.F16.F32.PACK_AB R84, R66, R75","7","3","7","32768","1048576","1048576","32","32","0","0","0","-","-","-","0","0","0","0","0","0","0","0","-","0","0","0","0","0","0","0","0","0","0","0","0","0","0","0","0","0","0","0","4","0","0","0","3","0","0","0","0","0","0","0","0","0","0","0","0","0","0","0","0","0","3"
"0x7b03637b5e90","      F2FP.F16.F32.PACK_AB R68, R68, R131","7","4","7","32768","1048576","1048576","32","32","0","0","0","-","-","-","0","0","0","0","0","0","0","0","-","0","0","0","0","0","0","0","0","0","0","0","0","0","0","0","0","0","0","0","3","0","0","0","4","0","0","0","0","0","0","0","0","0","0","0","0","0","0","0","0","0","4"
"0x7b03637b5ea0","      STS.128 [R19+UR12], R32","3","0","3","32768","1048576","1048576","32","32","0","0","0","Shared","Store","128","0","4","0","131072","131072","0","0","0","-","0","0","0","0","0","0","0","0","0","0","0","0","0","0","0","0","0","0","0","3","0","0","0","0","0","0","0","0","0","0","0","0","0","0","0","0","0","0","0","0","0","0"
"0x7b03637b5eb0","      F2FP.F16.F32.PACK_AB R69, R72, R135","1","0","1","32768","1048576","1048576","32","32","0","0","0","-","-","-","0","0","0","0","0","0","0","0","-","0","0","0","0","0","0","0","0","0","0","0","0","0","0","0","0","0","0","0","1","0","0","0","0","0","0","0","0","0","0","0","0","0","0","0","0","0","0","0","0","0","0"
"0x7b03637b5ec0","      F2FP.F16.F32.PACK_AB R86, R74, R83","11","4","11","32768","1048576","1048576","32","32","0","0","0","-","-","-","0","0","0","0","0","0","0","0","-","0","0","0","0","0","0","0","0","0","0","0","0","0","2","0","0","0","0","4","2","0","0","0","3","0","0","0","0","0","0","0","1","0","0","0","0","0","0","0","0","0","3"
"0x7b03637b5ed0","      STS.128 [R19+UR12+0x200], R52","3","0","3","32768","1048576","1048576","32","32","0","0","0","Shared","Store","128","0","4","0","131072","131072","0","0","0","-","0","0","0","0","0","0","0","0","0","0","0","0","0","0","0","0","0","0","0","3","0","0","0","0","0","0","0","0","0","0","0","0","0","0","0","0","0","0","0","0","0","0"
"0x7b03637b5ee0","      F2FP.F16.F32.PACK_AB R70, R76, R139","4","0","4","32768","1048576","1048576","32","32","0","0","0","-","-","-","0","0","0","0","0","0","0","0","-","0","0","0","0","0","0","0","0","0","0","0","0","0","0","0","0","0","0","0","4","0","0","0","0","0","0","0","0","0","0","0","0","0","0","0","0","0","0","0","0","0","0"
"0x7b03637b5ef0","      F2FP.F16.F32.PACK_AB R87, R0, R87","4","2","4","32768","1048576","1048576","32","32","0","0","0","-","-","-","0","0","0","0","0","0","0","0","-","0","0","0","0","0","0","0","0","0","0","0","0","0","0","0","0","0","0","0","2","0","0","0","2","0","0","0","0","0","0","0","0","0","0","0","0","0","0","0","0","0","2"
"0x7b03637b5f00","      LOP3.LUT R147, R147, 0x60, RZ, 0x3c, !PT","7","6","7","32768","1048576","1048576","32","32","0","0","0","-","-","-","0","0","0","0","0","0","0","0","-","0","0","0","0","0","0","0","0","0","0","0","0","0","0","0","0","0","0","0","1","0","0","0","6","0","0","0","0","0","0","0","0","0","0","0","0","0","0","0","0","0","6"
"0x7b03637b5f10","      F2FP.F16.F32.PACK_AB R71, R78, R143","0","0","0","32768","1048576","1048576","32","32","0","0","0","-","-","-","0","0","0","0","0","0","0","0","-","0","0","0","0","0","0","0","0","0","0","0","0","0","0","0","0","0","0","0","0","0","0","0","0","0","0","0","0","0","0","0","0","0","0","0","0","0","0","0","0","0","0"
"0x7b03637b5f20","      ISETP.NE.AND P4, PT, R164, RZ, PT","4","3","4","32768","1048576","1048576","32","32","0","0","0","-","-","-","0","0","0","0","0","0","0","0","-","0","0","0","0","0","0","0","0","0","0","0","0","0","0","0","0","0","0","0","1","0","0","0","3","0","0","0","0","0","0","0","0","0","0","0","0","0","0","0","0","0","3"
"0x7b03637b5f30","      STS.128 [R147+UR12], R84","0","0","0","32768","1048576","1048576","32","32","0","0","0","Shared","Store","128","0","4","0","131072","131072","0","0","0","-","0","0","0","0","0","0","0","0","0","0","0","0","0","0","0","0","0","0","0","0","0","0","0","0","0","0","0","0","0","0","0","0","0","0","0","0","0","0","0","0","0","0"
"0x7b03637b5f40","      ISETP.NE.AND P2, PT, R165, RZ, PT","0","0","0","32768","1048576","1048576","32","32","0","0","0","-","-","-","0","0","0","0","0","0","0","0","-","0","0","0","0","0","0","0","0","0","0","0","0","0","0","0","0","0","0","0","0","0","0","0","0","0","0","0","0","0","0","0","0","0","0","0","0","0","0","0","0","0","0"
"0x7b03637b5f50","      ISETP.NE.AND P3, PT, R166, RZ, PT","21","11","21","32768","1048576","1048576","32","32","0","0","0","-","-","-","0","0","0","0","0","0","0","0","-","0","0","0","0","0","0","0","0","0","0","0","0","0","13","0","0","0","0","6","1","0","0","0","1","0","0","0","0","0","0","0","10","0","0","0","0","0","0","0","0","0","1"
"0x7b03637b5f60","      STS.128 [R147+UR12+0x200], R68","1","0","1","32768","1048576","1048576","32","32","0","0","0","Shared","Store","128","0","4","0","131072","131072","0","0","0","-","0","0","0","0","0","0","0","0","0","0","0","0","0","0","0","0","0","0","0","1","0","0","0","0","0","0","0","0","0","0","0","0","0","0","0","0","0","0","0","0","0","0"
"0x7b03637b5f70","      BAR.SYNC.DEFER_BLOCKING 0x0","1","0","1","32768","1048576","1048576","32","32","0","0","0","-","-","-","0","0","0","0","0","0","0","0","-","0","0","0","0","0","0","0","0","0","0","0","0","0","0","0","0","0","0","0","1","0","0","0","0","0","0","0","0","0","0","0","0","0","0","0","0","0","0","0","0","0","0"
"0x7b03637b5f80","      LDSM.16.M88.4 R20, [R149+UR12]","75","53","75","32768","1048576","1048576","32","32","0","0","0","Shared","Load","128","0","4","0","131072","131072","0","0","0","-","0","0","0","0","0","0","63","0","0","0","0","0","0","0","0","0","0","0","4","3","0","0","0","5","49","0","0","0","0","0","0","0","0","0","0","0","0","0","0","0","0","4"
"0x7b03637b5f90","      LDSM.16.M88.4 R24, [R149+UR12+0x400]","70","64","70","32768","1048576","1048576","32","32","0","0","0","Shared","Load","128","0","4","0","131072","131072","0","0","0","-","0","0","0","0","0","0","0","0","0","0","0","0","0","0","0","61","0","0","3","0","0","0","0","6","0","0","0","0","0","0","0","0","0","61","0","0","0","0","0","0","0","3"
"0x7b03637b5fa0","      LDSM.16.M88.4 R28, [R149+UR12+0x800]","71","69","71","32768","1048576","1048576","32","32","0","0","0","Shared","Load","128","0","4","0","131072","131072","0","0","0","-","0","0","0","0","0","0","0","0","0","0","0","0","0","0","0","62","0","0","0","1","0","0","0","8","0","0","0","0","0","0","0","0","0","62","0","0","0","0","0","0","0","7"
"0x7b03637b5fb0","      LDSM.16.M88.4 R40, [R149+UR12+0xc00]","31","29","31","32768","1048576","1048576","32","32","0","0","0","Shared","Load","128","0","4","0","131072","131072","0","0","0","-","0","0","0","0","0","0","0","0","0","0","0","0","0","0","0","25","0","0","0","2","0","0","0","4","0","0","0","0","0","0","0","0","0","25","0","0","0","0","0","0","0","4"
"0x7b03637b5fc0","      LDSM.16.M88.4 R36, [R149+UR12+0x1000]","13","11","13","32768","1048576","1048576","32","32","0","0","0","Shared","Load","128","0","4","0","131072","131072","0","0","0","-","0","0","0","0","0","0","0","0","0","0","0","0","0","0","0","8","0","0","1","1","0","0","0","3","0","0","0","0","0","0","0","0","0","8","0","0","0","0","0","0","0","3"
"0x7b03637b5fd0","      LDSM.16.M88.4 R32, [R149+UR12+0x1400]","16","14","16","32768","1048576","1048576","32","32","0","0","0","Shared","Load","128","0","4","0","131072","131072","0","0","0","-","0","0","0","0","0","0","0","0","0","0","0","0","0","0","0","9","0","0","0","2","0","0","0","5","0","0","0","0","0","0","0","0","0","9","0","0","0","0","0","0","0","5"
"0x7b03637b5fe0","      LDSM.16.M88.4 R44, [R149+UR12+0x1800]","23","21","23","32768","1048576","1048576","32","32","0","0","0","Shared","Load","128","0","4","0","131072","131072","0","0","0","-","0","0","0","0","0","0","0","0","0","0","0","0","0","0","0","17","0","0","0","2","0","0","0","4","0","0","0","0","0","0","0","0","0","17","0","0","0","0","0","0","0","4"
"0x7b03637b5ff0","      LDSM.16.M88.4 R48, [R149+UR12+0x1c00]","37","31","37","32768","1048576","1048576","32","32","0","0","0","Shared","Load","128","0","4","0","131072","131072","0","0","0","-","0","0","0","0","0","0","0","0","0","0","0","0","0","0","0","26","0","0","1","5","0","0","0","5","0","0","0","0","0","0","0","0","0","26","0","0","0","0","0","0","0","5"
"0x7b03637b6000","@!P1  STG.E.128 desc[UR20][R2.64], R20","270","253","270","32768","1048576","1048576","32","32","0","0","0","Global","Store","128","131072","0","0","0","0","0","524288","524288","","0","0","0","0","0","0","0","0","0","0","0","0","0","0","0","0","0","0","0","3","262","0","0","5","0","0","0","0","0","0","0","0","0","0","0","0","0","0","248","0","0","5"
"0x7b03637b6010","      ISETP.NE.AND P1, PT, R88, RZ, PT","3","0","3","32768","1048576","1048576","32","32","0","0","0","-","-","-","0","0","0","0","0","0","0","0","-","0","0","0","0","0","0","0","0","0","0","0","0","0","0","0","0","0","0","0","3","0","0","0","0","0","0","0","0","0","0","0","0","0","0","0","0","0","0","0","0","0","0"
"0x7b03637b6020","@!P4  STG.E.128 desc[UR20][R4.64], R24","1","1","1","32768","1048576","1048576","32","32","0","0","0","Global","Store","128","131072","0","0","0","0","0","524288","524288","","0","0","0","0","0","0","0","0","0","0","0","0","0","0","0","0","0","0","0","0","0","0","0","1","0","0","0","0","0","0","0","0","0","0","0","0","0","0","0","0","0","1"
"0x7b03637b6030","@!P2  STG.E.128 desc[UR20][R6.64], R28","8","7","8","32768","1048576","1048576","32","32","0","0","0","Global","Store","128","131072","0","0","0","0","0","524288","524288","","0","0","0","0","0","0","0","0","0","0","0","5","0","0","0","0","0","0","0","1","0","0","0","2","0","0","0","0","0","5","0","0","0","0","0","0","0","0","0","0","0","2"
"0x7b03637b6040","@!P3  STG.E.128 desc[UR20][R8.64], R40","24","23","24","32768","1048576","1048576","32","32","0","0","0","Global","Store","128","131072","0","0","0","0","0","524288","524288","","0","0","0","0","0","0","0","0","0","0","0","16","0","0","0","0","0","0","0","1","4","0","0","3","0","0","0","0","0","16","0","0","0","0","0","0","0","0","4","0","0","3"
"0x7b03637b6050","@!P6  STG.E.128 desc[UR20][R10.64], R36","136","134","136","32768","1048576","1048576","32","32","0","0","0","Global","Store","128","131072","0","0","0","0","0","524288","524288","","0","0","0","0","0","0","0","0","0","0","0","22","0","0","0","0","0","0","0","0","108","0","0","6","0","0","0","0","0","22","0","0","0","0","0","0","0","0","106","0","0","6"
"0x7b03637b6060","@!P5  STG.E.128 desc[UR20][R12.64], R32","30","29","30","32768","1048576","1048576","32","32","0","0","0","Global","Store","128","131072","0","0","0","0","0","524288","524288","","0","0","0","0","0","0","0","0","0","0","0","27","0","0","0","0","0","0","0","1","0","0","0","2","0","0","0","0","0","27","0","0","0","0","0","0","0","0","0","0","0","2"
"0x7b03637b6070","@!P0  STG.E.128 desc[UR20][R14.64], R44","25","22","25","32768","1048576","1048576","32","32","0","0","0","Global","Store","128","131072","0","0","0","0","0","524288","524288","","0","0","0","0","0","0","0","0","0","0","0","16","0","0","0","0","0","0","0","3","0","0","0","6","0","0","0","0","0","16","0","0","0","0","0","0","0","0","0","0","0","6"
"0x7b03637b6080","@P1   EXIT","2","0","2","32768","1048576","0","32","0","32","32","0","-","-","-","0","0","0","0","0","0","0","0","-","0","0","0","0","0","0","0","0","0","0","0","0","0","0","0","0","0","0","0","2","0","0","0","0","0","0","0","0","0","0","0","0","0","0","0","0","0","0","0","0","0","0"
"0x7b03637b6090","      STG.E.128 desc[UR20][R16.64], R48","73","67","73","32768","1048576","1048576","32","32","32","0","0","Global","Store","128","131072","0","0","0","0","0","524288","524288","","0","0","0","0","0","0","0","0","0","0","0","61","0","0","0","0","0","0","1","5","0","0","0","6","0","0","0","0","0","61","0","0","0","0","0","0","0","0","0","0","0","6"
"0x7b03637b60a0","      EXIT","3","0","3","32768","1048576","1048576","32","32","0","0","0","-","-","-","0","0","0","0","0","0","0","0","-","0","0","0","0","0","0","0","0","0","0","0","0","0","0","0","0","0","0","0","3","0","0","0","0","0","0","0","0","0","0","0","0","0","0","0","0","0","0","0","0","0","0"
"0x7b03637b60b0","      BRA 0x7b03637b60b0","1792","1777","1792","0","0","0","0","0","0","0","0","-","-","-","0","0","0","0","0","0","0","0","-","0","0","0","0","0","0","0","15","0","1768","0","0","0","0","0","0","0","0","0","3","0","0","0","6","0","15","0","1757","0","0","0","0","0","0","0","0","0","0","0","0","0","5"
"0x7b03637b60c0","      NOP","0","0","0","0","0","0","0","0","0","0","0","-","-","-","0","0","0","0","0","0","0","0","-","0","0","0","0","0","0","0","0","0","0","0","0","0","0","0","0","0","0","0","0","0","0","0","0","0","0","0","0","0","0","0","0","0","0","0","0","0","0","0","0","0","0"
"0x7b03637b60d0","      NOP","0","0","0","0","0","0","0","0","0","0","0","-","-","-","0","0","0","0","0","0","0","0","-","0","0","0","0","0","0","0","0","0","0","0","0","0","0","0","0","0","0","0","0","0","0","0","0","0","0","0","0","0","0","0","0","0","0","0","0","0","0","0","0","0","0"
"0x7b03637b60e0","      NOP","0","0","0","0","0","0","0","0","0","0","0","-","-","-","0","0","0","0","0","0","0","0","-","0","0","0","0","0","0","0","0","0","0","0","0","0","0","0","0","0","0","0","0","0","0","0","0","0","0","0","0","0","0","0","0","0","0","0","0","0","0","0","0","0","0"
"0x7b03637b60f0","      NOP","0","0","0","0","0","0","0","0","0","0","0","-","-","-","0","0","0","0","0","0","0","0","-","0","0","0","0","0","0","0","0","0","0","0","0","0","0","0","0","0","0","0","0","0","0","0","0","0","0","0","0","0","0","0","0","0","0","0","0","0","0","0","0","0","0"
"0x7b03637b6100","      NOP","0","0","0","0","0","0","0","0","0","0","0","-","-","-","0","0","0","0","0","0","0","0","-","0","0","0","0","0","0","0","0","0","0","0","0","0","0","0","0","0","0","0","0","0","0","0","0","0","0","0","0","0","0","0","0","0","0","0","0","0","0","0","0","0","0"
"0x7b03637b6110","      NOP","0","0","0","0","0","0","0","0","0","0","0","-","-","-","0","0","0","0","0","0","0","0","-","0","0","0","0","0","0","0","0","0","0","0","0","0","0","0","0","0","0","0","0","0","0","0","0","0","0","0","0","0","0","0","0","0","0","0","0","0","0","0","0","0","0"
"0x7b03637b6120","      NOP","0","0","0","0","0","0","0","0","0","0","0","-","-","-","0","0","0","0","0","0","0","0","-","0","0","0","0","0","0","0","0","0","0","0","0","0","0","0","0","0","0","0","0","0","0","0","0","0","0","0","0","0","0","0","0","0","0","0","0","0","0","0","0","0","0"
"0x7b03637b6130","      NOP","0","0","0","0","0","0","0","0","0","0","0","-","-","-","0","0","0","0","0","0","0","0","-","0","0","0","0","0","0","0","0","0","0","0","0","0","0","0","0","0","0","0","0","0","0","0","0","0","0","0","0","0","0","0","0","0","0","0","0","0","0","0","0","0","0"
"0x7b03637b6140","      NOP","0","0","0","0","0","0","0","0","0","0","0","-","-","-","0","0","0","0","0","0","0","0","-","0","0","0","0","0","0","0","0","0","0","0","0","0","0","0","0","0","0","0","0","0","0","0","0","0","0","0","0","0","0","0","0","0","0","0","0","0","0","0","0","0","0"
"0x7b03637b6150","      NOP","0","0","0","0","0","0","0","0","0","0","0","-","-","-","0","0","0","0","0","0","0","0","-","0","0","0","0","0","0","0","0","0","0","0","0","0","0","0","0","0","0","0","0","0","0","0","0","0","0","0","0","0","0","0","0","0","0","0","0","0","0","0","0","0","0"
"0x7b03637b6160","      NOP","0","0","0","0","0","0","0","0","0","0","0","-","-","-","0","0","0","0","0","0","0","0","-","0","0","0","0","0","0","0","0","0","0","0","0","0","0","0","0","0","0","0","0","0","0","0","0","0","0","0","0","0","0","0","0","0","0","0","0","0","0","0","0","0","0"
"0x7b03637b6170","      NOP","0","0","0","0","0","0","0","0","0","0","0","-","-","-","0","0","0","0","0","0","0","0","-","0","0","0","0","0","0","0","0","0","0","0","0","0","0","0","0","0","0","0","0","0","0","0","0","0","0","0","0","0","0","0","0","0","0","0","0","0","0","0","0","0","0"
