"Kernel Name","_attn_fwd",
"Address","Source","Warp Stall Sampling (All Samples)","Warp Stall Sampling (Not-issued Samples)","# Samples","Instructions Executed","Thread Instructions Executed","Predicated-On Thread Instructions Executed","Avg. Threads Executed","Avg. Predicated-On Threads Executed","Derivative Avg. Predicated-On Threads Executed","Avg. Predicated-On Threads Unexecuted","Divergent Branches","Address Space","Access Operation","Access Size","L1 Tag Requests Global","L1 Conflicts Shared N-Way","L1 Wavefronts Shared Excessive","L1 Wavefronts Shared","L1 Wavefronts Shared Ideal","L2 Theoretical Sectors Global Excessive","L2 Theoretical Sectors Global","L2 Theoretical Sectors Global Ideal","L2 Explicit Evict Policies","L2 Explicit Hit Policy Evict First","L2 Explicit Hit Policy Evict Last","L2 Explicit Hit Policy Evict Normal","L2 Explicit Hit Policy Evict Normal Demote","L2 Explicit Miss Policy Evict First","L2 Explicit Miss Policy Evict Normal","stall_barrier","stall_branch_resolving","stall_dispatch","stall_drain","stall_imc","stall_lg","stall_long_sb","stall_math","stall_membar","stall_mio","stall_misc","stall_no_inst","stall_not_selected","stall_selected","stall_short_sb","stall_sleep","stall_tex","stall_wait","stall_barrier (Not Issued)","stall_branch_resolving (Not Issued)","stall_dispatch (Not Issued)","stall_drain (Not Issued)","stall_imc (Not Issued)","stall_lg (Not Issued)","stall_long_sb (Not Issued)","stall_math (Not Issued)","stall_membar (Not Issued)","stall_mio (Not Issued)","stall_misc (Not Issued)","stall_no_inst (Not Issued)","stall_not_selected (Not Issued)","stall_selected (Not Issued)","stall_short_sb (Not Issued)","stall_sleeping (Not Issued)","stall_tex (Not Issued)","stall_wait (Not Issued)"
"0x77856b7aea00","      LDC R1, c[0x0][0x28]","72","65","72","32768","1048576","1048576","32","32","0","0","0","-","-","-","0","0","0","0","0","0","0","0","-","0","0","0","0","0","0","0","0","0","0","0","0","0","0","0","0","0","66","6","0","0","0","0","0","0","0","0","0","0","0","0","0","0","0","0","65","0","0","0","0","0","0"
"0x77856b7aea10","      LDC R6, c[0x0][0x260]","16","8","16","32768","1048576","1048576","32","32","0","0","0","-","-","-","0","0","0","0","0","0","0","0","-","0","0","0","0","0","0","0","0","0","0","0","0","0","0","0","1","0","0","0","0","0","0","0","15","0","0","0","0","0","0","0","0","0","1","0","0","0","0","0","0","0","7"
"0x77856b7aea20","      S2R R17, SR_CTAID.Y","2","2","2","32768","1048576","1048576","32","32","0","0","0","-","-","-","0","0","0","0","0","0","0","0","-","0","0","0","0","0","0","0","0","0","0","0","0","0","0","0","2","0","0","0","0","0","0","0","0","0","0","0","0","0","0","0","0","0","2","0","0","0","0","0","0","0","0"
"0x77856b7aea30","      ULDC.64 UR4, c[0x0][0x230]","33","31","33","32768","1048576","1048576","32","32","0","0","0","-","-","-","0","0","0","0","0","0","0","0","-","0","0","0","0","0","0","0","0","0","0","31","0","0","0","0","0","0","0","0","2","0","0","0","0","0","0","0","0","31","0","0","0","0","0","0","0","0","0","0","0","0","0"
"0x77856b7aea40","      ULDC.64 UR6, c[0x0][0x210]","6","0","6","32768","1048576","1048576","32","32","0","0","0","-","-","-","0","0","0","0","0","0","0","0","-","0","0","0","0","0","0","0","0","0","0","0","0","0","0","0","0","0","0","0","6","0","0","0","0","0","0","0","0","0","0","0","0","0","0","0","0","0","0","0","0","0","0"
"0x77856b7aea50","      ULDC UR22, c[0x0][0x268]","20","17","20","32768","1048576","1048576","32","32","0","0","0","-","-","-","0","0","0","0","0","0","0","0","-","0","0","0","0","0","0","0","0","0","0","17","0","0","0","0","0","0","0","0","3","0","0","0","0","0","0","0","0","17","0","0","0","0","0","0","0","0","0","0","0","0","0"
"0x77856b7aea60","      S2R R18, SR_CTAID.X","3","0","3","32768","1048576","1048576","32","32","0","0","0","-","-","-","0","0","0","0","0","0","0","0","-","0","0","0","0","0","0","0","0","0","0","0","0","0","0","0","0","0","0","0","3","0","0","0","0","0","0","0","0","0","0","0","0","0","0","0","0","0","0","0","0","0","0"
"0x77856b7aea70","      ULDC.64 UR8, c[0x0][0x238]","3","0","3","32768","1048576","1048576","32","32","0","0","0","-","-","-","0","0","0","0","0","0","0","0","-","0","0","0","0","0","0","0","0","0","0","0","0","0","0","0","0","0","0","0","3","0","0","0","0","0","0","0","0","0","0","0","0","0","0","0","0","0","0","0","0","0","0"
"0x77856b7aea80","      ULDC.64 UR20, c[0x0][0x208]","3","0","3","32768","1048576","1048576","32","32","0","0","0","-","-","-","0","0","0","0","0","0","0","0","-","0","0","0","0","0","0","0","0","0","0","0","0","0","0","0","0","0","0","0","3","0","0","0","0","0","0","0","0","0","0","0","0","0","0","0","0","0","0","0","0","0","0"
"0x77856b7aea90","      LDC R139, c[0x0][0x250]","13","8","13","32768","1048576","1048576","32","32","0","0","0","-","-","-","0","0","0","0","0","0","0","0","-","0","0","0","0","0","0","0","0","0","0","0","0","0","0","0","10","0","0","2","1","0","0","0","0","0","0","0","0","0","0","0","0","0","8","0","0","0","0","0","0","0","0"
"0x77856b7aeaa0","      LDC R140, c[0x0][0x244]","48","34","48","32768","1048576","1048576","32","32","0","0","0","-","-","-","0","0","0","0","0","0","0","0","-","0","0","0","0","0","0","0","0","0","0","0","0","0","0","0","27","0","0","5","2","0","0","0","14","0","0","0","0","0","0","0","0","0","23","0","0","0","0","0","0","0","11"
"0x77856b7aeab0","      IABS R4, R6","28","21","28","32768","1048576","1048576","32","32","0","0","0","-","-","-","0","0","0","0","0","0","0","0","-","0","0","0","0","0","0","0","0","0","0","0","0","0","0","0","0","0","0","1","2","25","0","0","0","0","0","0","0","0","0","0","0","0","0","0","0","0","0","21","0","0","0"
"0x77856b7aeac0","      I2F.RP R0, R4","6","3","6","32768","1048576","1048576","32","32","0","0","0","-","-","-","0","0","0","0","0","0","0","0","-","0","0","0","0","0","0","0","0","0","0","0","0","0","0","0","0","0","0","0","3","0","0","0","3","0","0","0","0","0","0","0","0","0","0","0","0","0","0","0","0","0","3"
"0x77856b7aead0","      IABS R7, R17","7","5","7","32768","1048576","1048576","32","32","0","0","0","-","-","-","0","0","0","0","0","0","0","0","-","0","0","0","0","0","0","0","0","0","0","0","0","0","0","0","0","0","0","0","2","5","0","0","0","0","0","0","0","0","0","0","0","0","0","0","0","0","0","5","0","0","0"
"0x77856b7aeae0","      IMAD.SHL.U32 R18, R18, 0x80, RZ","9","5","9","32768","1048576","1048576","32","32","0","0","0","-","-","-","0","0","0","0","0","0","0","0","-","0","0","0","0","0","0","0","0","0","0","0","0","0","0","0","0","0","0","0","4","5","0","0","0","0","0","0","0","0","0","0","0","0","0","0","0","0","0","5","0","0","0"
"0x77856b7aeaf0","      MUFU.RCP R0, R0","26","21","26","32768","1048576","1048576","32","32","0","0","0","-","-","-","0","0","0","0","0","0","0","0","-","0","0","0","0","0","0","0","0","0","0","0","0","0","0","0","0","0","0","0","1","15","0","0","10","0","0","0","0","0","0","0","0","0","0","0","0","0","0","12","0","0","9"
"0x77856b7aeb00","      VIADD R2, R0, 0xffffffe","33","23","33","32768","1048576","1048576","32","32","0","0","0","-","-","-","0","0","0","0","0","0","0","0","-","0","0","0","0","0","0","0","0","0","0","0","0","0","1","0","0","0","0","0","1","26","0","0","5","0","0","0","0","0","0","0","0","0","0","0","0","0","0","21","0","0","2"
"0x77856b7aeb10","      S2R R0, SR_TID.X","6","3","6","32768","1048576","1048576","32","32","0","0","0","-","-","-","0","0","0","0","0","0","0","0","-","0","0","0","0","0","0","0","0","0","0","0","0","0","0","0","0","0","0","0","3","0","0","0","3","0","0","0","0","0","0","0","0","0","0","0","0","0","0","0","0","0","3"
"0x77856b7aeb20","      F2I.FTZ.U32.TRUNC.NTZ R3, R2","9","3","9","32768","1048576","1048576","32","32","0","0","0","-","-","-","0","0","0","0","0","0","0","0","-","0","0","0","0","0","0","0","0","0","0","0","0","0","0","0","0","0","0","0","3","0","0","0","6","0","0","0","0","0","0","0","0","0","0","0","0","0","0","0","0","0","3"
"0x77856b7aeb30","      IMAD.MOV.U32 R2, RZ, RZ, RZ","28","14","28","32768","1048576","1048576","32","32","0","0","0","-","-","-","0","0","0","0","0","0","0","0","-","0","0","0","0","0","0","0","0","0","0","0","0","0","2","0","0","0","0","0","3","21","0","0","2","0","0","0","0","0","0","0","0","0","0","0","0","0","0","12","0","0","2"
"0x77856b7aeb40","      IMAD.MOV R5, RZ, RZ, -R3","10","1","10","32768","1048576","1048576","32","32","0","0","0","-","-","-","0","0","0","0","0","0","0","0","-","0","0","0","0","0","0","0","0","0","0","0","0","0","0","0","0","0","0","0","5","1","0","0","4","0","0","0","0","0","0","0","0","0","0","0","0","0","0","0","0","0","1"
"0x77856b7aeb50","      IMAD R5, R5, R4, RZ","5","2","5","32768","1048576","1048576","32","32","0","0","0","-","-","-","0","0","0","0","0","0","0","0","-","0","0","0","0","0","0","0","0","0","0","0","0","0","0","0","0","0","0","0","1","0","0","0","4","0","0","0","0","0","0","0","0","0","0","0","0","0","0","0","0","0","2"
"0x77856b7aeb60","      IMAD.HI.U32 R3, R3, R5, R2","14","6","14","32768","1048576","1048576","32","32","0","0","0","-","-","-","0","0","0","0","0","0","0","0","-","0","0","0","0","0","0","0","0","0","0","0","0","0","1","0","0","0","0","1","2","0","0","0","10","0","0","0","0","0","0","0","1","0","0","0","0","0","0","0","0","0","5"
"0x77856b7aeb70","      LOP3.LUT R2, R17, R6, RZ, 0x3c, !PT","3","0","3","32768","1048576","1048576","32","32","0","0","0","-","-","-","0","0","0","0","0","0","0","0","-","0","0","0","0","0","0","0","0","0","0","0","0","0","0","0","0","0","0","0","3","0","0","0","0","0","0","0","0","0","0","0","0","0","0","0","0","0","0","0","0","0","0"
"0x77856b7aeb80","      IMAD.MOV.U32 R5, RZ, RZ, R7","16","5","16","32768","1048576","1048576","32","32","0","0","0","-","-","-","0","0","0","0","0","0","0","0","-","0","0","0","0","0","0","0","0","0","0","0","0","0","9","0","0","0","0","1","0","0","0","0","6","0","0","0","0","0","0","0","2","0","0","0","0","0","0","0","0","0","3"
"0x77856b7aeb90","      ISETP.GE.AND P2, PT, R2, RZ, PT","7","0","7","32768","1048576","1048576","32","32","0","0","0","-","-","-","0","0","0","0","0","0","0","0","-","0","0","0","0","0","0","0","0","5","0","0","0","0","0","0","0","0","0","0","2","0","0","0","0","0","0","0","0","0","0","0","0","0","0","0","0","0","0","0","0","0","0"
"0x77856b7aeba0","      SHF.R.U32.HI R147, RZ, 0x4, R0","7","1","7","32768","1048576","1048576","32","32","0","0","0","-","-","-","0","0","0","0","0","0","0","0","-","0","0","0","0","0","0","0","0","0","0","0","0","0","1","0","0","0","0","0","4","0","0","0","2","0","0","0","0","0","0","0","1","0","0","0","0","0","0","0","0","0","0"
"0x77856b7aebb0","      IMAD.HI.U32 R16, R3, R5, RZ","1","0","1","32768","1048576","1048576","32","32","0","0","0","-","-","-","0","0","0","0","0","0","0","0","-","0","0","0","0","0","0","0","0","0","0","0","0","0","0","0","0","0","0","0","1","0","0","0","0","0","0","0","0","0","0","0","0","0","0","0","0","0","0","0","0","0","0"
"0x77856b7aebc0","      SGXT.U32 R147, R147, 0x4","17","9","17","32768","1048576","1048576","32","32","0","0","0","-","-","-","0","0","0","0","0","0","0","0","-","0","0","0","0","0","0","0","0","4","0","0","0","0","5","0","0","0","0","5","1","0","0","0","2","0","0","4","0","0","0","0","5","0","0","0","0","0","0","0","0","0","0"
"0x77856b7aebd0","      IMAD.MOV R3, RZ, RZ, -R16","1","0","1","32768","1048576","1048576","32","32","0","0","0","-","-","-","0","0","0","0","0","0","0","0","-","0","0","0","0","0","0","0","0","0","0","0","0","0","0","0","0","0","0","0","1","0","0","0","0","0","0","0","0","0","0","0","0","0","0","0","0","0","0","0","0","0","0"
"0x77856b7aebe0","      LOP3.LUT R19, R147, R18, RZ, 0xfc, !PT","14","0","14","32768","1048576","1048576","32","32","0","0","0","-","-","-","0","0","0","0","0","0","0","0","-","0","0","0","0","0","0","0","0","0","0","0","0","0","3","0","0","0","0","3","1","0","0","0","7","0","0","0","0","0","0","0","0","0","0","0","0","0","0","0","0","0","0"
"0x77856b7aebf0","      IMAD R3, R4, R3, R5","3","0","3","32768","1048576","1048576","32","32","0","0","0","-","-","-","0","0","0","0","0","0","0","0","-","0","0","0","0","0","0","0","0","0","0","0","0","0","0","0","0","0","0","0","3","0","0","0","0","0","0","0","0","0","0","0","0","0","0","0","0","0","0","0","0","0","0"
"0x77856b7aec00","      LOP3.LUT R20, R18, 0x10, R147, 0xfe, !PT","1","0","1","32768","1048576","1048576","32","32","0","0","0","-","-","-","0","0","0","0","0","0","0","0","-","0","0","0","0","0","0","0","0","0","0","0","0","0","0","0","0","0","0","0","1","0","0","0","0","0","0","0","0","0","0","0","0","0","0","0","0","0","0","0","0","0","0"
"0x77856b7aec10","      LOP3.LUT R21, R18, 0x20, R147, 0xfe, !PT","8","4","8","32768","1048576","1048576","32","32","0","0","0","-","-","-","0","0","0","0","0","0","0","0","-","0","0","0","0","0","0","0","0","3","0","0","0","0","0","0","0","0","0","0","2","0","0","0","3","0","0","3","0","0","0","0","0","0","0","0","0","0","0","0","0","0","1"
"0x77856b7aec20","      ISETP.GT.U32.AND P1, PT, R4, R3, PT","7","1","7","32768","1048576","1048576","32","32","0","0","0","-","-","-","0","0","0","0","0","0","0","0","-","0","0","0","0","0","0","0","0","0","0","0","0","0","1","0","0","0","0","1","0","0","0","0","5","0","0","0","0","0","0","0","0","0","0","0","0","0","0","0","0","0","1"
"0x77856b7aec30","      LOP3.LUT R22, R18, 0x30, R147, 0xfe, !PT","2","1","2","32768","1048576","1048576","32","32","0","0","0","-","-","-","0","0","0","0","0","0","0","0","-","0","0","0","0","0","0","0","0","0","0","0","0","0","0","0","0","0","0","0","1","0","0","0","1","0","0","0","0","0","0","0","0","0","0","0","0","0","0","0","0","0","1"
"0x77856b7aec40","      LOP3.LUT R23, R18, 0x40, R147, 0xfe, !PT","3","0","3","32768","1048576","1048576","32","32","0","0","0","-","-","-","0","0","0","0","0","0","0","0","-","0","0","0","0","0","0","0","0","0","0","0","0","0","0","0","0","0","0","0","3","0","0","0","0","0","0","0","0","0","0","0","0","0","0","0","0","0","0","0","0","0","0"
"0x77856b7aec50","      LOP3.LUT R136, R18, 0x50, R147, 0xfe, !PT","5","0","5","32768","1048576","1048576","32","32","0","0","0","-","-","-","0","0","0","0","0","0","0","0","-","0","0","0","0","0","0","0","0","0","0","0","0","0","1","0","0","0","0","3","1","0","0","0","0","0","0","0","0","0","0","0","0","0","0","0","0","0","0","0","0","0","0"
"0x77856b7aec60","      IMAD R11, R22, UR8, RZ","2","0","2","32768","1048576","1048576","32","32","0","0","0","-","-","-","0","0","0","0","0","0","0","0","-","0","0","0","0","0","0","0","0","0","0","0","0","0","0","0","0","0","0","0","2","0","0","0","0","0","0","0","0","0","0","0","0","0","0","0","0","0","0","0","0","0","0"
"0x77856b7aec70","      LOP3.LUT R137, R18, 0x60, R147, 0xfe, !PT","1","0","1","32768","1048576","1048576","32","32","0","0","0","-","-","-","0","0","0","0","0","0","0","0","-","0","0","0","0","0","0","0","0","0","0","0","0","0","0","0","0","0","0","0","1","0","0","0","0","0","0","0","0","0","0","0","0","0","0","0","0","0","0","0","0","0","0"
"0x77856b7aec80","      IMAD R13, R23, UR8, RZ","2","0","2","32768","1048576","1048576","32","32","0","0","0","-","-","-","0","0","0","0","0","0","0","0","-","0","0","0","0","0","0","0","0","0","0","0","0","0","0","0","0","0","0","0","2","0","0","0","0","0","0","0","0","0","0","0","0","0","0","0","0","0","0","0","0","0","0"
"0x77856b7aec90","      LOP3.LUT R138, R18, 0x70, R147, 0xfe, !PT","3","0","3","32768","1048576","1048576","32","32","0","0","0","-","-","-","0","0","0","0","0","0","0","0","-","0","0","0","0","0","0","0","0","1","0","0","0","0","0","0","0","0","0","0","2","0","0","0","0","0","0","0","0","0","0","0","0","0","0","0","0","0","0","0","0","0","0"
"0x77856b7aeca0","      IMAD R26, R136, UR8, RZ","0","0","0","32768","1048576","1048576","32","32","0","0","0","-","-","-","0","0","0","0","0","0","0","0","-","0","0","0","0","0","0","0","0","0","0","0","0","0","0","0","0","0","0","0","0","0","0","0","0","0","0","0","0","0","0","0","0","0","0","0","0","0","0","0","0","0","0"
"0x77856b7aecb0","@!P1  IMAD.IADD R3, R3, 0x1, -R4","1","0","1","32768","1048576","0","32","0","32","32","0","-","-","-","0","0","0","0","0","0","0","0","-","0","0","0","0","0","0","0","0","0","0","0","0","0","0","0","0","0","0","1","0","0","0","0","0","0","0","0","0","0","0","0","0","0","0","0","0","0","0","0","0","0","0"
"0x77856b7aecc0","@!P1  VIADD R16, R16, 0x1","1","1","1","32768","1048576","0","32","0","0","32","0","-","-","-","0","0","0","0","0","0","0","0","-","0","0","0","0","0","0","0","0","0","0","0","0","0","0","0","0","0","0","0","0","0","0","0","1","0","0","0","0","0","0","0","0","0","0","0","0","0","0","0","0","0","1"
"0x77856b7aecd0","      ISETP.NE.AND P1, PT, R6, RZ, PT","0","0","0","32768","1048576","1048576","32","32","32","0","0","-","-","-","0","0","0","0","0","0","0","0","-","0","0","0","0","0","0","0","0","0","0","0","0","0","0","0","0","0","0","0","0","0","0","0","0","0","0","0","0","0","0","0","0","0","0","0","0","0","0","0","0","0","0"
"0x77856b7aece0","      IMAD R27, R137, UR8, RZ","7","0","7","32768","1048576","1048576","32","32","0","0","0","-","-","-","0","0","0","0","0","0","0","0","-","0","0","0","0","0","0","0","0","0","0","0","0","0","0","0","0","0","0","0","7","0","0","0","0","0","0","0","0","0","0","0","0","0","0","0","0","0","0","0","0","0","0"
"0x77856b7aecf0","      ISETP.GE.U32.AND P0, PT, R3, R4, PT","3","0","3","32768","1048576","1048576","32","32","0","0","0","-","-","-","0","0","0","0","0","0","0","0","-","0","0","0","0","0","0","0","0","0","0","0","0","0","0","0","0","0","0","0","3","0","0","0","0","0","0","0","0","0","0","0","0","0","0","0","0","0","0","0","0","0","0"
"0x77856b7aed00","      IMAD R28, R138, UR8, RZ","3","0","3","32768","1048576","1048576","32","32","0","0","0","-","-","-","0","0","0","0","0","0","0","0","-","0","0","0","0","0","0","0","0","0","0","0","0","0","0","0","0","0","0","0","3","0","0","0","0","0","0","0","0","0","0","0","0","0","0","0","0","0","0","0","0","0","0"
"0x77856b7aed10","      LOP3.LUT R4, R147, 0x20, RZ, 0xfc, !PT","3","0","3","32768","1048576","1048576","32","32","0","0","0","-","-","-","0","0","0","0","0","0","0","0","-","0","0","0","0","0","0","0","0","0","0","0","0","0","0","0","0","0","0","0","3","0","0","0","0","0","0","0","0","0","0","0","0","0","0","0","0","0","0","0","0","0","0"
"0x77856b7aed20","      LOP3.LUT R3, R147, 0x10, RZ, 0xfc, !PT","9","1","9","32768","1048576","1048576","32","32","0","0","0","-","-","-","0","0","0","0","0","0","0","0","-","0","0","0","0","0","0","0","0","0","0","0","0","0","2","0","0","0","0","4","2","0","0","0","1","0","0","0","0","0","0","0","1","0","0","0","0","0","0","0","0","0","0"
"0x77856b7aed30","      ISETP.GE.AND P3, PT, R3, UR22, PT","15","1","15","32768","1048576","1048576","32","32","0","0","0","-","-","-","0","0","0","0","0","0","0","0","-","0","0","0","0","0","0","0","0","1","0","0","0","0","2","0","0","0","0","2","3","0","0","0","7","0","0","0","0","0","0","0","0","0","0","0","0","0","0","0","0","0","1"
"0x77856b7aed40","@P0   VIADD R16, R16, 0x1","13","3","13","32768","1048576","0","32","0","32","32","0","-","-","-","0","0","0","0","0","0","0","0","-","0","0","0","0","0","0","0","0","0","0","0","0","0","2","0","0","0","0","1","3","0","0","0","7","0","0","0","0","0","0","0","0","0","0","0","0","0","0","0","0","0","3"
"0x77856b7aed50","      ISETP.GE.AND P0, PT, R4, UR22, PT","3","0","3","32768","1048576","1048576","32","32","32","0","0","-","-","-","0","0","0","0","0","0","0","0","-","0","0","0","0","0","0","0","0","0","0","0","0","0","0","0","0","0","0","0","3","0","0","0","0","0","0","0","0","0","0","0","0","0","0","0","0","0","0","0","0","0","0"
"0x77856b7aed60","@!P2  IMAD.MOV R16, RZ, RZ, -R16","18","6","18","32768","1048576","0","32","0","32","32","0","-","-","-","0","0","0","0","0","0","0","0","-","0","0","0","0","0","0","0","0","0","0","0","0","0","5","0","0","0","0","5","2","0","0","0","6","0","0","0","0","0","0","0","3","0","0","0","0","0","0","0","0","0","3"
"0x77856b7aed70","@!P1  LOP3.LUT R16, RZ, R6, RZ, 0x33, !PT","2","0","2","32768","1048576","0","32","0","0","32","0","-","-","-","0","0","0","0","0","0","0","0","-","0","0","0","0","0","0","0","0","0","0","0","0","0","0","0","0","0","0","0","2","0","0","0","0","0","0","0","0","0","0","0","0","0","0","0","0","0","0","0","0","0","0"
"0x77856b7aed80","      IMAD.MOV R2, RZ, RZ, -R16","15","4","15","32768","1048576","1048576","32","32","32","0","0","-","-","-","0","0","0","0","0","0","0","0","-","0","0","0","0","0","0","0","0","0","0","0","0","0","1","0","0","0","0","3","1","0","0","0","10","0","0","0","0","0","0","0","1","0","0","0","0","0","0","0","0","0","3"
"0x77856b7aed90","      IMAD R5, R16, UR4, RZ","10","1","10","32768","1048576","1048576","32","32","0","0","0","-","-","-","0","0","0","0","0","0","0","0","-","0","0","0","0","0","0","0","0","0","0","0","0","0","3","0","0","0","0","3","1","0","0","0","3","0","0","0","0","0","0","0","0","0","0","0","0","0","0","0","0","0","1"
"0x77856b7aeda0","      ULDC UR4, c[0x0][0x240]","5","0","5","32768","1048576","1048576","32","32","0","0","0","-","-","-","0","0","0","0","0","0","0","0","-","0","0","0","0","0","0","0","0","1","0","0","0","0","0","0","0","0","0","0","4","0","0","0","0","0","0","0","0","0","0","0","0","0","0","0","0","0","0","0","0","0","0"
"0x77856b7aedb0","      IMAD R17, R6, R2, R17","5","0","5","32768","1048576","1048576","32","32","0","0","0","-","-","-","0","0","0","0","0","0","0","0","-","0","0","0","0","0","0","0","0","0","0","0","0","0","0","0","0","0","0","0","5","0","0","0","0","0","0","0","0","0","0","0","0","0","0","0","0","0","0","0","0","0","0"
"0x77856b7aedc0","      IMAD.SHL.U32 R6, R5, 0x2, RZ","9","1","9","32768","1048576","1048576","32","32","0","0","0","-","-","-","0","0","0","0","0","0","0","0","-","0","0","0","0","0","0","0","0","0","0","0","0","0","3","0","0","0","0","2","2","0","0","0","2","0","0","0","0","0","0","0","0","0","0","0","0","0","0","0","0","0","1"
"0x77856b7aedd0","      IMAD R7, R17, UR5, RZ","4","1","4","32768","1048576","1048576","32","32","0","0","0","-","-","-","0","0","0","0","0","0","0","0","-","0","0","0","0","0","0","0","0","0","0","0","0","0","0","0","0","0","0","0","2","0","0","0","2","0","0","0","0","0","0","0","0","0","0","0","0","0","0","0","0","0","1"
"0x77856b7aede0","      SHF.R.U32.HI R2, RZ, 0x2, R17","2","0","2","32768","1048576","1048576","32","32","0","0","0","-","-","-","0","0","0","0","0","0","0","0","-","0","0","0","0","0","0","0","0","0","0","0","0","0","0","0","0","0","0","0","2","0","0","0","0","0","0","0","0","0","0","0","0","0","0","0","0","0","0","0","0","0","0"
"0x77856b7aedf0","      IMAD.HI R5, R5, 0x2, RZ","0","0","0","32768","1048576","1048576","32","32","0","0","0","-","-","-","0","0","0","0","0","0","0","0","-","0","0","0","0","0","0","0","0","0","0","0","0","0","0","0","0","0","0","0","0","0","0","0","0","0","0","0","0","0","0","0","0","0","0","0","0","0","0","0","0","0","0"
"0x77856b7aee00","      IMAD.SHL.U32 R9, R7, 0x2, RZ","18","2","18","32768","1048576","1048576","32","32","0","0","0","-","-","-","0","0","0","0","0","0","0","0","-","0","0","0","0","0","0","0","0","0","0","0","0","0","4","0","0","0","0","3","2","0","0","0","9","0","0","0","0","0","0","0","0","0","0","0","0","0","0","0","0","0","2"
"0x77856b7aee10","      IMAD R4, R2, UR4, RZ","13","1","13","32768","1048576","1048576","32","32","0","0","0","-","-","-","0","0","0","0","0","0","0","0","-","0","0","0","0","0","0","0","0","0","0","0","0","0","0","0","0","0","0","0","5","0","0","0","8","0","0","0","0","0","0","0","0","0","0","0","0","0","0","0","0","0","1"
"0x77856b7aee20","      ULDC.64 UR4, c[0x0][0x218]","3","0","3","32768","1048576","1048576","32","32","0","0","0","-","-","-","0","0","0","0","0","0","0","0","-","0","0","0","0","0","0","0","0","0","0","0","0","0","0","0","0","0","0","0","3","0","0","0","0","0","0","0","0","0","0","0","0","0","0","0","0","0","0","0","0","0","0"
"0x77856b7aee30","      IMAD R3, R16, UR9, RZ","1","0","1","32768","1048576","1048576","32","32","0","0","0","-","-","-","0","0","0","0","0","0","0","0","-","0","0","0","0","0","0","0","0","0","0","0","0","0","0","0","0","0","0","0","1","0","0","0","0","0","0","0","0","0","0","0","0","0","0","0","0","0","0","0","0","0","0"
"0x77856b7aee40","      IADD3 R40, P1, P2, R9, UR6, R6","2","0","2","32768","1048576","1048576","32","32","0","0","0","-","-","-","0","0","0","0","0","0","0","0","-","0","0","0","0","0","0","0","0","0","0","0","0","0","0","0","0","0","0","0","2","0","0","0","0","0","0","0","0","0","0","0","0","0","0","0","0","0","0","0","0","0","0"
"0x77856b7aee50","      IMAD.HI R6, R7, 0x2, RZ","3","0","3","32768","1048576","1048576","32","32","0","0","0","-","-","-","0","0","0","0","0","0","0","0","-","0","0","0","0","0","0","0","0","0","0","0","0","0","0","0","0","0","0","0","3","0","0","0","0","0","0","0","0","0","0","0","0","0","0","0","0","0","0","0","0","0","0"
"0x77856b7aee60","      IMAD R7, R20, UR8, RZ","19","7","19","32768","1048576","1048576","32","32","0","0","0","-","-","-","0","0","0","0","0","0","0","0","-","0","0","0","0","0","0","0","0","0","0","0","0","0","6","0","0","0","0","2","1","0","0","0","10","0","0","0","0","0","0","0","1","0","0","0","0","0","0","0","0","0","6"
"0x77856b7aee70","      IADD3.X R30, R6, UR7, R5, P1, P2","1","0","1","32768","1048576","1048576","32","32","0","0","0","-","-","-","0","0","0","0","0","0","0","0","-","0","0","0","0","0","0","0","0","1","0","0","0","0","0","0","0","0","0","0","0","0","0","0","0","0","0","0","0","0","0","0","0","0","0","0","0","0","0","0","0","0","0"
"0x77856b7aee80","      IMAD R5, R19, UR8, RZ","1","0","1","32768","1048576","1048576","32","32","0","0","0","-","-","-","0","0","0","0","0","0","0","0","-","0","0","0","0","0","0","0","0","0","0","0","0","0","0","0","0","0","0","0","1","0","0","0","0","0","0","0","0","0","0","0","0","0","0","0","0","0","0","0","0","0","0"
"0x77856b7aee90","      ULDC.64 UR6, c[0x0][0x248]","2","0","2","32768","1048576","1048576","32","32","0","0","0","-","-","-","0","0","0","0","0","0","0","0","-","0","0","0","0","0","0","0","0","1","0","0","0","0","0","0","0","0","0","0","1","0","0","0","0","0","0","0","0","0","0","0","0","0","0","0","0","0","0","0","0","0","0"
"0x77856b7aeea0","      IMAD R9, R21, UR8, RZ","4","0","4","32768","1048576","1048576","32","32","0","0","0","-","-","-","0","0","0","0","0","0","0","0","-","0","0","0","0","0","0","0","0","0","0","0","0","0","0","0","0","0","0","0","4","0","0","0","0","0","0","0","0","0","0","0","0","0","0","0","0","0","0","0","0","0","0"
"0x77856b7aeeb0","      IMAD R33, R2, UR7, RZ","10","1","10","32768","1048576","1048576","32","32","0","0","0","-","-","-","0","0","0","0","0","0","0","0","-","0","0","0","0","0","0","0","0","0","0","0","0","0","1","0","0","0","0","5","1","0","0","0","3","0","0","0","0","0","0","0","0","0","0","0","0","0","0","0","0","0","1"
"0x77856b7aeec0","      LEA R2, P4, R5, R40, 0x1","2","0","2","32768","1048576","1048576","32","32","0","0","0","-","-","-","0","0","0","0","0","0","0","0","-","0","0","0","0","0","0","0","0","0","0","0","0","0","0","0","0","0","0","0","2","0","0","0","0","0","0","0","0","0","0","0","0","0","0","0","0","0","0","0","0","0","0"
"0x77856b7aeed0","      IMAD.SHL.U32 R43, R4, 0x2, RZ","0","0","0","32768","1048576","1048576","32","32","0","0","0","-","-","-","0","0","0","0","0","0","0","0","-","0","0","0","0","0","0","0","0","0","0","0","0","0","0","0","0","0","0","0","0","0","0","0","0","0","0","0","0","0","0","0","0","0","0","0","0","0","0","0","0","0","0"
"0x77856b7aeee0","      LEA R6, P2, R9, R40, 0x1","3","0","3","32768","1048576","1048576","32","32","0","0","0","-","-","-","0","0","0","0","0","0","0","0","-","0","0","0","0","0","0","0","0","1","0","0","0","0","0","0","0","0","0","0","2","0","0","0","0","0","0","0","0","0","0","0","0","0","0","0","0","0","0","0","0","0","0"
"0x77856b7aeef0","      IMAD.HI R24, R4, 0x2, RZ","3","0","3","32768","1048576","1048576","32","32","0","0","0","-","-","-","0","0","0","0","0","0","0","0","-","0","0","0","0","0","0","0","0","0","0","0","0","0","0","0","0","0","0","0","3","0","0","0","0","0","0","0","0","0","0","0","0","0","0","0","0","0","0","0","0","0","0"
"0x77856b7aef00","      LEA R4, P6, R7, R40, 0x1","1","0","1","32768","1048576","1048576","32","32","0","0","0","-","-","-","0","0","0","0","0","0","0","0","-","0","0","0","0","0","0","0","0","0","0","0","0","0","0","0","0","0","0","0","1","0","0","0","0","0","0","0","0","0","0","0","0","0","0","0","0","0","0","0","0","0","0"
"0x77856b7aef10","      IMAD.SHL.U32 R42, R3, 0x2, RZ","14","3","14","32768","1048576","1048576","32","32","0","0","0","-","-","-","0","0","0","0","0","0","0","0","-","0","0","0","0","0","0","0","0","0","0","0","0","0","7","0","0","0","0","4","2","0","0","0","1","0","0","0","0","0","0","0","2","0","0","0","0","0","0","0","0","0","1"
"0x77856b7aef20","      IMAD.HI R15, R3, 0x2, RZ","0","0","0","32768","1048576","1048576","32","32","0","0","0","-","-","-","0","0","0","0","0","0","0","0","-","0","0","0","0","0","0","0","0","0","0","0","0","0","0","0","0","0","0","0","0","0","0","0","0","0","0","0","0","0","0","0","0","0","0","0","0","0","0","0","0","0","0"
"0x77856b7aef30","      LEA.HI.X.SX32 R3, R5, R30, 0x1, P4","1","0","1","32768","1048576","1048576","32","32","0","0","0","-","-","-","0","0","0","0","0","0","0","0","-","0","0","0","0","0","0","0","0","0","0","0","0","0","0","0","0","0","0","0","1","0","0","0","0","0","0","0","0","0","0","0","0","0","0","0","0","0","0","0","0","0","0"
"0x77856b7aef40","      LEA R8, P4, R11, R40, 0x1","6","1","6","32768","1048576","1048576","32","32","0","0","0","-","-","-","0","0","0","0","0","0","0","0","-","0","0","0","0","0","0","0","0","2","0","0","0","0","0","0","0","0","0","2","1","0","0","0","1","0","0","1","0","0","0","0","0","0","0","0","0","0","0","0","0","0","0"
"0x77856b7aef50","      IMAD R32, R16, UR6, RZ","1","0","1","32768","1048576","1048576","32","32","0","0","0","-","-","-","0","0","0","0","0","0","0","0","-","0","0","0","0","0","0","0","0","0","0","0","0","0","0","0","0","0","0","0","1","0","0","0","0","0","0","0","0","0","0","0","0","0","0","0","0","0","0","0","0","0","0"
"0x77856b7aef60","      LEA.HI.X.SX32 R5, R7, R30, 0x1, P6","3","0","3","32768","1048576","1048576","32","32","0","0","0","-","-","-","0","0","0","0","0","0","0","0","-","0","0","0","0","0","0","0","0","2","0","0","0","0","0","0","0","0","0","0","1","0","0","0","0","0","0","0","0","0","0","0","0","0","0","0","0","0","0","0","0","0","0"
"0x77856b7aef70","      IMAD.SHL.U32 R25, R33, 0x2, RZ","2","0","2","32768","1048576","1048576","32","32","0","0","0","-","-","-","0","0","0","0","0","0","0","0","-","0","0","0","0","0","0","0","0","0","0","0","0","0","0","0","0","0","0","0","2","0","0","0","0","0","0","0","0","0","0","0","0","0","0","0","0","0","0","0","0","0","0"
"0x77856b7aef80","      LEA R10, P6, R13, R40, 0x1","3","0","3","32768","1048576","1048576","32","32","0","0","0","-","-","-","0","0","0","0","0","0","0","0","-","0","0","0","0","0","0","0","0","0","0","0","0","0","0","0","0","0","0","0","3","0","0","0","0","0","0","0","0","0","0","0","0","0","0","0","0","0","0","0","0","0","0"
"0x77856b7aef90","      IMAD.SHL.U32 R14, R32, 0x2, RZ","0","0","0","32768","1048576","1048576","32","32","0","0","0","-","-","-","0","0","0","0","0","0","0","0","-","0","0","0","0","0","0","0","0","0","0","0","0","0","0","0","0","0","0","0","0","0","0","0","0","0","0","0","0","0","0","0","0","0","0","0","0","0","0","0","0","0","0"
"0x77856b7aefa0","      LEA.HI.X.SX32 R7, R9, R30, 0x1, P2","2","0","2","32768","1048576","1048576","32","32","0","0","0","-","-","-","0","0","0","0","0","0","0","0","-","0","0","0","0","0","0","0","0","0","0","0","0","0","0","0","0","0","0","0","2","0","0","0","0","0","0","0","0","0","0","0","0","0","0","0","0","0","0","0","0","0","0"
"0x77856b7aefb0","      ULDC.64 UR6, c[0x0][0x220]","2","0","2","32768","1048576","1048576","32","32","0","0","0","-","-","-","0","0","0","0","0","0","0","0","-","0","0","0","0","0","0","0","0","0","0","0","0","0","0","0","0","0","0","0","2","0","0","0","0","0","0","0","0","0","0","0","0","0","0","0","0","0","0","0","0","0","0"
"0x77856b7aefc0","      IADD3 R42, P5, P1, R43, UR4, R42","0","0","0","32768","1048576","1048576","32","32","0","0","0","-","-","-","0","0","0","0","0","0","0","0","-","0","0","0","0","0","0","0","0","0","0","0","0","0","0","0","0","0","0","0","0","0","0","0","0","0","0","0","0","0","0","0","0","0","0","0","0","0","0","0","0","0","0"
"0x77856b7aefd0","      ULDC UR4, c[0x0][0x264]","1","0","1","32768","1048576","1048576","32","32","0","0","0","-","-","-","0","0","0","0","0","0","0","0","-","0","0","0","0","0","0","0","0","0","0","0","0","0","0","0","0","0","0","0","1","0","0","0","0","0","0","0","0","0","0","0","0","0","0","0","0","0","0","0","0","0","0"
"0x77856b7aefe0","      LEA.HI.X.SX32 R9, R11, R30, 0x1, P4","1","0","1","32768","1048576","1048576","32","32","0","0","0","-","-","-","0","0","0","0","0","0","0","0","-","0","0","0","0","0","0","0","0","0","0","0","0","0","0","0","0","0","0","0","1","0","0","0","0","0","0","0","0","0","0","0","0","0","0","0","0","0","0","0","0","0","0"
"0x77856b7aeff0","      IMAD.HI R32, R32, 0x2, RZ","2","0","2","32768","1048576","1048576","32","32","0","0","0","-","-","-","0","0","0","0","0","0","0","0","-","0","0","0","0","0","0","0","0","0","0","0","0","0","0","0","0","0","0","0","2","0","0","0","0","0","0","0","0","0","0","0","0","0","0","0","0","0","0","0","0","0","0"
"0x77856b7af000","      LEA R12, P2, R26, R40, 0x1","4","1","4","32768","1048576","1048576","32","32","0","0","0","-","-","-","0","0","0","0","0","0","0","0","-","0","0","0","0","0","0","0","0","1","0","0","0","0","0","0","0","0","0","0","3","0","0","0","0","0","0","1","0","0","0","0","0","0","0","0","0","0","0","0","0","0","0"
"0x77856b7af010","      LEA R34, P4, R27, R40, 0x1","27","8","27","32768","1048576","1048576","32","32","0","0","0","-","-","-","0","0","0","0","0","0","0","0","-","0","0","0","0","0","0","0","0","4","0","0","0","0","7","0","0","0","0","13","0","0","0","0","3","0","0","3","0","0","0","0","4","0","0","0","0","0","0","0","0","0","1"
"0x77856b7af020","      IMAD.HI R33, R33, 0x2, RZ","1","0","1","32768","1048576","1048576","32","32","0","0","0","-","-","-","0","0","0","0","0","0","0","0","-","0","0","0","0","0","0","0","0","0","0","0","0","0","0","0","0","0","0","0","1","0","0","0","0","0","0","0","0","0","0","0","0","0","0","0","0","0","0","0","0","0","0"
"0x77856b7af030","      LEA.HI.X.SX32 R11, R13, R30, 0x1, P6","5","0","5","32768","1048576","1048576","32","32","0","0","0","-","-","-","0","0","0","0","0","0","0","0","-","0","0","0","0","0","0","0","0","4","0","0","0","0","0","0","0","0","0","0","1","0","0","0","0","0","0","0","0","0","0","0","0","0","0","0","0","0","0","0","0","0","0"
"0x77856b7af040","      LEA R40, P6, R28, R40, 0x1","9","0","9","32768","1048576","1048576","32","32","0","0","0","-","-","-","0","0","0","0","0","0","0","0","-","0","0","0","0","0","0","0","0","0","0","0","0","0","0","0","0","0","0","1","3","0","0","0","5","0","0","0","0","0","0","0","0","0","0","0","0","0","0","0","0","0","0"
"0x77856b7af050","      IADD3.X R43, R24, UR5, R15, P5, P1","12","2","12","32768","1048576","1048576","32","32","0","0","0","-","-","-","0","0","0","0","0","0","0","0","-","0","0","0","0","0","0","0","0","2","0","0","0","0","4","0","0","0","0","2","3","0","0","0","1","0","0","0","0","0","0","0","1","0","0","0","0","0","0","0","0","0","1"
"0x77856b7af060","      IMAD.SHL.U32 R15, R0, 0x8, RZ","2","0","2","32768","1048576","1048576","32","32","0","0","0","-","-","-","0","0","0","0","0","0","0","0","-","0","0","0","0","0","0","0","0","0","0","0","0","0","0","0","0","0","0","0","2","0","0","0","0","0","0","0","0","0","0","0","0","0","0","0","0","0","0","0","0","0","0"
"0x77856b7af070","      LEA.HI.X.SX32 R41, R28, R30, 0x1, P6","6","0","6","32768","1048576","1048576","32","32","0","0","0","-","-","-","0","0","0","0","0","0","0","0","-","0","0","0","0","0","0","0","0","3","0","0","0","0","0","0","0","0","0","0","3","0","0","0","0","0","0","0","0","0","0","0","0","0","0","0","0","0","0","0","0","0","0"
"0x77856b7af080","      CS2R R28, SRZ","4","1","4","32768","1048576","1048576","32","32","0","0","0","-","-","-","0","0","0","0","0","0","0","0","-","0","0","0","0","0","0","0","0","0","0","0","0","0","1","0","0","0","0","0","1","0","0","0","2","0","0","0","0","0","0","0","0","0","0","0","0","0","0","0","0","0","1"
"0x77856b7af090","      ISETP.GE.AND P5, PT, R19, UR4, PT","16","4","16","32768","1048576","1048576","32","32","0","0","0","-","-","-","0","0","0","0","0","0","0","0","-","0","0","0","0","0","0","0","0","2","0","0","0","0","3","0","0","0","0","5","4","0","0","0","2","0","0","2","0","0","0","0","1","0","0","0","0","0","0","0","0","0","1"
"0x77856b7af0a0","      ISETP.GE.AND P6, PT, R20, UR4, PT","8","2","8","32768","1048576","1048576","32","32","0","0","0","-","-","-","0","0","0","0","0","0","0","0","-","0","0","0","0","0","0","0","0","1","0","0","0","0","0","0","0","0","0","0","4","0","0","0","3","0","0","0","0","0","0","0","0","0","0","0","0","0","0","0","0","0","2"
"0x77856b7af0b0","      LOP3.LUT R141, R15, 0x78, RZ, 0xc0, !PT","5","0","5","32768","1048576","1048576","32","32","0","0","0","-","-","-","0","0","0","0","0","0","0","0","-","0","0","0","0","0","0","0","0","2","0","0","0","0","1","0","0","0","0","0","2","0","0","0","0","0","0","0","0","0","0","0","0","0","0","0","0","0","0","0","0","0","0"
"0x77856b7af0c0","      LEA.HI.X.SX32 R13, R26, R30, 0x1, P2","9","0","9","32768","1048576","1048576","32","32","0","0","0","-","-","-","0","0","0","0","0","0","0","0","-","0","0","0","0","0","0","0","0","5","0","0","0","0","0","0","0","0","0","2","2","0","0","0","0","0","0","0","0","0","0","0","0","0","0","0","0","0","0","0","0","0","0"
"0x77856b7af0d0","      LEA.HI.X.SX32 R35, R27, R30, 0x1, P4","6","2","6","32768","1048576","1048576","32","32","0","0","0","-","-","-","0","0","0","0","0","0","0","0","-","0","0","0","0","0","0","0","0","2","0","0","0","0","0","0","0","0","0","0","2","0","0","0","2","0","0","0","0","0","0","0","0","0","0","0","0","0","0","0","0","0","2"
"0x77856b7af0e0","      CS2R R26, SRZ","18","2","18","32768","1048576","1048576","32","32","0","0","0","-","-","-","0","0","0","0","0","0","0","0","-","0","0","0","0","0","0","0","0","4","0","0","0","0","3","0","0","0","0","4","6","0","0","0","1","0","0","0","0","0","0","0","1","0","0","0","0","0","0","0","0","0","1"
"0x77856b7af0f0","      LOP3.LUT R15, R147, 0x30, RZ, 0xfc, !PT","15","5","15","32768","1048576","1048576","32","32","0","0","0","-","-","-","0","0","0","0","0","0","0","0","-","0","0","0","0","0","0","0","0","0","0","0","0","0","5","0","0","0","0","5","4","0","0","0","1","0","0","0","0","0","0","0","4","0","0","0","0","0","0","0","0","0","1"
"0x77856b7af100","      CS2R R30, SRZ","3","1","3","32768","1048576","1048576","32","32","0","0","0","-","-","-","0","0","0","0","0","0","0","0","-","0","0","0","0","0","0","0","0","0","0","0","0","0","0","0","0","0","0","0","2","0","0","0","1","0","0","0","0","0","0","0","0","0","0","0","0","0","0","0","0","0","1"
"0x77856b7af110","      IADD3 R14, P2, P4, R25, UR6, R14","4","0","4","32768","1048576","1048576","32","32","0","0","0","-","-","-","0","0","0","0","0","0","0","0","-","0","0","0","0","0","0","0","0","1","0","0","0","0","1","0","0","0","0","1","1","0","0","0","0","0","0","0","0","0","0","0","0","0","0","0","0","0","0","0","0","0","0"
"0x77856b7af120","      CS2R R24, SRZ","6","2","6","32768","1048576","1048576","32","32","0","0","0","-","-","-","0","0","0","0","0","0","0","0","-","0","0","0","0","0","0","0","0","2","0","0","0","0","0","0","0","0","0","0","2","0","0","0","2","0","0","0","0","0","0","0","0","0","0","0","0","0","0","0","0","0","2"
"0x77856b7af130","      IMAD.WIDE.U32 R2, R141, 0x2, R2","2","0","2","32768","1048576","1048576","32","32","0","0","0","-","-","-","0","0","0","0","0","0","0","0","-","0","0","0","0","0","0","0","0","0","0","0","0","0","0","0","0","0","0","0","2","0","0","0","0","0","0","0","0","0","0","0","0","0","0","0","0","0","0","0","0","0","0"
"0x77856b7af140","      ISETP.GE.AND P1, PT, R15, UR22, PT","4","0","4","32768","1048576","1048576","32","32","0","0","0","-","-","-","0","0","0","0","0","0","0","0","-","0","0","0","0","0","0","0","0","1","0","0","0","0","0","0","0","0","0","0","3","0","0","0","0","0","0","0","0","0","0","0","0","0","0","0","0","0","0","0","0","0","0"
"0x77856b7af150","      IADD3.X R15, R33, UR7, R32, P2, P4","13","1","13","32768","1048576","1048576","32","32","0","0","0","-","-","-","0","0","0","0","0","0","0","0","-","0","0","0","0","0","0","0","0","3","0","0","0","0","2","0","0","0","0","1","2","0","0","0","5","0","0","0","0","0","0","0","0","0","0","0","0","0","0","0","0","0","1"
"0x77856b7af160","      CS2R R32, SRZ","17","6","17","32768","1048576","1048576","32","32","0","0","0","-","-","-","0","0","0","0","0","0","0","0","-","0","0","0","0","0","0","0","0","4","0","0","0","0","5","0","0","0","0","5","2","0","0","0","1","0","0","0","0","0","0","0","5","0","0","0","0","0","0","0","0","0","1"
"0x77856b7af170","      IMAD.WIDE.U32 R4, R141, 0x2, R4","4","0","4","32768","1048576","1048576","32","32","0","0","0","-","-","-","0","0","0","0","0","0","0","0","-","0","0","0","0","0","0","0","0","0","0","0","0","0","0","0","0","0","0","0","4","0","0","0","0","0","0","0","0","0","0","0","0","0","0","0","0","0","0","0","0","0","0"
"0x77856b7af180","@!P5  LDG.E.128 R24, desc[UR20][R2.64]","3","0","3","32768","1048576","1048576","32","32","0","0","0","Global","Load","128","131072","0","0","0","0","0","524288","524288","","0","0","0","0","0","0","0","0","2","0","0","0","0","0","0","0","0","0","0","1","0","0","0","0","0","0","0","0","0","0","0","0","0","0","0","0","0","0","0","0","0","0"
"0x77856b7af190","      IMAD R44, R19, R139, RZ","8","4","8","32768","1048576","1048576","32","32","0","0","0","-","-","-","0","0","0","0","0","0","0","0","-","0","0","0","0","0","0","0","0","0","0","0","0","0","0","0","0","0","0","0","0","0","0","0","8","0","0","0","0","0","0","0","0","0","0","0","0","0","0","0","0","0","4"
"0x77856b7af1a0","@!P6  LDG.E.128 R28, desc[UR20][R4.64]","0","0","0","32768","1048576","1048576","32","32","0","0","0","Global","Load","128","131072","0","0","0","0","0","524288","524288","","0","0","0","0","0","0","0","0","0","0","0","0","0","0","0","0","0","0","0","0","0","0","0","0","0","0","0","0","0","0","0","0","0","0","0","0","0","0","0","0","0","0"
"0x77856b7af1b0","      IMAD.WIDE.U32 R62, R141, 0x2, R6","1","0","1","32768","1048576","1048576","32","32","0","0","0","-","-","-","0","0","0","0","0","0","0","0","-","0","0","0","0","0","0","0","0","0","0","0","0","0","0","0","0","0","0","0","1","0","0","0","0","0","0","0","0","0","0","0","0","0","0","0","0","0","0","0","0","0","0"
"0x77856b7af1c0","      IMAD R75, R147, R140, RZ","21","2","21","32768","1048576","1048576","32","32","0","0","0","-","-","-","0","0","0","0","0","0","0","0","-","0","0","0","0","0","0","0","0","0","0","0","0","0","8","0","0","0","0","3","3","0","0","0","7","0","0","0","0","0","0","0","1","0","0","0","0","0","0","0","0","0","1"
"0x77856b7af1d0","      SEL R48, RZ, 0x10, P0","1","0","1","32768","1048576","1048576","32","32","0","0","0","-","-","-","0","0","0","0","0","0","0","0","-","0","0","0","0","0","0","0","0","0","0","0","0","0","0","0","0","0","0","0","1","0","0","0","0","0","0","0","0","0","0","0","0","0","0","0","0","0","0","0","0","0","0"
"0x77856b7af1e0","      IMAD.WIDE.U32 R64, R141, 0x2, R8","1","0","1","32768","1048576","1048576","32","32","0","0","0","-","-","-","0","0","0","0","0","0","0","0","-","0","0","0","0","0","0","0","0","0","0","0","0","0","0","0","0","0","0","0","1","0","0","0","0","0","0","0","0","0","0","0","0","0","0","0","0","0","0","0","0","0","0"
"0x77856b7af1f0","      P2R R170, PR, RZ, 0x20","3","0","3","32768","1048576","1048576","32","32","0","0","0","-","-","-","0","0","0","0","0","0","0","0","-","0","0","0","0","0","0","0","0","1","0","0","0","0","0","0","0","0","0","0","2","0","0","0","0","0","0","0","0","0","0","0","0","0","0","0","0","0","0","0","0","0","0"
"0x77856b7af200","      P2R R164, PR, RZ, 0x40","3","2","3","32768","1048576","1048576","32","32","0","0","0","-","-","-","0","0","0","0","0","0","0","0","-","0","0","0","0","0","0","0","0","0","0","0","0","0","0","0","0","0","0","0","1","0","0","0","2","0","0","0","0","0","0","0","0","0","0","0","0","0","0","0","0","0","2"
"0x77856b7af210","      IMAD.WIDE.U32 R66, R141, 0x2, R10","1","0","1","32768","1048576","1048576","32","32","0","0","0","-","-","-","0","0","0","0","0","0","0","0","-","0","0","0","0","0","0","0","0","0","0","0","0","0","0","0","0","0","0","0","1","0","0","0","0","0","0","0","0","0","0","0","0","0","0","0","0","0","0","0","0","0","0"
"0x77856b7af220","      IMAD.WIDE.U32 R68, R141, 0x2, R12","17","5","17","32768","1048576","1048576","32","32","0","0","0","-","-","-","0","0","0","0","0","0","0","0","-","0","0","0","0","0","0","0","0","0","0","0","0","0","1","0","0","0","0","1","2","0","0","0","13","0","0","0","0","0","0","0","0","0","0","0","0","0","0","0","0","0","5"
"0x77856b7af230","      IMAD.WIDE.U32 R70, R141, 0x2, R34","11","2","11","32768","1048576","1048576","32","32","0","0","0","-","-","-","0","0","0","0","0","0","0","0","-","0","0","0","0","0","0","0","0","0","0","0","0","0","0","0","0","0","0","1","2","0","0","0","8","0","0","0","0","0","0","0","0","0","0","0","0","0","0","0","0","0","2"
"0x77856b7af240","      IMAD.WIDE.U32 R72, R141, 0x2, R40","14","5","14","32768","1048576","1048576","32","32","0","0","0","-","-","-","0","0","0","0","0","0","0","0","-","0","0","0","0","0","0","0","0","0","0","0","0","0","1","0","0","0","0","2","0","0","0","0","11","0","0","0","0","0","0","0","0","0","0","0","0","0","0","0","0","0","5"
"0x77856b7af250","      IMAD.WIDE.U32 R4, R141, 0x2, R42","12","1","12","32768","1048576","1048576","32","32","0","0","0","-","-","-","0","0","0","0","0","0","0","0","-","0","0","0","0","0","0","0","0","0","0","0","0","0","3","0","0","0","0","2","0","0","0","0","7","0","0","0","0","0","0","0","0","0","0","0","0","0","0","0","0","0","1"
"0x77856b7af260","      IMAD.WIDE.U32 R2, R141, 0x2, R14","14","4","14","32768","1048576","1048576","32","32","0","0","0","-","-","-","0","0","0","0","0","0","0","0","-","0","0","0","0","0","0","0","0","0","0","0","0","0","0","0","0","0","0","0","3","0","0","0","11","0","0","0","0","0","0","0","0","0","0","0","0","0","0","0","0","0","4"
"0x77856b7af270","      IMAD.SHL.U32 R141, R141, 0x2, RZ","9","0","9","32768","1048576","1048576","32","32","0","0","0","-","-","-","0","0","0","0","0","0","0","0","-","0","0","0","0","0","0","0","0","0","0","0","0","0","0","0","0","0","0","1","0","0","0","0","8","0","0","0","0","0","0","0","0","0","0","0","0","0","0","0","0","0","0"
"0x77856b7af280","      IMAD.SHL.U32 R6, R44, 0x2, RZ","10","0","10","32768","1048576","1048576","32","32","0","0","0","-","-","-","0","0","0","0","0","0","0","0","-","0","0","0","0","0","0","0","0","0","0","0","0","0","3","0","0","0","0","3","2","0","0","0","2","0","0","0","0","0","0","0","0","0","0","0","0","0","0","0","0","0","0"
"0x77856b7af290","      IMAD R7, R20, R139, RZ","8","1","8","32768","1048576","1048576","32","32","0","0","0","-","-","-","0","0","0","0","0","0","0","0","-","0","0","0","0","0","0","0","0","0","0","0","0","0","2","0","0","0","0","0","2","0","0","0","4","0","0","0","0","0","0","0","0","0","0","0","0","0","0","0","0","0","1"
"0x77856b7af2a0","      IMAD.HI R13, R44, 0x2, RZ","6","2","6","32768","1048576","1048576","32","32","0","0","0","-","-","-","0","0","0","0","0","0","0","0","-","0","0","0","0","0","0","0","0","0","0","0","0","0","0","0","0","0","0","0","3","0","0","0","3","0","0","0","0","0","0","0","0","0","0","0","0","0","0","0","0","0","2"
"0x77856b7af2b0","      IADD3 R6, P2, P4, R141, R6, R14","2","0","2","32768","1048576","1048576","32","32","0","0","0","-","-","-","0","0","0","0","0","0","0","0","-","0","0","0","0","0","0","0","0","1","0","0","0","0","0","0","0","0","0","0","1","0","0","0","0","0","0","0","0","0","0","0","0","0","0","0","0","0","0","0","0","0","0"
"0x77856b7af2c0","      IMAD.SHL.U32 R8, R7, 0x2, RZ","13","3","13","32768","1048576","1048576","32","32","0","0","0","-","-","-","0","0","0","0","0","0","0","0","-","0","0","0","0","0","0","0","0","0","0","0","0","0","4","0","0","0","0","1","3","0","0","0","5","0","0","0","0","0","0","0","0","0","0","0","0","0","0","0","0","0","3"
"0x77856b7af2d0","      IMAD R9, R21, R139, RZ","8","1","8","32768","1048576","1048576","32","32","0","0","0","-","-","-","0","0","0","0","0","0","0","0","-","0","0","0","0","0","0","0","0","0","0","0","0","0","0","0","0","0","0","0","2","0","0","0","6","0","0","0","0","0","0","0","0","0","0","0","0","0","0","0","0","0","1"
"0x77856b7af2e0","      IMAD.HI R41, R7, 0x2, RZ","8","4","8","32768","1048576","1048576","32","32","0","0","0","-","-","-","0","0","0","0","0","0","0","0","-","0","0","0","0","0","0","0","0","0","0","0","0","0","0","0","0","0","0","0","1","0","0","0","7","0","0","0","0","0","0","0","0","0","0","0","0","0","0","0","0","0","4"
"0x77856b7af2f0","      IADD3.X R7, RZ, R13, R15, P2, P4","0","0","0","32768","1048576","1048576","32","32","0","0","0","-","-","-","0","0","0","0","0","0","0","0","-","0","0","0","0","0","0","0","0","0","0","0","0","0","0","0","0","0","0","0","0","0","0","0","0","0","0","0","0","0","0","0","0","0","0","0","0","0","0","0","0","0","0"
"0x77856b7af300","      IADD3 R8, P2, P4, R141, R8, R14","12","4","12","32768","1048576","1048576","32","32","0","0","0","-","-","-","0","0","0","0","0","0","0","0","-","0","0","0","0","0","0","0","0","5","0","0","0","0","2","0","0","0","0","1","1","0","0","0","3","0","0","2","0","0","0","0","1","0","0","0","0","0","0","0","0","0","1"
"0x77856b7af310","      IMAD.SHL.U32 R10, R9, 0x2, RZ","4","0","4","32768","1048576","1048576","32","32","0","0","0","-","-","-","0","0","0","0","0","0","0","0","-","0","0","0","0","0","0","0","0","0","0","0","0","0","0","0","0","0","0","0","4","0","0","0","0","0","0","0","0","0","0","0","0","0","0","0","0","0","0","0","0","0","0"
"0x77856b7af320","      IMAD R11, R22, R139, RZ","5","1","5","32768","1048576","1048576","32","32","0","0","0","-","-","-","0","0","0","0","0","0","0","0","-","0","0","0","0","0","0","0","0","0","0","0","0","0","2","0","0","0","0","0","1","0","0","0","2","0","0","0","0","0","0","0","0","0","0","0","0","0","0","0","0","0","1"
"0x77856b7af330","      IMAD.HI R13, R9, 0x2, RZ","10","1","10","32768","1048576","1048576","32","32","0","0","0","-","-","-","0","0","0","0","0","0","0","0","-","0","0","0","0","0","0","0","0","0","0","0","0","0","0","0","0","0","0","1","4","0","0","0","5","0","0","0","0","0","0","0","0","0","0","0","0","0","0","0","0","0","1"
"0x77856b7af340","      IADD3.X R9, RZ, R41, R15, P2, P4","1","0","1","32768","1048576","1048576","32","32","0","0","0","-","-","-","0","0","0","0","0","0","0","0","-","0","0","0","0","0","0","0","0","0","0","0","0","0","0","0","0","0","0","0","1","0","0","0","0","0","0","0","0","0","0","0","0","0","0","0","0","0","0","0","0","0","0"
"0x77856b7af350","      IADD3 R10, P2, P4, R141, R10, R14","2","0","2","32768","1048576","1048576","32","32","0","0","0","-","-","-","0","0","0","0","0","0","0","0","-","0","0","0","0","0","0","0","0","1","0","0","0","0","0","0","0","0","0","0","1","0","0","0","0","0","0","0","0","0","0","0","0","0","0","0","0","0","0","0","0","0","0"
"0x77856b7af360","      IMAD.SHL.U32 R12, R11, 0x2, RZ","2","0","2","32768","1048576","1048576","32","32","0","0","0","-","-","-","0","0","0","0","0","0","0","0","-","0","0","0","0","0","0","0","0","0","0","0","0","0","0","0","0","0","0","0","2","0","0","0","0","0","0","0","0","0","0","0","0","0","0","0","0","0","0","0","0","0","0"
"0x77856b7af370","      IMAD.HI R45, R11, 0x2, RZ","13","0","13","32768","1048576","1048576","32","32","0","0","0","-","-","-","0","0","0","0","0","0","0","0","-","0","0","0","0","0","0","0","0","0","0","0","0","0","0","0","0","0","0","1","5","0","0","0","7","0","0","0","0","0","0","0","0","0","0","0","0","0","0","0","0","0","0"
"0x77856b7af380","      IADD3.X R11, RZ, R13, R15, P2, P4","2","0","2","32768","1048576","1048576","32","32","0","0","0","-","-","-","0","0","0","0","0","0","0","0","-","0","0","0","0","0","0","0","0","0","0","0","0","0","0","0","0","0","0","0","2","0","0","0","0","0","0","0","0","0","0","0","0","0","0","0","0","0","0","0","0","0","0"
"0x77856b7af390","      IADD3 R12, P2, P4, R141, R12, R14","2","2","2","32768","1048576","1048576","32","32","0","0","0","-","-","-","0","0","0","0","0","0","0","0","-","0","0","0","0","0","0","0","0","0","0","0","0","0","0","0","0","0","0","0","0","0","0","0","2","0","0","0","0","0","0","0","0","0","0","0","0","0","0","0","0","0","2"
"0x77856b7af3a0","      IADD3.X R13, RZ, R45, R15, P2, P4","27","11","27","32768","1048576","1048576","32","32","0","0","0","-","-","-","0","0","0","0","0","0","0","0","-","0","0","0","0","0","0","0","0","1","0","0","0","0","5","0","0","0","0","5","4","0","0","0","12","0","0","0","0","0","0","0","5","0","0","0","0","0","0","0","0","0","6"
"0x77856b7af3b0","      IMAD R45, R140, 0x10, R75","0","0","0","32768","1048576","1048576","32","32","0","0","0","-","-","-","0","0","0","0","0","0","0","0","-","0","0","0","0","0","0","0","0","0","0","0","0","0","0","0","0","0","0","0","0","0","0","0","0","0","0","0","0","0","0","0","0","0","0","0","0","0","0","0","0","0","0"
"0x77856b7af3c0","      ISETP.GE.AND P4, PT, R147, UR22, PT","2","0","2","32768","1048576","1048576","32","32","0","0","0","-","-","-","0","0","0","0","0","0","0","0","-","0","0","0","0","0","0","0","0","1","0","0","0","0","0","0","0","0","0","0","1","0","0","0","0","0","0","0","0","0","0","0","0","0","0","0","0","0","0","0","0","0","0"
"0x77856b7af3d0","      IMAD R47, R140, 0x20, R75","3","0","3","32768","1048576","1048576","32","32","0","0","0","-","-","-","0","0","0","0","0","0","0","0","-","0","0","0","0","0","0","0","0","0","0","0","0","0","0","0","0","0","0","0","3","0","0","0","0","0","0","0","0","0","0","0","0","0","0","0","0","0","0","0","0","0","0"
"0x77856b7af3e0","      ISETP.GT.AND P2, PT, R18, RZ, PT","7","0","7","32768","1048576","1048576","32","32","0","0","0","-","-","-","0","0","0","0","0","0","0","0","-","0","0","0","0","0","0","0","0","3","0","0","0","0","0","0","0","0","0","0","4","0","0","0","0","0","0","0","0","0","0","0","0","0","0","0","0","0","0","0","0","0","0"
"0x77856b7af3f0","      SEL R44, RZ, 0x10, P4","2","1","2","32768","1048576","1048576","32","32","0","0","0","-","-","-","0","0","0","0","0","0","0","0","-","0","0","0","0","0","0","0","0","0","0","0","0","0","0","0","0","0","0","0","0","0","0","0","2","0","0","0","0","0","0","0","0","0","0","0","0","0","0","0","0","0","1"
"0x77856b7af400","      LEA R54, P0, R45, R4, 0x1","5","2","5","32768","1048576","1048576","32","32","0","0","0","-","-","-","0","0","0","0","0","0","0","0","-","0","0","0","0","0","0","0","0","0","0","0","0","0","0","0","0","0","0","0","2","0","0","0","3","0","0","0","0","0","0","0","0","0","0","0","0","0","0","0","0","0","2"
"0x77856b7af410","      SEL R74, R44, RZ, P2","5","0","5","32768","1048576","1048576","32","32","0","0","0","-","-","-","0","0","0","0","0","0","0","0","-","0","0","0","0","0","0","0","0","3","0","0","0","0","0","0","0","0","0","1","1","0","0","0","0","0","0","0","0","0","0","0","0","0","0","0","0","0","0","0","0","0","0"
"0x77856b7af420","      IMAD R84, R147, R139, RZ","1","0","1","32768","1048576","1048576","32","32","0","0","0","-","-","-","0","0","0","0","0","0","0","0","-","0","0","0","0","0","0","0","0","0","0","0","0","0","0","0","0","0","0","0","1","0","0","0","0","0","0","0","0","0","0","0","0","0","0","0","0","0","0","0","0","0","0"
"0x77856b7af430","      SEL R44, RZ, 0x10, P1","3","0","3","32768","1048576","1048576","32","32","0","0","0","-","-","-","0","0","0","0","0","0","0","0","-","0","0","0","0","0","0","0","0","0","0","0","0","0","0","0","0","0","0","0","3","0","0","0","0","0","0","0","0","0","0","0","0","0","0","0","0","0","0","0","0","0","0"
"0x77856b7af440","      IMAD R49, R140, 0x30, R75","2","0","2","32768","1048576","1048576","32","32","0","0","0","-","-","-","0","0","0","0","0","0","0","0","-","0","0","0","0","0","0","0","0","0","0","0","0","0","0","0","0","0","0","0","2","0","0","0","0","0","0","0","0","0","0","0","0","0","0","0","0","0","0","0","0","0","0"
"0x77856b7af450","      LEA.HI.X.SX32 R55, R45, R5, 0x1, P0","1","0","1","32768","1048576","1048576","32","32","0","0","0","-","-","-","0","0","0","0","0","0","0","0","-","0","0","0","0","0","0","0","0","0","0","0","0","0","0","0","0","0","0","0","1","0","0","0","0","0","0","0","0","0","0","0","0","0","0","0","0","0","0","0","0","0","0"
"0x77856b7af460","      LEA R56, P1, R47, R4, 0x1","25","11","25","32768","1048576","1048576","32","32","0","0","0","-","-","-","0","0","0","0","0","0","0","0","-","0","0","0","0","0","0","0","0","0","0","0","0","0","11","0","0","0","0","11","1","0","0","0","2","0","0","0","0","0","0","0","11","0","0","0","0","0","0","0","0","0","0"
"0x77856b7af470","      LEA R52, P0, R75, R4, 0x1","6","2","6","32768","1048576","1048576","32","32","0","0","0","-","-","-","0","0","0","0","0","0","0","0","-","0","0","0","0","0","0","0","0","0","0","0","0","0","1","0","0","0","0","0","4","0","0","0","1","0","0","0","0","0","0","0","1","0","0","0","0","0","0","0","0","0","1"
"0x77856b7af480","      LEA.HI.X.SX32 R57, R47, R5, 0x1, P1","5","1","5","32768","1048576","1048576","32","32","0","0","0","-","-","-","0","0","0","0","0","0","0","0","-","0","0","0","0","0","0","0","0","0","0","0","0","0","1","0","0","0","0","0","2","0","0","0","2","0","0","0","0","0","0","0","1","0","0","0","0","0","0","0","0","0","0"
"0x77856b7af490","      LEA.HI.X.SX32 R53, R75, R5, 0x1, P0","3","2","3","32768","1048576","1048576","32","32","0","0","0","-","-","-","0","0","0","0","0","0","0","0","-","0","0","0","0","0","0","0","0","0","0","0","0","0","0","0","0","0","0","1","0","0","0","0","2","0","0","0","0","0","0","0","0","0","0","0","0","0","0","0","0","0","2"
"0x77856b7af4a0","      ISETP.GE.AND P5, PT, R21, UR4, PT","5","0","5","32768","1048576","1048576","32","32","0","0","0","-","-","-","0","0","0","0","0","0","0","0","-","0","0","0","0","0","0","0","0","3","0","0","0","0","0","0","0","0","0","0","1","0","0","0","1","0","0","0","0","0","0","0","0","0","0","0","0","0","0","0","0","0","0"
"0x77856b7af4b0","      LEA R58, P1, R49, R4, 0x1","3","2","3","32768","1048576","1048576","32","32","0","0","0","-","-","-","0","0","0","0","0","0","0","0","-","0","0","0","0","0","0","0","0","0","0","0","0","0","0","0","0","0","0","0","1","0","0","0","2","0","0","0","0","0","0","0","0","0","0","0","0","0","0","0","0","0","2"
"0x77856b7af4c0","      LEA R60, P0, R84, R2, 0x1","34","12","34","32768","1048576","1048576","32","32","0","0","0","-","-","-","0","0","0","0","0","0","0","0","-","0","0","0","0","0","0","0","0","1","0","0","0","0","13","0","0","0","0","14","3","0","0","0","3","0","0","1","0","0","0","0","9","0","0","0","0","0","0","0","0","0","2"
"0x77856b7af4d0","      SEL R46, RZ, 0x10, P3","1","1","1","32768","1048576","1048576","32","32","0","0","0","-","-","-","0","0","0","0","0","0","0","0","-","0","0","0","0","0","0","0","0","0","0","0","0","0","0","0","0","0","0","0","0","0","0","0","1","0","0","0","0","0","0","0","0","0","0","0","0","0","0","0","0","0","1"
"0x77856b7af4e0","      P2R R166, PR, RZ, 0x20","4","0","4","32768","1048576","1048576","32","32","0","0","0","-","-","-","0","0","0","0","0","0","0","0","-","0","0","0","0","0","0","0","0","2","0","0","0","0","0","0","0","0","0","1","0","0","0","0","1","0","0","0","0","0","0","0","0","0","0","0","0","0","0","0","0","0","0"
"0x77856b7af4f0","      LEA.HI.X.SX32 R59, R49, R5, 0x1, P1","4","3","4","32768","1048576","1048576","32","32","0","0","0","-","-","-","0","0","0","0","0","0","0","0","-","0","0","0","0","0","0","0","0","0","0","0","0","0","2","0","0","0","0","1","0","0","0","0","1","0","0","0","0","0","0","0","2","0","0","0","0","0","0","0","0","0","1"
"0x77856b7af500","      LEA.HI.X.SX32 R61, R84, R3, 0x1, P0","1","0","1","32768","1048576","1048576","32","32","0","0","0","-","-","-","0","0","0","0","0","0","0","0","-","0","0","0","0","0","0","0","0","0","0","0","0","0","0","0","0","0","0","0","1","0","0","0","0","0","0","0","0","0","0","0","0","0","0","0","0","0","0","0","0","0","0"
"0x77856b7af510","      ISETP.GE.AND P4, PT, R22, UR4, PT","4","3","4","32768","1048576","1048576","32","32","0","0","0","-","-","-","0","0","0","0","0","0","0","0","-","0","0","0","0","0","0","0","0","0","0","0","0","0","0","0","0","0","0","0","0","0","0","0","4","0","0","0","0","0","0","0","0","0","0","0","0","0","0","0","0","0","3"
"0x77856b7af520","      ISETP.GE.AND P6, PT, R23, UR4, PT","4","3","4","32768","1048576","1048576","32","32","0","0","0","-","-","-","0","0","0","0","0","0","0","0","-","0","0","0","0","0","0","0","0","0","0","0","0","0","0","0","0","0","0","0","1","0","0","0","3","0","0","0","0","0","0","0","0","0","0","0","0","0","0","0","0","0","3"
"0x77856b7af530","      ISETP.GE.AND P5, PT, R136, UR4, PT","4","2","4","32768","1048576","1048576","32","32","0","0","0","-","-","-","0","0","0","0","0","0","0","0","-","0","0","0","0","0","0","0","0","0","0","0","0","0","0","0","0","0","0","0","2","0","0","0","2","0","0","0","0","0","0","0","0","0","0","0","0","0","0","0","0","0","2"
"0x77856b7af540","      ISETP.GE.AND P0, PT, R137, UR4, PT","3","0","3","32768","1048576","1048576","32","32","0","0","0","-","-","-","0","0","0","0","0","0","0","0","-","0","0","0","0","0","0","0","0","0","0","0","0","0","0","0","0","0","0","0","3","0","0","0","0","0","0","0","0","0","0","0","0","0","0","0","0","0","0","0","0","0","0"
"0x77856b7af550","      ISETP.GE.AND P3, PT, R21, UR4, PT","5","4","5","32768","1048576","1048576","32","32","0","0","0","-","-","-","0","0","0","0","0","0","0","0","-","0","0","0","0","0","0","0","0","0","0","0","0","0","0","0","0","0","0","0","1","0","0","0","4","0","0","0","0","0","0","0","0","0","0","0","0","0","0","0","0","0","4"
"0x77856b7af560","      ISETP.GE.AND P1, PT, R138, UR4, PT","3","2","3","32768","1048576","1048576","32","32","0","0","0","-","-","-","0","0","0","0","0","0","0","0","-","0","0","0","0","0","0","0","0","0","0","0","0","0","0","0","0","0","0","0","1","0","0","0","2","0","0","0","0","0","0","0","0","0","0","0","0","0","0","0","0","0","2"
"0x77856b7af570","      CS2R R36, SRZ","4","1","4","32768","1048576","1048576","32","32","0","0","0","-","-","-","0","0","0","0","0","0","0","0","-","0","0","0","0","0","0","0","0","0","0","0","0","0","0","0","0","0","0","0","3","0","0","0","1","0","0","0","0","0","0","0","0","0","0","0","0","0","0","0","0","0","1"
"0x77856b7af580","      SEL R80, R46, RZ, P2","38","13","38","32768","1048576","1048576","32","32","0","0","0","-","-","-","0","0","0","0","0","0","0","0","-","0","0","0","0","0","0","0","0","0","0","0","0","0","12","0","0","0","0","21","1","0","0","0","4","0","0","0","0","0","0","0","9","0","0","0","0","0","0","0","0","0","4"
"0x77856b7af590","      CS2R R38, SRZ","4","1","4","32768","1048576","1048576","32","32","0","0","0","-","-","-","0","0","0","0","0","0","0","0","-","0","0","0","0","0","0","0","0","0","0","0","0","0","0","0","0","0","0","0","3","0","0","0","1","0","0","0","0","0","0","0","0","0","0","0","0","0","0","0","0","0","1"
"0x77856b7af5a0","      SEL R81, R48, RZ, P2","6","1","6","32768","1048576","1048576","32","32","0","0","0","-","-","-","0","0","0","0","0","0","0","0","-","0","0","0","0","0","0","0","0","0","0","0","0","0","1","0","0","0","0","2","1","0","0","0","2","0","0","0","0","0","0","0","0","0","0","0","0","0","0","0","0","0","1"
"0x77856b7af5b0","      CS2R R48, SRZ","2","1","2","32768","1048576","1048576","32","32","0","0","0","-","-","-","0","0","0","0","0","0","0","0","-","0","0","0","0","0","0","0","0","0","0","0","0","0","0","0","0","0","0","0","1","0","0","0","1","0","0","0","0","0","0","0","0","0","0","0","0","0","0","0","0","0","1"
"0x77856b7af5c0","      SEL R82, R44, RZ, P2","9","2","9","32768","1048576","1048576","32","32","0","0","0","-","-","-","0","0","0","0","0","0","0","0","-","0","0","0","0","0","0","0","0","0","0","0","0","0","0","0","0","0","0","0","4","0","0","0","5","0","0","0","0","0","0","0","0","0","0","0","0","0","0","0","0","0","2"
"0x77856b7af5d0","      CS2R R44, SRZ","4","2","4","32768","1048576","1048576","32","32","0","0","0","-","-","-","0","0","0","0","0","0","0","0","-","0","0","0","0","0","0","0","0","0","0","0","0","0","1","0","0","0","0","0","1","0","0","0","2","0","0","0","0","0","0","0","1","0","0","0","0","0","0","0","0","0","1"
"0x77856b7af5e0","      ISETP.NE.U32.AND P2, PT, R82, RZ, PT","13","5","13","32768","1048576","1048576","32","32","0","0","0","-","-","-","0","0","0","0","0","0","0","0","-","0","0","0","0","0","0","0","0","0","0","0","0","0","3","0","0","0","0","5","2","0","0","0","3","0","0","0","0","0","0","0","3","0","0","0","0","0","0","0","0","0","2"
"0x77856b7af5f0","      CS2R R82, SRZ","3","2","3","32768","1048576","1048576","32","32","0","0","0","-","-","-","0","0","0","0","0","0","0","0","-","0","0","0","0","0","0","0","0","0","0","0","0","0","0","0","0","0","0","0","1","0","0","0","2","0","0","0","0","0","0","0","0","0","0","0","0","0","0","0","0","0","2"
"0x77856b7af600","      CS2R R34, SRZ","1","0","1","32768","1048576","1048576","32","32","0","0","0","-","-","-","0","0","0","0","0","0","0","0","-","0","0","0","0","0","0","0","0","0","0","0","0","0","0","0","0","0","0","0","1","0","0","0","0","0","0","0","0","0","0","0","0","0","0","0","0","0","0","0","0","0","0"
"0x77856b7af610","      CS2R R40, SRZ","3","2","3","32768","1048576","1048576","32","32","0","0","0","-","-","-","0","0","0","0","0","0","0","0","-","0","0","0","0","0","0","0","0","0","0","0","0","0","0","0","0","0","0","0","1","0","0","0","2","0","0","0","0","0","0","0","0","0","0","0","0","0","0","0","0","0","2"
"0x77856b7af620","      CS2R R42, SRZ","8","3","8","32768","1048576","1048576","32","32","0","0","0","-","-","-","0","0","0","0","0","0","0","0","-","0","0","0","0","0","0","0","0","0","0","0","0","0","0","0","0","0","0","0","5","0","0","0","3","0","0","0","0","0","0","0","0","0","0","0","0","0","0","0","0","0","3"
"0x77856b7af630","      CS2R R46, SRZ","4","1","4","32768","1048576","1048576","32","32","0","0","0","-","-","-","0","0","0","0","0","0","0","0","-","0","0","0","0","0","0","0","0","0","0","0","0","0","0","0","0","0","0","0","3","0","0","0","1","0","0","0","0","0","0","0","0","0","0","0","0","0","0","0","0","0","1"
"0x77856b7af640","      CS2R R50, SRZ","13","6","13","32768","1048576","1048576","32","32","0","0","0","-","-","-","0","0","0","0","0","0","0","0","-","0","0","0","0","0","0","0","0","0","0","0","0","0","3","0","0","0","0","4","3","0","0","0","3","0","0","0","0","0","0","0","3","0","0","0","0","0","0","0","0","0","3"
"0x77856b7af650","      CS2R R76, SRZ","6","3","6","32768","1048576","1048576","32","32","0","0","0","-","-","-","0","0","0","0","0","0","0","0","-","0","0","0","0","0","0","0","0","0","0","0","0","0","0","0","0","0","0","0","3","0","0","0","3","0","0","0","0","0","0","0","0","0","0","0","0","0","0","0","0","0","3"
"0x77856b7af660","      CS2R R78, SRZ","13","4","13","32768","1048576","1048576","32","32","0","0","0","-","-","-","0","0","0","0","0","0","0","0","-","0","0","0","0","0","0","0","0","0","0","0","0","0","1","0","0","0","0","5","3","0","0","0","4","0","0","0","0","0","0","0","0","0","0","0","0","0","0","0","0","0","4"
"0x77856b7af670","@!P3  LDG.E.128 R36, desc[UR20][R62.64]","0","0","0","32768","1048576","1048576","32","32","0","0","0","Global","Load","128","131072","0","0","0","0","0","524288","524288","","0","0","0","0","0","0","0","0","0","0","0","0","0","0","0","0","0","0","0","0","0","0","0","0","0","0","0","0","0","0","0","0","0","0","0","0","0","0","0","0","0","0"
"0x77856b7af680","@!P4  LDG.E.128 R32, desc[UR20][R64.64]","5","1","5","32768","1048576","1048576","32","32","0","0","0","Global","Load","128","131072","0","0","0","0","0","524288","524288","","0","0","0","0","0","0","0","0","0","0","0","0","0","0","0","0","0","0","0","1","0","0","0","4","0","0","0","0","0","0","0","0","0","0","0","0","0","0","0","0","0","1"
"0x77856b7af690","@!P6  LDG.E.128 R40, desc[UR20][R66.64]","4","2","4","32768","1048576","1048576","32","32","0","0","0","Global","Load","128","131072","0","0","0","0","0","524288","524288","","0","0","0","0","0","0","0","0","0","0","0","0","0","0","0","0","0","0","0","0","0","0","0","4","0","0","0","0","0","0","0","0","0","0","0","0","0","0","0","0","0","2"
"0x77856b7af6a0","      IMAD.SHL.U32 R63, R0, 0x10, RZ","2","1","2","32768","1048576","1048576","32","32","0","0","0","-","-","-","0","0","0","0","0","0","0","0","-","0","0","0","0","0","0","0","0","0","0","0","0","1","0","0","0","0","0","0","1","0","0","0","0","0","0","0","0","0","0","1","0","0","0","0","0","0","0","0","0","0","0"
"0x77856b7af6b0","      LOP3.LUT R62, R0, 0xf0, RZ, 0xc0, !PT","4","0","4","32768","1048576","1048576","32","32","0","0","0","-","-","-","0","0","0","0","0","0","0","0","-","0","0","0","0","0","0","0","0","0","0","0","0","0","0","0","0","0","0","0","4","0","0","0","0","0","0","0","0","0","0","0","0","0","0","0","0","0","0","0","0","0","0"
"0x77856b7af6c0","@!P5  LDG.E.128 R44, desc[UR20][R68.64]","5","3","5","32768","1048576","1048576","32","32","0","0","0","Global","Load","128","131072","0","0","0","0","0","524288","524288","","0","0","0","0","0","0","0","0","0","0","0","0","0","0","0","0","0","0","2","0","0","0","0","3","0","0","0","0","0","0","0","0","0","0","0","0","0","0","0","0","0","3"
"0x77856b7af6d0","      LOP3.LUT R63, R63, 0x70, RZ, 0xc0, !PT","13","6","13","32768","1048576","1048576","32","32","0","0","0","-","-","-","0","0","0","0","0","0","0","0","-","0","0","0","0","0","0","0","0","0","0","0","0","0","5","0","0","0","0","6","1","0","0","0","1","0","0","0","0","0","0","0","5","0","0","0","0","0","0","0","0","0","1"
"0x77856b7af6e0","@!P0  LDG.E.128 R48, desc[UR20][R70.64]","1","0","1","32768","1048576","1048576","32","32","0","0","0","Global","Load","128","131072","0","0","0","0","0","524288","524288","","0","0","0","0","0","0","0","0","0","0","0","0","0","0","0","0","0","0","0","1","0","0","0","0","0","0","0","0","0","0","0","0","0","0","0","0","0","0","0","0","0","0"
"0x77856b7af6f0","      IMAD R63, R62, 0x8, R63","7","4","7","32768","1048576","1048576","32","32","0","0","0","-","-","-","0","0","0","0","0","0","0","0","-","0","0","0","0","0","0","0","0","0","0","0","0","0","0","0","0","0","0","0","3","0","0","0","4","0","0","0","0","0","0","0","0","0","0","0","0","0","0","0","0","0","4"
"0x77856b7af700","      ISETP.NE.U32.AND P3, PT, R81, RZ, PT","4","0","4","32768","1048576","1048576","32","32","0","0","0","-","-","-","0","0","0","0","0","0","0","0","-","0","0","0","0","0","0","0","0","0","0","0","0","0","0","0","0","0","0","0","4","0","0","0","0","0","0","0","0","0","0","0","0","0","0","0","0","0","0","0","0","0","0"
"0x77856b7af710","@!P1  LDG.E.128 R76, desc[UR20][R72.64]","1","0","1","32768","1048576","1048576","32","32","0","0","0","Global","Load","128","131072","0","0","0","0","0","524288","524288","","0","0","0","0","0","0","0","0","0","0","0","0","0","0","0","0","0","0","0","1","0","0","0","0","0","0","0","0","0","0","0","0","0","0","0","0","0","0","0","0","0","0"
"0x77856b7af720","      S2UR UR4, SR_CgaCtaId","0","0","0","32768","1048576","1048576","32","32","0","0","0","-","-","-","0","0","0","0","0","0","0","0","-","0","0","0","0","0","0","0","0","0","0","0","0","0","0","0","0","0","0","0","0","0","0","0","0","0","0","0","0","0","0","0","0","0","0","0","0","0","0","0","0","0","0"
"0x77856b7af730","      UMOV UR12, 0x400","2","0","2","32768","1048576","1048576","32","32","0","0","0","-","-","-","0","0","0","0","0","0","0","0","-","0","0","0","0","0","0","0","0","0","0","0","0","0","0","0","0","0","0","0","2","0","0","0","0","0","0","0","0","0","0","0","0","0","0","0","0","0","0","0","0","0","0"
"0x77856b7af740","      LOP3.LUT R142, R0, 0x8, RZ, 0xc0, !PT","1","0","1","32768","1048576","1048576","32","32","0","0","0","-","-","-","0","0","0","0","0","0","0","0","-","0","0","0","0","0","0","0","0","0","0","0","0","0","0","0","0","0","0","0","1","0","0","0","0","0","0","0","0","0","0","0","0","0","0","0","0","0","0","0","0","0","0"
"0x77856b7af750","      P2R R168, PR, RZ, 0x20","4","2","4","32768","1048576","1048576","32","32","0","0","0","-","-","-","0","0","0","0","0","0","0","0","-","0","0","0","0","0","0","0","0","0","0","0","0","0","1","0","0","0","0","1","0","0","0","0","2","0","0","0","0","0","0","0","0","0","0","0","0","0","0","0","0","0","2"
"0x77856b7af760","      LOP3.LUT R63, R63, 0x70, R0, 0x78, !PT","2","1","2","32768","1048576","1048576","32","32","0","0","0","-","-","-","0","0","0","0","0","0","0","0","-","0","0","0","0","0","0","0","0","0","0","0","0","0","0","0","0","0","0","0","1","0","0","0","1","0","0","0","0","0","0","0","0","0","0","0","0","0","0","0","0","0","1"
"0x77856b7af770","      P2R R167, PR, RZ, 0x10","1","0","1","32768","1048576","1048576","32","32","0","0","0","-","-","-","0","0","0","0","0","0","0","0","-","0","0","0","0","0","0","0","0","0","0","0","0","0","0","0","0","0","0","0","0","0","0","0","1","0","0","0","0","0","0","0","0","0","0","0","0","0","0","0","0","0","0"
"0x77856b7af780","      ISETP.NE.U32.AND P5, PT, R74, RZ, PT","4","2","4","32768","1048576","1048576","32","32","0","0","0","-","-","-","0","0","0","0","0","0","0","0","-","0","0","0","0","0","0","0","0","0","0","0","0","0","0","0","0","0","0","0","2","0","0","0","2","0","0","0","0","0","0","0","0","0","0","0","0","0","0","0","0","0","2"
"0x77856b7af790","      ISETP.NE.U32.AND P4, PT, R80, RZ, PT","5","2","5","32768","1048576","1048576","32","32","0","0","0","-","-","-","0","0","0","0","0","0","0","0","-","0","0","0","0","0","0","0","0","0","0","0","0","0","0","0","0","0","0","0","2","0","0","0","3","0","0","0","0","0","0","0","0","0","0","0","0","0","0","0","0","0","2"
"0x77856b7af7a0","      ULEA UR12, UR4, UR12, 0x18","49","33","49","32768","1048576","1048576","32","32","0","0","0","-","-","-","0","0","0","0","0","0","0","0","-","0","0","0","0","0","0","0","0","0","0","0","0","0","0","0","0","0","0","2","0","47","0","0","0","0","0","0","0","0","0","0","0","0","0","0","0","0","0","33","0","0","0"
"0x77856b7af7b0","      LEA R62, R142, UR12, 0xb","11","5","11","32768","1048576","1048576","32","32","0","0","0","-","-","-","0","0","0","0","0","0","0","0","-","0","0","0","0","0","0","0","0","0","0","0","0","0","0","0","0","0","0","0","2","0","0","0","9","0","0","0","0","0","0","0","0","0","0","0","0","0","0","0","0","0","5"
"0x77856b7af7c0","      IMAD R142, R142, 0x400, R63","2","0","2","32768","1048576","1048576","32","32","0","0","0","-","-","-","0","0","0","0","0","0","0","0","-","0","0","0","0","0","0","0","0","0","0","0","0","0","0","0","0","0","0","0","2","0","0","0","0","0","0","0","0","0","0","0","0","0","0","0","0","0","0","0","0","0","0"
"0x77856b7af7d0","      IMAD.IADD R62, R63, 0x1, R62","5","2","5","32768","1048576","1048576","32","32","0","0","0","-","-","-","0","0","0","0","0","0","0","0","-","0","0","0","0","0","0","0","0","0","0","0","0","0","0","0","0","0","0","0","3","0","0","0","2","0","0","0","0","0","0","0","0","0","0","0","0","0","0","0","0","0","2"
"0x77856b7af7e0","      VIADD R149, R142, UR12","5","2","5","32768","1048576","1048576","32","32","0","0","0","-","-","-","0","0","0","0","0","0","0","0","-","0","0","0","0","0","0","0","0","0","0","0","0","0","0","0","0","0","0","0","3","0","0","0","2","0","0","0","0","0","0","0","0","0","0","0","0","0","0","0","0","0","2"
"0x77856b7af7f0","      STS.128 [R62+0x20000], R24","563","539","563","32768","1048576","1048576","32","32","0","0","0","Shared","Store","128","0","4","0","131072","131072","0","0","0","-","0","0","0","0","0","0","0","0","0","0","0","0","559","0","0","0","0","0","0","2","0","0","0","2","0","0","0","0","0","0","537","0","0","0","0","0","0","0","0","0","0","2"
"0x77856b7af800","      STS.128 [R62+0x20800], R28","209","201","209","32768","1048576","1048576","32","32","0","0","0","Shared","Store","128","0","4","0","131072","131072","0","0","0","-","0","0","0","0","0","0","0","0","0","0","0","0","201","0","0","0","0","0","0","2","0","0","0","6","0","0","0","0","0","0","195","0","0","0","0","0","0","0","0","0","0","6"
"0x77856b7af810","      IMAD R25, R139, 0x10, R84","28","26","28","32768","1048576","1048576","32","32","0","0","0","-","-","-","0","0","0","0","0","0","0","0","-","0","0","0","0","0","0","0","0","0","0","0","0","0","0","0","0","0","0","0","2","26","0","0","0","0","0","0","0","0","0","0","0","0","0","0","0","0","0","26","0","0","0"
"0x77856b7af820","      IMAD R27, R139, 0x20, R84","2","1","2","32768","1048576","1048576","32","32","0","0","0","-","-","-","0","0","0","0","0","0","0","0","-","0","0","0","0","0","0","0","0","0","0","0","0","0","0","0","0","0","0","0","1","0","0","0","1","0","0","0","0","0","0","0","0","0","0","0","0","0","0","0","0","0","1"
"0x77856b7af830","      IMAD R29, R139, 0x30, R84","72","72","72","32768","1048576","1048576","32","32","0","0","0","-","-","-","0","0","0","0","0","0","0","0","-","0","0","0","0","0","0","0","0","0","0","0","0","0","0","0","0","0","0","0","0","69","0","0","3","0","0","0","0","0","0","0","0","0","0","0","0","0","0","69","0","0","3"
"0x77856b7af840","      LOP3.LUT R30, R147, 0x40, RZ, 0xfc, !PT","3","0","3","32768","1048576","1048576","32","32","0","0","0","-","-","-","0","0","0","0","0","0","0","0","-","0","0","0","0","0","0","0","0","0","0","0","0","0","0","0","0","0","0","0","3","0","0","0","0","0","0","0","0","0","0","0","0","0","0","0","0","0","0","0","0","0","0"
"0x77856b7af850","      STS.128 [R62+0x21000], R36","531","529","531","32768","1048576","1048576","32","32","0","0","0","Shared","Store","128","0","4","0","131072","131072","0","0","0","-","0","0","0","0","0","0","0","0","0","0","0","0","531","0","0","0","0","0","0","0","0","0","0","0","0","0","0","0","0","0","529","0","0","0","0","0","0","0","0","0","0","0"
"0x77856b7af860","      STS.128 [R62+0x21800], R32","518","486","518","32768","1048576","1048576","32","32","0","0","0","Shared","Store","128","0","4","0","131072","131072","0","0","0","-","0","0","0","0","0","0","0","0","0","0","0","0","512","0","0","0","0","0","0","3","0","0","0","3","0","0","0","0","0","0","483","0","0","0","0","0","0","0","0","0","0","3"
"0x77856b7af870","      STS.128 [R62+0x22000], R40","15","10","15","32768","1048576","1048576","32","32","0","0","0","Shared","Store","128","0","4","0","131072","131072","0","0","0","-","0","0","0","0","0","0","0","0","0","0","0","0","0","0","0","0","0","0","0","2","0","0","0","13","0","0","0","0","0","0","0","0","0","0","0","0","0","0","0","0","0","10"
"0x77856b7af880","      STS.128 [R62+0x22800], R44","5","4","5","32768","1048576","1048576","32","32","0","0","0","Shared","Store","128","0","4","0","131072","131072","0","0","0","-","0","0","0","0","0","0","0","0","0","0","0","0","0","0","0","1","0","0","1","0","0","0","0","3","0","0","0","0","0","0","0","0","0","1","0","0","0","0","0","0","0","3"
"0x77856b7af890","      STS.128 [R62+0x23000], R48","12","8","12","32768","1048576","1048576","32","32","0","0","0","Shared","Store","128","0","4","0","131072","131072","0","0","0","-","0","0","0","0","0","0","0","0","0","0","0","0","0","0","0","2","0","0","1","3","0","0","0","6","0","0","0","0","0","0","0","0","0","2","0","0","0","0","0","0","0","6"
"0x77856b7af8a0","      STS.128 [R62+0x23800], R76","12","10","12","32768","1048576","1048576","32","32","0","0","0","Shared","Store","128","0","4","0","131072","131072","0","0","0","-","0","0","0","0","0","0","0","0","0","0","0","0","0","0","0","2","0","0","0","1","0","0","0","9","0","0","0","0","0","0","0","0","0","1","0","0","0","0","0","0","0","9"
"0x77856b7af8b0","@!PT  LDS RZ, [RZ]","13","8","13","32768","1048576","0","32","0","32","32","0","","Load","32","0","0","0","0","0","0","0","0","-","0","0","0","0","0","0","0","0","0","0","0","0","0","0","0","2","0","0","0","4","0","0","0","7","0","0","0","0","0","0","0","0","0","2","0","0","0","0","0","0","0","6"
"0x77856b7af8c0","@!PT  LDS RZ, [RZ]","3","1","3","32768","1048576","0","32","0","0","32","0","","Load","32","0","0","0","0","0","0","0","0","-","0","0","0","0","0","0","0","0","0","0","0","0","0","0","0","1","0","0","0","2","0","0","0","0","0","0","0","0","0","0","0","0","0","1","0","0","0","0","0","0","0","0"
"0x77856b7af8d0","@!PT  LDS RZ, [RZ]","7","4","7","32768","1048576","0","32","0","0","32","0","","Load","32","0","0","0","0","0","0","0","0","-","0","0","0","0","0","0","0","0","0","0","0","0","0","0","0","4","0","0","0","3","0","0","0","0","0","0","0","0","0","0","0","0","0","4","0","0","0","0","0","0","0","0"
"0x77856b7af8e0","      LDGSTS.E.BYPASS.128 desc[UR20][R52.64], P5, [R149]","8","3","8","32768","1048576","1048576","32","32","32","0","0","Global,Shared","Load,Store","128","130048","4","0","131072","131072","0","520192","520192","","0","0","0","0","0","0","0","0","0","0","0","0","0","0","0","3","0","0","0","5","0","0","0","0","0","0","0","0","0","0","0","0","0","3","0","0","0","0","0","0","0","0"
"0x77856b7af8f0","      LDGSTS.E.BYPASS.128 desc[UR20][R54.64], P4, [R149+0x800]","8","3","8","32768","1048576","1048576","32","32","0","0","0","Global,Shared","Load,Store","128","130048","4","0","131072","131072","0","520192","520192","","0","0","0","0","0","0","0","0","0","0","0","0","0","0","0","0","0","0","1","3","0","0","0","4","0","0","0","0","0","0","0","0","0","0","0","0","0","0","0","0","0","3"
"0x77856b7af900","      LDGSTS.E.BYPASS.128 desc[UR20][R56.64], P3, [R149+0x1000]","22","10","22","32768","1048576","1048576","32","32","0","0","0","Global,Shared","Load,Store","128","130048","4","0","131072","131072","0","520192","520192","","0","0","0","0","0","0","0","0","0","0","0","0","0","0","0","3","0","0","0","6","0","0","0","13","0","0","0","0","0","0","0","0","0","2","0","0","0","0","0","0","0","8"
"0x77856b7af910","      LDGSTS.E.BYPASS.128 desc[UR20][R58.64], P2, [R149+0x1800]","14","11","14","32768","1048576","1048576","32","32","0","0","0","Global,Shared","Load,Store","128","130048","4","0","131072","131072","0","520192","520192","","0","0","0","0","0","0","0","0","0","0","0","0","0","0","0","8","0","0","1","2","0","0","0","3","0","0","0","0","0","0","0","0","0","8","0","0","0","0","0","0","0","3"
"0x77856b7af920","      LDGDEPBAR","15","10","15","32768","1048576","1048576","32","32","0","0","0","-","-","-","0","0","0","0","0","0","0","0","-","0","0","0","0","0","0","0","0","0","0","0","0","0","0","0","7","0","0","1","3","0","0","0","4","0","0","0","0","0","0","0","0","0","6","0","0","0","0","0","0","0","4"
"0x77856b7af930","      LDGSTS.E.BYPASS.128 desc[UR20][R60.64], P5, [R149+0x10000]","22","19","22","32768","1048576","1048576","32","32","0","0","0","Global,Shared","Load,Store","128","130048","4","0","131072","131072","0","520192","520192","","0","0","0","0","0","0","0","0","0","0","0","0","0","0","0","14","0","0","0","3","0","0","0","5","0","0","0","0","0","0","0","0","0","14","0","0","0","0","0","0","0","5"
"0x77856b7af940","      LEA R24, P5, R25, R2, 0x1","0","0","0","32768","1048576","1048576","32","32","0","0","0","-","-","-","0","0","0","0","0","0","0","0","-","0","0","0","0","0","0","0","0","0","0","0","0","0","0","0","0","0","0","0","0","0","0","0","0","0","0","0","0","0","0","0","0","0","0","0","0","0","0","0","0","0","0"
"0x77856b7af950","      LEA.HI.X.SX32 R25, R25, R3, 0x1, P5","16","11","16","32768","1048576","1048576","32","32","0","0","0","-","-","-","0","0","0","0","0","0","0","0","-","0","0","0","0","0","0","0","0","0","0","0","0","0","2","0","0","0","0","1","4","0","0","0","9","0","0","0","0","0","0","0","2","0","0","0","0","0","0","0","0","0","9"
"0x77856b7af960","      LEA R26, P5, R27, R2, 0x1","2","0","2","32768","1048576","1048576","32","32","0","0","0","-","-","-","0","0","0","0","0","0","0","0","-","0","0","0","0","0","0","0","0","0","0","0","0","0","0","0","0","0","0","0","1","0","0","0","1","0","0","0","0","0","0","0","0","0","0","0","0","0","0","0","0","0","0"
"0x77856b7af970","      LDGSTS.E.BYPASS.128 desc[UR20][R24.64], P4, [R149+0x10800]","12","10","12","32768","1048576","1048576","32","32","0","0","0","Global,Shared","Load,Store","128","130048","4","0","131072","131072","0","520192","520192","","0","0","0","0","0","0","0","0","0","0","0","0","0","0","0","7","0","0","1","1","0","0","0","3","0","0","0","0","0","0","0","0","0","7","0","0","0","0","0","0","0","3"
"0x77856b7af980","      LEA.HI.X.SX32 R27, R27, R3, 0x1, P5","0","0","0","32768","1048576","1048576","32","32","0","0","0","-","-","-","0","0","0","0","0","0","0","0","-","0","0","0","0","0","0","0","0","0","0","0","0","0","0","0","0","0","0","0","0","0","0","0","0","0","0","0","0","0","0","0","0","0","0","0","0","0","0","0","0","0","0"
"0x77856b7af990","      LEA R28, P5, R29, R2, 0x1","2","1","2","32768","1048576","1048576","32","32","0","0","0","-","-","-","0","0","0","0","0","0","0","0","-","0","0","0","0","0","0","0","0","0","0","0","0","0","0","0","0","0","0","0","1","0","0","0","1","0","0","0","0","0","0","0","0","0","0","0","0","0","0","0","0","0","1"
"0x77856b7af9a0","      LDGSTS.E.BYPASS.128 desc[UR20][R26.64], P3, [R149+0x11000]","15","8","15","32768","1048576","1048576","32","32","0","0","0","Global,Shared","Load,Store","128","130048","4","0","131072","131072","0","520192","520192","","0","0","0","0","0","0","0","0","1","0","0","0","0","0","0","2","0","0","0","5","0","0","0","7","0","0","1","0","0","0","0","0","0","2","0","0","0","0","0","0","0","5"
"0x77856b7af9b0","      LEA.HI.X.SX32 R29, R29, R3, 0x1, P5","4","0","4","32768","1048576","1048576","32","32","0","0","0","-","-","-","0","0","0","0","0","0","0","0","-","0","0","0","0","0","0","0","0","0","0","0","0","0","0","0","0","0","0","0","4","0","0","0","0","0","0","0","0","0","0","0","0","0","0","0","0","0","0","0","0","0","0"
"0x77856b7af9c0","      LDGSTS.E.BYPASS.128 desc[UR20][R28.64], P2, [R149+0x11800]","21","21","21","32768","1048576","1048576","32","32","0","0","0","Global,Shared","Load,Store","128","130048","4","0","131072","131072","0","520192","520192","","0","0","0","0","0","0","0","0","0","0","0","0","0","0","0","10","0","0","0","0","0","0","0","11","0","0","0","0","0","0","0","0","0","10","0","0","0","0","0","0","0","11"
"0x77856b7af9d0","      ISETP.GE.AND P2, PT, R30, UR22, PT","1","0","1","32768","1048576","1048576","32","32","0","0","0","-","-","-","0","0","0","0","0","0","0","0","-","0","0","0","0","0","0","0","0","0","0","0","0","0","0","0","0","0","0","0","1","0","0","0","0","0","0","0","0","0","0","0","0","0","0","0","0","0","0","0","0","0","0"
"0x77856b7af9e0","      LOP3.LUT R30, R147, 0x50, RZ, 0xfc, !PT","3","1","3","32768","1048576","1048576","32","32","0","0","0","-","-","-","0","0","0","0","0","0","0","0","-","0","0","0","0","0","0","0","0","0","0","0","0","0","0","0","0","0","0","1","1","0","0","0","1","0","0","0","0","0","0","0","0","0","0","0","0","0","0","0","0","0","1"
"0x77856b7af9f0","      LDGDEPBAR","6","3","6","32768","1048576","1048576","32","32","0","0","0","-","-","-","0","0","0","0","0","0","0","0","-","0","0","0","0","0","0","0","0","0","0","0","1","0","0","0","2","0","0","0","3","0","0","0","0","0","0","0","0","0","1","0","0","0","2","0","0","0","0","0","0","0","0"
"0x77856b7afa00","      SEL R31, RZ, 0x10, P2","3","0","3","32768","1048576","1048576","32","32","0","0","0","-","-","-","0","0","0","0","0","0","0","0","-","0","0","0","0","0","0","0","0","0","0","0","0","0","0","0","0","0","0","0","3","0","0","0","0","0","0","0","0","0","0","0","0","0","0","0","0","0","0","0","0","0","0"
"0x77856b7afa10","      ISETP.GE.AND P2, PT, R30, UR22, PT","6","2","6","32768","1048576","1048576","32","32","0","0","0","-","-","-","0","0","0","0","0","0","0","0","-","0","0","0","0","0","0","0","0","0","0","0","0","0","0","0","0","0","0","0","4","0","0","0","2","0","0","0","0","0","0","0","0","0","0","0","0","0","0","0","0","0","2"
"0x77856b7afa20","      LOP3.LUT R30, R147, 0x60, RZ, 0xfc, !PT","3","1","3","32768","1048576","1048576","32","32","0","0","0","-","-","-","0","0","0","0","0","0","0","0","-","0","0","0","0","0","0","0","0","0","0","0","0","0","0","0","0","0","0","0","2","0","0","0","1","0","0","0","0","0","0","0","0","0","0","0","0","0","0","0","0","0","1"
"0x77856b7afa30","      SEL R32, RZ, 0x10, P2","72","64","72","32768","1048576","1048576","32","32","0","0","0","-","-","-","0","0","0","0","0","0","0","0","-","0","0","0","0","0","0","0","0","0","0","0","0","65","1","0","0","0","0","1","2","0","0","0","3","0","0","0","0","0","0","61","0","0","0","0","0","0","0","0","0","0","3"
"0x77856b7afa40","      ISETP.GE.AND P2, PT, R30, UR22, PT","2","1","2","32768","1048576","1048576","32","32","0","0","0","-","-","-","0","0","0","0","0","0","0","0","-","0","0","0","0","0","0","0","0","0","0","0","0","0","0","0","0","0","0","0","1","0","0","0","1","0","0","0","0","0","0","0","0","0","0","0","0","0","0","0","0","0","1"
"0x77856b7afa50","      LOP3.LUT R24, R147, 0x70, RZ, 0xfc, !PT","7","3","7","32768","1048576","1048576","32","32","0","0","0","-","-","-","0","0","0","0","0","0","0","0","-","0","0","0","0","0","0","0","0","0","0","0","0","0","0","0","0","0","0","0","4","0","0","0","3","0","0","0","0","0","0","0","0","0","0","0","0","0","0","0","0","0","3"
"0x77856b7afa60","      SEL R25, RZ, 0x10, P2","1","0","1","32768","1048576","1048576","32","32","0","0","0","-","-","-","0","0","0","0","0","0","0","0","-","0","0","0","0","0","0","0","0","0","0","0","0","0","0","0","0","0","0","0","1","0","0","0","0","0","0","0","0","0","0","0","0","0","0","0","0","0","0","0","0","0","0"
"0x77856b7afa70","      ISETP.GE.AND P2, PT, R24, UR22, PT","6","3","6","32768","1048576","1048576","32","32","0","0","0","-","-","-","0","0","0","0","0","0","0","0","-","0","0","0","0","0","0","0","0","0","0","0","0","0","0","0","0","0","0","0","3","0","0","0","3","0","0","0","0","0","0","0","0","0","0","0","0","0","0","0","0","0","3"
"0x77856b7afa80","      SEL R24, RZ, 0x10, P2","5","3","5","32768","1048576","1048576","32","32","0","0","0","-","-","-","0","0","0","0","0","0","0","0","-","0","0","0","0","0","0","0","0","0","0","0","0","0","0","0","0","0","0","0","2","0","0","0","3","0","0","0","0","0","0","0","0","0","0","0","0","0","0","0","0","0","3"
"0x77856b7afa90","      ISETP.GT.AND P2, PT, R18, 0x40, PT","3","1","3","32768","1048576","1048576","32","32","0","0","0","-","-","-","0","0","0","0","0","0","0","0","-","0","0","0","0","0","0","0","0","0","0","0","0","0","0","0","0","0","0","0","2","0","0","0","1","0","0","0","0","0","0","0","0","0","0","0","0","0","0","0","0","0","1"
"0x77856b7afaa0","      SEL R36, R25, RZ, P2","6","5","6","32768","1048576","1048576","32","32","0","0","0","-","-","-","0","0","0","0","0","0","0","0","-","0","0","0","0","0","0","0","0","0","0","0","0","0","0","0","0","0","0","0","1","0","0","0","5","0","0","0","0","0","0","0","0","0","0","0","0","0","0","0","0","0","5"
"0x77856b7afab0","      IMAD R25, R140, 0x40, R75","1","0","1","32768","1048576","1048576","32","32","0","0","0","-","-","-","0","0","0","0","0","0","0","0","-","0","0","0","0","0","0","0","0","0","0","0","0","0","0","0","0","0","0","0","1","0","0","0","0","0","0","0","0","0","0","0","0","0","0","0","0","0","0","0","0","0","0"
"0x77856b7afac0","      SEL R34, R31, RZ, P2","1","0","1","32768","1048576","1048576","32","32","0","0","0","-","-","-","0","0","0","0","0","0","0","0","-","0","0","0","0","0","0","0","0","0","0","0","0","0","0","0","0","0","0","0","1","0","0","0","0","0","0","0","0","0","0","0","0","0","0","0","0","0","0","0","0","0","0"
"0x77856b7afad0","      IMAD R27, R140, 0x50, R75","2","0","2","32768","1048576","1048576","32","32","0","0","0","-","-","-","0","0","0","0","0","0","0","0","-","0","0","0","0","0","0","0","0","0","0","0","0","0","0","0","0","0","0","0","2","0","0","0","0","0","0","0","0","0","0","0","0","0","0","0","0","0","0","0","0","0","0"
"0x77856b7afae0","      SEL R35, R32, RZ, P2","1","0","1","32768","1048576","1048576","32","32","0","0","0","-","-","-","0","0","0","0","0","0","0","0","-","0","0","0","0","0","0","0","0","0","0","0","0","0","0","0","0","0","0","0","1","0","0","0","0","0","0","0","0","0","0","0","0","0","0","0","0","0","0","0","0","0","0"
"0x77856b7afaf0","      SEL R37, R24, RZ, P2","3","1","3","32768","1048576","1048576","32","32","0","0","0","-","-","-","0","0","0","0","0","0","0","0","-","0","0","0","0","0","0","0","0","0","0","0","0","0","0","0","0","0","0","0","1","0","0","0","2","0","0","0","0","0","0","0","0","0","0","0","0","0","0","0","0","0","1"
"0x77856b7afb00","      LEA R24, P2, R25, R4, 0x1","4","3","4","32768","1048576","1048576","32","32","0","0","0","-","-","-","0","0","0","0","0","0","0","0","-","0","0","0","0","0","0","0","0","0","0","0","0","0","0","0","0","0","0","0","1","0","0","0","3","0","0","0","0","0","0","0","0","0","0","0","0","0","0","0","0","0","3"
"0x77856b7afb10","      IMAD R29, R140, 0x60, R75","4","0","4","32768","1048576","1048576","32","32","0","0","0","-","-","-","0","0","0","0","0","0","0","0","-","0","0","0","0","0","0","0","0","0","0","0","0","0","0","0","0","0","0","0","4","0","0","0","0","0","0","0","0","0","0","0","0","0","0","0","0","0","0","0","0","0","0"
"0x77856b7afb20","      LEA.HI.X.SX32 R25, R25, R5, 0x1, P2","8","4","8","32768","1048576","1048576","32","32","0","0","0","-","-","-","0","0","0","0","0","0","0","0","-","0","0","0","0","0","0","0","0","0","0","0","0","0","1","0","0","0","0","0","3","0","0","0","4","0","0","0","0","0","0","0","1","0","0","0","0","0","0","0","0","0","3"
"0x77856b7afb30","      LEA R26, P2, R27, R4, 0x1","3","0","3","32768","1048576","1048576","32","32","0","0","0","-","-","-","0","0","0","0","0","0","0","0","-","0","0","0","0","0","0","0","0","0","0","0","0","0","0","0","0","0","0","0","3","0","0","0","0","0","0","0","0","0","0","0","0","0","0","0","0","0","0","0","0","0","0"
"0x77856b7afb40","      IMAD R31, R140, 0x70, R75","2","0","2","32768","1048576","1048576","32","32","0","0","0","-","-","-","0","0","0","0","0","0","0","0","-","0","0","0","0","0","0","0","0","0","0","0","0","0","0","0","0","0","0","0","2","0","0","0","0","0","0","0","0","0","0","0","0","0","0","0","0","0","0","0","0","0","0"
"0x77856b7afb50","      LEA.HI.X.SX32 R27, R27, R5, 0x1, P2","8","6","8","32768","1048576","1048576","32","32","0","0","0","-","-","-","0","0","0","0","0","0","0","0","-","0","0","0","0","0","0","0","0","0","0","0","0","0","0","0","0","0","0","0","1","0","0","0","7","0","0","0","0","0","0","0","0","0","0","0","0","0","0","0","0","0","6"
"0x77856b7afb60","      LEA R28, P2, R29, R4, 0x1","5","2","5","32768","1048576","1048576","32","32","0","0","0","-","-","-","0","0","0","0","0","0","0","0","-","0","0","0","0","0","0","0","0","0","0","0","0","0","0","0","0","0","0","0","3","0","0","0","2","0","0","0","0","0","0","0","0","0","0","0","0","0","0","0","0","0","2"
"0x77856b7afb70","      IMAD R33, R139, 0x40, R84","3","0","3","32768","1048576","1048576","32","32","0","0","0","-","-","-","0","0","0","0","0","0","0","0","-","0","0","0","0","0","0","0","0","0","0","0","0","0","0","0","0","0","0","0","3","0","0","0","0","0","0","0","0","0","0","0","0","0","0","0","0","0","0","0","0","0","0"
"0x77856b7afb80","      LEA.HI.X.SX32 R29, R29, R5, 0x1, P2","6","3","6","32768","1048576","1048576","32","32","0","0","0","-","-","-","0","0","0","0","0","0","0","0","-","0","0","0","0","0","0","0","0","0","0","0","0","0","0","0","0","0","0","0","2","0","0","0","4","0","0","0","0","0","0","0","0","0","0","0","0","0","0","0","0","0","3"
"0x77856b7afb90","      LEA R30, P2, R31, R4, 0x1","7","4","7","32768","1048576","1048576","32","32","0","0","0","-","-","-","0","0","0","0","0","0","0","0","-","0","0","0","0","0","0","0","0","0","0","0","0","0","0","0","0","0","0","0","3","0","0","0","4","0","0","0","0","0","0","0","0","0","0","0","0","0","0","0","0","0","4"
"0x77856b7afba0","      LEA.HI.X.SX32 R31, R31, R5, 0x1, P2","7","5","7","32768","1048576","1048576","32","32","0","0","0","-","-","-","0","0","0","0","0","0","0","0","-","0","0","0","0","0","0","0","0","0","0","0","0","0","0","0","0","0","0","0","0","0","0","0","7","0","0","0","0","0","0","0","0","0","0","0","0","0","0","0","0","0","5"
"0x77856b7afbb0","      LEA R32, P2, R33, R2, 0x1","4","1","4","32768","1048576","1048576","32","32","0","0","0","-","-","-","0","0","0","0","0","0","0","0","-","0","0","0","0","0","0","0","0","0","0","0","0","0","0","0","0","0","0","0","3","0","0","0","1","0","0","0","0","0","0","0","0","0","0","0","0","0","0","0","0","0","1"
"0x77856b7afbc0","      ISETP.NE.U32.AND P5, PT, R34, RZ, PT","4","4","4","32768","1048576","1048576","32","32","0","0","0","-","-","-","0","0","0","0","0","0","0","0","-","0","0","0","0","0","0","0","0","0","0","0","0","0","0","0","0","0","0","0","0","0","0","0","4","0","0","0","0","0","0","0","0","0","0","0","0","0","0","0","0","0","4"
"0x77856b7afbd0","      BAR.SYNC.DEFER_BLOCKING 0x0","3","0","3","32768","1048576","1048576","32","32","0","0","0","-","-","-","0","0","0","0","0","0","0","0","-","0","0","0","0","0","0","0","0","0","0","0","0","0","0","0","0","0","0","0","3","0","0","0","0","0","0","0","0","0","0","0","0","0","0","0","0","0","0","0","0","0","0"
"0x77856b7afbe0","      ISETP.NE.U32.AND P4, PT, R35, RZ, PT","2","0","2","32768","1048576","1048576","32","32","0","0","0","-","-","-","0","0","0","0","0","0","0","0","-","0","0","0","0","0","0","0","0","0","0","0","0","0","0","0","0","0","0","0","2","0","0","0","0","0","0","0","0","0","0","0","0","0","0","0","0","0","0","0","0","0","0"
"0x77856b7afbf0","      LEA.HI.X.SX32 R33, R33, R3, 0x1, P2","4","1","4","32768","1048576","1048576","32","32","0","0","0","-","-","-","0","0","0","0","0","0","0","0","-","0","0","0","0","0","0","0","0","0","0","0","0","0","1","0","0","0","0","0","2","0","0","0","1","0","0","0","0","0","0","0","1","0","0","0","0","0","0","0","0","0","0"
"0x77856b7afc00","      ISETP.NE.U32.AND P3, PT, R36, RZ, PT","2","1","2","32768","1048576","1048576","32","32","0","0","0","-","-","-","0","0","0","0","0","0","0","0","-","0","0","0","0","0","0","0","0","0","0","0","0","0","0","0","0","0","0","0","1","0","0","0","1","0","0","0","0","0","0","0","0","0","0","0","0","0","0","0","0","0","1"
"0x77856b7afc10","      ISETP.NE.U32.AND P2, PT, R37, RZ, PT","7","2","7","32768","1048576","1048576","32","32","0","0","0","-","-","-","0","0","0","0","0","0","0","0","-","0","0","0","0","0","0","0","0","0","0","0","0","0","0","0","0","0","0","1","4","0","0","0","2","0","0","0","0","0","0","0","0","0","0","0","0","0","0","0","0","0","2"
"0x77856b7afc20","      IMAD R35, R139, 0x50, R84","0","0","0","32768","1048576","1048576","32","32","0","0","0","-","-","-","0","0","0","0","0","0","0","0","-","0","0","0","0","0","0","0","0","0","0","0","0","0","0","0","0","0","0","0","0","0","0","0","0","0","0","0","0","0","0","0","0","0","0","0","0","0","0","0","0","0","0"
"0x77856b7afc30","@!PT  LDS RZ, [RZ]","549","490","549","32768","1048576","0","32","0","32","32","0","","Load","32","0","0","0","0","0","0","0","0","-","0","0","0","0","0","0","542","0","0","0","0","0","0","0","0","0","0","0","6","1","0","0","0","0","490","0","0","0","0","0","0","0","0","0","0","0","0","0","0","0","0","0"
"0x77856b7afc40","@!PT  LDS RZ, [RZ]","5","0","5","32768","1048576","0","32","0","0","32","0","","Load","32","0","0","0","0","0","0","0","0","-","0","0","0","0","0","0","0","0","0","0","0","0","0","0","0","0","0","0","0","5","0","0","0","0","0","0","0","0","0","0","0","0","0","0","0","0","0","0","0","0","0","0"
"0x77856b7afc50","@!PT  LDS RZ, [RZ]","5","0","5","32768","1048576","0","32","0","0","32","0","","Load","32","0","0","0","0","0","0","0","0","-","0","0","0","0","0","0","0","0","0","0","0","0","0","0","0","0","0","0","0","5","0","0","0","0","0","0","0","0","0","0","0","0","0","0","0","0","0","0","0","0","0","0"
"0x77856b7afc60","      LDGSTS.E.BYPASS.128 desc[UR20][R24.64], P5, [R149+0x4000]","0","0","0","32768","1048576","1048576","32","32","32","0","0","Global,Shared","Load,Store","128","130048","4","0","131072","131072","0","520192","520192","","0","0","0","0","0","0","0","0","0","0","0","0","0","0","0","0","0","0","0","0","0","0","0","0","0","0","0","0","0","0","0","0","0","0","0","0","0","0","0","0","0","0"
"0x77856b7afc70","      LDGSTS.E.BYPASS.128 desc[UR20][R26.64], P4, [R149+0x4800]","7","1","7","32768","1048576","1048576","32","32","0","0","0","Global,Shared","Load,Store","128","130048","4","0","131072","131072","0","520192","520192","","0","0","0","0","0","0","0","0","0","0","0","0","0","0","0","0","0","0","2","3","0","0","0","2","0","0","0","0","0","0","0","0","0","0","0","0","0","0","0","0","0","1"
"0x77856b7afc80","      LDGSTS.E.BYPASS.128 desc[UR20][R28.64], P3, [R149+0x5000]","11","6","11","32768","1048576","1048576","32","32","0","0","0","Global,Shared","Load,Store","128","130048","4","0","131072","131072","0","520192","520192","","0","0","0","0","0","0","0","0","0","0","0","0","0","0","0","0","0","0","0","2","0","0","0","9","0","0","0","0","0","0","0","0","0","0","0","0","0","0","0","0","0","6"
"0x77856b7afc90","      LDGSTS.E.BYPASS.128 desc[UR20][R30.64], P2, [R149+0x5800]","14","8","14","32768","1048576","1048576","32","32","0","0","0","Global,Shared","Load,Store","128","130048","4","0","131072","131072","0","520192","520192","","0","0","0","0","0","0","0","0","0","0","0","0","0","0","0","2","0","0","1","4","0","0","0","7","0","0","0","0","0","0","0","0","0","2","0","0","0","0","0","0","0","6"
"0x77856b7afca0","      IMAD R25, R139, 0x60, R84","41","32","41","32768","1048576","1048576","32","32","0","0","0","-","-","-","0","0","0","0","0","0","0","0","-","0","0","0","0","0","0","0","0","0","0","0","0","38","0","0","0","0","0","1","2","0","0","0","0","0","0","0","0","0","0","32","0","0","0","0","0","0","0","0","0","0","0"
"0x77856b7afcb0","      LDGDEPBAR","8","5","8","32768","1048576","1048576","32","32","0","0","0","-","-","-","0","0","0","0","0","0","0","0","-","0","0","0","0","0","0","0","0","0","0","0","0","0","0","0","1","0","0","0","3","0","0","0","4","0","0","0","0","0","0","0","0","0","1","0","0","0","0","0","0","0","4"
"0x77856b7afcc0","      LDGSTS.E.BYPASS.128 desc[UR20][R32.64], P5, [R149+0x14000]","9","7","9","32768","1048576","1048576","32","32","0","0","0","Global,Shared","Load,Store","128","130048","4","0","131072","131072","0","520192","520192","","0","0","0","0","0","0","0","0","0","0","0","0","0","0","0","0","0","0","0","2","0","0","0","7","0","0","0","0","0","0","0","0","0","0","0","0","0","0","0","0","0","7"
"0x77856b7afcd0","      LEA R34, P5, R35, R2, 0x1","4","0","4","32768","1048576","1048576","32","32","0","0","0","-","-","-","0","0","0","0","0","0","0","0","-","0","0","0","0","0","0","0","0","0","0","0","0","0","0","0","0","0","0","0","4","0","0","0","0","0","0","0","0","0","0","0","0","0","0","0","0","0","0","0","0","0","0"
"0x77856b7afce0","      IMAD R27, R139, 0x70, R84","75","54","75","32768","1048576","1048576","32","32","0","0","0","-","-","-","0","0","0","0","0","0","0","0","-","0","0","0","0","0","0","0","0","0","0","0","0","72","0","0","0","0","0","0","3","0","0","0","0","0","0","0","0","0","0","54","0","0","0","0","0","0","0","0","0","0","0"
"0x77856b7afcf0","      LEA.HI.X.SX32 R35, R35, R3, 0x1, P5","2","2","2","32768","1048576","1048576","32","32","0","0","0","-","-","-","0","0","0","0","0","0","0","0","-","0","0","0","0","0","0","0","0","0","0","0","0","0","0","0","0","0","0","0","0","0","0","0","2","0","0","0","0","0","0","0","0","0","0","0","0","0","0","0","0","0","2"
"0x77856b7afd00","      LEA R24, P5, R25, R2, 0x1","4","3","4","32768","1048576","1048576","32","32","0","0","0","-","-","-","0","0","0","0","0","0","0","0","-","0","0","0","0","0","0","0","0","0","0","0","0","0","0","0","0","0","0","0","1","0","0","0","3","0","0","0","0","0","0","0","0","0","0","0","0","0","0","0","0","0","3"
"0x77856b7afd10","      LOP3.LUT R28, R147, 0x80, RZ, 0xfc, !PT","8","2","8","32768","1048576","1048576","32","32","0","0","0","-","-","-","0","0","0","0","0","0","0","0","-","0","0","0","0","0","0","0","0","0","0","0","0","0","2","0","0","0","0","3","2","0","0","0","1","0","0","0","0","0","0","0","2","0","0","0","0","0","0","0","0","0","0"
"0x77856b7afd20","      LDGSTS.E.BYPASS.128 desc[UR20][R34.64], P4, [R149+0x14800]","1","0","1","32768","1048576","1048576","32","32","0","0","0","Global,Shared","Load,Store","128","130048","4","0","131072","131072","0","520192","520192","","0","0","0","0","0","0","0","0","0","0","0","0","0","0","0","0","0","0","0","1","0","0","0","0","0","0","0","0","0","0","0","0","0","0","0","0","0","0","0","0","0","0"
"0x77856b7afd30","      LEA.HI.X.SX32 R25, R25, R3, 0x1, P5","1","0","1","32768","1048576","1048576","32","32","0","0","0","-","-","-","0","0","0","0","0","0","0","0","-","0","0","0","0","0","0","0","0","0","0","0","0","0","0","0","0","0","0","0","1","0","0","0","0","0","0","0","0","0","0","0","0","0","0","0","0","0","0","0","0","0","0"
"0x77856b7afd40","      LEA R26, P5, R27, R2, 0x1","5","3","5","32768","1048576","1048576","32","32","0","0","0","-","-","-","0","0","0","0","0","0","0","0","-","0","0","0","0","0","0","0","0","0","0","0","0","0","2","0","0","0","0","0","2","0","0","0","1","0","0","0","0","0","0","0","2","0","0","0","0","0","0","0","0","0","1"
"0x77856b7afd50","      LDGSTS.E.BYPASS.128 desc[UR20][R24.64], P3, [R149+0x15000]","5","0","5","32768","1048576","1048576","32","32","0","0","0","Global,Shared","Load,Store","128","130048","4","0","131072","131072","0","520192","520192","","0","0","0","0","0","0","0","0","0","0","0","0","0","0","0","0","0","0","0","2","0","0","0","3","0","0","0","0","0","0","0","0","0","0","0","0","0","0","0","0","0","0"
"0x77856b7afd60","      LEA.HI.X.SX32 R27, R27, R3, 0x1, P5","4","0","4","32768","1048576","1048576","32","32","0","0","0","-","-","-","0","0","0","0","0","0","0","0","-","0","0","0","0","0","0","0","0","0","0","0","0","0","0","0","0","0","0","0","4","0","0","0","0","0","0","0","0","0","0","0","0","0","0","0","0","0","0","0","0","0","0"
"0x77856b7afd70","      LDGSTS.E.BYPASS.128 desc[UR20][R26.64], P2, [R149+0x15800]","7","3","7","32768","1048576","1048576","32","32","0","0","0","Global,Shared","Load,Store","128","130048","4","0","131072","131072","0","520192","520192","","0","0","0","0","0","0","0","0","0","0","0","0","0","0","0","0","0","0","0","2","0","0","0","5","0","0","0","0","0","0","0","0","0","0","0","0","0","0","0","0","0","3"
"0x77856b7afd80","      ISETP.GE.AND P2, PT, R28, UR22, PT","3","0","3","32768","1048576","1048576","32","32","0","0","0","-","-","-","0","0","0","0","0","0","0","0","-","0","0","0","0","0","0","0","0","0","0","0","0","0","0","0","0","0","0","0","3","0","0","0","0","0","0","0","0","0","0","0","0","0","0","0","0","0","0","0","0","0","0"
"0x77856b7afd90","      LOP3.LUT R28, R147, 0x90, RZ, 0xfc, !PT","5","3","5","32768","1048576","1048576","32","32","0","0","0","-","-","-","0","0","0","0","0","0","0","0","-","0","0","0","0","0","0","0","0","0","0","0","0","0","0","0","0","0","0","0","2","0","0","0","3","0","0","0","0","0","0","0","0","0","0","0","0","0","0","0","0","0","3"
"0x77856b7afda0","      LDGDEPBAR","2","1","2","32768","1048576","1048576","32","32","0","0","0","-","-","-","0","0","0","0","0","0","0","0","-","0","0","0","0","0","0","0","0","0","0","0","1","0","0","0","0","0","0","0","1","0","0","0","0","0","0","0","0","0","1","0","0","0","0","0","0","0","0","0","0","0","0"
"0x77856b7afdb0","      SEL R29, RZ, 0x10, P2","2","0","2","32768","1048576","1048576","32","32","0","0","0","-","-","-","0","0","0","0","0","0","0","0","-","0","0","0","0","0","0","0","0","0","0","0","0","0","0","0","0","0","0","0","2","0","0","0","0","0","0","0","0","0","0","0","0","0","0","0","0","0","0","0","0","0","0"
"0x77856b7afdc0","      ISETP.GE.AND P2, PT, R28, UR22, PT","6","2","6","32768","1048576","1048576","32","32","0","0","0","-","-","-","0","0","0","0","0","0","0","0","-","0","0","0","0","0","0","0","0","0","0","0","0","0","0","0","0","0","0","0","4","0","0","0","2","0","0","0","0","0","0","0","0","0","0","0","0","0","0","0","0","0","2"
"0x77856b7afdd0","      LOP3.LUT R28, R147, 0xa0, RZ, 0xfc, !PT","5","2","5","32768","1048576","1048576","32","32","0","0","0","-","-","-","0","0","0","0","0","0","0","0","-","0","0","0","0","0","0","0","0","0","0","0","0","0","0","0","0","0","0","0","3","0","0","0","2","0","0","0","0","0","0","0","0","0","0","0","0","0","0","0","0","0","2"
"0x77856b7afde0","      SEL R30, RZ, 0x10, P2","7","2","7","32768","1048576","1048576","32","32","0","0","0","-","-","-","0","0","0","0","0","0","0","0","-","0","0","0","0","0","0","0","0","0","0","0","0","0","0","0","0","0","0","0","5","0","0","0","2","0","0","0","0","0","0","0","0","0","0","0","0","0","0","0","0","0","2"
"0x77856b7afdf0","      ISETP.GE.AND P2, PT, R28, UR22, PT","14","4","14","32768","1048576","1048576","32","32","0","0","0","-","-","-","0","0","0","0","0","0","0","0","-","0","0","0","0","0","0","0","0","0","0","0","0","0","4","0","0","0","0","6","2","0","0","0","2","0","0","0","0","0","0","0","2","0","0","0","0","0","0","0","0","0","2"
"0x77856b7afe00","      LOP3.LUT R24, R147, 0xb0, RZ, 0xfc, !PT","134","96","134","32768","1048576","1048576","32","32","0","0","0","-","-","-","0","0","0","0","0","0","0","0","-","0","0","0","0","0","0","0","0","0","0","0","0","125","2","0","0","0","0","1","3","0","0","0","3","0","0","0","0","0","0","93","1","0","0","0","0","0","0","0","0","0","2"
"0x77856b7afe10","      SEL R28, RZ, 0x10, P2","3","2","3","32768","1048576","1048576","32","32","0","0","0","-","-","-","0","0","0","0","0","0","0","0","-","0","0","0","0","0","0","0","0","0","0","0","0","0","0","0","0","0","0","0","1","0","0","0","2","0","0","0","0","0","0","0","0","0","0","0","0","0","0","0","0","0","2"
"0x77856b7afe20","      ISETP.GE.AND P2, PT, R24, UR22, PT","1","1","1","32768","1048576","1048576","32","32","0","0","0","-","-","-","0","0","0","0","0","0","0","0","-","0","0","0","0","0","0","0","0","0","0","0","0","0","0","0","0","0","0","0","0","0","0","0","1","0","0","0","0","0","0","0","0","0","0","0","0","0","0","0","0","0","1"
"0x77856b7afe30","      IMAD R25, R140, 0x80, R75","1","0","1","32768","1048576","1048576","32","32","0","0","0","-","-","-","0","0","0","0","0","0","0","0","-","0","0","0","0","0","0","0","0","0","0","0","0","0","0","0","0","0","0","0","1","0","0","0","0","0","0","0","0","0","0","0","0","0","0","0","0","0","0","0","0","0","0"
"0x77856b7afe40","      SEL R24, RZ, 0x10, P2","7","3","7","32768","1048576","1048576","32","32","0","0","0","-","-","-","0","0","0","0","0","0","0","0","-","0","0","0","0","0","0","0","0","0","0","0","0","0","2","0","0","0","0","1","2","0","0","0","2","0","0","0","0","0","0","0","2","0","0","0","0","0","0","0","0","0","1"
"0x77856b7afe50","      ISETP.GT.AND P2, PT, R18, 0x80, PT","2","0","2","32768","1048576","1048576","32","32","0","0","0","-","-","-","0","0","0","0","0","0","0","0","-","0","0","0","0","0","0","0","0","0","0","0","0","0","0","0","0","0","0","0","2","0","0","0","0","0","0","0","0","0","0","0","0","0","0","0","0","0","0","0","0","0","0"
"0x77856b7afe60","      IMAD R27, R140, 0x90, R75","5","4","5","32768","1048576","1048576","32","32","0","0","0","-","-","-","0","0","0","0","0","0","0","0","-","0","0","0","0","0","0","0","0","0","0","0","0","4","0","0","0","0","0","0","1","0","0","0","0","0","0","0","0","0","0","4","0","0","0","0","0","0","0","0","0","0","0"
"0x77856b7afe70","      SEL R34, R29, RZ, P2","12","6","12","32768","1048576","1048576","32","32","0","0","0","-","-","-","0","0","0","0","0","0","0","0","-","0","0","0","0","0","0","0","0","0","0","0","0","0","2","0","0","0","0","2","3","0","0","0","5","0","0","0","0","0","0","0","2","0","0","0","0","0","0","0","0","0","4"
"0x77856b7afe80","      SEL R35, R30, RZ, P2","9","6","9","32768","1048576","1048576","32","32","0","0","0","-","-","-","0","0","0","0","0","0","0","0","-","0","0","0","0","0","0","0","0","0","0","0","0","0","0","0","0","0","0","0","3","0","0","0","6","0","0","0","0","0","0","0","0","0","0","0","0","0","0","0","0","0","6"
"0x77856b7afe90","      SEL R36, R28, RZ, P2","1","0","1","32768","1048576","1048576","32","32","0","0","0","-","-","-","0","0","0","0","0","0","0","0","-","0","0","0","0","0","0","0","0","0","0","0","0","0","0","0","0","0","0","0","1","0","0","0","0","0","0","0","0","0","0","0","0","0","0","0","0","0","0","0","0","0","0"
"0x77856b7afea0","      SEL R37, R24, RZ, P2","5","4","5","32768","1048576","1048576","32","32","0","0","0","-","-","-","0","0","0","0","0","0","0","0","-","0","0","0","0","0","0","0","0","0","0","0","0","0","0","0","0","0","0","0","1","0","0","0","4","0","0","0","0","0","0","0","0","0","0","0","0","0","0","0","0","0","4"
"0x77856b7afeb0","      LEA R24, P2, R25, R4, 0x1","3","0","3","32768","1048576","1048576","32","32","0","0","0","-","-","-","0","0","0","0","0","0","0","0","-","0","0","0","0","0","0","0","0","0","0","0","0","0","0","0","0","0","0","0","3","0","0","0","0","0","0","0","0","0","0","0","0","0","0","0","0","0","0","0","0","0","0"
"0x77856b7afec0","      IMAD R29, R140, 0xa0, R75","3","0","3","32768","1048576","1048576","32","32","0","0","0","-","-","-","0","0","0","0","0","0","0","0","-","0","0","0","0","0","0","0","0","0","0","0","0","0","0","0","0","0","0","0","3","0","0","0","0","0","0","0","0","0","0","0","0","0","0","0","0","0","0","0","0","0","0"
"0x77856b7afed0","      LEA.HI.X.SX32 R25, R25, R5, 0x1, P2","9","4","9","32768","1048576","1048576","32","32","0","0","0","-","-","-","0","0","0","0","0","0","0","0","-","0","0","0","0","0","0","0","0","0","0","0","0","0","1","0","0","0","0","1","2","0","0","0","5","0","0","0","0","0","0","0","1","0","0","0","0","0","0","0","0","0","3"
"0x77856b7afee0","      LEA R26, P2, R27, R4, 0x1","8","3","8","32768","1048576","1048576","32","32","0","0","0","-","-","-","0","0","0","0","0","0","0","0","-","0","0","0","0","0","0","0","0","0","0","0","0","0","0","0","0","0","0","0","5","0","0","0","3","0","0","0","0","0","0","0","0","0","0","0","0","0","0","0","0","0","3"
"0x77856b7afef0","      IMAD R75, R140, 0xb0, R75","5","0","5","32768","1048576","1048576","32","32","0","0","0","-","-","-","0","0","0","0","0","0","0","0","-","0","0","0","0","0","0","0","0","0","0","0","0","0","0","0","0","0","0","0","5","0","0","0","0","0","0","0","0","0","0","0","0","0","0","0","0","0","0","0","0","0","0"
"0x77856b7aff00","      LEA.HI.X.SX32 R27, R27, R5, 0x1, P2","9","8","9","32768","1048576","1048576","32","32","0","0","0","-","-","-","0","0","0","0","0","0","0","0","-","0","0","0","0","0","0","0","0","0","0","0","0","0","0","0","0","0","0","0","1","0","0","0","8","0","0","0","0","0","0","0","0","0","0","0","0","0","0","0","0","0","8"
"0x77856b7aff10","      LEA R28, P2, R29, R4, 0x1","6","4","6","32768","1048576","1048576","32","32","0","0","0","-","-","-","0","0","0","0","0","0","0","0","-","0","0","0","0","0","0","0","0","0","0","0","0","0","0","0","0","0","0","0","2","0","0","0","4","0","0","0","0","0","0","0","0","0","0","0","0","0","0","0","0","0","4"
"0x77856b7aff20","      IMAD R33, R139, 0x80, R84","1","0","1","32768","1048576","1048576","32","32","0","0","0","-","-","-","0","0","0","0","0","0","0","0","-","0","0","0","0","0","0","0","0","0","0","0","0","0","0","0","0","0","0","0","1","0","0","0","0","0","0","0","0","0","0","0","0","0","0","0","0","0","0","0","0","0","0"
"0x77856b7aff30","      LEA.HI.X.SX32 R29, R29, R5, 0x1, P2","8","4","8","32768","1048576","1048576","32","32","0","0","0","-","-","-","0","0","0","0","0","0","0","0","-","0","0","0","0","0","0","0","0","0","0","0","0","0","2","0","0","0","0","1","1","0","0","0","4","0","0","0","0","0","0","0","0","0","0","0","0","0","0","0","0","0","4"
"0x77856b7aff40","      LEA R30, P2, R75, R4, 0x1","7","4","7","32768","1048576","1048576","32","32","0","0","0","-","-","-","0","0","0","0","0","0","0","0","-","0","0","0","0","0","0","0","0","0","0","0","0","0","0","0","0","0","0","0","3","0","0","0","4","0","0","0","0","0","0","0","0","0","0","0","0","0","0","0","0","0","4"
"0x77856b7aff50","      LEA.HI.X.SX32 R31, R75, R5, 0x1, P2","5","3","5","32768","1048576","1048576","32","32","0","0","0","-","-","-","0","0","0","0","0","0","0","0","-","0","0","0","0","0","0","0","0","0","0","0","0","0","2","0","0","0","0","0","0","0","0","0","3","0","0","0","0","0","0","0","1","0","0","0","0","0","0","0","0","0","2"
"0x77856b7aff60","      LEA R32, P2, R33, R2, 0x1","4","1","4","32768","1048576","1048576","32","32","0","0","0","-","-","-","0","0","0","0","0","0","0","0","-","0","0","0","0","0","0","0","0","0","0","0","0","0","0","0","0","0","0","0","3","0","0","0","1","0","0","0","0","0","0","0","0","0","0","0","0","0","0","0","0","0","1"
"0x77856b7aff70","      ISETP.NE.U32.AND P5, PT, R34, RZ, PT","3","2","3","32768","1048576","1048576","32","32","0","0","0","-","-","-","0","0","0","0","0","0","0","0","-","0","0","0","0","0","0","0","0","0","0","0","0","0","0","0","0","0","0","0","1","0","0","0","2","0","0","0","0","0","0","0","0","0","0","0","0","0","0","0","0","0","2"
"0x77856b7aff80","      BAR.SYNC.DEFER_BLOCKING 0x0","6","0","6","32768","1048576","1048576","32","32","0","0","0","-","-","-","0","0","0","0","0","0","0","0","-","0","0","0","0","0","0","0","0","0","0","0","0","0","0","0","0","0","0","0","6","0","0","0","0","0","0","0","0","0","0","0","0","0","0","0","0","0","0","0","0","0","0"
"0x77856b7aff90","      ISETP.NE.U32.AND P4, PT, R35, RZ, PT","2","0","2","32768","1048576","1048576","32","32","0","0","0","-","-","-","0","0","0","0","0","0","0","0","-","0","0","0","0","0","0","0","0","0","0","0","0","0","0","0","0","0","0","0","2","0","0","0","0","0","0","0","0","0","0","0","0","0","0","0","0","0","0","0","0","0","0"
"0x77856b7affa0","      LEA.HI.X.SX32 R33, R33, R3, 0x1, P2","5","1","5","32768","1048576","1048576","32","32","0","0","0","-","-","-","0","0","0","0","0","0","0","0","-","0","0","0","0","0","0","0","0","0","0","0","0","0","0","0","0","0","0","0","4","0","0","0","1","0","0","0","0","0","0","0","0","0","0","0","0","0","0","0","0","0","1"
"0x77856b7affb0","      ISETP.NE.U32.AND P3, PT, R36, RZ, PT","2","0","2","32768","1048576","1048576","32","32","0","0","0","-","-","-","0","0","0","0","0","0","0","0","-","0","0","0","0","0","0","0","0","0","0","0","0","0","0","0","0","0","0","0","2","0","0","0","0","0","0","0","0","0","0","0","0","0","0","0","0","0","0","0","0","0","0"
"0x77856b7affc0","      ISETP.NE.U32.AND P2, PT, R37, RZ, PT","4","2","4","32768","1048576","1048576","32","32","0","0","0","-","-","-","0","0","0","0","0","0","0","0","-","0","0","0","0","0","0","0","0","0","0","0","0","0","2","0","0","0","0","2","0","0","0","0","0","0","0","0","0","0","0","0","2","0","0","0","0","0","0","0","0","0","0"
"0x77856b7affd0","      IMAD R35, R139, 0x90, R84","1","0","1","32768","1048576","1048576","32","32","0","0","0","-","-","-","0","0","0","0","0","0","0","0","-","0","0","0","0","0","0","0","0","0","0","0","0","0","0","0","0","0","0","0","1","0","0","0","0","0","0","0","0","0","0","0","0","0","0","0","0","0","0","0","0","0","0"
"0x77856b7affe0","@!PT  LDS RZ, [RZ]","85","60","85","32768","1048576","0","32","0","32","32","0","","Load","32","0","0","0","0","0","0","0","0","-","0","0","0","0","0","0","84","0","0","0","0","0","0","0","0","0","0","0","1","0","0","0","0","0","60","0","0","0","0","0","0","0","0","0","0","0","0","0","0","0","0","0"
"0x77856b7afff0","@!PT  LDS RZ, [RZ]","2","0","2","32768","1048576","0","32","0","0","32","0","","Load","32","0","0","0","0","0","0","0","0","-","0","0","0","0","0","0","0","0","0","0","0","0","0","0","0","0","0","0","0","2","0","0","0","0","0","0","0","0","0","0","0","0","0","0","0","0","0","0","0","0","0","0"
"0x77856b7b0000","@!PT  LDS RZ, [RZ]","1","0","1","32768","1048576","0","32","0","0","32","0","","Load","32","0","0","0","0","0","0","0","0","-","0","0","0","0","0","0","0","0","0","0","0","0","0","0","0","0","0","0","0","1","0","0","0","0","0","0","0","0","0","0","0","0","0","0","0","0","0","0","0","0","0","0"
"0x77856b7b0010","      LDGSTS.E.BYPASS.128 desc[UR20][R24.64], P5, [R149+0x8000]","1","0","1","32768","1048576","1048576","32","32","32","0","0","Global,Shared","Load,Store","128","129024","4","0","131072","131072","0","516096","516096","","0","0","0","0","0","0","0","0","0","0","0","0","0","0","0","0","0","0","0","1","0","0","0","0","0","0","0","0","0","0","0","0","0","0","0","0","0","0","0","0","0","0"
"0x77856b7b0020","      LDGSTS.E.BYPASS.128 desc[UR20][R26.64], P4, [R149+0x8800]","5","0","5","32768","1048576","1048576","32","32","0","0","0","Global,Shared","Load,Store","128","129024","4","0","131072","131072","0","516096","516096","","0","0","0","0","0","0","0","0","0","0","0","0","0","0","0","0","0","0","0","1","0","0","0","4","0","0","0","0","0","0","0","0","0","0","0","0","0","0","0","0","0","0"
"0x77856b7b0030","      LDGSTS.E.BYPASS.128 desc[UR20][R28.64], P3, [R149+0x9000]","9","6","9","32768","1048576","1048576","32","32","0","0","0","Global,Shared","Load,Store","128","129024","4","0","131072","131072","0","516096","516096","","0","0","0","0","0","0","0","0","0","0","0","0","0","0","0","0","0","0","0","3","0","0","0","6","0","0","0","0","0","0","0","0","0","0","0","0","0","0","0","0","0","6"
"0x77856b7b0040","      LDGSTS.E.BYPASS.128 desc[UR20][R30.64], P2, [R149+0x9800]","9","6","9","32768","1048576","1048576","32","32","0","0","0","Global,Shared","Load,Store","128","129024","4","0","131072","131072","0","516096","516096","","0","0","0","0","0","0","0","0","0","0","0","0","0","0","0","3","0","0","1","1","0","0","0","4","0","0","0","0","0","0","0","0","0","3","0","0","0","0","0","0","0","3"
"0x77856b7b0050","      IMAD R25, R139, 0xa0, R84","26","17","26","32768","1048576","1048576","32","32","0","0","0","-","-","-","0","0","0","0","0","0","0","0","-","0","0","0","0","0","0","0","0","0","0","0","0","23","1","0","0","0","0","1","1","0","0","0","0","0","0","0","0","0","0","16","1","0","0","0","0","0","0","0","0","0","0"
"0x77856b7b0060","      LDGDEPBAR","5","4","5","32768","1048576","1048576","32","32","0","0","0","-","-","-","0","0","0","0","0","0","0","0","-","0","0","0","0","0","0","0","0","0","0","0","0","0","0","0","2","0","0","0","1","0","0","0","2","0","0","0","0","0","0","0","0","0","2","0","0","0","0","0","0","0","2"
"0x77856b7b0070","      LDGSTS.E.BYPASS.128 desc[UR20][R32.64], P5, [R149+0x18000]","10","9","10","32768","1048576","1048576","32","32","0","0","0","Global,Shared","Load,Store","128","129024","4","0","131072","131072","0","516096","516096","","0","0","0","0","0","0","0","0","0","0","0","3","0","0","0","0","0","0","0","1","0","0","0","6","0","0","0","0","0","3","0","0","0","0","0","0","0","0","0","0","0","6"
"0x77856b7b0080","      LEA R34, P5, R35, R2, 0x1","2","0","2","32768","1048576","1048576","32","32","0","0","0","-","-","-","0","0","0","0","0","0","0","0","-","0","0","0","0","0","0","0","0","0","0","0","0","0","0","0","0","0","0","0","2","0","0","0","0","0","0","0","0","0","0","0","0","0","0","0","0","0","0","0","0","0","0"
"0x77856b7b0090","      LEA.HI.X.SX32 R35, R35, R3, 0x1, P5","4","2","4","32768","1048576","1048576","32","32","0","0","0","-","-","-","0","0","0","0","0","0","0","0","-","0","0","0","0","0","0","0","0","0","0","0","0","0","0","0","0","0","0","0","2","0","0","0","2","0","0","0","0","0","0","0","0","0","0","0","0","0","0","0","0","0","2"
"0x77856b7b00a0","      LEA R36, P5, R25, R2, 0x1","4","3","4","32768","1048576","1048576","32","32","0","0","0","-","-","-","0","0","0","0","0","0","0","0","-","0","0","0","0","0","0","0","0","0","0","0","0","0","0","0","0","0","0","0","1","0","0","0","3","0","0","0","0","0","0","0","0","0","0","0","0","0","0","0","0","0","3"
"0x77856b7b00b0","      LDGSTS.E.BYPASS.128 desc[UR20][R34.64], P4, [R149+0x18800]","6","4","6","32768","1048576","1048576","32","32","0","0","0","Global,Shared","Load,Store","128","129024","4","0","131072","131072","0","516096","516096","","0","0","0","0","0","0","0","0","0","0","0","0","0","0","0","0","0","0","0","2","0","0","0","4","0","0","0","0","0","0","0","0","0","0","0","0","0","0","0","0","0","4"
"0x77856b7b00c0","      LEA.HI.X.SX32 R37, R25, R3, 0x1, P5","2","0","2","32768","1048576","1048576","32","32","0","0","0","-","-","-","0","0","0","0","0","0","0","0","-","0","0","0","0","0","0","0","0","0","0","0","0","0","0","0","0","0","0","0","2","0","0","0","0","0","0","0","0","0","0","0","0","0","0","0","0","0","0","0","0","0","0"
"0x77856b7b00d0","      IMAD R25, R139, 0xb0, R84","0","0","0","32768","1048576","1048576","32","32","0","0","0","-","-","-","0","0","0","0","0","0","0","0","-","0","0","0","0","0","0","0","0","0","0","0","0","0","0","0","0","0","0","0","0","0","0","0","0","0","0","0","0","0","0","0","0","0","0","0","0","0","0","0","0","0","0"
"0x77856b7b00e0","      LDGSTS.E.BYPASS.128 desc[UR20][R36.64], P3, [R149+0x19000]","28","23","28","32768","1048576","1048576","32","32","0","0","0","Global,Shared","Load,Store","128","129024","4","0","131072","131072","0","516096","516096","","0","0","0","0","0","0","0","0","0","0","0","16","0","0","0","0","0","0","2","1","0","0","0","9","0","0","0","0","0","16","0","0","0","0","0","0","0","0","0","0","0","7"
"0x77856b7b00f0","      LEA R28, P5, R25, R2, 0x1","20","12","20","32768","1048576","1048576","32","32","0","0","0","-","-","-","0","0","0","0","0","0","0","0","-","0","0","0","0","0","0","0","0","0","0","0","0","17","0","0","0","0","0","0","3","0","0","0","0","0","0","0","0","0","0","12","0","0","0","0","0","0","0","0","0","0","0"
"0x77856b7b0100","      LEA.HI.X.SX32 R29, R25, R3, 0x1, P5","4","2","4","32768","1048576","1048576","32","32","0","0","0","-","-","-","0","0","0","0","0","0","0","0","-","0","0","0","0","0","0","0","0","0","0","0","0","0","0","0","0","0","0","0","0","0","0","0","4","0","0","0","0","0","0","0","0","0","0","0","0","0","0","0","0","0","2"
"0x77856b7b0110","      LDGSTS.E.BYPASS.128 desc[UR20][R28.64], P2, [R149+0x19800]","25","21","25","32768","1048576","1048576","32","32","0","0","0","Global,Shared","Load,Store","128","129024","4","0","131072","131072","0","516096","516096","","0","0","0","0","0","0","0","0","0","0","0","16","0","0","0","5","0","0","0","1","0","0","0","3","0","0","0","0","0","13","0","0","0","5","0","0","0","0","0","0","0","3"
"0x77856b7b0120","      ISETP.GE.AND P2, PT, R18, 0x1, PT","1","0","1","32768","1048576","1048576","32","32","0","0","0","-","-","-","0","0","0","0","0","0","0","0","-","0","0","0","0","0","0","0","0","0","0","0","0","0","0","0","0","0","0","0","1","0","0","0","0","0","0","0","0","0","0","0","0","0","0","0","0","0","0","0","0","0","0"
"0x77856b7b0130","      VIADD R148, R18, 0x40","1","0","1","32768","1048576","1048576","32","32","0","0","0","-","-","-","0","0","0","0","0","0","0","0","-","0","0","0","0","0","0","0","0","0","0","0","0","0","0","0","0","0","0","0","1","0","0","0","0","0","0","0","0","0","0","0","0","0","0","0","0","0","0","0","0","0","0"
"0x77856b7b0140","      SHF.R.U32.HI R24, RZ, 0x5, R0","3","0","3","32768","1048576","1048576","32","32","0","0","0","-","-","-","0","0","0","0","0","0","0","0","-","0","0","0","0","0","0","0","0","0","0","0","0","0","0","0","0","0","0","0","3","0","0","0","0","0","0","0","0","0","0","0","0","0","0","0","0","0","0","0","0","0","0"
"0x77856b7b0150","      LDGDEPBAR","38","29","38","32768","1048576","1048576","32","32","0","0","0","-","-","-","0","0","0","0","0","0","0","0","-","0","0","0","0","0","0","0","0","0","0","0","17","0","0","0","15","0","0","0","6","0","0","0","0","0","0","0","0","0","14","0","0","0","15","0","0","0","0","0","0","0","0"
"0x77856b7b0160","      LOP3.LUT R152, R148, R147, RZ, 0xfc, !PT","13","6","13","32768","1048576","1048576","32","32","0","0","0","-","-","-","0","0","0","0","0","0","0","0","-","0","0","0","0","0","0","0","0","0","0","0","0","0","0","0","0","0","0","0","7","0","0","0","6","0","0","0","0","0","0","0","0","0","0","0","0","0","0","0","0","0","6"
"0x77856b7b0170","@!PT  LDS RZ, [RZ]","19","16","19","32768","1048576","0","32","0","32","32","0","","Load","32","0","0","0","0","0","0","0","0","-","0","0","0","0","0","0","0","0","0","0","0","0","0","0","0","16","0","0","0","3","0","0","0","0","0","0","0","0","0","0","0","0","0","16","0","0","0","0","0","0","0","0"
"0x77856b7b0180","      MEMBAR.ALL.CTA","32","28","32","32768","1048576","1048576","32","32","32","0","0","-","-","-","0","0","0","0","0","0","0","0","-","0","0","0","0","0","0","0","0","0","0","0","4","0","0","0","25","0","0","1","2","0","0","0","0","0","0","0","0","0","3","0","0","0","25","0","0","0","0","0","0","0","0"
"0x77856b7b0190","      FENCE.VIEW.ASYNC.S","188","172","188","32768","1048576","1048576","32","32","0","0","0","-","-","-","0","0","0","0","0","0","0","0","-","0","0","0","0","0","0","0","0","0","0","0","0","174","0","0","0","0","0","0","4","0","0","0","10","0","0","0","0","0","0","162","0","0","0","0","0","0","0","0","0","0","10"
"0x77856b7b01a0","      R2UR UR23, R24","4","0","4","32768","1048576","1048576","32","32","0","0","0","-","-","-","0","0","0","0","0","0","0","0","-","0","0","0","0","0","0","0","0","0","0","0","0","0","0","0","0","0","0","0","4","0","0","0","0","0","0","0","0","0","0","0","0","0","0","0","0","0","0","0","0","0","0"
"0x77856b7b01b0","      IMAD.MOV.U32 R146, RZ, RZ, -0x800000","3","0","3","32768","1048576","1048576","32","32","0","0","0","-","-","-","0","0","0","0","0","0","0","0","-","0","0","0","0","0","0","0","0","0","0","0","0","0","0","0","0","0","0","0","3","0","0","0","0","0","0","0","0","0","0","0","0","0","0","0","0","0","0","0","0","0","0"
"0x77856b7b01c0","      P2R R169, PR, RZ, 0x40","2","0","2","32768","1048576","1048576","32","32","0","0","0","-","-","-","0","0","0","0","0","0","0","0","-","0","0","0","0","0","0","0","0","0","0","0","0","0","0","0","0","0","0","0","2","0","0","0","0","0","0","0","0","0","0","0","0","0","0","0","0","0","0","0","0","0","0"
"0x77856b7b01d0","      CS2R R144, SRZ","13","6","13","32768","1048576","1048576","32","32","0","0","0","-","-","-","0","0","0","0","0","0","0","0","-","0","0","0","0","0","0","0","0","0","0","0","0","0","8","0","0","0","0","4","1","0","0","0","0","0","0","0","0","0","0","0","6","0","0","0","0","0","0","0","0","0","0"
"0x77856b7b01e0","      IMAD.MOV.U32 R143, RZ, RZ, -0x800000","0","0","0","32768","1048576","1048576","32","32","0","0","0","-","-","-","0","0","0","0","0","0","0","0","-","0","0","0","0","0","0","0","0","0","0","0","0","0","0","0","0","0","0","0","0","0","0","0","0","0","0","0","0","0","0","0","0","0","0","0","0","0","0","0","0","0","0"
"0x77856b7b01f0","      CS2R R24, SRZ","1","0","1","32768","1048576","1048576","32","32","0","0","0","-","-","-","0","0","0","0","0","0","0","0","-","0","0","0","0","0","0","0","0","0","0","0","0","0","0","0","0","0","0","0","1","0","0","0","0","0","0","0","0","0","0","0","0","0","0","0","0","0","0","0","0","0","0"
"0x77856b7b0200","      CS2R R26, SRZ","4","3","4","32768","1048576","1048576","32","32","0","0","0","-","-","-","0","0","0","0","0","0","0","0","-","0","0","0","0","0","0","0","0","0","0","0","0","0","0","0","0","0","0","0","1","0","0","0","3","0","0","0","0","0","0","0","0","0","0","0","0","0","0","0","0","0","3"
"0x77856b7b0210","      CS2R R28, SRZ","4","2","4","32768","1048576","1048576","32","32","0","0","0","-","-","-","0","0","0","0","0","0","0","0","-","0","0","0","0","0","0","0","0","0","0","0","0","0","0","0","0","0","0","1","1","0","0","0","2","0","0","0","0","0","0","0","0","0","0","0","0","0","0","0","0","0","2"
"0x77856b7b0220","      CS2R R30, SRZ","3","1","3","32768","1048576","1048576","32","32","0","0","0","-","-","-","0","0","0","0","0","0","0","0","-","0","0","0","0","0","0","0","0","0","0","0","0","0","0","0","0","0","0","0","2","0","0","0","1","0","0","0","0","0","0","0","0","0","0","0","0","0","0","0","0","0","1"
"0x77856b7b0230","      CS2R R32, SRZ","4","3","4","32768","1048576","1048576","32","32","0","0","0","-","-","-","0","0","0","0","0","0","0","0","-","0","0","0","0","0","0","0","0","0","0","0","0","0","1","0","0","0","0","0","1","0","0","0","2","0","0","0","0","0","0","0","1","0","0","0","0","0","0","0","0","0","2"
"0x77856b7b0240","      CS2R R34, SRZ","24","6","24","32768","1048576","1048576","32","32","0","0","0","-","-","-","0","0","0","0","0","0","0","0","-","0","0","0","0","0","0","0","0","0","0","0","0","0","5","0","0","0","0","16","2","0","0","0","1","0","0","0","0","0","0","0","5","0","0","0","0","0","0","0","0","0","1"
"0x77856b7b0250","      CS2R R36, SRZ","4","1","4","32768","1048576","1048576","32","32","0","0","0","-","-","-","0","0","0","0","0","0","0","0","-","0","0","0","0","0","0","0","0","0","0","0","0","0","1","0","0","0","0","0","1","0","0","0","2","0","0","0","0","0","0","0","0","0","0","0","0","0","0","0","0","0","1"
"0x77856b7b0260","      CS2R R38, SRZ","6","3","6","32768","1048576","1048576","32","32","0","0","0","-","-","-","0","0","0","0","0","0","0","0","-","0","0","0","0","0","0","0","0","0","0","0","0","0","0","0","0","0","0","0","3","0","0","0","3","0","0","0","0","0","0","0","0","0","0","0","0","0","0","0","0","0","3"
"0x77856b7b0270","      CS2R R40, SRZ","7","3","7","32768","1048576","1048576","32","32","0","0","0","-","-","-","0","0","0","0","0","0","0","0","-","0","0","0","0","0","0","0","0","0","0","0","0","0","0","0","0","0","0","0","4","0","0","0","3","0","0","0","0","0","0","0","0","0","0","0","0","0","0","0","0","0","3"
"0x77856b7b0280","      CS2R R42, SRZ","2","0","2","32768","1048576","1048576","32","32","0","0","0","-","-","-","0","0","0","0","0","0","0","0","-","0","0","0","0","0","0","0","0","0","0","0","0","0","0","0","0","0","0","0","2","0","0","0","0","0","0","0","0","0","0","0","0","0","0","0","0","0","0","0","0","0","0"
"0x77856b7b0290","      CS2R R44, SRZ","2","0","2","32768","1048576","1048576","32","32","0","0","0","-","-","-","0","0","0","0","0","0","0","0","-","0","0","0","0","0","0","0","0","0","0","0","0","0","0","0","0","0","0","0","2","0","0","0","0","0","0","0","0","0","0","0","0","0","0","0","0","0","0","0","0","0","0"
"0x77856b7b02a0","      CS2R R46, SRZ","28","12","28","32768","1048576","1048576","32","32","0","0","0","-","-","-","0","0","0","0","0","0","0","0","-","0","0","0","0","0","0","0","0","0","0","0","0","0","11","0","0","0","0","14","2","0","0","0","1","0","0","0","0","0","0","0","11","0","0","0","0","0","0","0","0","0","1"
"0x77856b7b02b0","      CS2R R48, SRZ","3","1","3","32768","1048576","1048576","32","32","0","0","0","-","-","-","0","0","0","0","0","0","0","0","-","0","0","0","0","0","0","0","0","0","0","0","0","0","0","0","0","0","0","0","2","0","0","0","1","0","0","0","0","0","0","0","0","0","0","0","0","0","0","0","0","0","1"
"0x77856b7b02c0","      CS2R R50, SRZ","4","3","4","32768","1048576","1048576","32","32","0","0","0","-","-","-","0","0","0","0","0","0","0","0","-","0","0","0","0","0","0","0","0","0","0","0","0","0","0","0","0","0","0","0","1","0","0","0","3","0","0","0","0","0","0","0","0","0","0","0","0","0","0","0","0","0","3"
"0x77856b7b02d0","      CS2R R52, SRZ","3","1","3","32768","1048576","1048576","32","32","0","0","0","-","-","-","0","0","0","0","0","0","0","0","-","0","0","0","0","0","0","0","0","0","0","0","0","0","0","0","0","0","0","0","2","0","0","0","1","0","0","0","0","0","0","0","0","0","0","0","0","0","0","0","0","0","1"
"0x77856b7b02e0","      CS2R R54, SRZ","3","1","3","32768","1048576","1048576","32","32","0","0","0","-","-","-","0","0","0","0","0","0","0","0","-","0","0","0","0","0","0","0","0","0","0","0","0","0","0","0","0","0","0","0","2","0","0","0","1","0","0","0","0","0","0","0","0","0","0","0","0","0","0","0","0","0","1"
"0x77856b7b02f0","      CS2R R56, SRZ","4","2","4","32768","1048576","1048576","32","32","0","0","0","-","-","-","0","0","0","0","0","0","0","0","-","0","0","0","0","0","0","0","0","0","0","0","0","0","0","0","0","0","0","0","2","0","0","0","2","0","0","0","0","0","0","0","0","0","0","0","0","0","0","0","0","0","2"
"0x77856b7b0300","      CS2R R58, SRZ","23","12","23","32768","1048576","1048576","32","32","0","0","0","-","-","-","0","0","0","0","0","0","0","0","-","0","0","0","0","0","0","0","0","0","0","0","0","0","9","0","0","0","0","9","2","0","0","0","3","0","0","0","0","0","0","0","9","0","0","0","0","0","0","0","0","0","3"
"0x77856b7b0310","      CS2R R60, SRZ","0","0","0","32768","1048576","1048576","32","32","0","0","0","-","-","-","0","0","0","0","0","0","0","0","-","0","0","0","0","0","0","0","0","0","0","0","0","0","0","0","0","0","0","0","0","0","0","0","0","0","0","0","0","0","0","0","0","0","0","0","0","0","0","0","0","0","0"
"0x77856b7b0320","      CS2R R62, SRZ","9","2","9","32768","1048576","1048576","32","32","0","0","0","-","-","-","0","0","0","0","0","0","0","0","-","0","0","0","0","0","0","0","0","0","0","0","0","0","0","0","0","0","0","0","7","0","0","0","2","0","0","0","0","0","0","0","0","0","0","0","0","0","0","0","0","0","2"
"0x77856b7b0330","      CS2R R64, SRZ","4","2","4","32768","1048576","1048576","32","32","0","0","0","-","-","-","0","0","0","0","0","0","0","0","-","0","0","0","0","0","0","0","0","0","0","0","0","0","0","0","0","0","0","0","2","0","0","0","2","0","0","0","0","0","0","0","0","0","0","0","0","0","0","0","0","0","2"
"0x77856b7b0340","      CS2R R66, SRZ","1","0","1","32768","1048576","1048576","32","32","0","0","0","-","-","-","0","0","0","0","0","0","0","0","-","0","0","0","0","0","0","0","0","0","0","0","0","0","0","0","0","0","0","0","1","0","0","0","0","0","0","0","0","0","0","0","0","0","0","0","0","0","0","0","0","0","0"
"0x77856b7b0350","      CS2R R68, SRZ","4","2","4","32768","1048576","1048576","32","32","0","0","0","-","-","-","0","0","0","0","0","0","0","0","-","0","0","0","0","0","0","0","0","0","0","0","0","0","0","0","0","0","0","0","2","0","0","0","2","0","0","0","0","0","0","0","0","0","0","0","0","0","0","0","0","0","2"
"0x77856b7b0360","      CS2R R70, SRZ","20","11","20","32768","1048576","1048576","32","32","0","0","0","-","-","-","0","0","0","0","0","0","0","0","-","0","0","0","0","0","0","0","0","0","0","0","0","0","9","0","0","0","0","5","3","0","0","0","3","0","0","0","0","0","0","0","8","0","0","0","0","0","0","0","0","0","3"
"0x77856b7b0370","      CS2R R72, SRZ","5","3","5","32768","1048576","1048576","32","32","0","0","0","-","-","-","0","0","0","0","0","0","0","0","-","0","0","0","0","0","0","0","0","0","0","0","0","0","0","0","0","0","0","0","2","0","0","0","3","0","0","0","0","0","0","0","0","0","0","0","0","0","0","0","0","0","3"
"0x77856b7b0380","      CS2R R74, SRZ","1","1","1","32768","1048576","1048576","32","32","0","0","0","-","-","-","0","0","0","0","0","0","0","0","-","0","0","0","0","0","0","0","0","0","0","0","0","0","0","0","0","0","0","0","0","0","0","0","1","0","0","0","0","0","0","0","0","0","0","0","0","0","0","0","0","0","1"
"0x77856b7b0390","      CS2R R76, SRZ","6","1","6","32768","1048576","1048576","32","32","0","0","0","-","-","-","0","0","0","0","0","0","0","0","-","0","0","0","0","0","0","0","0","0","0","0","0","0","2","0","0","0","0","2","2","0","0","0","0","0","0","0","0","0","0","0","1","0","0","0","0","0","0","0","0","0","0"
"0x77856b7b03a0","      CS2R R78, SRZ","3","1","3","32768","1048576","1048576","32","32","0","0","0","-","-","-","0","0","0","0","0","0","0","0","-","0","0","0","0","0","0","0","0","0","0","0","0","0","0","0","0","0","0","0","2","0","0","0","1","0","0","0","0","0","0","0","0","0","0","0","0","0","0","0","0","0","1"
"0x77856b7b03b0","      CS2R R80, SRZ","4","2","4","32768","1048576","1048576","32","32","0","0","0","-","-","-","0","0","0","0","0","0","0","0","-","0","0","0","0","0","0","0","0","0","0","0","0","0","0","0","0","0","0","0","2","0","0","0","2","0","0","0","0","0","0","0","0","0","0","0","0","0","0","0","0","0","2"
"0x77856b7b03c0","      CS2R R84, SRZ","21","8","21","32768","1048576","1048576","32","32","0","0","0","-","-","-","0","0","0","0","0","0","0","0","-","0","0","0","0","0","0","0","0","0","0","0","0","0","4","0","0","0","0","11","2","0","0","0","4","0","0","0","0","0","0","0","4","0","0","0","0","0","0","0","0","0","4"
"0x77856b7b03d0","      CS2R R86, SRZ","1","1","1","32768","1048576","1048576","32","32","0","0","0","-","-","-","0","0","0","0","0","0","0","0","-","0","0","0","0","0","0","0","0","0","0","0","0","0","0","0","0","0","0","0","0","0","0","0","1","0","0","0","0","0","0","0","0","0","0","0","0","0","0","0","0","0","1"
"0x77856b7b03e0","      IMAD R158, R152, R139, RZ","2","0","2","32768","1048576","1048576","32","32","0","0","0","-","-","-","0","0","0","0","0","0","0","0","-","0","0","0","0","0","0","0","0","0","0","0","0","0","0","0","0","0","0","0","2","0","0","0","0","0","0","0","0","0","0","0","0","0","0","0","0","0","0","0","0","0","0"
"0x77856b7b03f0","@!P2  BRA 0x77856b7b1e60","3","0","3","32768","1048576","8192","32","0","32","32","0","-","-","-","0","0","0","0","0","0","0","0","-","0","0","0","0","0","0","0","0","0","0","0","0","0","0","0","0","0","0","0","3","0","0","0","0","0","0","0","0","0","0","0","0","0","0","0","0","0","0","0","0","0","0"
"0x77856b7b0400","      VIADD R171, R18, 0xffffff40","17","2","17","32512","1040384","1040384","32","32","32","0","0","-","-","-","0","0","0","0","0","0","0","0","-","0","0","0","0","0","0","0","0","0","0","0","0","0","1","0","0","0","0","2","1","0","0","0","13","0","0","0","0","0","0","0","0","0","0","0","0","0","0","0","0","0","2"
"0x77856b7b0410","      SHF.R.U32.HI R161, RZ, 0x4, R0","4","0","4","32512","1040384","1040384","32","32","0","0","0","-","-","-","0","0","0","0","0","0","0","0","-","0","0","0","0","0","0","0","0","0","0","0","0","0","0","0","0","0","0","0","4","0","0","0","0","0","0","0","0","0","0","0","0","0","0","0","0","0","0","0","0","0","0"
"0x77856b7b0420","      CS2R R144, SRZ","2","0","2","32512","1040384","1040384","32","32","0","0","0","-","-","-","0","0","0","0","0","0","0","0","-","0","0","0","0","0","0","0","0","0","0","0","0","0","0","0","0","0","0","0","2","0","0","0","0","0","0","0","0","0","0","0","0","0","0","0","0","0","0","0","0","0","0"
"0x77856b7b0430","      LOP3.LUT R159, R147, 0xf0, RZ, 0xfc, !PT","6","6","6","32512","1040384","1040384","32","32","0","0","0","-","-","-","0","0","0","0","0","0","0","0","-","0","0","0","0","0","0","0","0","0","0","0","0","0","0","0","0","0","0","0","0","0","0","0","6","0","0","0","0","0","0","0","0","0","0","0","0","0","0","0","0","0","6"
"0x77856b7b0440","      IMAD.MOV.U32 R146, RZ, RZ, -0x800000","0","0","0","32512","1040384","1040384","32","32","0","0","0","-","-","-","0","0","0","0","0","0","0","0","-","0","0","0","0","0","0","0","0","0","0","0","0","0","0","0","0","0","0","0","0","0","0","0","0","0","0","0","0","0","0","0","0","0","0","0","0","0","0","0","0","0","0"
"0x77856b7b0450","      LOP3.LUT R157, R147, 0xe0, RZ, 0xfc, !PT","3","0","3","32512","1040384","1040384","32","32","0","0","0","-","-","-","0","0","0","0","0","0","0","0","-","0","0","0","0","0","0","0","0","0","0","0","0","0","0","0","0","0","0","0","3","0","0","0","0","0","0","0","0","0","0","0","0","0","0","0","0","0","0","0","0","0","0"
"0x77856b7b0460","      IMAD.MOV.U32 R153, RZ, RZ, RZ","3","0","3","32512","1040384","1040384","32","32","0","0","0","-","-","-","0","0","0","0","0","0","0","0","-","0","0","0","0","0","0","0","0","0","0","0","0","0","0","0","0","0","0","0","3","0","0","0","0","0","0","0","0","0","0","0","0","0","0","0","0","0","0","0","0","0","0"
"0x77856b7b0470","      LOP3.LUT R156, R147, 0xd0, RZ, 0xfc, !PT","1","0","1","32512","1040384","1040384","32","32","0","0","0","-","-","-","0","0","0","0","0","0","0","0","-","0","0","0","0","0","0","0","0","0","0","0","0","0","0","0","0","0","0","0","1","0","0","0","0","0","0","0","0","0","0","0","0","0","0","0","0","0","0","0","0","0","0"
"0x77856b7b0480","      IMAD.MOV.U32 R154, RZ, RZ, RZ","1","0","1","32512","1040384","1040384","32","32","0","0","0","-","-","-","0","0","0","0","0","0","0","0","-","0","0","0","0","0","0","0","0","0","0","0","0","0","0","0","0","0","0","0","1","0","0","0","0","0","0","0","0","0","0","0","0","0","0","0","0","0","0","0","0","0","0"
"0x77856b7b0490","      LOP3.LUT R155, R147, 0xc0, RZ, 0xfc, !PT","3","0","3","32512","1040384","1040384","32","32","0","0","0","-","-","-","0","0","0","0","0","0","0","0","-","0","0","0","0","0","0","0","0","0","0","0","0","0","0","0","0","0","0","0","3","0","0","0","0","0","0","0","0","0","0","0","0","0","0","0","0","0","0","0","0","0","0"
"0x77856b7b04a0","      IMAD.MOV.U32 R143, RZ, RZ, -0x800000","5","0","5","32512","1040384","1040384","32","32","0","0","0","-","-","-","0","0","0","0","0","0","0","0","-","0","0","0","0","0","0","0","0","0","0","0","0","0","0","0","0","0","0","0","5","0","0","0","0","0","0","0","0","0","0","0","0","0","0","0","0","0","0","0","0","0","0"
"0x77856b7b04b0","      CS2R R24, SRZ","3","0","3","32512","1040384","1040384","32","32","0","0","0","-","-","-","0","0","0","0","0","0","0","0","-","0","0","0","0","0","0","0","0","0","0","0","0","0","0","0","0","0","0","0","3","0","0","0","0","0","0","0","0","0","0","0","0","0","0","0","0","0","0","0","0","0","0"
"0x77856b7b04c0","      CS2R R26, SRZ","30","13","30","32512","1040384","1040384","32","32","0","0","0","-","-","-","0","0","0","0","0","0","0","0","-","0","0","0","0","0","0","0","0","0","0","0","0","0","11","0","0","0","0","13","4","0","0","0","2","0","0","0","0","0","0","0","11","0","0","0","0","0","0","0","0","0","2"
"0x77856b7b04d0","      CS2R R28, SRZ","4","2","4","32512","1040384","1040384","32","32","0","0","0","-","-","-","0","0","0","0","0","0","0","0","-","0","0","0","0","0","0","0","0","0","0","0","0","0","0","0","0","0","0","0","2","0","0","0","2","0","0","0","0","0","0","0","0","0","0","0","0","0","0","0","0","0","2"
"0x77856b7b04e0","      CS2R R30, SRZ","1","0","1","32512","1040384","1040384","32","32","0","0","0","-","-","-","0","0","0","0","0","0","0","0","-","0","0","0","0","0","0","0","0","0","0","0","0","0","0","0","0","0","0","0","1","0","0","0","0","0","0","0","0","0","0","0","0","0","0","0","0","0","0","0","0","0","0"
"0x77856b7b04f0","      CS2R R32, SRZ","12","3","12","32512","1040384","1040384","32","32","0","0","0","-","-","-","0","0","0","0","0","0","0","0","-","0","0","0","0","0","0","0","0","0","0","0","0","0","5","0","0","0","0","3","2","0","0","0","2","0","0","0","0","0","0","0","1","0","0","0","0","0","0","0","0","0","2"
"0x77856b7b0500","      CS2R R34, SRZ","5","2","5","32512","1040384","1040384","32","32","0","0","0","-","-","-","0","0","0","0","0","0","0","0","-","0","0","0","0","0","0","0","0","0","0","0","0","0","0","0","0","0","0","0","3","0","0","0","2","0","0","0","0","0","0","0","0","0","0","0","0","0","0","0","0","0","2"
"0x77856b7b0510","      CS2R R36, SRZ","1","0","1","32512","1040384","1040384","32","32","0","0","0","-","-","-","0","0","0","0","0","0","0","0","-","0","0","0","0","0","0","0","0","0","0","0","0","0","0","0","0","0","0","0","1","0","0","0","0","0","0","0","0","0","0","0","0","0","0","0","0","0","0","0","0","0","0"
"0x77856b7b0520","      CS2R R38, SRZ","21","10","21","32512","1040384","1040384","32","32","0","0","0","-","-","-","0","0","0","0","0","0","0","0","-","0","0","0","0","0","0","0","0","0","0","0","0","0","7","0","0","0","0","8","3","0","0","0","3","0","0","0","0","0","0","0","7","0","0","0","0","0","0","0","0","0","3"
"0x77856b7b0530","      CS2R R40, SRZ","4","2","4","32512","1040384","1040384","32","32","0","0","0","-","-","-","0","0","0","0","0","0","0","0","-","0","0","0","0","0","0","0","0","0","0","0","0","0","0","0","0","0","0","0","2","0","0","0","2","0","0","0","0","0","0","0","0","0","0","0","0","0","0","0","0","0","2"
"0x77856b7b0540","      CS2R R42, SRZ","5","2","5","32512","1040384","1040384","32","32","0","0","0","-","-","-","0","0","0","0","0","0","0","0","-","0","0","0","0","0","0","0","0","0","0","0","0","0","0","0","0","0","0","0","3","0","0","0","2","0","0","0","0","0","0","0","0","0","0","0","0","0","0","0","0","0","2"
"0x77856b7b0550","      CS2R R44, SRZ","2","1","2","32512","1040384","1040384","32","32","0","0","0","-","-","-","0","0","0","0","0","0","0","0","-","0","0","0","0","0","0","0","0","0","0","0","0","0","0","0","0","0","0","0","1","0","0","0","1","0","0","0","0","0","0","0","0","0","0","0","0","0","0","0","0","0","1"
"0x77856b7b0560","      CS2R R46, SRZ","4","0","4","32512","1040384","1040384","32","32","0","0","0","-","-","-","0","0","0","0","0","0","0","0","-","0","0","0","0","0","0","0","0","0","0","0","0","0","0","0","0","0","0","0","4","0","0","0","0","0","0","0","0","0","0","0","0","0","0","0","0","0","0","0","0","0","0"
"0x77856b7b0570","      CS2R R48, SRZ","4","1","4","32512","1040384","1040384","32","32","0","0","0","-","-","-","0","0","0","0","0","0","0","0","-","0","0","0","0","0","0","0","0","0","0","0","0","0","0","0","0","0","0","0","3","0","0","0","1","0","0","0","0","0","0","0","0","0","0","0","0","0","0","0","0","0","1"
"0x77856b7b0580","      CS2R R50, SRZ","21","9","21","32512","1040384","1040384","32","32","0","0","0","-","-","-","0","0","0","0","0","0","0","0","-","0","0","0","0","0","0","0","0","0","0","0","0","0","9","0","0","0","0","8","4","0","0","0","0","0","0","0","0","0","0","0","9","0","0","0","0","0","0","0","0","0","0"
"0x77856b7b0590","      CS2R R52, SRZ","4","3","4","32512","1040384","1040384","32","32","0","0","0","-","-","-","0","0","0","0","0","0","0","0","-","0","0","0","0","0","0","0","0","0","0","0","0","0","0","0","0","0","0","0","1","0","0","0","3","0","0","0","0","0","0","0","0","0","0","0","0","0","0","0","0","0","3"
"0x77856b7b05a0","      CS2R R54, SRZ","7","6","7","32512","1040384","1040384","32","32","0","0","0","-","-","-","0","0","0","0","0","0","0","0","-","0","0","0","0","0","0","0","0","0","0","0","0","0","0","0","0","0","0","0","1","0","0","0","6","0","0","0","0","0","0","0","0","0","0","0","0","0","0","0","0","0","6"
"0x77856b7b05b0","      CS2R R56, SRZ","6","3","6","32512","1040384","1040384","32","32","0","0","0","-","-","-","0","0","0","0","0","0","0","0","-","0","0","0","0","0","0","0","0","0","0","0","0","0","0","0","0","0","0","0","3","0","0","0","3","0","0","0","0","0","0","0","0","0","0","0","0","0","0","0","0","0","3"
"0x77856b7b05c0","      CS2R R58, SRZ","6","5","6","32512","1040384","1040384","32","32","0","0","0","-","-","-","0","0","0","0","0","0","0","0","-","0","0","0","0","0","0","0","0","0","0","0","0","0","0","0","0","0","0","0","1","0","0","0","5","0","0","0","0","0","0","0","0","0","0","0","0","0","0","0","0","0","5"
"0x77856b7b05d0","      CS2R R60, SRZ","3","1","3","32512","1040384","1040384","32","32","0","0","0","-","-","-","0","0","0","0","0","0","0","0","-","0","0","0","0","0","0","0","0","0","0","0","0","0","0","0","0","0","0","0","2","0","0","0","1","0","0","0","0","0","0","0","0","0","0","0","0","0","0","0","0","0","1"
"0x77856b7b05e0","      CS2R R62, SRZ","31","14","31","32512","1040384","1040384","32","32","0","0","0","-","-","-","0","0","0","0","0","0","0","0","-","0","0","0","0","0","0","0","0","0","0","0","0","0","12","0","0","0","0","17","0","0","0","0","2","0","0","0","0","0","0","0","12","0","0","0","0","0","0","0","0","0","2"
"0x77856b7b05f0","      CS2R R64, SRZ","5","0","5","32512","1040384","1040384","32","32","0","0","0","-","-","-","0","0","0","0","0","0","0","0","-","0","0","0","0","0","0","0","0","0","0","0","0","0","0","0","0","0","0","0","5","0","0","0","0","0","0","0","0","0","0","0","0","0","0","0","0","0","0","0","0","0","0"
"0x77856b7b0600","      CS2R R66, SRZ","4","1","4","32512","1040384","1040384","32","32","0","0","0","-","-","-","0","0","0","0","0","0","0","0","-","0","0","0","0","0","0","0","0","0","0","0","0","0","0","0","0","0","0","0","3","0","0","0","1","0","0","0","0","0","0","0","0","0","0","0","0","0","0","0","0","0","1"
"0x77856b7b0610","      CS2R R68, SRZ","3","2","3","32512","1040384","1040384","32","32","0","0","0","-","-","-","0","0","0","0","0","0","0","0","-","0","0","0","0","0","0","0","0","0","0","0","0","0","0","0","0","0","0","0","1","0","0","0","2","0","0","0","0","0","0","0","0","0","0","0","0","0","0","0","0","0","2"
"0x77856b7b0620","      CS2R R70, SRZ","4","3","4","32512","1040384","1040384","32","32","0","0","0","-","-","-","0","0","0","0","0","0","0","0","-","0","0","0","0","0","0","0","0","0","0","0","0","0","0","0","0","0","0","0","1","0","0","0","3","0","0","0","0","0","0","0","0","0","0","0","0","0","0","0","0","0","3"
"0x77856b7b0630","      CS2R R72, SRZ","3","2","3","32512","1040384","1040384","32","32","0","0","0","-","-","-","0","0","0","0","0","0","0","0","-","0","0","0","0","0","0","0","0","0","0","0","0","0","0","0","0","0","0","0","1","0","0","0","2","0","0","0","0","0","0","0","0","0","0","0","0","0","0","0","0","0","2"
"0x77856b7b0640","      CS2R R74, SRZ","28","8","28","32512","1040384","1040384","32","32","0","0","0","-","-","-","0","0","0","0","0","0","0","0","-","0","0","0","0","0","0","0","0","0","0","0","0","0","6","0","0","0","0","17","2","0","0","0","3","0","0","0","0","0","0","0","6","0","0","0","0","0","0","0","0","0","2"
"0x77856b7b0650","      CS2R R76, SRZ","1","1","1","32512","1040384","1040384","32","32","0","0","0","-","-","-","0","0","0","0","0","0","0","0","-","0","0","0","0","0","0","0","0","0","0","0","0","0","0","0","0","0","0","0","0","0","0","0","1","0","0","0","0","0","0","0","0","0","0","0","0","0","0","0","0","0","1"
"0x77856b7b0660","      CS2R R78, SRZ","3","2","3","32512","1040384","1040384","32","32","0","0","0","-","-","-","0","0","0","0","0","0","0","0","-","0","0","0","0","0","0","0","0","0","0","0","0","0","0","0","0","0","0","0","1","0","0","0","2","0","0","0","0","0","0","0","0","0","0","0","0","0","0","0","0","0","2"
"0x77856b7b0670","      CS2R R80, SRZ","3","1","3","32512","1040384","1040384","32","32","0","0","0","-","-","-","0","0","0","0","0","0","0","0","-","0","0","0","0","0","0","0","0","0","0","0","0","0","0","0","0","0","0","0","1","0","0","0","2","0","0","0","0","0","0","0","0","0","0","0","0","0","0","0","0","0","1"
"0x77856b7b0680","      CS2R R82, SRZ","2","1","2","32512","1040384","1040384","32","32","0","0","0","-","-","-","0","0","0","0","0","0","0","0","-","0","0","0","0","0","0","0","0","0","0","0","0","0","0","0","0","0","0","0","1","0","0","0","1","0","0","0","0","0","0","0","0","0","0","0","0","0","0","0","0","0","1"
"0x77856b7b0690","      CS2R R84, SRZ","2","1","2","32512","1040384","1040384","32","32","0","0","0","-","-","-","0","0","0","0","0","0","0","0","-","0","0","0","0","0","0","0","0","0","0","0","0","0","0","0","0","0","0","0","1","0","0","0","1","0","0","0","0","0","0","0","0","0","0","0","0","0","0","0","0","0","1"
"0x77856b7b06a0","      CS2R R86, SRZ","26","11","26","32512","1040384","1040384","32","32","0","0","0","-","-","-","0","0","0","0","0","0","0","0","-","0","0","0","0","0","0","0","0","0","0","0","0","0","9","0","0","0","0","11","2","0","0","0","4","0","0","0","0","0","0","0","8","0","0","0","0","0","0","0","0","0","3"
"0x77856b7b06b0","      LOP3.LUT R161, R161, 0xf, RZ, 0xc0, !PT","3","1","3","32512","1040384","1040384","32","32","0","0","0","-","-","-","0","0","0","0","0","0","0","0","-","0","0","0","0","0","0","0","0","0","0","0","0","0","0","0","0","0","0","0","2","0","0","0","1","0","0","0","0","0","0","0","0","0","0","0","0","0","0","0","0","0","1"
"0x77856b7b06c0","      UIADD3 UR16, UR12, 0x20000, URZ","1","0","1","32512","1040384","1040384","32","32","0","0","0","-","-","-","0","0","0","0","0","0","0","0","-","0","0","0","0","0","0","0","0","0","0","0","0","0","0","0","0","0","0","0","1","0","0","0","0","0","0","0","0","0","0","0","0","0","0","0","0","0","0","0","0","0","0"
"0x77856b7b06d0","      SHF.R.S32.HI R160, RZ, 0x1f, R171","4","0","4","32512","1040384","1040384","32","32","0","0","0","-","-","-","0","0","0","0","0","0","0","0","-","0","0","0","0","0","0","0","0","1","0","0","0","0","0","0","0","0","0","0","3","0","0","0","0","0","0","0","0","0","0","0","0","0","0","0","0","0","0","0","0","0","0"
"0x77856b7b06e0","      UMOV UR13, 0x2","0","0","0","32512","1040384","1040384","32","32","0","0","0","-","-","-","0","0","0","0","0","0","0","0","-","0","0","0","0","0","0","0","0","0","0","0","0","0","0","0","0","0","0","0","0","0","0","0","0","0","0","0","0","0","0","0","0","0","0","0","0","0","0","0","0","0","0"
"0x77856b7b06f0","      UMOV UR14, 0xffffffff","2","0","2","32512","1040384","1040384","32","32","0","0","0","-","-","-","0","0","0","0","0","0","0","0","-","0","0","0","0","0","0","0","0","0","0","0","0","0","0","0","0","0","0","0","2","0","0","0","0","0","0","0","0","0","0","0","0","0","0","0","0","0","0","0","0","0","0"
"0x77856b7b0700","      UMOV UR5, URZ","2","0","2","32512","1040384","1040384","32","32","0","0","0","-","-","-","0","0","0","0","0","0","0","0","-","0","0","0","0","0","0","0","0","0","0","0","0","0","0","0","0","0","0","0","2","0","0","0","0","0","0","0","0","0","0","0","0","0","0","0","0","0","0","0","0","0","0"
"0x77856b7b0710","      UMOV UR4, URZ","1","0","1","32512","1040384","1040384","32","32","0","0","0","-","-","-","0","0","0","0","0","0","0","0","-","0","0","0","0","0","0","0","0","0","0","0","0","0","0","0","0","0","0","0","1","0","0","0","0","0","0","0","0","0","0","0","0","0","0","0","0","0","0","0","0","0","0"
"0x77856b7b0720","      ULDC UR17, c[0x0][0x26c]","1","0","1","32512","1040384","1040384","32","32","0","0","0","-","-","-","0","0","0","0","0","0","0","0","-","0","0","0","0","0","0","0","0","0","0","0","0","0","0","0","0","0","0","0","1","0","0","0","0","0","0","0","0","0","0","0","0","0","0","0","0","0","0","0","0","0","0"
"0x77856b7b0730","      DEPBAR.LE SB0, 0x4","2248","1720","2248","4161536","133169152","133169152","32","32","0","0","0","-","-","-","0","0","0","0","0","0","0","0","-","0","0","0","0","0","0","0","733","62","0","0","0","0","0","0","0","0","1392","49","0","0","0","0","12","0","616","32","0","0","0","0","0","0","0","0","1067","0","0","0","0","0","5"
"0x77856b7b0740","      BAR.SYNC.DEFER_BLOCKING 0x0","1219","714","1219","4161536","133169152","133169152","32","32","0","0","0","-","-","-","0","0","0","0","0","0","0","0","-","0","0","0","0","0","0","0","0","41","0","0","0","0","0","0","0","0","0","64","261","0","0","0","853","0","0","11","0","0","0","0","0","0","0","0","0","0","0","0","0","0","703"
"0x77856b7b0750","      UIADD3 UR14, UR14, 0x1, URZ","279","0","279","4161536","133169152","133169152","32","32","0","0","0","-","-","-","0","0","0","0","0","0","0","0","-","0","0","0","0","0","0","0","0","36","0","0","0","0","0","0","0","0","0","0","243","0","0","0","0","0","0","0","0","0","0","0","0","0","0","0","0","0","0","0","0","0","0"
"0x77856b7b0760","      VIADD R162, R161, UR5","228","0","228","4161536","133169152","133169152","32","32","0","0","0","-","-","-","0","0","0","0","0","0","0","0","-","0","0","0","0","0","0","0","0","15","0","0","0","0","0","0","0","0","0","0","213","0","0","0","0","0","0","0","0","0","0","0","0","0","0","0","0","0","0","0","0","0","0"
"0x77856b7b0770","      USHF.L.U32 UR6, UR23, 0x7, URZ","313","0","313","4161536","133169152","133169152","32","32","0","0","0","-","-","-","0","0","0","0","0","0","0","0","-","0","0","0","0","0","0","0","0","54","0","0","0","0","0","0","0","0","0","0","259","0","0","0","0","0","0","0","0","0","0","0","0","0","0","0","0","0","0","0","0","0","0"
"0x77856b7b0780","      ISETP.LE.U32.AND P4, PT, R171, UR5, PT","409","87","409","4161536","133169152","133169152","32","32","0","0","0","-","-","-","0","0","0","0","0","0","0","0","-","0","0","0","0","0","0","0","0","79","0","0","0","0","1","0","0","0","94","1","234","0","0","0","0","0","0","37","0","0","0","0","1","0","0","0","49","0","0","0","0","0","0"
"0x77856b7b0790","      UISETP.GT.AND UP0, UPT, UR14, 0x3, UPT","252","0","252","4161536","133169152","133169152","32","32","0","0","0","-","-","-","0","0","0","0","0","0","0","0","-","0","0","0","0","0","0","0","0","2","0","0","0","0","0","0","0","0","0","0","250","0","0","0","0","0","0","0","0","0","0","0","0","0","0","0","0","0","0","0","0","0","0"
"0x77856b7b07a0","      ULOP3.LUT UR6, UR6, 0x200, URZ, 0xc0, !UPT","738","283","738","4161536","133169152","133169152","32","32","0","0","0","-","-","-","0","0","0","0","0","0","0","0","-","0","0","0","0","0","0","0","0","150","0","0","0","0","0","0","0","0","0","48","255","0","0","0","285","0","0","107","0","0","0","0","0","0","0","0","0","0","0","0","0","0","176"
"0x77856b7b07b0","      USEL UR14, UR14, URZ, !UP0","778","281","778","4161536","133169152","133169152","32","32","0","0","0","-","-","-","0","0","0","0","0","0","0","0","-","0","0","0","0","0","0","0","0","202","0","0","0","0","2","0","0","0","0","44","247","0","0","0","283","0","0","117","0","0","0","0","2","0","0","0","0","0","0","0","0","0","162"
"0x77856b7b07c0","      ULEA.HI UR6, UR16, UR6, URZ, 0x1c","592","242","592","4161536","133169152","133169152","32","32","0","0","0","-","-","-","0","0","0","0","0","0","0","0","-","0","0","0","0","0","0","0","0","24","0","0","0","0","12","0","0","0","0","40","233","0","0","0","283","0","0","0","0","0","0","0","6","0","0","0","0","0","0","0","0","0","236"
"0x77856b7b07d0","      ULEA UR15, UR14, UR12, 0xe","670","245","670","4161536","133169152","133169152","32","32","0","0","0","-","-","-","0","0","0","0","0","0","0","0","-","0","0","0","0","0","0","0","0","46","0","0","0","0","8","0","0","0","0","65","247","0","0","0","304","0","0","23","0","0","0","0","7","0","0","0","0","0","0","0","0","0","215"
"0x77856b7b07e0","      ULOP3.LUT UR8, UR6, 0x3fff, URZ, 0xc0, !UPT","574","218","574","4161536","133169152","133169152","32","32","0","0","0","-","-","-","0","0","0","0","0","0","0","0","-","0","0","0","0","0","0","0","0","7","0","0","0","0","0","0","0","0","0","15","274","0","0","0","278","0","0","0","0","0","0","0","0","0","0","0","0","0","0","0","0","0","218"
"0x77856b7b07f0","      USHF.R.U32.HI UR10, URZ, 0x4, UR15","638","279","638","4161536","133169152","133169152","32","32","0","0","0","-","-","-","0","0","0","0","0","0","0","0","-","0","0","0","0","0","0","0","0","30","0","0","0","0","3","0","0","0","0","11","268","0","0","0","326","0","0","30","0","0","0","0","1","0","0","0","0","0","0","0","0","0","248"
"0x77856b7b0800","      UMOV UR9, 0x40000040","6078","4094","6078","4161536","133169152","133169152","32","32","0","0","0","-","-","-","0","0","0","0","0","0","0","0","-","0","0","0","0","0","0","5683","0","0","0","0","0","0","0","0","0","0","0","141","254","0","0","0","0","4094","0","0","0","0","0","0","0","0","0","0","0","0","0","0","0","0","0"
"0x77856b7b0810","      UMOV UR11, 0x40000040","243","0","243","4161536","133169152","133169152","32","32","0","0","0","-","-","-","0","0","0","0","0","0","0","0","-","0","0","0","0","0","0","0","0","11","0","0","0","0","0","0","0","0","0","0","232","0","0","0","0","0","0","0","0","0","0","0","0","0","0","0","0","0","0","0","0","0","0"
"0x77856b7b0820","      USGXT.U32 UR10, UR10, 0xe","1709","83","1709","4161536","133169152","133169152","32","32","0","0","0","-","-","-","0","0","0","0","0","0","0","0","-","0","0","0","0","0","0","0","0","142","0","0","0","0","292","0","0","0","0","762","263","0","0","0","250","0","0","23","0","0","0","0","60","0","0","0","0","0","0","0","0","0","0"
"0x77856b7b0830","      UMOV UR6, URZ","304","0","304","4161536","133169152","133169152","32","32","0","0","0","-","-","-","0","0","0","0","0","0","0","0","-","0","0","0","0","0","0","0","0","25","0","0","0","0","0","0","0","0","0","0","279","0","0","0","0","0","0","0","0","0","0","0","0","0","0","0","0","0","0","0","0","0","0"
"0x77856b7b0840","@!PT  LDS RZ, [RZ]","287","0","287","4161536","133169152","0","32","0","32","32","0","","Load","32","0","0","0","0","0","0","0","0","-","0","0","0","0","0","0","0","0","22","0","0","0","0","0","0","0","0","0","0","265","0","0","0","0","0","0","0","0","0","0","0","0","0","0","0","0","0","0","0","0","0","0"
"0x77856b7b0850","@!PT  LDS RZ, [RZ]","255","0","255","4161536","133169152","0","32","0","0","32","0","","Load","32","0","0","0","0","0","0","0","0","-","0","0","0","0","0","0","0","0","11","0","0","0","0","0","0","0","0","0","0","244","0","0","0","0","0","0","0","0","0","0","0","0","0","0","0","0","0","0","0","0","0","0"
"0x77856b7b0860","@!PT  LDS RZ, [RZ]","295","0","295","4161536","133169152","0","32","0","0","32","0","","Load","32","0","0","0","0","0","0","0","0","-","0","0","0","0","0","0","0","0","49","0","0","0","0","0","0","0","0","0","0","246","0","0","0","0","0","0","0","0","0","0","0","0","0","0","0","0","0","0","0","0","0","0"
"0x77856b7b0870","@!PT  LDS RZ, [RZ]","266","0","266","4161536","133169152","0","32","0","0","32","0","","Load","32","0","0","0","0","0","0","0","0","-","0","0","0","0","0","0","0","0","0","0","0","0","0","0","0","0","0","0","0","266","0","0","0","0","0","0","0","0","0","0","0","0","0","0","0","0","0","0","0","0","0","0"
"0x77856b7b0880","      MEMBAR.ALL.CTA","265","0","265","4161536","133169152","133169152","32","32","32","0","0","-","-","-","0","0","0","0","0","0","0","0","-","0","0","0","0","0","0","0","0","11","0","0","0","0","0","0","0","0","0","0","254","0","0","0","0","0","0","0","0","0","0","0","0","0","0","0","0","0","0","0","0","0","0"
"0x77856b7b0890","      FENCE.VIEW.ASYNC.S","5358","3666","5358","4161536","133169152","133169152","32","32","0","0","0","-","-","-","0","0","0","0","0","0","0","0","-","0","0","0","0","0","0","0","0","0","0","0","0","3837","0","0","0","0","0","0","252","0","0","0","1269","0","0","0","0","0","0","3104","0","0","0","0","0","0","0","0","0","0","562"
"0x77856b7b08a0","      UMOV UR7, URZ","248","0","248","4161536","133169152","133169152","32","32","0","0","0","-","-","-","0","0","0","0","0","0","0","0","-","0","0","0","0","0","0","0","0","0","0","0","0","0","0","0","0","0","0","0","248","0","0","0","0","0","0","0","0","0","0","0","0","0","0","0","0","0","0","0","0","0","0"
"0x77856b7b08b0","      UIADD3 UR15, UR15, 0x10000, URZ","287","0","287","4161536","133169152","133169152","32","32","0","0","0","-","-","-","0","0","0","0","0","0","0","0","-","0","0","0","0","0","0","0","0","0","0","0","0","0","0","0","0","0","0","0","287","0","0","0","0","0","0","0","0","0","0","0","0","0","0","0","0","0","0","0","0","0","0"
"0x77856b7b08c0","      UIADD3 UR13, UR13, 0x1, URZ","470","232","470","4161536","133169152","133169152","32","32","0","0","0","-","-","-","0","0","0","0","0","0","0","0","-","0","0","0","0","0","0","0","0","0","0","0","0","0","0","0","0","0","0","0","238","0","0","0","232","0","0","0","0","0","0","0","0","0","0","0","0","0","0","0","0","0","232"
"0x77856b7b08d0","      WARPGROUP.ARRIVE","10429","9533","10429","4161536","133169152","133169152","32","32","0","0","0","-","-","-","0","0","0","0","0","0","0","0","-","0","0","0","0","0","0","0","0","0","0","0","0","10186","0","0","0","0","0","18","225","0","0","0","0","0","0","0","0","0","0","9533","0","0","0","0","0","0","0","0","0","0","0"
"0x77856b7b08e0","      HGMMA.64x64x16.F32 R88, gdesc[UR8], RZ, !UPT","4087","3099","4087","4161536","133169152","133169152","32","32","0","0","0","Shared","Load","-","0","8","0","33292288","33292288","0","0","0","-","0","0","0","0","0","0","0","0","0","0","0","0","0","0","0","0","0","0","64","259","0","0","0","1255","0","0","0","0","0","0","0","0","0","0","0","0","0","0","0","0","0","1089"
"0x77856b7b08f0","      UIADD3 UR8, UP0, UR8, 0x2, URZ","254","0","254","4161536","133169152","133169152","32","32","0","0","0","-","-","-","0","0","0","0","0","0","0","0","-","0","0","0","0","0","0","0","0","0","0","0","0","0","0","0","0","0","0","0","254","0","0","0","0","0","0","0","0","0","0","0","0","0","0","0","0","0","0","0","0","0","0"
"0x77856b7b0900","      UIADD3 UR10, UP1, UR10, 0x2, URZ","658","299","658","4161536","133169152","133169152","32","32","0","0","0","-","-","-","0","0","0","0","0","0","0","0","-","0","0","0","0","0","0","0","0","0","0","0","0","0","79","0","0","0","0","78","261","0","0","0","240","0","0","0","0","0","0","0","79","0","0","0","0","0","0","0","0","0","220"
"0x77856b7b0910","      UIADD3.X UR9, UR6, 0x40000040, URZ, UP0, !UPT","667","310","667","4161536","133169152","133169152","32","32","0","0","0","-","-","-","0","0","0","0","0","0","0","0","-","0","0","0","0","0","0","0","0","0","0","0","0","0","60","0","0","0","0","68","268","0","0","0","271","0","0","0","0","0","0","0","60","0","0","0","0","0","0","0","0","0","250"
"0x77856b7b0920","      UIADD3.X UR11, UR7, 0x40000040, URZ, UP1, !UPT","1068","499","1068","4161536","133169152","133169152","32","32","0","0","0","-","-","-","0","0","0","0","0","0","0","0","-","0","0","0","0","0","0","0","0","0","0","0","0","0","285","0","0","0","0","294","228","0","0","0","261","0","0","0","0","0","0","0","285","0","0","0","0","0","0","0","0","0","214"
"0x77856b7b0930","      UIADD3.64 UR24, UR8, 0x2, URZ","632","306","632","4161536","133169152","133169152","32","32","0","0","0","-","-","-","0","0","0","0","0","0","0","0","-","0","0","0","0","0","0","0","0","0","0","0","0","0","40","0","0","0","0","48","271","0","0","0","273","0","0","0","0","0","0","0","40","0","0","0","0","0","0","0","0","0","266"
"0x77856b7b0940","      UIADD3.64 UR26, UR10, 0x2, URZ","502","256","502","4161536","133169152","133169152","32","32","0","0","0","-","-","-","0","0","0","0","0","0","0","0","-","0","0","0","0","0","0","0","0","0","0","0","0","0","0","0","0","0","0","0","246","0","0","0","256","0","0","0","0","0","0","0","0","0","0","0","0","0","0","0","0","0","256"
"0x77856b7b0950","      USHF.R.U32.HI UR7, URZ, 0x4, UR15","2921","1222","2921","4161536","133169152","133169152","32","32","0","0","0","-","-","-","0","0","0","0","0","0","0","0","-","0","0","0","0","0","0","0","0","0","0","0","0","0","1242","0","0","0","0","1158","254","0","0","0","267","0","0","0","0","0","0","0","971","0","0","0","0","0","0","0","0","0","251"
"0x77856b7b0960","      UMOV UR6, URZ","232","0","232","4161536","133169152","133169152","32","32","0","0","0","-","-","-","0","0","0","0","0","0","0","0","-","0","0","0","0","0","0","0","0","0","0","0","0","0","0","0","0","0","0","0","232","0","0","0","0","0","0","0","0","0","0","0","0","0","0","0","0","0","0","0","0","0","0"
"0x77856b7b0970","      UISETP.GT.AND UP0, UPT, UR13, 0x3, UPT","240","0","240","4161536","133169152","133169152","32","32","0","0","0","-","-","-","0","0","0","0","0","0","0","0","-","0","0","0","0","0","0","0","0","0","0","0","0","0","0","0","0","0","0","0","240","0","0","0","0","0","0","0","0","0","0","0","0","0","0","0","0","0","0","0","0","0","0"
"0x77856b7b0980","      USGXT.U32 UR7, UR7, 0xe","877","319","877","4161536","133169152","133169152","32","32","0","0","0","-","-","-","0","0","0","0","0","0","0","0","-","0","0","0","0","0","0","0","0","0","0","0","0","0","189","0","0","0","0","176","237","0","0","0","275","0","0","0","0","0","0","0","189","0","0","0","0","0","0","0","0","0","130"
"0x77856b7b0990","      USEL UR13, UR13, URZ, !UP0","659","390","659","4161536","133169152","133169152","32","32","0","0","0","-","-","-","0","0","0","0","0","0","0","0","-","0","0","0","0","0","0","0","0","127","0","0","0","0","0","0","0","0","0","0","269","0","0","0","263","0","0","127","0","0","0","0","0","0","0","0","0","0","0","0","0","0","263"
"0x77856b7b09a0","      UIADD3 UR5, UP0, UR5, 0x40, URZ","514","245","514","4161536","133169152","133169152","32","32","0","0","0","-","-","-","0","0","0","0","0","0","0","0","-","0","0","0","0","0","0","0","0","0","0","0","0","0","0","0","0","0","0","0","269","0","0","0","245","0","0","0","0","0","0","0","0","0","0","0","0","0","0","0","0","0","245"
"0x77856b7b09b0","      HGMMA.64x64x16.F32 R88, gdesc[UR8], R88","238","0","238","4161536","133169152","133169152","32","32","0","0","0","Shared","Load","-","0","8","0","33292288","33292288","0","0","0","-","0","0","0","0","0","0","0","0","0","0","0","0","0","0","0","0","0","0","0","238","0","0","0","0","0","0","0","0","0","0","0","0","0","0","0","0","0","0","0","0","0","0"
"0x77856b7b09c0","      HGMMA.64x64x16.F32 R88, gdesc[UR24], R88","1072","279","1072","4161536","133169152","133169152","32","32","0","0","0","Shared","Load","-","0","8","0","33292288","33292288","0","0","0","-","0","0","0","0","0","0","0","0","0","0","0","0","0","0","0","0","0","0","0","258","0","0","0","814","0","0","0","0","0","0","0","0","0","0","0","0","0","0","0","0","0","279"
"0x77856b7b09d0","      UIADD3.64 UR24, UR8, 0x4, URZ","263","0","263","4161536","133169152","133169152","32","32","0","0","0","-","-","-","0","0","0","0","0","0","0","0","-","0","0","0","0","0","0","0","0","0","0","0","0","0","0","0","0","0","0","0","263","0","0","0","0","0","0","0","0","0","0","0","0","0","0","0","0","0","0","0","0","0","0"
"0x77856b7b09e0","      UIADD3.64 UR26, UR10, 0x4, URZ","1434","639","1434","4161536","133169152","133169152","32","32","0","0","0","-","-","-","0","0","0","0","0","0","0","0","-","0","0","0","0","0","0","0","0","120","0","0","0","0","395","0","0","0","0","398","254","0","0","0","267","0","0","120","0","0","0","0","252","0","0","0","0","0","0","0","0","0","267"
"0x77856b7b09f0","      HGMMA.64x64x16.F32 R88, gdesc[UR24], R88","2468","1432","2468","4161536","133169152","133169152","32","32","0","0","0","Shared","Load","-","0","8","0","33292288","33292288","0","0","0","-","0","0","0","0","0","0","0","0","0","0","0","0","0","0","0","0","0","0","0","235","0","0","0","2233","0","0","0","0","0","0","0","0","0","0","0","0","0","0","0","0","0","1432"
"0x77856b7b0a00","      UIADD3.64 UR24, UR8, 0x3fe, URZ","240","0","240","4161536","133169152","133169152","32","32","0","0","0","-","-","-","0","0","0","0","0","0","0","0","-","0","0","0","0","0","0","0","0","0","0","0","0","0","0","0","0","0","0","0","240","0","0","0","0","0","0","0","0","0","0","0","0","0","0","0","0","0","0","0","0","0","0"
"0x77856b7b0a10","      UIADD3.64 UR26, UR10, 0x1fe, URZ","471","237","471","4161536","133169152","133169152","32","32","0","0","0","-","-","-","0","0","0","0","0","0","0","0","-","0","0","0","0","0","0","0","0","0","0","0","0","0","0","0","0","0","0","0","234","0","0","0","237","0","0","0","0","0","0","0","0","0","0","0","0","0","0","0","0","0","237"
"0x77856b7b0a20","      HGMMA.64x64x16.F32 R88, gdesc[UR24], R88","5043","3992","5043","4161536","133169152","133169152","32","32","0","0","0","Shared","Load","-","0","8","0","33292288","33292288","0","0","0","-","0","0","0","0","0","0","0","0","0","0","0","0","0","0","0","2463","0","0","26","251","0","0","0","2303","0","0","0","0","0","0","0","0","0","2369","0","0","0","0","0","0","0","1623"
"0x77856b7b0a30","      UIADD3.64 UR24, UR8, 0x400, URZ","222","0","222","4161536","133169152","133169152","32","32","0","0","0","-","-","-","0","0","0","0","0","0","0","0","-","0","0","0","0","0","0","0","0","0","0","0","0","0","0","0","0","0","0","0","222","0","0","0","0","0","0","0","0","0","0","0","0","0","0","0","0","0","0","0","0","0","0"
"0x77856b7b0a40","      UIADD3.64 UR26, UR10, 0x200, URZ","535","283","535","4161536","133169152","133169152","32","32","0","0","0","-","-","-","0","0","0","0","0","0","0","0","-","0","0","0","0","0","0","0","0","0","0","0","0","0","0","0","0","0","0","0","252","0","0","0","283","0","0","0","0","0","0","0","0","0","0","0","0","0","0","0","0","0","283"
"0x77856b7b0a50","      HGMMA.64x64x16.F32 R88, gdesc[UR24], R88","5567","4478","5567","4161536","133169152","133169152","32","32","0","0","0","Shared","Load","-","0","8","0","33292288","33292288","0","0","0","-","0","0","0","0","0","0","0","0","0","0","0","0","0","0","0","3079","0","0","65","246","0","0","0","2177","0","0","0","0","0","0","0","0","0","2891","0","0","0","0","0","0","0","1587"
"0x77856b7b0a60","      UIADD3.64 UR24, UR8, 0x402, URZ","279","0","279","4161536","133169152","133169152","32","32","0","0","0","-","-","-","0","0","0","0","0","0","0","0","-","0","0","0","0","0","0","0","0","0","0","0","0","0","0","0","0","0","0","0","279","0","0","0","0","0","0","0","0","0","0","0","0","0","0","0","0","0","0","0","0","0","0"
"0x77856b7b0a70","      UIADD3.64 UR26, UR10, 0x202, URZ","487","237","487","4161536","133169152","133169152","32","32","0","0","0","-","-","-","0","0","0","0","0","0","0","0","-","0","0","0","0","0","0","0","0","0","0","0","0","0","0","0","0","0","0","0","250","0","0","0","237","0","0","0","0","0","0","0","0","0","0","0","0","0","0","0","0","0","237"
"0x77856b7b0a80","      UIADD3.64 UR8, UR8, 0x404, URZ","579","341","579","4161536","133169152","133169152","32","32","0","0","0","-","-","-","0","0","0","0","0","0","0","0","-","0","0","0","0","0","0","0","0","103","0","0","0","0","0","0","0","0","0","0","238","0","0","0","238","0","0","103","0","0","0","0","0","0","0","0","0","0","0","0","0","0","238"
"0x77856b7b0a90","      UIADD3.64 UR10, UR10, 0x204, URZ","1375","640","1375","4161536","133169152","133169152","32","32","0","0","0","-","-","-","0","0","0","0","0","0","0","0","-","0","0","0","0","0","0","0","0","108","0","0","0","0","366","0","0","0","0","405","242","0","0","0","254","0","0","108","0","0","0","0","366","0","0","0","0","0","0","0","0","0","166"
"0x77856b7b0aa0","      HGMMA.64x64x16.F32 R88, gdesc[UR24], R88","5296","4481","5296","4161536","133169152","133169152","32","32","0","0","0","Shared","Load","-","0","8","0","33292288","33292288","0","0","0","-","0","0","0","0","0","0","0","0","0","0","0","0","0","0","0","3951","0","0","76","255","0","0","0","1014","0","0","0","0","0","0","0","0","0","3636","0","0","0","0","0","0","0","845"
"0x77856b7b0ab0","      HGMMA.64x64x16.F32 R88, gdesc[UR8], R88, gsb0","2795","2254","2795","4161536","133169152","133169152","32","32","0","0","0","Shared","Load","-","0","8","0","33292288","33292288","0","0","0","-","0","0","0","0","0","0","0","0","0","0","0","0","0","0","0","1798","0","0","0","272","0","0","0","725","0","0","0","0","0","0","0","0","0","1789","0","0","0","0","0","0","0","465"
"0x77856b7b0ac0","      ULOP3.LUT UR8, UR7, 0x2000000, URZ, 0xfc, !UPT","344","0","344","4161536","133169152","133169152","32","32","0","0","0","-","-","-","0","0","0","0","0","0","0","0","-","0","0","0","0","0","0","0","0","83","0","0","0","0","0","0","0","0","0","0","261","0","0","0","0","0","0","0","0","0","0","0","0","0","0","0","0","0","0","0","0","0","0"
"0x77856b7b0ad0","      UIADD3 UR10, UP1, UR7, 0x2000080, URZ","1423","526","1423","4161536","133169152","133169152","32","32","0","0","0","-","-","-","0","0","0","0","0","0","0","0","-","0","0","0","0","0","0","0","0","187","0","0","0","0","376","0","0","0","0","379","243","0","0","0","238","0","0","96","0","0","0","0","279","0","0","0","0","0","0","0","0","0","151"
"0x77856b7b0ae0","      ULEA UR9, UR13, UR12, 0xe","810","356","810","4161536","133169152","133169152","32","32","0","0","0","-","-","-","0","0","0","0","0","0","0","0","-","0","0","0","0","0","0","0","0","91","0","0","0","0","103","0","0","0","0","99","250","0","0","0","267","0","0","91","0","0","0","0","103","0","0","0","0","0","0","0","0","0","162"
"0x77856b7b0af0","      UIADD3.X UR11, UR6, 0x40000040, URZ, UP1, !UPT","489","246","489","4161536","133169152","133169152","32","32","0","0","0","-","-","-","0","0","0","0","0","0","0","0","-","0","0","0","0","0","0","0","0","0","0","0","0","0","0","0","0","0","0","0","243","0","0","0","246","0","0","0","0","0","0","0","0","0","0","0","0","0","0","0","0","0","246"
"0x77856b7b0b00","      UMOV UR7, 0x40000040","247","0","247","4161536","133169152","133169152","32","32","0","0","0","-","-","-","0","0","0","0","0","0","0","0","-","0","0","0","0","0","0","0","0","0","0","0","0","0","0","0","0","0","0","0","247","0","0","0","0","0","0","0","0","0","0","0","0","0","0","0","0","0","0","0","0","0","0"
"0x77856b7b0b10","      UMOV UR6, UR8","530","174","530","4161536","133169152","133169152","32","32","0","0","0","-","-","-","0","0","0","0","0","0","0","0","-","0","0","0","0","0","0","0","0","0","0","0","0","0","0","0","0","0","0","0","268","0","0","0","262","0","0","0","0","0","0","0","0","0","0","0","0","0","0","0","0","0","174"
"0x77856b7b0b20","      UIADD3.64 UR18, UR10, 0x80, URZ","233","0","233","4161536","133169152","133169152","32","32","0","0","0","-","-","-","0","0","0","0","0","0","0","0","-","0","0","0","0","0","0","0","0","0","0","0","0","0","0","0","0","0","0","0","233","0","0","0","0","0","0","0","0","0","0","0","0","0","0","0","0","0","0","0","0","0","0"
"0x77856b7b0b30","      WARPGROUP.DEPBAR.LE gsb0, 0x0","89455","85073","89455","4161536","133169152","133169152","32","32","0","0","0","-","-","-","0","0","0","0","0","0","0","0","-","0","0","0","0","0","0","89181","0","0","0","0","0","0","0","0","0","0","0","0","274","0","0","0","0","85073","0","0","0","0","0","0","0","0","0","0","0","0","0","0","0","0","0"
"0x77856b7b0b40","      IMAD R121, R155, R140, R153","531","147","531","4161536","133169152","133169152","32","32","0","0","0","-","-","-","0","0","0","0","0","0","0","0","-","0","0","0","0","0","0","0","0","0","0","0","0","0","0","0","0","0","0","0","253","0","0","0","278","0","0","0","0","0","0","0","0","0","0","0","0","0","0","0","0","0","147"
"0x77856b7b0b50","      VIADD R120, R162, 0xc0","483","227","483","4161536","133169152","133169152","32","32","0","0","0","-","-","-","0","0","0","0","0","0","0","0","-","0","0","0","0","0","0","0","0","0","0","0","0","0","0","0","0","0","0","0","256","0","0","0","227","0","0","0","0","0","0","0","0","0","0","0","0","0","0","0","0","0","227"
"0x77856b7b0b60","      LEA R150, P2, R121, R4, 0x1","797","400","797","4161536","133169152","133169152","32","32","0","0","0","-","-","-","0","0","0","0","0","0","0","0","-","0","0","0","0","0","0","0","0","0","0","0","0","0","0","0","0","0","0","0","280","0","0","0","517","0","0","0","0","0","0","0","0","0","0","0","0","0","0","0","0","0","400"
"0x77856b7b0b70","      LEA.HI.X.SX32 R151, R121, R5, 0x1, P2","1153","782","1153","4161536","133169152","133169152","32","32","0","0","0","-","-","-","0","0","0","0","0","0","0","0","-","0","0","0","0","0","0","0","0","0","0","0","0","0","0","0","0","0","0","0","264","0","0","0","889","0","0","0","0","0","0","0","0","0","0","0","0","0","0","0","0","0","782"
"0x77856b7b0b80","      FMNMX R121, R88, R89, !PT","648","278","648","4161536","133169152","133169152","32","32","0","0","0","-","-","-","0","0","0","0","0","0","0","0","-","0","0","0","0","0","0","0","0","0","0","0","0","0","0","0","0","0","0","0","239","0","0","0","409","0","0","0","0","0","0","0","0","0","0","0","0","0","0","0","0","0","278"
"0x77856b7b0b90","      ISETP.GE.AND P2, PT, R120, UR22, PT","534","261","534","4161536","133169152","133169152","32","32","0","0","0","-","-","-","0","0","0","0","0","0","0","0","-","0","0","0","0","0","0","0","0","0","0","0","0","0","0","0","0","0","0","0","273","0","0","0","261","0","0","0","0","0","0","0","0","0","0","0","0","0","0","0","0","0","261"
"0x77856b7b0ba0","      FMNMX R120, R92, R121, !PT","507","248","507","4161536","133169152","133169152","32","32","0","0","0","-","-","-","0","0","0","0","0","0","0","0","-","0","0","0","0","0","0","0","0","0","0","0","0","0","0","0","0","0","0","0","259","0","0","0","248","0","0","0","0","0","0","0","0","0","0","0","0","0","0","0","0","0","248"
"0x77856b7b0bb0","      SEL R163, RZ, 0x10, P2","804","286","804","4161536","133169152","133169152","32","32","0","0","0","-","-","-","0","0","0","0","0","0","0","0","-","0","0","0","0","0","0","0","0","0","0","0","0","0","0","0","0","0","0","0","272","0","0","0","532","0","0","0","0","0","0","0","0","0","0","0","0","0","0","0","0","0","286"
"0x77856b7b0bc0","      FMNMX R121, R93, R120, !PT","622","239","622","4161536","133169152","133169152","32","32","0","0","0","-","-","-","0","0","0","0","0","0","0","0","-","0","0","0","0","0","0","0","0","0","0","0","0","0","0","0","0","0","0","0","256","0","0","0","366","0","0","0","0","0","0","0","0","0","0","0","0","0","0","0","0","0","239"
"0x77856b7b0bd0","      FMNMX R120, R96, R121, !PT","1671","902","1671","4161536","133169152","133169152","32","32","0","0","0","-","-","-","0","0","0","0","0","0","0","0","-","0","0","0","0","0","0","0","0","0","0","0","0","0","20","0","0","0","0","19","253","0","0","0","1379","0","0","0","0","0","0","0","20","0","0","0","0","0","0","0","0","0","882"
"0x77856b7b0be0","      FMNMX R121, R97, R120, !PT","1296","640","1296","4161536","133169152","133169152","32","32","0","0","0","-","-","-","0","0","0","0","0","0","0","0","-","0","0","0","0","0","0","0","0","0","0","0","0","0","0","0","0","0","0","0","250","0","0","0","1046","0","0","0","0","0","0","0","0","0","0","0","0","0","0","0","0","0","640"
"0x77856b7b0bf0","      FMNMX R120, R100, R121, !PT","1061","675","1061","4161536","133169152","133169152","32","32","0","0","0","-","-","-","0","0","0","0","0","0","0","0","-","0","0","0","0","0","0","0","0","0","0","0","0","0","2","0","0","0","0","1","264","0","0","0","794","0","0","0","0","0","0","0","2","0","0","0","0","0","0","0","0","0","673"
"0x77856b7b0c00","      FMNMX R121, R101, R120, !PT","995","715","995","4161536","133169152","133169152","32","32","0","0","0","-","-","-","0","0","0","0","0","0","0","0","-","0","0","0","0","0","0","0","0","0","0","0","0","0","3","0","0","0","0","3","261","0","0","0","728","0","0","0","0","0","0","0","3","0","0","0","0","0","0","0","0","0","712"
"0x77856b7b0c10","      FMNMX R120, R104, R121, !PT","969","714","969","4161536","133169152","133169152","32","32","0","0","0","-","-","-","0","0","0","0","0","0","0","0","-","0","0","0","0","0","0","0","0","0","0","0","0","0","0","0","0","0","0","0","235","0","0","0","734","0","0","0","0","0","0","0","0","0","0","0","0","0","0","0","0","0","714"
"0x77856b7b0c20","      FMNMX R121, R105, R120, !PT","1046","755","1046","4161536","133169152","133169152","32","32","0","0","0","-","-","-","0","0","0","0","0","0","0","0","-","0","0","0","0","0","0","0","0","0","0","0","0","0","0","0","0","0","0","0","243","0","0","0","803","0","0","0","0","0","0","0","0","0","0","0","0","0","0","0","0","0","755"
"0x77856b7b0c30","      FMNMX R120, R108, R121, !PT","983","749","983","4161536","133169152","133169152","32","32","0","0","0","-","-","-","0","0","0","0","0","0","0","0","-","0","0","0","0","0","0","0","0","0","0","0","0","0","0","0","0","0","0","0","217","0","0","0","766","0","0","0","0","0","0","0","0","0","0","0","0","0","0","0","0","0","749"
"0x77856b7b0c40","      FMNMX R121, R109, R120, !PT","1024","646","1024","4161536","133169152","133169152","32","32","0","0","0","-","-","-","0","0","0","0","0","0","0","0","-","0","0","0","0","0","0","0","0","0","0","0","0","0","5","0","0","0","0","0","267","0","0","0","752","0","0","0","0","0","0","0","5","0","0","0","0","0","0","0","0","0","641"
"0x77856b7b0c50","      FMNMX R120, R112, R121, !PT","1247","613","1247","4161536","133169152","133169152","32","32","0","0","0","-","-","-","0","0","0","0","0","0","0","0","-","0","0","0","0","0","0","0","0","0","0","0","0","0","114","0","0","0","0","94","257","0","0","0","782","0","0","0","0","0","0","0","114","0","0","0","0","0","0","0","0","0","499"
"0x77856b7b0c60","      FMNMX R121, R113, R120, !PT","1137","527","1137","4161536","133169152","133169152","32","32","0","0","0","-","-","-","0","0","0","0","0","0","0","0","-","0","0","0","0","0","0","0","0","0","0","0","0","0","61","0","0","0","0","61","243","0","0","0","772","0","0","0","0","0","0","0","61","0","0","0","0","0","0","0","0","0","466"
"0x77856b7b0c70","      FMNMX R120, R116, R121, !PT","2093","1011","2093","4161536","133169152","133169152","32","32","0","0","0","-","-","-","0","0","0","0","0","0","0","0","-","0","0","0","0","0","0","0","0","0","0","0","0","0","536","0","0","0","0","538","255","0","0","0","764","0","0","0","0","0","0","0","535","0","0","0","0","0","0","0","0","0","476"
"0x77856b7b0c80","      FMNMX R122, R117, R120, !PT","1119","541","1119","4161536","133169152","133169152","32","32","0","0","0","-","-","-","0","0","0","0","0","0","0","0","-","0","0","0","0","0","0","0","0","0","0","0","0","0","27","0","0","0","0","55","278","0","0","0","759","0","0","0","0","0","0","0","0","0","0","0","0","0","0","0","0","0","541"
"0x77856b7b0c90","      SHFL.BFLY PT, R121, R122, 0x2, 0x1f","1298","801","1298","4161536","133169152","133169152","32","32","0","0","0","-","-","-","0","0","0","0","0","0","0","0","-","0","0","0","0","0","0","0","0","0","0","0","0","0","0","0","0","0","0","9","242","0","0","0","1047","0","0","0","0","0","0","0","0","0","0","0","0","0","0","0","0","0","801"
"0x77856b7b0ca0","      FMNMX R123, R122, R121, !PT","6832","4304","6832","4161536","133169152","133169152","32","32","0","0","0","-","-","-","0","0","0","0","0","0","0","0","-","0","0","0","0","0","0","0","0","0","0","0","0","0","224","0","0","0","0","367","236","5775","0","0","230","0","0","0","0","0","0","0","116","0","0","0","0","0","0","4170","0","0","18"
"0x77856b7b0cb0","      FMNMX R121, R90, R91, !PT","711","233","711","4161536","133169152","133169152","32","32","0","0","0","-","-","-","0","0","0","0","0","0","0","0","-","0","0","0","0","0","0","0","0","35","0","0","0","0","65","0","0","0","0","100","254","0","0","0","257","0","0","0","0","0","0","0","0","0","0","0","0","0","0","0","0","0","233"
"0x77856b7b0cc0","      SHFL.BFLY PT, R124, R123, 0x1, 0x1f","907","236","907","4161536","133169152","133169152","32","32","0","0","0","-","-","-","0","0","0","0","0","0","0","0","-","0","0","0","0","0","0","0","0","28","0","0","0","0","0","0","0","0","0","138","246","0","0","0","495","0","0","0","0","0","0","0","0","0","0","0","0","0","0","0","0","0","236"
"0x77856b7b0cd0","      FMNMX R120, R94, R121, !PT","268","0","268","4161536","133169152","133169152","32","32","0","0","0","-","-","-","0","0","0","0","0","0","0","0","-","0","0","0","0","0","0","0","0","0","0","0","0","0","0","0","0","0","0","0","268","0","0","0","0","0","0","0","0","0","0","0","0","0","0","0","0","0","0","0","0","0","0"
"0x77856b7b0ce0","      FMNMX R121, R95, R120, !PT","1067","467","1067","4161536","133169152","133169152","32","32","0","0","0","-","-","-","0","0","0","0","0","0","0","0","-","0","0","0","0","0","0","0","0","0","0","0","0","0","0","0","0","0","0","0","251","0","0","0","816","0","0","0","0","0","0","0","0","0","0","0","0","0","0","0","0","0","467"
"0x77856b7b0cf0","      FMNMX R120, R98, R121, !PT","1030","488","1030","4161536","133169152","133169152","32","32","0","0","0","-","-","-","0","0","0","0","0","0","0","0","-","0","0","0","0","0","0","0","0","0","0","0","0","0","3","0","0","0","0","3","269","0","0","0","755","0","0","0","0","0","0","0","3","0","0","0","0","0","0","0","0","0","485"
"0x77856b7b0d00","      FMNMX R121, R99, R120, !PT","2442","358","2442","4161536","133169152","133169152","32","32","0","0","0","-","-","-","0","0","0","0","0","0","0","0","-","0","0","0","0","0","0","0","0","95","0","0","0","0","156","0","0","0","0","1142","235","0","0","0","814","0","0","0","0","0","0","0","2","0","0","0","0","0","0","0","0","0","356"
"0x77856b7b0d10","      FMNMX R120, R102, R121, !PT","1455","552","1455","4161536","133169152","133169152","32","32","0","0","0","-","-","-","0","0","0","0","0","0","0","0","-","0","0","0","0","0","0","0","0","23","0","0","0","0","47","0","0","0","0","402","267","0","0","0","716","0","0","0","0","0","0","0","4","0","0","0","0","0","0","0","0","0","548"
"0x77856b7b0d20","      FMNMX R121, R103, R120, !PT","1435","723","1435","4161536","133169152","133169152","32","32","0","0","0","-","-","-","0","0","0","0","0","0","0","0","-","0","0","0","0","0","0","0","0","0","0","0","0","0","0","0","0","0","0","368","250","0","0","0","817","0","0","0","0","0","0","0","0","0","0","0","0","0","0","0","0","0","723"
"0x77856b7b0d30","      FMNMX R124, R123, R124, !PT","720","450","720","4161536","133169152","133169152","32","32","0","0","0","-","-","-","0","0","0","0","0","0","0","0","-","0","0","0","0","0","0","0","0","0","0","0","0","0","11","0","0","0","0","4","246","177","0","0","282","0","0","0","0","0","0","0","11","0","0","0","0","0","0","157","0","0","282"
"0x77856b7b0d40","      FMUL R165, R124, UR17","1731","971","1731","4161536","133169152","133169152","32","32","0","0","0","-","-","-","0","0","0","0","0","0","0","0","-","0","0","0","0","0","0","0","0","37","0","0","0","0","0","0","0","0","0","370","246","0","0","0","1078","0","0","0","0","0","0","0","0","0","0","0","0","0","0","0","0","0","971"
"0x77856b7b0d50","      FMNMX R165, R165, R146, !PT","1423","844","1423","4161536","133169152","133169152","32","32","0","0","0","-","-","-","0","0","0","0","0","0","0","0","-","0","0","0","0","0","0","0","0","0","0","0","0","0","96","0","0","0","0","36","282","0","0","0","1009","0","0","0","0","0","0","0","94","0","0","0","0","0","0","0","0","0","750"
"0x77856b7b0d60","      FFMA R120, R88, UR17, -R165","2547","683","2547","4161536","133169152","133169152","32","32","0","0","0","-","-","-","0","0","0","0","0","0","0","0","-","0","0","0","0","0","0","0","0","0","0","0","0","0","0","0","0","0","0","1310","255","0","0","0","982","0","0","0","0","0","0","0","0","0","0","0","0","0","0","0","0","0","683"
"0x77856b7b0d70","      FMNMX R88, R106, R121, !PT","287","0","287","4161536","133169152","133169152","32","32","0","0","0","-","-","-","0","0","0","0","0","0","0","0","-","0","0","0","0","0","0","0","0","0","0","0","0","0","0","0","0","0","0","0","287","0","0","0","0","0","0","0","0","0","0","0","0","0","0","0","0","0","0","0","0","0","0"
"0x77856b7b0d80","      FFMA R122, R89, UR17, -R165","244","0","244","4161536","133169152","133169152","32","32","0","0","0","-","-","-","0","0","0","0","0","0","0","0","-","0","0","0","0","0","0","0","0","0","0","0","0","0","0","0","0","0","0","0","244","0","0","0","0","0","0","0","0","0","0","0","0","0","0","0","0","0","0","0","0","0","0"
"0x77856b7b0d90","      FFMA R123, R92, UR17, -R165","254","0","254","4161536","133169152","133169152","32","32","0","0","0","-","-","-","0","0","0","0","0","0","0","0","-","0","0","0","0","0","0","0","0","0","0","0","0","0","0","0","0","0","0","0","254","0","0","0","0","0","0","0","0","0","0","0","0","0","0","0","0","0","0","0","0","0","0"
"0x77856b7b0da0","      MUFU.EX2 R124, R120","1976","0","1976","4161536","133169152","133169152","32","32","0","0","0","-","-","-","0","0","0","0","0","0","0","0","-","0","0","0","0","0","0","0","0","184","0","0","0","0","0","0","117","0","0","1407","268","0","0","0","0","0","0","0","0","0","0","0","0","0","0","0","0","0","0","0","0","0","0"
"0x77856b7b0db0","      FMNMX R121, R107, R88, !PT","283","0","283","4161536","133169152","133169152","32","32","0","0","0","-","-","-","0","0","0","0","0","0","0","0","-","0","0","0","0","0","0","0","0","0","0","0","0","0","0","0","0","0","0","0","283","0","0","0","0","0","0","0","0","0","0","0","0","0","0","0","0","0","0","0","0","0","0"
"0x77856b7b0dc0","      FFMA R172, R117, UR17, -R165","244","0","244","4161536","133169152","133169152","32","32","0","0","0","-","-","-","0","0","0","0","0","0","0","0","-","0","0","0","0","0","0","0","0","0","0","0","0","0","0","0","0","0","0","0","244","0","0","0","0","0","0","0","0","0","0","0","0","0","0","0","0","0","0","0","0","0","0"
"0x77856b7b0dd0","      FMNMX R88, R110, R121, !PT","1353","345","1353","4161536","133169152","133169152","32","32","0","0","0","-","-","-","0","0","0","0","0","0","0","0","-","0","0","0","0","0","0","0","0","0","0","0","0","0","101","0","0","0","0","402","266","0","0","0","584","0","0","0","0","0","0","0","101","0","0","0","0","0","0","0","0","0","244"
"0x77856b7b0de0","      MUFU.EX2 R125, R122","1669","224","1669","4161536","133169152","133169152","32","32","0","0","0","-","-","-","0","0","0","0","0","0","0","0","-","0","0","0","0","0","0","0","0","1","0","0","0","0","0","0","508","0","0","392","238","0","0","0","530","0","0","0","0","0","0","0","0","0","68","0","0","0","0","0","0","0","156"
"0x77856b7b0df0","      FMNMX R89, R111, R88, !PT","249","0","249","4161536","133169152","133169152","32","32","0","0","0","-","-","-","0","0","0","0","0","0","0","0","-","0","0","0","0","0","0","0","0","0","0","0","0","0","0","0","0","0","0","0","249","0","0","0","0","0","0","0","0","0","0","0","0","0","0","0","0","0","0","0","0","0","0"
"0x77856b7b0e00","      FMNMX R88, R114, R89, !PT","1152","629","1152","4161536","133169152","133169152","32","32","0","0","0","-","-","-","0","0","0","0","0","0","0","0","-","0","0","0","0","0","0","0","0","0","0","0","0","0","60","0","0","0","0","62","239","0","0","0","791","0","0","0","0","0","0","0","58","0","0","0","0","0","0","0","0","0","571"
"0x77856b7b0e10","      MUFU.EX2 R123, R123","1477","670","1477","4161536","133169152","133169152","32","32","0","0","0","-","-","-","0","0","0","0","0","0","0","0","-","0","0","0","0","0","0","0","0","0","0","0","0","0","0","0","662","0","0","32","275","0","0","0","508","0","0","0","0","0","0","0","0","0","330","0","0","0","0","0","0","0","340"
"0x77856b7b0e20","      FMNMX R89, R115, R88, !PT","270","0","270","4161536","133169152","133169152","32","32","0","0","0","-","-","-","0","0","0","0","0","0","0","0","-","0","0","0","0","0","0","0","0","0","0","0","0","0","0","0","0","0","0","0","270","0","0","0","0","0","0","0","0","0","0","0","0","0","0","0","0","0","0","0","0","0","0"
"0x77856b7b0e30","      FFMA R88, R93, UR17, -R165","269","0","269","4161536","133169152","133169152","32","32","0","0","0","-","-","-","0","0","0","0","0","0","0","0","-","0","0","0","0","0","0","0","0","0","0","0","0","0","0","0","0","0","0","0","269","0","0","0","0","0","0","0","0","0","0","0","0","0","0","0","0","0","0","0","0","0","0"
"0x77856b7b0e40","      FFMA R93, R100, UR17, -R165","250","0","250","4161536","133169152","133169152","32","32","0","0","0","-","-","-","0","0","0","0","0","0","0","0","-","0","0","0","0","0","0","0","0","0","0","0","0","0","0","0","0","0","0","0","250","0","0","0","0","0","0","0","0","0","0","0","0","0","0","0","0","0","0","0","0","0","0"
"0x77856b7b0e50","      FFMA R100, R105, UR17, -R165","262","0","262","4161536","133169152","133169152","32","32","0","0","0","-","-","-","0","0","0","0","0","0","0","0","-","0","0","0","0","0","0","0","0","0","0","0","0","0","0","0","0","0","0","0","262","0","0","0","0","0","0","0","0","0","0","0","0","0","0","0","0","0","0","0","0","0","0"
"0x77856b7b0e60","      FMNMX R92, R118, R89, !PT","242","0","242","4161536","133169152","133169152","32","32","0","0","0","-","-","-","0","0","0","0","0","0","0","0","-","0","0","0","0","0","0","0","0","0","0","0","0","0","0","0","0","0","0","0","242","0","0","0","0","0","0","0","0","0","0","0","0","0","0","0","0","0","0","0","0","0","0"
"0x77856b7b0e70","      FFMA R105, R112, UR17, -R165","270","0","270","4161536","133169152","133169152","32","32","0","0","0","-","-","-","0","0","0","0","0","0","0","0","-","0","0","0","0","0","0","0","0","0","0","0","0","0","0","0","0","0","0","0","270","0","0","0","0","0","0","0","0","0","0","0","0","0","0","0","0","0","0","0","0","0","0"
"0x77856b7b0e80","      FFMA R89, R96, UR17, -R165","417","0","417","4161536","133169152","133169152","32","32","0","0","0","-","-","-","0","0","0","0","0","0","0","0","-","0","0","0","0","0","0","0","0","125","0","0","0","0","0","0","0","0","0","0","292","0","0","0","0","0","0","0","0","0","0","0","0","0","0","0","0","0","0","0","0","0","0"
"0x77856b7b0e90","      FFMA R96, R101, UR17, -R165","264","0","264","4161536","133169152","133169152","32","32","0","0","0","-","-","-","0","0","0","0","0","0","0","0","-","0","0","0","0","0","0","0","0","0","0","0","0","0","0","0","0","0","0","0","264","0","0","0","0","0","0","0","0","0","0","0","0","0","0","0","0","0","0","0","0","0","0"
"0x77856b7b0ea0","      FMNMX R120, R119, R92, !PT","255","0","255","4161536","133169152","133169152","32","32","0","0","0","-","-","-","0","0","0","0","0","0","0","0","-","0","0","0","0","0","0","0","0","0","0","0","0","0","0","0","0","0","0","0","255","0","0","0","0","0","0","0","0","0","0","0","0","0","0","0","0","0","0","0","0","0","0"
"0x77856b7b0eb0","      FFMA R92, R97, UR17, -R165","270","0","270","4161536","133169152","133169152","32","32","0","0","0","-","-","-","0","0","0","0","0","0","0","0","-","0","0","0","0","0","0","0","0","0","0","0","0","0","0","0","0","0","0","0","270","0","0","0","0","0","0","0","0","0","0","0","0","0","0","0","0","0","0","0","0","0","0"
"0x77856b7b0ec0","      FFMA R97, R104, UR17, -R165","256","0","256","4161536","133169152","133169152","32","32","0","0","0","-","-","-","0","0","0","0","0","0","0","0","-","0","0","0","0","0","0","0","0","0","0","0","0","0","0","0","0","0","0","0","256","0","0","0","0","0","0","0","0","0","0","0","0","0","0","0","0","0","0","0","0","0","0"
"0x77856b7b0ed0","      FFMA R104, R109, UR17, -R165","245","0","245","4161536","133169152","133169152","32","32","0","0","0","-","-","-","0","0","0","0","0","0","0","0","-","0","0","0","0","0","0","0","0","0","0","0","0","0","0","0","0","0","0","0","245","0","0","0","0","0","0","0","0","0","0","0","0","0","0","0","0","0","0","0","0","0","0"
"0x77856b7b0ee0","      FFMA R101, R108, UR17, -R165","271","0","271","4161536","133169152","133169152","32","32","0","0","0","-","-","-","0","0","0","0","0","0","0","0","-","0","0","0","0","0","0","0","0","0","0","0","0","0","0","0","0","0","0","0","271","0","0","0","0","0","0","0","0","0","0","0","0","0","0","0","0","0","0","0","0","0","0"
"0x77856b7b0ef0","      SHFL.BFLY PT, R121, R120, 0x2, 0x1f","251","0","251","4161536","133169152","133169152","32","32","0","0","0","-","-","-","0","0","0","0","0","0","0","0","-","0","0","0","0","0","0","0","0","0","0","0","0","0","0","0","0","0","0","0","251","0","0","0","0","0","0","0","0","0","0","0","0","0","0","0","0","0","0","0","0","0","0"
"0x77856b7b0f00","      FFMA R109, R116, UR17, -R165","254","0","254","4161536","133169152","133169152","32","32","0","0","0","-","-","-","0","0","0","0","0","0","0","0","-","0","0","0","0","0","0","0","0","0","0","0","0","0","0","0","0","0","0","0","254","0","0","0","0","0","0","0","0","0","0","0","0","0","0","0","0","0","0","0","0","0","0"
"0x77856b7b0f10","      FFMA R108, R113, UR17, -R165","290","0","290","4161536","133169152","133169152","32","32","0","0","0","-","-","-","0","0","0","0","0","0","0","0","-","0","0","0","0","0","0","0","0","0","0","0","0","0","0","0","0","0","0","0","290","0","0","0","0","0","0","0","0","0","0","0","0","0","0","0","0","0","0","0","0","0","0"
"0x77856b7b0f20","      FADD R116, -R165, R146","244","0","244","4161536","133169152","133169152","32","32","0","0","0","-","-","-","0","0","0","0","0","0","0","0","-","0","0","0","0","0","0","0","0","0","0","0","0","0","0","0","0","0","0","0","244","0","0","0","0","0","0","0","0","0","0","0","0","0","0","0","0","0","0","0","0","0","0"
"0x77856b7b0f30","      MUFU.EX2 R88, R88","245","0","245","4161536","133169152","133169152","32","32","0","0","0","-","-","-","0","0","0","0","0","0","0","0","-","0","0","0","0","0","0","0","0","0","0","0","0","0","0","0","0","0","0","0","245","0","0","0","0","0","0","0","0","0","0","0","0","0","0","0","0","0","0","0","0","0","0"
"0x77856b7b0f40","      MUFU.EX2 R116, R116","2622","1097","2622","4161536","133169152","133169152","32","32","0","0","0","-","-","-","0","0","0","0","0","0","0","0","-","0","0","0","0","0","0","0","0","0","0","0","0","0","0","0","671","0","0","0","236","0","0","0","1715","0","0","0","0","0","0","0","0","0","541","0","0","0","0","0","0","0","556"
"0x77856b7b0f50","      MUFU.EX2 R89, R89","3403","1678","3403","4161536","133169152","133169152","32","32","0","0","0","-","-","-","0","0","0","0","0","0","0","0","-","0","0","0","0","0","0","0","0","3","0","0","0","0","0","0","1103","0","0","244","254","0","0","0","1799","0","0","0","0","0","0","0","0","0","102","0","0","0","0","0","0","0","1576"
"0x77856b7b0f60","      F2FP.F16.F32.PACK_AB R122, R88, R123","234","0","234","4161536","133169152","133169152","32","32","0","0","0","-","-","-","0","0","0","0","0","0","0","0","-","0","0","0","0","0","0","0","0","0","0","0","0","0","0","0","0","0","0","0","234","0","0","0","0","0","0","0","0","0","0","0","0","0","0","0","0","0","0","0","0","0","0"
"0x77856b7b0f70","      FMNMX R121, R120, R121, !PT","676","332","676","4161536","133169152","133169152","32","32","0","0","0","-","-","-","0","0","0","0","0","0","0","0","-","0","0","0","0","0","0","0","0","0","0","0","0","0","44","0","0","0","0","7","268","130","0","0","227","0","0","0","0","0","0","0","44","0","0","0","0","0","0","61","0","0","227"
"0x77856b7b0f80","      MUFU.EX2 R92, R92","3246","864","3246","4161536","133169152","133169152","32","32","0","0","0","-","-","-","0","0","0","0","0","0","0","0","-","0","0","0","0","0","0","0","0","0","0","0","0","0","0","0","1055","0","0","897","259","0","0","0","1035","0","0","0","0","0","0","0","0","0","18","0","0","0","0","0","0","0","846"
"0x77856b7b0f90","      SHFL.BFLY PT, R120, R121, 0x1, 0x1f","233","0","233","4161536","133169152","133169152","32","32","0","0","0","-","-","-","0","0","0","0","0","0","0","0","-","0","0","0","0","0","0","0","0","0","0","0","0","0","0","0","0","0","0","0","233","0","0","0","0","0","0","0","0","0","0","0","0","0","0","0","0","0","0","0","0","0","0"
"0x77856b7b0fa0","      FMUL R24, R24, R116","261","0","261","4161536","133169152","133169152","32","32","0","0","0","-","-","-","0","0","0","0","0","0","0","0","-","0","0","0","0","0","0","0","0","1","0","0","0","0","0","0","0","0","0","0","260","0","0","0","0","0","0","0","0","0","0","0","0","0","0","0","0","0","0","0","0","0","0"
"0x77856b7b0fb0","      FMUL R25, R25, R116","215","0","215","4161536","133169152","133169152","32","32","0","0","0","-","-","-","0","0","0","0","0","0","0","0","-","0","0","0","0","0","0","0","0","0","0","0","0","0","0","0","0","0","0","0","215","0","0","0","0","0","0","0","0","0","0","0","0","0","0","0","0","0","0","0","0","0","0"
"0x77856b7b0fc0","      FMUL R28, R28, R116","253","0","253","4161536","133169152","133169152","32","32","0","0","0","-","-","-","0","0","0","0","0","0","0","0","-","0","0","0","0","0","0","0","0","0","0","0","0","0","0","0","0","0","0","0","253","0","0","0","0","0","0","0","0","0","0","0","0","0","0","0","0","0","0","0","0","0","0"
"0x77856b7b0fd0","      FMUL R29, R29, R116","258","0","258","4161536","133169152","133169152","32","32","0","0","0","-","-","-","0","0","0","0","0","0","0","0","-","0","0","0","0","0","0","0","0","0","0","0","0","0","0","0","0","0","0","0","258","0","0","0","0","0","0","0","0","0","0","0","0","0","0","0","0","0","0","0","0","0","0"
"0x77856b7b0fe0","      FMUL R32, R32, R116","258","0","258","4161536","133169152","133169152","32","32","0","0","0","-","-","-","0","0","0","0","0","0","0","0","-","0","0","0","0","0","0","0","0","0","0","0","0","0","0","0","0","0","0","0","258","0","0","0","0","0","0","0","0","0","0","0","0","0","0","0","0","0","0","0","0","0","0"
"0x77856b7b0ff0","      FMUL R33, R33, R116","251","0","251","4161536","133169152","133169152","32","32","0","0","0","-","-","-","0","0","0","0","0","0","0","0","-","0","0","0","0","0","0","0","0","0","0","0","0","0","0","0","0","0","0","0","251","0","0","0","0","0","0","0","0","0","0","0","0","0","0","0","0","0","0","0","0","0","0"
"0x77856b7b1000","      MUFU.EX2 R93, R93","372","54","372","4161536","133169152","133169152","32","32","0","0","0","-","-","-","0","0","0","0","0","0","0","0","-","0","0","0","0","0","0","0","0","0","0","0","0","0","0","0","109","0","0","0","263","0","0","0","0","0","0","0","0","0","0","0","0","0","54","0","0","0","0","0","0","0","0"
"0x77856b7b1010","      FMUL R36, R36, R116","240","0","240","4161536","133169152","133169152","32","32","0","0","0","-","-","-","0","0","0","0","0","0","0","0","-","0","0","0","0","0","0","0","0","0","0","0","0","0","0","0","0","0","0","0","240","0","0","0","0","0","0","0","0","0","0","0","0","0","0","0","0","0","0","0","0","0","0"
"0x77856b7b1020","      FMUL R37, R37, R116","249","0","249","4161536","133169152","133169152","32","32","0","0","0","-","-","-","0","0","0","0","0","0","0","0","-","0","0","0","0","0","0","0","0","0","0","0","0","0","0","0","0","0","0","0","249","0","0","0","0","0","0","0","0","0","0","0","0","0","0","0","0","0","0","0","0","0","0"
"0x77856b7b1030","      FMUL R40, R40, R116","278","0","278","4161536","133169152","133169152","32","32","0","0","0","-","-","-","0","0","0","0","0","0","0","0","-","0","0","0","0","0","0","0","0","0","0","0","0","0","0","0","0","0","0","0","278","0","0","0","0","0","0","0","0","0","0","0","0","0","0","0","0","0","0","0","0","0","0"
"0x77856b7b1040","      FMUL R41, R41, R116","245","0","245","4161536","133169152","133169152","32","32","0","0","0","-","-","-","0","0","0","0","0","0","0","0","-","0","0","0","0","0","0","0","0","0","0","0","0","0","0","0","0","0","0","0","245","0","0","0","0","0","0","0","0","0","0","0","0","0","0","0","0","0","0","0","0","0","0"
"0x77856b7b1050","      FMUL R44, R44, R116","245","0","245","4161536","133169152","133169152","32","32","0","0","0","-","-","-","0","0","0","0","0","0","0","0","-","0","0","0","0","0","0","0","0","0","0","0","0","0","0","0","0","0","0","0","245","0","0","0","0","0","0","0","0","0","0","0","0","0","0","0","0","0","0","0","0","0","0"
"0x77856b7b1060","      FMUL R45, R45, R116","241","0","241","4161536","133169152","133169152","32","32","0","0","0","-","-","-","0","0","0","0","0","0","0","0","-","0","0","0","0","0","0","0","0","0","0","0","0","0","0","0","0","0","0","0","241","0","0","0","0","0","0","0","0","0","0","0","0","0","0","0","0","0","0","0","0","0","0"
"0x77856b7b1070","      FMUL R48, R48, R116","281","0","281","4161536","133169152","133169152","32","32","0","0","0","-","-","-","0","0","0","0","0","0","0","0","-","0","0","0","0","0","0","0","0","0","0","0","0","0","0","0","0","0","0","0","281","0","0","0","0","0","0","0","0","0","0","0","0","0","0","0","0","0","0","0","0","0","0"
"0x77856b7b1080","      MUFU.EX2 R96, R96","2000","405","2000","4161536","133169152","133169152","32","32","0","0","0","-","-","-","0","0","0","0","0","0","0","0","-","0","0","0","0","0","0","0","0","1","0","0","0","0","0","0","950","0","0","810","239","0","0","0","0","0","0","0","0","0","0","0","0","0","405","0","0","0","0","0","0","0","0"
"0x77856b7b1090","      FMUL R49, R49, R116","247","0","247","4161536","133169152","133169152","32","32","0","0","0","-","-","-","0","0","0","0","0","0","0","0","-","0","0","0","0","0","0","0","0","0","0","0","0","0","0","0","0","0","0","0","247","0","0","0","0","0","0","0","0","0","0","0","0","0","0","0","0","0","0","0","0","0","0"
"0x77856b7b10a0","      FMUL R52, R52, R116","216","0","216","4161536","133169152","133169152","32","32","0","0","0","-","-","-","0","0","0","0","0","0","0","0","-","0","0","0","0","0","0","0","0","0","0","0","0","0","0","0","0","0","0","0","216","0","0","0","0","0","0","0","0","0","0","0","0","0","0","0","0","0","0","0","0","0","0"
"0x77856b7b10b0","      FMUL R53, R53, R116","230","0","230","4161536","133169152","133169152","32","32","0","0","0","-","-","-","0","0","0","0","0","0","0","0","-","0","0","0","0","0","0","0","0","0","0","0","0","0","0","0","0","0","0","0","230","0","0","0","0","0","0","0","0","0","0","0","0","0","0","0","0","0","0","0","0","0","0"
"0x77856b7b10c0","      FMUL R56, R56, R116","247","0","247","4161536","133169152","133169152","32","32","0","0","0","-","-","-","0","0","0","0","0","0","0","0","-","0","0","0","0","0","0","0","0","0","0","0","0","0","0","0","0","0","0","0","247","0","0","0","0","0","0","0","0","0","0","0","0","0","0","0","0","0","0","0","0","0","0"
"0x77856b7b10d0","      FMUL R57, R57, R116","284","0","284","4161536","133169152","133169152","32","32","0","0","0","-","-","-","0","0","0","0","0","0","0","0","-","0","0","0","0","0","0","0","0","0","0","0","0","0","0","0","0","0","0","0","284","0","0","0","0","0","0","0","0","0","0","0","0","0","0","0","0","0","0","0","0","0","0"
"0x77856b7b10e0","      FMUL R60, R60, R116","256","0","256","4161536","133169152","133169152","32","32","0","0","0","-","-","-","0","0","0","0","0","0","0","0","-","0","0","0","0","0","0","0","0","0","0","0","0","0","0","0","0","0","0","0","256","0","0","0","0","0","0","0","0","0","0","0","0","0","0","0","0","0","0","0","0","0","0"
"0x77856b7b10f0","      FMUL R61, R61, R116","251","0","251","4161536","133169152","133169152","32","32","0","0","0","-","-","-","0","0","0","0","0","0","0","0","-","0","0","0","0","0","0","0","0","0","0","0","0","0","0","0","0","0","0","0","251","0","0","0","0","0","0","0","0","0","0","0","0","0","0","0","0","0","0","0","0","0","0"
"0x77856b7b1100","      MUFU.EX2 R97, R97","1306","802","1306","4161536","133169152","133169152","32","32","0","0","0","-","-","-","0","0","0","0","0","0","0","0","-","0","0","0","0","0","0","0","0","0","0","0","0","0","0","0","912","0","1","120","273","0","0","0","0","0","0","0","0","0","0","0","0","0","802","0","0","0","0","0","0","0","0"
"0x77856b7b1110","      FMNMX R120, R121, R120, !PT","1289","260","1289","4161536","133169152","133169152","32","32","0","0","0","-","-","-","0","0","0","0","0","0","0","0","-","0","0","0","0","0","0","0","0","0","0","0","0","0","227","0","0","0","0","483","256","323","0","0","0","0","0","0","0","0","0","0","174","0","0","0","0","0","0","86","0","0","0"
"0x77856b7b1120","      FMUL R64, R64, R116","266","0","266","4161536","133169152","133169152","32","32","0","0","0","-","-","-","0","0","0","0","0","0","0","0","-","0","0","0","0","0","0","0","0","0","0","0","0","0","0","0","0","0","0","0","266","0","0","0","0","0","0","0","0","0","0","0","0","0","0","0","0","0","0","0","0","0","0"
"0x77856b7b1130","      FMUL R65, R65, R116","231","0","231","4161536","133169152","133169152","32","32","0","0","0","-","-","-","0","0","0","0","0","0","0","0","-","0","0","0","0","0","0","0","0","0","0","0","0","0","0","0","0","0","0","0","231","0","0","0","0","0","0","0","0","0","0","0","0","0","0","0","0","0","0","0","0","0","0"
"0x77856b7b1140","      FMUL R68, R68, R116","311","0","311","4161536","133169152","133169152","32","32","0","0","0","-","-","-","0","0","0","0","0","0","0","0","-","0","0","0","0","0","0","0","0","65","0","0","0","0","0","0","0","0","0","0","246","0","0","0","0","0","0","0","0","0","0","0","0","0","0","0","0","0","0","0","0","0","0"
"0x77856b7b1150","      FMUL R69, R69, R116","253","0","253","4161536","133169152","133169152","32","32","0","0","0","-","-","-","0","0","0","0","0","0","0","0","-","0","0","0","0","0","0","0","0","0","0","0","0","0","0","0","0","0","0","0","253","0","0","0","0","0","0","0","0","0","0","0","0","0","0","0","0","0","0","0","0","0","0"
"0x77856b7b1160","      FMUL R112, R120, UR17","253","0","253","4161536","133169152","133169152","32","32","0","0","0","-","-","-","0","0","0","0","0","0","0","0","-","0","0","0","0","0","0","0","0","0","0","0","0","0","0","0","0","0","0","0","253","0","0","0","0","0","0","0","0","0","0","0","0","0","0","0","0","0","0","0","0","0","0"
"0x77856b7b1170","      FMUL R72, R72, R116","254","0","254","4161536","133169152","133169152","32","32","0","0","0","-","-","-","0","0","0","0","0","0","0","0","-","0","0","0","0","0","0","0","0","2","0","0","0","0","0","0","0","0","0","0","252","0","0","0","0","0","0","0","0","0","0","0","0","0","0","0","0","0","0","0","0","0","0"
"0x77856b7b1180","      MUFU.EX2 R100, R100","268","1","268","4161536","133169152","133169152","32","32","0","0","0","-","-","-","0","0","0","0","0","0","0","0","-","0","0","0","0","0","0","0","0","0","0","0","0","0","0","0","1","0","0","0","267","0","0","0","0","0","0","0","0","0","0","0","0","0","1","0","0","0","0","0","0","0","0"
"0x77856b7b1190","      FMUL R73, R73, R116","263","0","263","4161536","133169152","133169152","32","32","0","0","0","-","-","-","0","0","0","0","0","0","0","0","-","0","0","0","0","0","0","0","0","0","0","0","0","0","0","0","0","0","0","0","263","0","0","0","0","0","0","0","0","0","0","0","0","0","0","0","0","0","0","0","0","0","0"
"0x77856b7b11a0","      FMUL R76, R76, R116","256","0","256","4161536","133169152","133169152","32","32","0","0","0","-","-","-","0","0","0","0","0","0","0","0","-","0","0","0","0","0","0","0","0","1","0","0","0","0","0","0","0","0","0","0","255","0","0","0","0","0","0","0","0","0","0","0","0","0","0","0","0","0","0","0","0","0","0"
"0x77856b7b11b0","      FMNMX R112, R112, R143, !PT","274","0","274","4161536","133169152","133169152","32","32","0","0","0","-","-","-","0","0","0","0","0","0","0","0","-","0","0","0","0","0","0","0","0","0","0","0","0","0","0","0","0","0","0","0","274","0","0","0","0","0","0","0","0","0","0","0","0","0","0","0","0","0","0","0","0","0","0"
"0x77856b7b11c0","      FMUL R77, R77, R116","241","0","241","4161536","133169152","133169152","32","32","0","0","0","-","-","-","0","0","0","0","0","0","0","0","-","0","0","0","0","0","0","0","0","0","0","0","0","0","0","0","0","0","0","0","241","0","0","0","0","0","0","0","0","0","0","0","0","0","0","0","0","0","0","0","0","0","0"
"0x77856b7b11d0","      FMUL R80, R80, R116","266","0","266","4161536","133169152","133169152","32","32","0","0","0","-","-","-","0","0","0","0","0","0","0","0","-","0","0","0","0","0","0","0","0","0","0","0","0","0","0","0","0","0","0","0","266","0","0","0","0","0","0","0","0","0","0","0","0","0","0","0","0","0","0","0","0","0","0"
"0x77856b7b11e0","      FMUL R81, R81, R116","250","0","250","4161536","133169152","133169152","32","32","0","0","0","-","-","-","0","0","0","0","0","0","0","0","-","0","0","0","0","0","0","0","0","0","0","0","0","0","0","0","0","0","0","0","250","0","0","0","0","0","0","0","0","0","0","0","0","0","0","0","0","0","0","0","0","0","0"
"0x77856b7b11f0","      FMUL R84, R84, R116","262","0","262","4161536","133169152","133169152","32","32","0","0","0","-","-","-","0","0","0","0","0","0","0","0","-","0","0","0","0","0","0","0","0","0","0","0","0","0","0","0","0","0","0","0","262","0","0","0","0","0","0","0","0","0","0","0","0","0","0","0","0","0","0","0","0","0","0"
"0x77856b7b1200","      FFMA R90, R90, UR17, -R112","309","0","309","4161536","133169152","133169152","32","32","0","0","0","-","-","-","0","0","0","0","0","0","0","0","-","0","0","0","0","0","0","0","0","61","0","0","0","0","0","0","0","0","0","1","247","0","0","0","0","0","0","0","0","0","0","0","0","0","0","0","0","0","0","0","0","0","0"
"0x77856b7b1210","      FFMA R106, R106, UR17, -R112","250","0","250","4161536","133169152","133169152","32","32","0","0","0","-","-","-","0","0","0","0","0","0","0","0","-","0","0","0","0","0","0","0","0","0","0","0","0","0","0","0","0","0","0","0","250","0","0","0","0","0","0","0","0","0","0","0","0","0","0","0","0","0","0","0","0","0","0"
"0x77856b7b1220","      FFMA R107, R107, UR17, -R112","257","0","257","4161536","133169152","133169152","32","32","0","0","0","-","-","-","0","0","0","0","0","0","0","0","-","0","0","0","0","0","0","0","0","0","0","0","0","0","0","0","0","0","0","0","257","0","0","0","0","0","0","0","0","0","0","0","0","0","0","0","0","0","0","0","0","0","0"
"0x77856b7b1230","      FFMA R110, R110, UR17, -R112","227","0","227","4161536","133169152","133169152","32","32","0","0","0","-","-","-","0","0","0","0","0","0","0","0","-","0","0","0","0","0","0","0","0","0","0","0","0","0","0","0","0","0","0","0","227","0","0","0","0","0","0","0","0","0","0","0","0","0","0","0","0","0","0","0","0","0","0"
"0x77856b7b1240","      MUFU.EX2 R113, R90","258","0","258","4161536","133169152","133169152","32","32","0","0","0","-","-","-","0","0","0","0","0","0","0","0","-","0","0","0","0","0","0","0","0","0","0","0","0","0","0","0","0","0","0","0","258","0","0","0","0","0","0","0","0","0","0","0","0","0","0","0","0","0","0","0","0","0","0"
"0x77856b7b1250","      FFMA R111, R111, UR17, -R112","503","0","503","4161536","133169152","133169152","32","32","0","0","0","-","-","-","0","0","0","0","0","0","0","0","-","0","0","0","0","0","0","0","0","252","0","0","0","0","0","0","0","0","0","0","251","0","0","0","0","0","0","0","0","0","0","0","0","0","0","0","0","0","0","0","0","0","0"
"0x77856b7b1260","      FFMA R114, R114, UR17, -R112","378","0","378","4161536","133169152","133169152","32","32","0","0","0","-","-","-","0","0","0","0","0","0","0","0","-","0","0","0","0","0","0","0","0","126","0","0","0","0","0","0","0","0","0","0","252","0","0","0","0","0","0","0","0","0","0","0","0","0","0","0","0","0","0","0","0","0","0"
"0x77856b7b1270","      FFMA R115, R115, UR17, -R112","275","0","275","4161536","133169152","133169152","32","32","0","0","0","-","-","-","0","0","0","0","0","0","0","0","-","0","0","0","0","0","0","0","0","0","0","0","0","0","0","0","0","0","0","0","275","0","0","0","0","0","0","0","0","0","0","0","0","0","0","0","0","0","0","0","0","0","0"
"0x77856b7b1280","      FFMA R118, R118, UR17, -R112","249","0","249","4161536","133169152","133169152","32","32","0","0","0","-","-","-","0","0","0","0","0","0","0","0","-","0","0","0","0","0","0","0","0","0","0","0","0","0","0","0","0","0","0","0","249","0","0","0","0","0","0","0","0","0","0","0","0","0","0","0","0","0","0","0","0","0","0"
"0x77856b7b1290","      FFMA R119, R119, UR17, -R112","255","0","255","4161536","133169152","133169152","32","32","0","0","0","-","-","-","0","0","0","0","0","0","0","0","-","0","0","0","0","0","0","0","0","0","0","0","0","0","0","0","0","0","0","0","255","0","0","0","0","0","0","0","0","0","0","0","0","0","0","0","0","0","0","0","0","0","0"
"0x77856b7b12a0","      FFMA R91, R91, UR17, -R112","267","0","267","4161536","133169152","133169152","32","32","0","0","0","-","-","-","0","0","0","0","0","0","0","0","-","0","0","0","0","0","0","0","0","0","0","0","0","0","0","0","0","0","0","0","267","0","0","0","0","0","0","0","0","0","0","0","0","0","0","0","0","0","0","0","0","0","0"
"0x77856b7b12b0","      FFMA R94, R94, UR17, -R112","239","0","239","4161536","133169152","133169152","32","32","0","0","0","-","-","-","0","0","0","0","0","0","0","0","-","0","0","0","0","0","0","0","0","0","0","0","0","0","0","0","0","0","0","0","239","0","0","0","0","0","0","0","0","0","0","0","0","0","0","0","0","0","0","0","0","0","0"
"0x77856b7b12c0","      FFMA R95, R95, UR17, -R112","228","0","228","4161536","133169152","133169152","32","32","0","0","0","-","-","-","0","0","0","0","0","0","0","0","-","0","0","0","0","0","0","0","0","0","0","0","0","0","0","0","0","0","0","0","228","0","0","0","0","0","0","0","0","0","0","0","0","0","0","0","0","0","0","0","0","0","0"
"0x77856b7b12d0","      FADD R90, -R112, R143","3222","370","3222","4161536","133169152","133169152","32","32","0","0","0","-","-","-","0","0","0","0","0","0","0","0","-","0","0","0","0","0","0","0","0","1","0","0","0","0","0","0","0","0","0","1710","254","1257","0","0","0","0","0","0","0","0","0","0","0","0","0","0","0","0","0","370","0","0","0"
"0x77856b7b12e0","      FFMA R98, R98, UR17, -R112","240","0","240","4161536","133169152","133169152","32","32","0","0","0","-","-","-","0","0","0","0","0","0","0","0","-","0","0","0","0","0","0","0","0","0","0","0","0","0","0","0","0","0","0","0","240","0","0","0","0","0","0","0","0","0","0","0","0","0","0","0","0","0","0","0","0","0","0"
"0x77856b7b12f0","      FFMA R99, R99, UR17, -R112","277","0","277","4161536","133169152","133169152","32","32","0","0","0","-","-","-","0","0","0","0","0","0","0","0","-","0","0","0","0","0","0","0","0","0","0","0","0","0","0","0","0","0","0","0","277","0","0","0","0","0","0","0","0","0","0","0","0","0","0","0","0","0","0","0","0","0","0"
"0x77856b7b1300","      FFMA R102, R102, UR17, -R112","238","0","238","4161536","133169152","133169152","32","32","0","0","0","-","-","-","0","0","0","0","0","0","0","0","-","0","0","0","0","0","0","0","0","0","0","0","0","0","0","0","0","0","0","0","238","0","0","0","0","0","0","0","0","0","0","0","0","0","0","0","0","0","0","0","0","0","0"
"0x77856b7b1310","      FFMA R103, R103, UR17, -R112","281","0","281","4161536","133169152","133169152","32","32","0","0","0","-","-","-","0","0","0","0","0","0","0","0","-","0","0","0","0","0","0","0","0","2","0","0","0","0","0","0","0","0","0","0","279","0","0","0","0","0","0","0","0","0","0","0","0","0","0","0","0","0","0","0","0","0","0"
"0x77856b7b1320","      MUFU.EX2 R143, R90","232","0","232","4161536","133169152","133169152","32","32","0","0","0","-","-","-","0","0","0","0","0","0","0","0","-","0","0","0","0","0","0","0","0","0","0","0","0","0","0","0","0","0","0","0","232","0","0","0","0","0","0","0","0","0","0","0","0","0","0","0","0","0","0","0","0","0","0"
"0x77856b7b1330","      FMUL R85, R85, R116","297","0","297","4161536","133169152","133169152","32","32","0","0","0","-","-","-","0","0","0","0","0","0","0","0","-","0","0","0","0","0","0","0","0","54","0","0","0","0","0","0","0","0","0","0","243","0","0","0","0","0","0","0","0","0","0","0","0","0","0","0","0","0","0","0","0","0","0"
"0x77856b7b1340","      F2FP.F16.F32.PACK_AB R120, R125, R124","224","0","224","4161536","133169152","133169152","32","32","0","0","0","-","-","-","0","0","0","0","0","0","0","0","-","0","0","0","0","0","0","0","0","0","0","0","0","0","0","0","0","0","0","0","224","0","0","0","0","0","0","0","0","0","0","0","0","0","0","0","0","0","0","0","0","0","0"
"0x77856b7b1350","      F2FP.F16.F32.PACK_AB R126, R96, R93","3342","378","3342","4161536","133169152","133169152","32","32","0","0","0","-","-","-","0","0","0","0","0","0","0","0","-","0","0","0","0","0","0","0","0","49","0","0","0","0","420","0","0","0","0","2409","245","0","0","0","219","0","0","0","0","0","0","0","233","0","0","0","0","0","0","0","0","0","145"
"0x77856b7b1360","      F2FP.F16.F32.PACK_AB R128, R100, R97","575","266","575","4161536","133169152","133169152","32","32","0","0","0","-","-","-","0","0","0","0","0","0","0","0","-","0","0","0","0","0","0","0","0","0","0","0","0","0","2","0","0","0","0","5","254","0","0","0","314","0","0","0","0","0","0","0","0","0","0","0","0","0","0","0","0","0","266"
"0x77856b7b1370","      MUFU.EX2 R101, R101","2386","452","2386","4161536","133169152","133169152","32","32","0","0","0","-","-","-","0","0","0","0","0","0","0","0","-","0","0","0","0","0","0","0","0","107","0","0","0","0","0","0","362","0","0","1356","270","0","0","0","291","0","0","0","0","0","0","0","0","0","162","0","0","0","0","0","0","0","290"
"0x77856b7b1380","      VIADD R90, R162, 0xd0","262","0","262","4161536","133169152","133169152","32","32","0","0","0","-","-","-","0","0","0","0","0","0","0","0","-","0","0","0","0","0","0","0","0","0","0","0","0","0","0","0","0","0","0","0","262","0","0","0","0","0","0","0","0","0","0","0","0","0","0","0","0","0","0","0","0","0","0"
"0x77856b7b1390","      ISETP.GE.AND P2, PT, R90, UR22, PT","2016","835","2016","4161536","133169152","133169152","32","32","0","0","0","-","-","-","0","0","0","0","0","0","0","0","-","0","0","0","0","0","0","0","0","0","0","0","0","0","215","0","0","0","0","505","263","0","0","0","1033","0","0","0","0","0","0","0","88","0","0","0","0","0","0","0","0","0","747"
"0x77856b7b13a0","      MUFU.EX2 R104, R104","2993","1133","2993","4161536","133169152","133169152","32","32","0","0","0","-","-","-","0","0","0","0","0","0","0","0","-","0","0","0","0","0","0","0","0","0","0","0","0","0","0","0","1588","0","0","813","238","0","0","0","354","0","0","0","0","0","0","0","0","0","882","0","0","0","0","0","0","0","251"
"0x77856b7b13b0","      FMUL R26, R26, R143","285","0","285","4161536","133169152","133169152","32","32","0","0","0","-","-","-","0","0","0","0","0","0","0","0","-","0","0","0","0","0","0","0","0","1","0","0","0","0","0","0","0","0","0","0","284","0","0","0","0","0","0","0","0","0","0","0","0","0","0","0","0","0","0","0","0","0","0"
"0x77856b7b13c0","      FMUL R27, R27, R143","230","0","230","4161536","133169152","133169152","32","32","0","0","0","-","-","-","0","0","0","0","0","0","0","0","-","0","0","0","0","0","0","0","0","0","0","0","0","0","0","0","0","0","0","0","230","0","0","0","0","0","0","0","0","0","0","0","0","0","0","0","0","0","0","0","0","0","0"
"0x77856b7b13d0","      FMUL R30, R30, R143","239","0","239","4161536","133169152","133169152","32","32","0","0","0","-","-","-","0","0","0","0","0","0","0","0","-","0","0","0","0","0","0","0","0","0","0","0","0","0","0","0","0","0","0","0","239","0","0","0","0","0","0","0","0","0","0","0","0","0","0","0","0","0","0","0","0","0","0"
"0x77856b7b13e0","      FMUL R31, R31, R143","244","0","244","4161536","133169152","133169152","32","32","0","0","0","-","-","-","0","0","0","0","0","0","0","0","-","0","0","0","0","0","0","0","0","0","0","0","0","0","0","0","0","0","0","0","244","0","0","0","0","0","0","0","0","0","0","0","0","0","0","0","0","0","0","0","0","0","0"
"0x77856b7b13f0","      FMUL R34, R34, R143","270","0","270","4161536","133169152","133169152","32","32","0","0","0","-","-","-","0","0","0","0","0","0","0","0","-","0","0","0","0","0","0","0","0","0","0","0","0","0","0","0","0","0","0","0","270","0","0","0","0","0","0","0","0","0","0","0","0","0","0","0","0","0","0","0","0","0","0"
"0x77856b7b1400","      FMUL R35, R35, R143","257","0","257","4161536","133169152","133169152","32","32","0","0","0","-","-","-","0","0","0","0","0","0","0","0","-","0","0","0","0","0","0","0","0","0","0","0","0","0","0","0","0","0","0","0","257","0","0","0","0","0","0","0","0","0","0","0","0","0","0","0","0","0","0","0","0","0","0"
"0x77856b7b1410","      FMUL R38, R38, R143","251","0","251","4161536","133169152","133169152","32","32","0","0","0","-","-","-","0","0","0","0","0","0","0","0","-","0","0","0","0","0","0","0","0","0","0","0","0","0","0","0","0","0","0","0","251","0","0","0","0","0","0","0","0","0","0","0","0","0","0","0","0","0","0","0","0","0","0"
"0x77856b7b1420","      MUFU.EX2 R105, R105","972","658","972","4161536","133169152","133169152","32","32","0","0","0","-","-","-","0","0","0","0","0","0","0","0","-","0","0","0","0","0","0","0","0","0","0","0","0","0","0","0","675","0","0","54","243","0","0","0","0","0","0","0","0","0","0","0","0","0","658","0","0","0","0","0","0","0","0"
"0x77856b7b1430","      FMUL R39, R39, R143","281","0","281","4161536","133169152","133169152","32","32","0","0","0","-","-","-","0","0","0","0","0","0","0","0","-","0","0","0","0","0","0","0","0","0","0","0","0","0","0","0","0","0","0","0","281","0","0","0","0","0","0","0","0","0","0","0","0","0","0","0","0","0","0","0","0","0","0"
"0x77856b7b1440","      FMUL R42, R42, R143","237","0","237","4161536","133169152","133169152","32","32","0","0","0","-","-","-","0","0","0","0","0","0","0","0","-","0","0","0","0","0","0","0","0","0","0","0","0","0","0","0","0","0","0","0","237","0","0","0","0","0","0","0","0","0","0","0","0","0","0","0","0","0","0","0","0","0","0"
"0x77856b7b1450","      FMUL R43, R43, R143","264","0","264","4161536","133169152","133169152","32","32","0","0","0","-","-","-","0","0","0","0","0","0","0","0","-","0","0","0","0","0","0","0","0","0","0","0","0","0","0","0","0","0","0","0","264","0","0","0","0","0","0","0","0","0","0","0","0","0","0","0","0","0","0","0","0","0","0"
"0x77856b7b1460","      FMUL R46, R46, R143","235","0","235","4161536","133169152","133169152","32","32","0","0","0","-","-","-","0","0","0","0","0","0","0","0","-","0","0","0","0","0","0","0","0","0","0","0","0","0","0","0","0","0","0","0","235","0","0","0","0","0","0","0","0","0","0","0","0","0","0","0","0","0","0","0","0","0","0"
"0x77856b7b1470","      FMUL R47, R47, R143","256","0","256","4161536","133169152","133169152","32","32","0","0","0","-","-","-","0","0","0","0","0","0","0","0","-","0","0","0","0","0","0","0","0","0","0","0","0","0","0","0","0","0","0","0","256","0","0","0","0","0","0","0","0","0","0","0","0","0","0","0","0","0","0","0","0","0","0"
"0x77856b7b1480","      FMUL R50, R50, R143","246","0","246","4161536","133169152","133169152","32","32","0","0","0","-","-","-","0","0","0","0","0","0","0","0","-","0","0","0","0","0","0","0","0","0","0","0","0","0","0","0","0","0","0","0","246","0","0","0","0","0","0","0","0","0","0","0","0","0","0","0","0","0","0","0","0","0","0"
"0x77856b7b1490","      FMUL R51, R51, R143","235","0","235","4161536","133169152","133169152","32","32","0","0","0","-","-","-","0","0","0","0","0","0","0","0","-","0","0","0","0","0","0","0","0","0","0","0","0","0","0","0","0","0","0","0","235","0","0","0","0","0","0","0","0","0","0","0","0","0","0","0","0","0","0","0","0","0","0"
"0x77856b7b14a0","      MUFU.EX2 R108, R108","664","24","664","4161536","133169152","133169152","32","32","0","0","0","-","-","-","0","0","0","0","0","0","0","0","-","0","0","0","0","0","0","0","0","0","0","0","0","0","0","0","175","0","0","212","277","0","0","0","0","0","0","0","0","0","0","0","0","0","24","0","0","0","0","0","0","0","0"
"0x77856b7b14b0","      FMUL R54, R54, R143","280","0","280","4161536","133169152","133169152","32","32","0","0","0","-","-","-","0","0","0","0","0","0","0","0","-","0","0","0","0","0","0","0","0","0","0","0","0","0","0","0","0","0","0","0","280","0","0","0","0","0","0","0","0","0","0","0","0","0","0","0","0","0","0","0","0","0","0"
"0x77856b7b14c0","      FMUL R55, R55, R143","242","0","242","4161536","133169152","133169152","32","32","0","0","0","-","-","-","0","0","0","0","0","0","0","0","-","0","0","0","0","0","0","0","0","0","0","0","0","0","0","0","0","0","0","0","242","0","0","0","0","0","0","0","0","0","0","0","0","0","0","0","0","0","0","0","0","0","0"
"0x77856b7b14d0","      FMUL R58, R58, R143","257","0","257","4161536","133169152","133169152","32","32","0","0","0","-","-","-","0","0","0","0","0","0","0","0","-","0","0","0","0","0","0","0","0","0","0","0","0","0","0","0","0","0","0","0","257","0","0","0","0","0","0","0","0","0","0","0","0","0","0","0","0","0","0","0","0","0","0"
"0x77856b7b14e0","      FMUL R59, R59, R143","279","0","279","4161536","133169152","133169152","32","32","0","0","0","-","-","-","0","0","0","0","0","0","0","0","-","0","0","0","0","0","0","0","0","0","0","0","0","0","0","0","0","0","0","0","279","0","0","0","0","0","0","0","0","0","0","0","0","0","0","0","0","0","0","0","0","0","0"
"0x77856b7b14f0","      FMUL R62, R62, R143","264","0","264","4161536","133169152","133169152","32","32","0","0","0","-","-","-","0","0","0","0","0","0","0","0","-","0","0","0","0","0","0","0","0","0","0","0","0","0","0","0","0","0","0","0","264","0","0","0","0","0","0","0","0","0","0","0","0","0","0","0","0","0","0","0","0","0","0"
"0x77856b7b1500","      FMUL R63, R63, R143","271","0","271","4161536","133169152","133169152","32","32","0","0","0","-","-","-","0","0","0","0","0","0","0","0","-","0","0","0","0","0","0","0","0","0","0","0","0","0","0","0","0","0","0","0","271","0","0","0","0","0","0","0","0","0","0","0","0","0","0","0","0","0","0","0","0","0","0"
"0x77856b7b1510","      FMUL R66, R66, R143","256","0","256","4161536","133169152","133169152","32","32","0","0","0","-","-","-","0","0","0","0","0","0","0","0","-","0","0","0","0","0","0","0","0","0","0","0","0","0","0","0","0","0","0","0","256","0","0","0","0","0","0","0","0","0","0","0","0","0","0","0","0","0","0","0","0","0","0"
"0x77856b7b1520","      MUFU.EX2 R109, R109","6626","1166","6626","4161536","133169152","133169152","32","32","0","0","0","-","-","-","0","0","0","0","0","0","0","0","-","0","0","0","0","0","0","0","0","171","0","0","0","0","0","0","3778","0","0","2397","280","0","0","0","0","0","0","0","0","0","0","0","0","0","1166","0","0","0","0","0","0","0","0"
"0x77856b7b1530","      FMUL R67, R67, R143","243","0","243","4161536","133169152","133169152","32","32","0","0","0","-","-","-","0","0","0","0","0","0","0","0","-","0","0","0","0","0","0","0","0","0","0","0","0","0","0","0","0","0","0","0","243","0","0","0","0","0","0","0","0","0","0","0","0","0","0","0","0","0","0","0","0","0","0"
"0x77856b7b1540","      FMUL R70, R70, R143","247","0","247","4161536","133169152","133169152","32","32","0","0","0","-","-","-","0","0","0","0","0","0","0","0","-","0","0","0","0","0","0","0","0","0","0","0","0","0","0","0","0","0","0","0","247","0","0","0","0","0","0","0","0","0","0","0","0","0","0","0","0","0","0","0","0","0","0"
"0x77856b7b1550","      FMUL R71, R71, R143","240","0","240","4161536","133169152","133169152","32","32","0","0","0","-","-","-","0","0","0","0","0","0","0","0","-","0","0","0","0","0","0","0","0","0","0","0","0","0","0","0","0","0","0","0","240","0","0","0","0","0","0","0","0","0","0","0","0","0","0","0","0","0","0","0","0","0","0"
"0x77856b7b1560","      FMUL R74, R74, R143","261","0","261","4161536","133169152","133169152","32","32","0","0","0","-","-","-","0","0","0","0","0","0","0","0","-","0","0","0","0","0","0","0","0","1","0","0","0","0","0","0","0","0","0","0","260","0","0","0","0","0","0","0","0","0","0","0","0","0","0","0","0","0","0","0","0","0","0"
"0x77856b7b1570","      FMUL R75, R75, R143","257","0","257","4161536","133169152","133169152","32","32","0","0","0","-","-","-","0","0","0","0","0","0","0","0","-","0","0","0","0","0","0","0","0","0","0","0","0","0","0","0","0","0","0","0","257","0","0","0","0","0","0","0","0","0","0","0","0","0","0","0","0","0","0","0","0","0","0"
"0x77856b7b1580","      FMUL R78, R78, R143","264","0","264","4161536","133169152","133169152","32","32","0","0","0","-","-","-","0","0","0","0","0","0","0","0","-","0","0","0","0","0","0","0","0","0","0","0","0","0","0","0","0","0","0","0","264","0","0","0","0","0","0","0","0","0","0","0","0","0","0","0","0","0","0","0","0","0","0"
"0x77856b7b1590","      FMUL R79, R79, R143","241","0","241","4161536","133169152","133169152","32","32","0","0","0","-","-","-","0","0","0","0","0","0","0","0","-","0","0","0","0","0","0","0","0","0","0","0","0","0","0","0","0","0","0","0","241","0","0","0","0","0","0","0","0","0","0","0","0","0","0","0","0","0","0","0","0","0","0"
"0x77856b7b15a0","      MUFU.EX2 R172, R172","684","161","684","4161536","133169152","133169152","32","32","0","0","0","-","-","-","0","0","0","0","0","0","0","0","-","0","0","0","0","0","0","0","0","0","0","0","0","0","0","0","354","0","0","65","265","0","0","0","0","0","0","0","0","0","0","0","0","0","161","0","0","0","0","0","0","0","0"
"0x77856b7b15b0","      FMUL R82, R82, R143","252","0","252","4161536","133169152","133169152","32","32","0","0","0","-","-","-","0","0","0","0","0","0","0","0","-","0","0","0","0","0","0","0","0","0","0","0","0","0","0","0","0","0","0","0","252","0","0","0","0","0","0","0","0","0","0","0","0","0","0","0","0","0","0","0","0","0","0"
"0x77856b7b15c0","      FMUL R83, R83, R143","250","0","250","4161536","133169152","133169152","32","32","0","0","0","-","-","-","0","0","0","0","0","0","0","0","-","0","0","0","0","0","0","0","0","0","0","0","0","0","0","0","0","0","0","0","250","0","0","0","0","0","0","0","0","0","0","0","0","0","0","0","0","0","0","0","0","0","0"
"0x77856b7b15d0","      FMUL R86, R86, R143","255","0","255","4161536","133169152","133169152","32","32","0","0","0","-","-","-","0","0","0","0","0","0","0","0","-","0","0","0","0","0","0","0","0","0","0","0","0","0","0","0","0","0","0","0","255","0","0","0","0","0","0","0","0","0","0","0","0","0","0","0","0","0","0","0","0","0","0"
"0x77856b7b15e0","      FMUL R87, R87, R143","263","0","263","4161536","133169152","133169152","32","32","0","0","0","-","-","-","0","0","0","0","0","0","0","0","-","0","0","0","0","0","0","0","0","0","0","0","0","0","0","0","0","0","0","0","263","0","0","0","0","0","0","0","0","0","0","0","0","0","0","0","0","0","0","0","0","0","0"
"0x77856b7b15f0","      F2FP.F16.F32.PACK_AB R130, R104, R101","263","0","263","4161536","133169152","133169152","32","32","0","0","0","-","-","-","0","0","0","0","0","0","0","0","-","0","0","0","0","0","0","0","0","0","0","0","0","0","0","0","0","0","0","0","263","0","0","0","0","0","0","0","0","0","0","0","0","0","0","0","0","0","0","0","0","0","0"
"0x77856b7b1600","      F2FP.F16.F32.PACK_AB R132, R108, R105","2627","270","2627","4161536","133169152","133169152","32","32","0","0","0","-","-","-","0","0","0","0","0","0","0","0","-","0","0","0","0","0","0","0","0","0","0","0","0","0","732","0","0","0","10","1380","260","0","0","0","245","0","0","0","0","0","0","0","162","0","0","0","1","0","0","0","0","0","107"
"0x77856b7b1610","      MUFU.EX2 R146, R91","2950","163","2950","4161536","133169152","133169152","32","32","0","0","0","-","-","-","0","0","0","0","0","0","0","0","-","0","0","0","0","0","0","0","0","168","0","0","0","0","0","0","1644","0","0","883","255","0","0","0","0","0","0","0","0","0","0","0","0","0","163","0","0","0","0","0","0","0","0"
"0x77856b7b1620","      SEL R90, RZ, 0x10, P2","260","0","260","4161536","133169152","133169152","32","32","0","0","0","-","-","-","0","0","0","0","0","0","0","0","-","0","0","0","0","0","0","0","0","0","0","0","0","0","0","0","0","0","0","0","260","0","0","0","0","0","0","0","0","0","0","0","0","0","0","0","0","0","0","0","0","0","0"
"0x77856b7b1630","      MUFU.EX2 R117, R94","5534","1755","5534","4161536","133169152","133169152","32","32","0","0","0","-","-","-","0","0","0","0","0","0","0","0","-","0","0","0","0","0","0","0","0","0","0","0","0","0","0","0","3281","0","0","365","265","0","0","0","1623","0","0","0","0","0","0","0","0","0","833","0","0","0","0","0","0","0","922"
"0x77856b7b1640","      F2FP.F16.F32.PACK_AB R134, R172, R109","254","0","254","4161536","133169152","133169152","32","32","0","0","0","-","-","-","0","0","0","0","0","0","0","0","-","0","0","0","0","0","0","0","0","0","0","0","0","0","0","0","0","0","0","0","254","0","0","0","0","0","0","0","0","0","0","0","0","0","0","0","0","0","0","0","0","0","0"
"0x77856b7b1650","      IMAD.U32 R91, RZ, RZ, UR4","601","311","601","4161536","133169152","133169152","32","32","0","0","0","-","-","-","0","0","0","0","0","0","0","0","-","0","0","0","0","0","0","0","0","0","0","0","0","0","0","0","0","0","0","3","251","347","0","0","0","0","0","0","0","0","0","0","0","0","0","0","0","0","0","311","0","0","0"
"0x77856b7b1660","      UIADD3.X UR4, URZ, UR4, URZ, UP0, !UPT","246","0","246","4161536","133169152","133169152","32","32","0","0","0","-","-","-","0","0","0","0","0","0","0","0","-","0","0","0","0","0","0","0","0","0","0","0","0","0","0","0","0","0","0","0","246","0","0","0","0","0","0","0","0","0","0","0","0","0","0","0","0","0","0","0","0","0","0"
"0x77856b7b1670","      ISETP.GE.AND.EX P4, PT, R91, R160, PT, P4","1065","629","1065","4161536","133169152","133169152","32","32","0","0","0","-","-","-","0","0","0","0","0","0","0","0","-","0","0","0","0","0","0","0","0","1","0","0","0","0","24","0","0","0","0","17","252","0","0","0","771","0","0","0","0","0","0","0","16","0","0","0","0","0","0","0","0","0","613"
"0x77856b7b1680","      MUFU.EX2 R174, R95","740","163","740","4161536","133169152","133169152","32","32","0","0","0","-","-","-","0","0","0","0","0","0","0","0","-","0","0","0","0","0","0","0","0","0","0","0","0","0","0","0","451","0","0","40","249","0","0","0","0","0","0","0","0","0","0","0","0","0","163","0","0","0","0","0","0","0","0"
"0x77856b7b1690","      FADD R94, R124, R125","4038","1398","4038","4161536","133169152","133169152","32","32","0","0","0","-","-","-","0","0","0","0","0","0","0","0","-","0","0","0","0","0","0","0","0","0","0","0","0","0","0","0","0","0","0","2197","239","1602","0","0","0","0","0","0","0","0","0","0","0","0","0","0","0","0","0","1398","0","0","0"
"0x77856b7b16a0","      F2FP.F16.F32.PACK_AB R124, R92, R89","266","0","266","4161536","133169152","133169152","32","32","0","0","0","-","-","-","0","0","0","0","0","0","0","0","-","0","0","0","0","0","0","0","0","0","0","0","0","0","0","0","0","0","0","0","266","0","0","0","0","0","0","0","0","0","0","0","0","0","0","0","0","0","0","0","0","0","0"
"0x77856b7b16b0","      IMAD R91, R156, R140, R153","272","0","272","4161536","133169152","133169152","32","32","0","0","0","-","-","-","0","0","0","0","0","0","0","0","-","0","0","0","0","0","0","0","0","0","0","0","0","0","0","0","0","0","0","0","272","0","0","0","0","0","0","0","0","0","0","0","0","0","0","0","0","0","0","0","0","0","0"
"0x77856b7b16c0","      F2FP.F16.F32.PACK_AB R121, R146, R113","226","0","226","4161536","133169152","133169152","32","32","0","0","0","-","-","-","0","0","0","0","0","0","0","0","-","0","0","0","0","0","0","0","0","0","0","0","0","0","0","0","0","0","0","0","226","0","0","0","0","0","0","0","0","0","0","0","0","0","0","0","0","0","0","0","0","0","0"
"0x77856b7b16d0","      FADD R177, R123, R94","228","0","228","4161536","133169152","133169152","32","32","0","0","0","-","-","-","0","0","0","0","0","0","0","0","-","0","0","0","0","0","0","0","0","0","0","0","0","0","0","0","0","0","0","0","228","0","0","0","0","0","0","0","0","0","0","0","0","0","0","0","0","0","0","0","0","0","0"
"0x77856b7b16e0","      FADD R146, R113, R146","240","0","240","4161536","133169152","133169152","32","32","0","0","0","-","-","-","0","0","0","0","0","0","0","0","-","0","0","0","0","0","0","0","0","0","0","0","0","0","0","0","0","0","0","0","240","0","0","0","0","0","0","0","0","0","0","0","0","0","0","0","0","0","0","0","0","0","0"
"0x77856b7b16f0","      SEL R163, R163, RZ, !P4","293","0","293","4161536","133169152","133169152","32","32","0","0","0","-","-","-","0","0","0","0","0","0","0","0","-","0","0","0","0","0","0","0","0","56","0","0","0","0","0","0","0","0","0","0","237","0","0","0","0","0","0","0","0","0","0","0","0","0","0","0","0","0","0","0","0","0","0"
"0x77856b7b1700","      MUFU.EX2 R173, R98","380","0","380","4161536","133169152","133169152","32","32","0","0","0","-","-","-","0","0","0","0","0","0","0","0","-","0","0","0","0","0","0","0","0","127","0","0","0","0","0","0","0","0","0","0","253","0","0","0","0","0","0","0","0","0","0","0","0","0","0","0","0","0","0","0","0","0","0"
"0x77856b7b1710","      FADD R88, R88, R177","264","0","264","4161536","133169152","133169152","32","32","0","0","0","-","-","-","0","0","0","0","0","0","0","0","-","0","0","0","0","0","0","0","0","2","0","0","0","0","0","0","0","0","0","0","262","0","0","0","0","0","0","0","0","0","0","0","0","0","0","0","0","0","0","0","0","0","0"
"0x77856b7b1720","      SEL R90, R90, RZ, !P4","328","0","328","4161536","133169152","133169152","32","32","0","0","0","-","-","-","0","0","0","0","0","0","0","0","-","0","0","0","0","0","0","0","0","49","0","0","0","0","0","0","0","0","0","0","279","0","0","0","0","0","0","0","0","0","0","0","0","0","0","0","0","0","0","0","0","0","0"
"0x77856b7b1730","      VIADD R94, R162, 0xe0","253","0","253","4161536","133169152","133169152","32","32","0","0","0","-","-","-","0","0","0","0","0","0","0","0","-","0","0","0","0","0","0","0","0","0","0","0","0","0","0","0","0","0","0","0","253","0","0","0","0","0","0","0","0","0","0","0","0","0","0","0","0","0","0","0","0","0","0"
"0x77856b7b1740","      ISETP.NE.U32.AND P3, PT, R163, RZ, PT","236","0","236","4161536","133169152","133169152","32","32","0","0","0","-","-","-","0","0","0","0","0","0","0","0","-","0","0","0","0","0","0","0","0","0","0","0","0","0","0","0","0","0","0","0","236","0","0","0","0","0","0","0","0","0","0","0","0","0","0","0","0","0","0","0","0","0","0"
"0x77856b7b1750","      FADD R89, R89, R88","229","0","229","4161536","133169152","133169152","32","32","0","0","0","-","-","-","0","0","0","0","0","0","0","0","-","0","0","0","0","0","0","0","0","0","0","0","0","0","0","0","0","0","0","0","229","0","0","0","0","0","0","0","0","0","0","0","0","0","0","0","0","0","0","0","0","0","0"
"0x77856b7b1760","      ISETP.NE.U32.AND P2, PT, R90, RZ, PT","245","0","245","4161536","133169152","133169152","32","32","0","0","0","-","-","-","0","0","0","0","0","0","0","0","-","0","0","0","0","0","0","0","0","0","0","0","0","0","0","0","0","0","0","0","245","0","0","0","0","0","0","0","0","0","0","0","0","0","0","0","0","0","0","0","0","0","0"
"0x77856b7b1770","      VIADD R162, R162, 0xf0","449","0","449","4161536","133169152","133169152","32","32","0","0","0","-","-","-","0","0","0","0","0","0","0","0","-","0","0","0","0","0","0","0","0","177","0","0","0","0","0","0","0","0","0","0","272","0","0","0","0","0","0","0","0","0","0","0","0","0","0","0","0","0","0","0","0","0","0"
"0x77856b7b1780","      MUFU.EX2 R176, R99","264","0","264","4161536","133169152","133169152","32","32","0","0","0","-","-","-","0","0","0","0","0","0","0","0","-","0","0","0","0","0","0","0","0","3","0","0","0","0","0","0","0","0","0","0","261","0","0","0","0","0","0","0","0","0","0","0","0","0","0","0","0","0","0","0","0","0","0"
"0x77856b7b1790","      F2FP.F16.F32.PACK_AB R123, R174, R117","432","180","432","4161536","133169152","133169152","32","32","0","0","0","-","-","-","0","0","0","0","0","0","0","0","-","0","0","0","0","0","0","0","0","0","0","0","0","0","0","0","0","0","0","1","250","181","0","0","0","0","0","0","0","0","0","0","0","0","0","0","0","0","0","180","0","0","0"
"0x77856b7b17a0","      FADD R117, R117, R146","254","0","254","4161536","133169152","133169152","32","32","0","0","0","-","-","-","0","0","0","0","0","0","0","0","-","0","0","0","0","0","0","0","0","0","0","0","0","0","0","0","0","0","0","0","254","0","0","0","0","0","0","0","0","0","0","0","0","0","0","0","0","0","0","0","0","0","0"
"0x77856b7b17b0","      FADD R92, R92, R89","255","0","255","4161536","133169152","133169152","32","32","0","0","0","-","-","-","0","0","0","0","0","0","0","0","-","0","0","0","0","0","0","0","0","0","0","0","0","0","0","0","0","0","0","0","255","0","0","0","0","0","0","0","0","0","0","0","0","0","0","0","0","0","0","0","0","0","0"
"0x77856b7b17c0","      LEA R90, P5, R91, R4, 0x1","254","0","254","4161536","133169152","133169152","32","32","0","0","0","-","-","-","0","0","0","0","0","0","0","0","-","0","0","0","0","0","0","0","0","0","0","0","0","0","0","0","0","0","0","0","254","0","0","0","0","0","0","0","0","0","0","0","0","0","0","0","0","0","0","0","0","0","0"
"0x77856b7b17d0","      VIADD R163, R142, UR9","263","0","263","4161536","133169152","133169152","32","32","0","0","0","-","-","-","0","0","0","0","0","0","0","0","-","0","0","0","0","0","0","0","0","0","0","0","0","0","0","0","0","0","0","0","263","0","0","0","0","0","0","0","0","0","0","0","0","0","0","0","0","0","0","0","0","0","0"
"0x77856b7b17e0","      FADD R174, R174, R117","1558","0","1558","4161536","133169152","133169152","32","32","0","0","0","-","-","-","0","0","0","0","0","0","0","0","-","0","0","0","0","0","0","0","0","80","0","0","0","0","0","0","0","0","0","1022","233","0","0","0","223","0","0","0","0","0","0","0","0","0","0","0","0","0","0","0","0","0","0"
"0x77856b7b17f0","      FADD R93, R93, R92","262","0","262","4161536","133169152","133169152","32","32","0","0","0","-","-","-","0","0","0","0","0","0","0","0","-","0","0","0","0","0","0","0","0","0","0","0","0","0","0","0","0","0","0","0","262","0","0","0","0","0","0","0","0","0","0","0","0","0","0","0","0","0","0","0","0","0","0"
"0x77856b7b1800","      MUFU.EX2 R175, R102","747","399","747","4161536","133169152","133169152","32","32","0","0","0","-","-","-","0","0","0","0","0","0","0","0","-","0","0","0","0","0","0","0","0","2","0","0","0","0","0","0","459","0","0","27","259","0","0","0","0","0","0","0","0","0","0","0","0","0","399","0","0","0","0","0","0","0","0"
"0x77856b7b1810","      ISETP.GE.AND P6, PT, R162, UR22, PT","244","0","244","4161536","133169152","133169152","32","32","0","0","0","-","-","-","0","0","0","0","0","0","0","0","-","0","0","0","0","0","0","0","0","0","0","0","0","0","0","0","0","0","0","0","244","0","0","0","0","0","0","0","0","0","0","0","0","0","0","0","0","0","0","0","0","0","0"
"0x77856b7b1820","      IMAD R99, R155, R139, R154","446","36","446","4161536","133169152","133169152","32","32","0","0","0","-","-","-","0","0","0","0","0","0","0","0","-","0","0","0","0","0","0","0","0","0","0","0","0","0","40","0","0","0","0","50","277","79","0","0","0","0","0","0","0","0","0","0","0","0","0","0","0","0","0","36","0","0","0"
"0x77856b7b1830","      FADD R96, R96, R93","751","143","751","4161536","133169152","133169152","32","32","0","0","0","-","-","-","0","0","0","0","0","0","0","0","-","0","0","0","0","0","0","0","0","0","0","0","0","0","0","0","0","0","0","234","241","0","0","0","276","0","0","0","0","0","0","0","0","0","0","0","0","0","0","0","0","0","143"
"0x77856b7b1840","      LEA.HI.X.SX32 R91, R91, R5, 0x1, P5","276","0","276","4161536","133169152","133169152","32","32","0","0","0","-","-","-","0","0","0","0","0","0","0","0","-","0","0","0","0","0","0","0","0","16","0","0","0","0","0","0","0","0","0","0","260","0","0","0","0","0","0","0","0","0","0","0","0","0","0","0","0","0","0","0","0","0","0"
"0x77856b7b1850","      IMAD.MOV.U32 R146, RZ, RZ, R165","270","0","270","4161536","133169152","133169152","32","32","0","0","0","-","-","-","0","0","0","0","0","0","0","0","-","0","0","0","0","0","0","0","0","0","0","0","0","0","0","0","0","0","0","0","270","0","0","0","0","0","0","0","0","0","0","0","0","0","0","0","0","0","0","0","0","0","0"
"0x77856b7b1860","      ISETP.GE.AND P5, PT, R94, UR22, PT","240","0","240","4161536","133169152","133169152","32","32","0","0","0","-","-","-","0","0","0","0","0","0","0","0","-","0","0","0","0","0","0","0","0","0","0","0","0","0","0","0","0","0","0","0","240","0","0","0","0","0","0","0","0","0","0","0","0","0","0","0","0","0","0","0","0","0","0"
"0x77856b7b1870","      FADD R97, R97, R96","272","0","272","4161536","133169152","133169152","32","32","0","0","0","-","-","-","0","0","0","0","0","0","0","0","-","0","0","0","0","0","0","0","0","0","0","0","0","0","0","0","0","0","0","0","272","0","0","0","0","0","0","0","0","0","0","0","0","0","0","0","0","0","0","0","0","0","0"
"0x77856b7b1880","      MUFU.EX2 R178, R103","324","0","324","4161536","133169152","133169152","32","32","0","0","0","-","-","-","0","0","0","0","0","0","0","0","-","0","0","0","0","0","0","0","0","52","0","0","0","0","0","0","0","0","0","0","272","0","0","0","0","0","0","0","0","0","0","0","0","0","0","0","0","0","0","0","0","0","0"
"0x77856b7b1890","      F2FP.F16.F32.PACK_AB R125, R176, R173","298","0","298","4161536","133169152","133169152","32","32","0","0","0","-","-","-","0","0","0","0","0","0","0","0","-","0","0","0","0","0","0","0","0","55","0","0","0","0","0","0","0","0","0","0","243","0","0","0","0","0","0","0","0","0","0","0","0","0","0","0","0","0","0","0","0","0","0"
"0x77856b7b18a0","      FADD R173, R173, R174","269","0","269","4161536","133169152","133169152","32","32","0","0","0","-","-","-","0","0","0","0","0","0","0","0","-","0","0","0","0","0","0","0","0","0","0","0","0","0","0","0","0","0","0","0","269","0","0","0","0","0","0","0","0","0","0","0","0","0","0","0","0","0","0","0","0","0","0"
"0x77856b7b18b0","      SEL R95, RZ, 0x10, P6","266","0","266","4161536","133169152","133169152","32","32","0","0","0","-","-","-","0","0","0","0","0","0","0","0","-","0","0","0","0","0","0","0","0","0","0","0","0","0","0","0","0","0","0","0","266","0","0","0","0","0","0","0","0","0","0","0","0","0","0","0","0","0","0","0","0","0","0"
"0x77856b7b18c0","      FADD R100, R100, R97","257","0","257","4161536","133169152","133169152","32","32","0","0","0","-","-","-","0","0","0","0","0","0","0","0","-","0","0","0","0","0","0","0","0","0","0","0","0","0","0","0","0","0","0","0","257","0","0","0","0","0","0","0","0","0","0","0","0","0","0","0","0","0","0","0","0","0","0"
"0x77856b7b18d0","      SEL R94, RZ, 0x10, P5","247","0","247","4161536","133169152","133169152","32","32","0","0","0","-","-","-","0","0","0","0","0","0","0","0","-","0","0","0","0","0","0","0","0","0","0","0","0","0","0","0","0","0","0","0","247","0","0","0","0","0","0","0","0","0","0","0","0","0","0","0","0","0","0","0","0","0","0"
"0x77856b7b18e0","      FADD R176, R176, R173","250","0","250","4161536","133169152","133169152","32","32","0","0","0","-","-","-","0","0","0","0","0","0","0","0","-","0","0","0","0","0","0","0","0","0","0","0","0","0","0","0","0","0","0","0","250","0","0","0","0","0","0","0","0","0","0","0","0","0","0","0","0","0","0","0","0","0","0"
"0x77856b7b18f0","      SEL R95, R95, RZ, !P4","271","0","271","4161536","133169152","133169152","32","32","0","0","0","-","-","-","0","0","0","0","0","0","0","0","-","0","0","0","0","0","0","0","0","0","0","0","0","0","0","0","0","0","0","0","271","0","0","0","0","0","0","0","0","0","0","0","0","0","0","0","0","0","0","0","0","0","0"
"0x77856b7b1900","      MUFU.EX2 R106, R106","310","0","310","4161536","133169152","133169152","32","32","0","0","0","-","-","-","0","0","0","0","0","0","0","0","-","0","0","0","0","0","0","0","0","65","0","0","0","0","0","0","0","0","0","0","245","0","0","0","0","0","0","0","0","0","0","0","0","0","0","0","0","0","0","0","0","0","0"
"0x77856b7b1910","      SEL R94, R94, RZ, !P4","381","0","381","4161536","133169152","133169152","32","32","0","0","0","-","-","-","0","0","0","0","0","0","0","0","-","0","0","0","0","0","0","0","0","115","0","0","0","0","0","0","0","0","0","0","266","0","0","0","0","0","0","0","0","0","0","0","0","0","0","0","0","0","0","0","0","0","0"
"0x77856b7b1920","      FADD R101, R101, R100","262","0","262","4161536","133169152","133169152","32","32","0","0","0","-","-","-","0","0","0","0","0","0","0","0","-","0","0","0","0","0","0","0","0","0","0","0","0","0","0","0","0","0","0","0","262","0","0","0","0","0","0","0","0","0","0","0","0","0","0","0","0","0","0","0","0","0","0"
"0x77856b7b1930","      ISETP.NE.U32.AND P4, PT, R95, RZ, PT","244","0","244","4161536","133169152","133169152","32","32","0","0","0","-","-","-","0","0","0","0","0","0","0","0","-","0","0","0","0","0","0","0","0","0","0","0","0","0","0","0","0","0","0","0","244","0","0","0","0","0","0","0","0","0","0","0","0","0","0","0","0","0","0","0","0","0","0"
"0x77856b7b1940","      IMAD R95, R159, R140, R153","239","0","239","4161536","133169152","133169152","32","32","0","0","0","-","-","-","0","0","0","0","0","0","0","0","-","0","0","0","0","0","0","0","0","0","0","0","0","0","0","0","0","0","0","0","239","0","0","0","0","0","0","0","0","0","0","0","0","0","0","0","0","0","0","0","0","0","0"
"0x77856b7b1950","      ISETP.NE.U32.AND P5, PT, R94, RZ, PT","246","0","246","4161536","133169152","133169152","32","32","0","0","0","-","-","-","0","0","0","0","0","0","0","0","-","0","0","0","0","0","0","0","0","0","0","0","0","0","0","0","0","0","0","0","246","0","0","0","0","0","0","0","0","0","0","0","0","0","0","0","0","0","0","0","0","0","0"
"0x77856b7b1960","      FADD R104, R104, R101","270","0","270","4161536","133169152","133169152","32","32","0","0","0","-","-","-","0","0","0","0","0","0","0","0","-","0","0","0","0","0","0","0","0","0","0","0","0","0","0","0","0","0","0","0","270","0","0","0","0","0","0","0","0","0","0","0","0","0","0","0","0","0","0","0","0","0","0"
"0x77856b7b1970","      IMAD R103, R156, R139, R154","960","71","960","4161536","133169152","133169152","32","32","0","0","0","-","-","-","0","0","0","0","0","0","0","0","-","0","0","0","0","0","0","0","0","97","0","0","0","0","59","0","0","0","0","299","254","251","0","0","0","0","0","0","0","0","0","0","0","0","0","0","0","0","0","71","0","0","0"
"0x77856b7b1980","      MUFU.EX2 R107, R107","3057","2010","3057","4161536","133169152","133169152","32","32","0","0","0","-","-","-","0","0","0","0","0","0","0","0","-","0","0","0","0","0","0","0","0","1","0","0","0","0","0","0","2500","0","0","295","261","0","0","0","0","0","0","0","0","0","0","0","0","0","2010","0","0","0","0","0","0","0","0"
"0x77856b7b1990","      F2FP.F16.F32.PACK_AB R127, R178, R175","262","0","262","4161536","133169152","133169152","32","32","0","0","0","-","-","-","0","0","0","0","0","0","0","0","-","0","0","0","0","0","0","0","0","0","0","0","0","0","0","0","0","0","0","0","262","0","0","0","0","0","0","0","0","0","0","0","0","0","0","0","0","0","0","0","0","0","0"
"0x77856b7b19a0","      FADD R175, R175, R176","243","0","243","4161536","133169152","133169152","32","32","0","0","0","-","-","-","0","0","0","0","0","0","0","0","-","0","0","0","0","0","0","0","0","0","0","0","0","0","0","0","0","0","0","0","243","0","0","0","0","0","0","0","0","0","0","0","0","0","0","0","0","0","0","0","0","0","0"
"0x77856b7b19b0","      FADD R105, R105, R104","250","0","250","4161536","133169152","133169152","32","32","0","0","0","-","-","-","0","0","0","0","0","0","0","0","-","0","0","0","0","0","0","0","0","0","0","0","0","0","0","0","0","0","0","0","250","0","0","0","0","0","0","0","0","0","0","0","0","0","0","0","0","0","0","0","0","0","0"
"0x77856b7b19c0","      FADD R175, R178, R175","1997","115","1997","4161536","133169152","133169152","32","32","0","0","0","-","-","-","0","0","0","0","0","0","0","0","-","0","0","0","0","0","0","0","0","102","0","0","0","0","0","0","0","0","0","1111","216","0","0","0","568","0","0","1","0","0","0","0","0","0","0","0","0","0","0","0","0","0","114"
"0x77856b7b19d0","      FADD R108, R108, R105","257","0","257","4161536","133169152","133169152","32","32","0","0","0","-","-","-","0","0","0","0","0","0","0","0","-","0","0","0","0","0","0","0","0","0","0","0","0","0","0","0","0","0","0","0","257","0","0","0","0","0","0","0","0","0","0","0","0","0","0","0","0","0","0","0","0","0","0"
"0x77856b7b19e0","      MUFU.EX2 R110, R110","1022","612","1022","4161536","133169152","133169152","32","32","0","0","0","-","-","-","0","0","0","0","0","0","0","0","-","0","0","0","0","0","0","0","0","3","0","0","0","0","0","0","708","0","0","69","242","0","0","0","0","0","0","0","0","0","0","0","0","0","612","0","0","0","0","0","0","0","0"
"0x77856b7b19f0","      FADD R109, R109, R108","899","281","899","4161536","133169152","133169152","32","32","0","0","0","-","-","-","0","0","0","0","0","0","0","0","-","0","0","0","0","0","0","0","0","0","0","0","0","0","0","0","0","0","0","20","263","0","0","0","616","0","0","0","0","0","0","0","0","0","0","0","0","0","0","0","0","0","281"
"0x77856b7b1a00","      FADD R109, R172, R109","1367","529","1367","4161536","133169152","133169152","32","32","0","0","0","-","-","-","0","0","0","0","0","0","0","0","-","0","0","0","0","0","0","0","0","105","0","0","0","0","0","0","0","0","0","268","230","0","0","0","764","0","0","0","0","0","0","0","0","0","0","0","0","0","0","0","0","0","529"
"0x77856b7b1a10","      MUFU.EX2 R111, R111","1714","290","1714","4161536","133169152","133169152","32","32","0","0","0","-","-","-","0","0","0","0","0","0","0","0","-","0","0","0","0","0","0","0","0","0","0","0","0","0","0","0","1257","0","0","178","279","0","0","0","0","0","0","0","0","0","0","0","0","0","290","0","0","0","0","0","0","0","0"
"0x77856b7b1a20","      F2FP.F16.F32.PACK_AB R129, R107, R106","254","0","254","4161536","133169152","133169152","32","32","0","0","0","-","-","-","0","0","0","0","0","0","0","0","-","0","0","0","0","0","0","0","0","0","0","0","0","0","0","0","0","0","0","0","254","0","0","0","0","0","0","0","0","0","0","0","0","0","0","0","0","0","0","0","0","0","0"
"0x77856b7b1a30","      FADD R106, R106, R175","290","0","290","4161536","133169152","133169152","32","32","0","0","0","-","-","-","0","0","0","0","0","0","0","0","-","0","0","0","0","0","0","0","0","0","0","0","0","0","0","0","0","0","0","0","290","0","0","0","0","0","0","0","0","0","0","0","0","0","0","0","0","0","0","0","0","0","0"
"0x77856b7b1a40","      SHFL.BFLY PT, R88, R109, 0x2, 0x1f","485","145","485","4161536","133169152","133169152","32","32","0","0","0","-","-","-","0","0","0","0","0","0","0","0","-","0","0","0","0","0","0","0","0","0","0","0","0","0","0","0","0","0","0","0","244","0","0","0","241","0","0","0","0","0","0","0","0","0","0","0","0","0","0","0","0","0","145"
"0x77856b7b1a50","      FADD R107, R107, R106","543","252","543","4161536","133169152","133169152","32","32","0","0","0","-","-","-","0","0","0","0","0","0","0","0","-","0","0","0","0","0","0","0","0","5","0","0","0","0","0","0","0","0","0","18","248","0","0","0","272","0","0","0","0","0","0","0","0","0","0","0","0","0","0","0","0","0","252"
"0x77856b7b1a60","      MUFU.EX2 R114, R114","2669","788","2669","4161536","133169152","133169152","32","32","0","0","0","-","-","-","0","0","0","0","0","0","0","0","-","0","0","0","0","0","0","0","0","0","0","0","0","0","0","0","1858","0","0","308","262","0","0","0","241","0","0","0","0","0","0","0","0","0","548","0","0","0","0","0","0","0","240"
"0x77856b7b1a70","      MUFU.EX2 R115, R115","3455","1687","3455","4161536","133169152","133169152","32","32","0","0","0","-","-","-","0","0","0","0","0","0","0","0","-","0","0","0","0","0","0","0","0","0","0","0","0","0","0","0","1153","0","0","195","272","0","0","0","1835","0","0","0","0","0","0","0","0","0","64","0","0","0","0","0","0","0","1623"
"0x77856b7b1a80","      F2FP.F16.F32.PACK_AB R131, R111, R110","419","187","419","4161536","133169152","133169152","32","32","0","0","0","-","-","-","0","0","0","0","0","0","0","0","-","0","0","0","0","0","0","0","0","0","0","0","0","0","0","0","0","0","0","0","232","187","0","0","0","0","0","0","0","0","0","0","0","0","0","0","0","0","0","187","0","0","0"
"0x77856b7b1a90","      FADD R110, R110, R107","225","0","225","4161536","133169152","133169152","32","32","0","0","0","-","-","-","0","0","0","0","0","0","0","0","-","0","0","0","0","0","0","0","0","1","0","0","0","0","0","0","0","0","0","0","224","0","0","0","0","0","0","0","0","0","0","0","0","0","0","0","0","0","0","0","0","0","0"
"0x77856b7b1aa0","      FADD R111, R111, R110","1183","632","1183","4161536","133169152","133169152","32","32","0","0","0","-","-","-","0","0","0","0","0","0","0","0","-","0","0","0","0","0","0","0","0","35","0","0","0","0","0","0","0","0","0","129","264","0","0","0","755","0","0","35","0","0","0","0","0","0","0","0","0","0","0","0","0","0","597"
"0x77856b7b1ab0","      MUFU.EX2 R118, R118","1212","482","1212","4161536","133169152","133169152","32","32","0","0","0","-","-","-","0","0","0","0","0","0","0","0","-","0","0","0","0","0","0","0","0","0","0","0","0","0","0","0","511","0","0","112","289","0","0","0","300","0","0","0","0","0","0","0","0","0","279","0","0","0","0","0","0","0","203"
"0x77856b7b1ac0","      FADD R88, R109, R88","569","215","569","4161536","133169152","133169152","32","32","0","0","0","-","-","-","0","0","0","0","0","0","0","0","-","0","0","0","0","0","0","0","0","58","0","0","0","0","0","0","0","0","0","6","264","241","0","0","0","0","0","1","0","0","0","0","0","0","0","0","0","0","0","214","0","0","0"
"0x77856b7b1ad0","      MUFU.EX2 R119, R119","2436","1585","2436","4161536","133169152","133169152","32","32","0","0","0","-","-","-","0","0","0","0","0","0","0","0","-","0","0","0","0","0","0","0","0","2","0","0","0","0","0","0","558","0","0","60","258","0","0","0","1558","0","0","2","0","0","0","0","0","0","314","0","0","0","0","0","0","0","1269"
"0x77856b7b1ae0","      F2FP.F16.F32.PACK_AB R133, R115, R114","513","196","513","4161536","133169152","133169152","32","32","0","0","0","-","-","-","0","0","0","0","0","0","0","0","-","0","0","0","0","0","0","0","0","0","0","0","0","0","0","0","0","0","0","0","258","255","0","0","0","0","0","0","0","0","0","0","0","0","0","0","0","0","0","196","0","0","0"
"0x77856b7b1af0","      FADD R114, R114, R111","261","0","261","4161536","133169152","133169152","32","32","0","0","0","-","-","-","0","0","0","0","0","0","0","0","-","0","0","0","0","0","0","0","0","0","0","0","0","0","0","0","0","0","0","0","261","0","0","0","0","0","0","0","0","0","0","0","0","0","0","0","0","0","0","0","0","0","0"
"0x77856b7b1b00","      FADD R115, R115, R114","1515","644","1515","4161536","133169152","133169152","32","32","0","0","0","-","-","-","0","0","0","0","0","0","0","0","-","0","0","0","0","0","0","0","0","45","0","0","0","0","0","0","0","0","0","459","239","0","0","0","772","0","0","11","0","0","0","0","0","0","0","0","0","0","0","0","0","0","633"
"0x77856b7b1b10","      F2FP.F16.F32.PACK_AB R135, R119, R118","2872","1909","2872","4161536","133169152","133169152","32","32","0","0","0","-","-","-","0","0","0","0","0","0","0","0","-","0","0","0","0","0","0","0","0","12","0","0","0","0","0","0","0","0","0","60","266","2534","0","0","0","0","0","0","0","0","0","0","0","0","0","0","0","0","0","1909","0","0","0"
"0x77856b7b1b20","      FADD R118, R118, R115","807","390","807","4161536","133169152","133169152","32","32","0","0","0","-","-","-","0","0","0","0","0","0","0","0","-","0","0","0","0","0","0","0","0","0","0","0","0","0","0","0","0","0","0","59","250","0","0","0","498","0","0","0","0","0","0","0","0","0","0","0","0","0","0","0","0","0","390"
"0x77856b7b1b30","      WARPGROUP.ARRIVE","303","0","303","4161536","133169152","133169152","32","32","0","0","0","-","-","-","0","0","0","0","0","0","0","0","-","0","0","0","0","0","0","0","0","61","0","0","0","0","0","0","0","0","0","0","242","0","0","0","0","0","0","0","0","0","0","0","0","0","0","0","0","0","0","0","0","0","0"
"0x77856b7b1b40","      FADD R118, R119, R118","1394","247","1394","4161536","133169152","133169152","32","32","0","0","0","-","-","-","0","0","0","0","0","0","0","0","-","0","0","0","0","0","0","0","0","60","0","0","0","0","0","0","0","0","0","525","278","0","0","0","531","0","0","0","0","0","0","0","0","0","0","0","0","0","0","0","0","0","247"
"0x77856b7b1b50","      HGMMA.64x128x16.F32 R24, R120, gdesc[UR4].tnspB, R24","3271","2246","3271","4161536","133169152","133169152","32","32","0","0","0","Shared","Load","-","0","8","0","33292288","33292288","0","0","0","-","0","0","0","0","0","0","0","0","9","0","0","0","0","0","0","0","0","0","47","258","0","0","0","349","0","0","9","0","0","0","0","0","0","0","0","0","0","0","0","0","0","232"
"0x77856b7b1b60","      SHFL.BFLY PT, R89, R118, 0x2, 0x1f","530","184","530","4161536","133169152","133169152","32","32","0","0","0","-","-","-","0","0","0","0","0","0","0","0","-","0","0","0","0","0","0","0","0","1","0","0","0","0","0","0","0","0","0","28","255","0","0","0","246","0","0","1","0","0","0","0","0","0","0","0","0","0","0","0","0","0","183"
"0x77856b7b1b70","      HGMMA.64x128x16.F32 R24, R124, gdesc[UR8].tnspB, R24","2681","1802","2681","4161536","133169152","133169152","32","32","0","0","0","Shared","Load","-","0","8","0","33292288","33292288","0","0","0","-","0","0","0","0","0","0","0","0","0","0","0","0","0","0","0","0","0","0","21","245","0","0","0","2415","0","0","0","0","0","0","0","0","0","0","0","0","0","0","0","0","0","1802"
"0x77856b7b1b80","      UIADD3.64 UR10, UR10, 0x100, URZ","262","0","262","4161536","133169152","133169152","32","32","0","0","0","-","-","-","0","0","0","0","0","0","0","0","-","0","0","0","0","0","0","0","0","1","0","0","0","0","0","0","0","0","0","0","261","0","0","0","0","0","0","0","0","0","0","0","0","0","0","0","0","0","0","0","0","0","0"
"0x77856b7b1b90","      HGMMA.64x128x16.F32 R24, R128, gdesc[UR16].tnspB, R24","2931","2385","2931","4161536","133169152","133169152","32","32","0","0","0","Shared","Load","-","0","8","0","33292288","33292288","0","0","0","-","0","0","0","0","0","0","0","0","1","0","0","0","0","0","0","0","0","0","27","282","0","0","0","2621","0","0","1","0","0","0","0","0","0","0","0","0","0","0","0","0","0","2384"
"0x77856b7b1ba0","      HGMMA.64x128x16.F32 R24, R132, gdesc[UR8].tnspB, R24, gsb0","3661","2761","3661","4161536","133169152","133169152","32","32","0","0","0","Shared","Load","-","0","8","0","33292288","33292288","0","0","0","-","0","0","0","0","0","0","0","0","14","0","0","0","0","0","0","225","0","0","23","273","0","0","0","3126","0","0","13","0","0","0","0","0","0","225","0","0","0","0","0","0","0","2523"
"0x77856b7b1bb0","      BAR.SYNC.DEFER_BLOCKING 0x0","240","0","240","4161536","133169152","133169152","32","32","0","0","0","-","-","-","0","0","0","0","0","0","0","0","-","0","0","0","0","0","0","0","0","2","0","0","0","0","0","0","0","0","0","0","238","0","0","0","0","0","0","0","0","0","0","0","0","0","0","0","0","0","0","0","0","0","0"
"0x77856b7b1bc0","@!PT  LDS RZ, [RZ]","10968","9318","10968","4161536","133169152","0","32","0","32","32","0","","Load","32","0","0","0","0","0","0","0","0","-","0","0","0","0","0","0","9022","0","0","0","0","0","0","0","0","0","0","0","491","249","0","0","0","1206","8181","0","0","0","0","0","0","0","0","0","0","0","0","0","0","0","0","1137"
"0x77856b7b1bd0","@!PT  LDS RZ, [RZ]","251","0","251","4161536","133169152","0","32","0","0","32","0","","Load","32","0","0","0","0","0","0","0","0","-","0","0","0","0","0","0","0","0","0","0","0","0","0","0","0","0","0","0","0","251","0","0","0","0","0","0","0","0","0","0","0","0","0","0","0","0","0","0","0","0","0","0"
"0x77856b7b1be0","@!PT  LDS RZ, [RZ]","253","0","253","4161536","133169152","0","32","0","0","32","0","","Load","32","0","0","0","0","0","0","0","0","-","0","0","0","0","0","0","0","0","0","0","0","0","0","0","0","0","0","0","0","253","0","0","0","0","0","0","0","0","0","0","0","0","0","0","0","0","0","0","0","0","0","0"
"0x77856b7b1bf0","      LDGSTS.E.BYPASS.128 desc[UR20][R150.64], P3, [R163]","246","0","246","4161536","133169152","133169152","32","32","32","0","0","Global,Shared","Load,Store","128","16257024","4","0","16646144","16646144","0","65028096","65028096","","0","0","0","0","0","0","0","0","0","0","0","0","0","0","0","0","0","0","0","246","0","0","0","0","0","0","0","0","0","0","0","0","0","0","0","0","0","0","0","0","0","0"
"0x77856b7b1c00","      LDGSTS.E.BYPASS.128 desc[UR20][R90.64], P2, [R163+0x800]","1152","239","1152","4161536","133169152","133169152","32","32","0","0","0","Global,Shared","Load,Store","128","16257024","4","0","16646144","16646144","0","65028096","65028096","","0","0","0","0","0","0","0","0","0","0","0","0","0","0","0","0","0","0","128","262","0","0","0","762","0","0","0","0","0","0","0","0","0","0","0","0","0","0","0","0","0","239"
"0x77856b7b1c10","      IMAD R91, R157, R140, R153","18040","16929","18040","4161536","133169152","133169152","32","32","0","0","0","-","-","-","0","0","0","0","0","0","0","0","-","0","0","0","0","0","0","0","0","3","0","0","0","17462","0","0","0","0","0","94","240","0","0","0","241","0","0","3","0","0","0","16685","0","0","0","0","0","0","0","0","0","0","241"
"0x77856b7b1c20","      IMAD R153, R140, 0x40, R153","1030","269","1030","4161536","133169152","133169152","32","32","0","0","0","-","-","-","0","0","0","0","0","0","0","0","-","0","0","0","0","0","0","0","0","260","0","0","0","0","0","0","0","0","0","260","246","0","0","0","264","0","0","5","0","0","0","0","0","0","0","0","0","0","0","0","0","0","264"
"0x77856b7b1c30","      LEA R90, P6, R91, R4, 0x1","1444","587","1444","4161536","133169152","133169152","32","32","0","0","0","-","-","-","0","0","0","0","0","0","0","0","-","0","0","0","0","0","0","0","0","228","0","0","0","0","26","0","0","0","0","3","269","0","0","0","918","0","0","228","0","0","0","0","7","0","0","0","0","0","0","0","0","0","352"
"0x77856b7b1c40","      LEA.HI.X.SX32 R91, R91, R5, 0x1, P6","2202","804","2202","4161536","133169152","133169152","32","32","0","0","0","-","-","-","0","0","0","0","0","0","0","0","-","0","0","0","0","0","0","0","0","0","0","0","0","0","3","0","0","0","0","1","256","0","0","0","1942","0","0","0","0","0","0","0","0","0","0","0","0","0","0","0","0","0","804"
"0x77856b7b1c50","      LEA R94, P6, R95, R4, 0x1","968","131","968","4161536","133169152","133169152","32","32","0","0","0","-","-","-","0","0","0","0","0","0","0","0","-","0","0","0","0","0","0","0","0","0","0","0","0","0","2","0","0","0","0","1","287","0","0","0","678","0","0","0","0","0","0","0","2","0","0","0","0","0","0","0","0","0","129"
"0x77856b7b1c60","      LDGSTS.E.BYPASS.128 desc[UR20][R90.64], P5, [R163+0x1000]","2210","826","2210","4161536","133169152","133169152","32","32","0","0","0","Global,Shared","Load,Store","128","16257024","4","0","16646144","16646144","0","65028096","65028096","","0","0","0","0","0","0","0","0","797","0","0","0","0","0","0","0","0","0","256","226","0","0","0","931","0","0","407","0","0","0","0","0","0","0","0","0","0","0","0","0","0","419"
"0x77856b7b1c70","      LEA.HI.X.SX32 R95, R95, R5, 0x1, P6","277","0","277","4161536","133169152","133169152","32","32","0","0","0","-","-","-","0","0","0","0","0","0","0","0","-","0","0","0","0","0","0","0","0","13","0","0","0","0","0","0","0","0","0","0","264","0","0","0","0","0","0","0","0","0","0","0","0","0","0","0","0","0","0","0","0","0","0"
"0x77856b7b1c80","      LEA R98, P6, R99, R2, 0x1","1129","136","1129","4161536","133169152","133169152","32","32","0","0","0","-","-","-","0","0","0","0","0","0","0","0","-","0","0","0","0","0","0","0","0","364","0","0","0","0","0","0","0","0","0","0","240","0","0","0","525","0","0","5","0","0","0","0","0","0","0","0","0","0","0","0","0","0","131"
"0x77856b7b1c90","      LDGSTS.E.BYPASS.128 desc[UR20][R94.64], P4, [R163+0x1800]","1949","261","1949","4161536","133169152","133169152","32","32","0","0","0","Global,Shared","Load,Store","128","16257024","4","0","16646144","16646144","0","65028096","65028096","","0","0","0","0","0","0","0","0","925","0","0","0","0","0","0","0","0","0","134","259","0","0","0","631","0","0","5","0","0","0","0","0","0","0","0","0","0","0","0","0","0","256"
"0x77856b7b1ca0","      LEA.HI.X.SX32 R99, R99, R3, 0x1, P6","510","0","510","4161536","133169152","133169152","32","32","0","0","0","-","-","-","0","0","0","0","0","0","0","0","-","0","0","0","0","0","0","0","0","248","0","0","0","0","0","0","0","0","0","0","262","0","0","0","0","0","0","0","0","0","0","0","0","0","0","0","0","0","0","0","0","0","0"
"0x77856b7b1cb0","      LDGDEPBAR","2488","445","2488","4161536","133169152","133169152","32","32","0","0","0","-","-","-","0","0","0","0","0","0","0","0","-","0","0","0","0","0","0","0","0","1168","0","0","0","0","0","0","0","0","0","109","262","0","0","0","949","0","0","0","0","0","0","0","0","0","0","0","0","0","0","0","0","0","445"
"0x77856b7b1cc0","      LDGSTS.E.BYPASS.128 desc[UR20][R98.64], P3, [R163+0x10000]","2231","888","2231","4161536","133169152","133169152","32","32","0","0","0","Global,Shared","Load,Store","128","16257024","4","0","16646144","16646144","0","65028096","65028096","","0","0","0","0","0","0","0","0","494","0","0","0","0","0","0","0","0","0","110","259","0","0","0","1368","0","0","375","0","0","0","0","0","0","0","0","0","0","0","0","0","0","513"
"0x77856b7b1cd0","      LEA R90, P3, R103, R2, 0x1","478","119","478","4161536","133169152","133169152","32","32","0","0","0","-","-","-","0","0","0","0","0","0","0","0","-","0","0","0","0","0","0","0","0","118","0","0","0","59","16","0","0","0","0","36","249","0","0","0","0","0","0","70","0","0","0","33","16","0","0","0","0","0","0","0","0","0","0"
"0x77856b7b1ce0","      LEA.HI.X.SX32 R91, R103, R3, 0x1, P3","3430","1253","3430","4161536","133169152","133169152","32","32","0","0","0","-","-","-","0","0","0","0","0","0","0","0","-","0","0","0","0","0","0","0","0","400","0","0","0","0","582","0","0","0","0","238","268","0","0","0","1942","0","0","399","0","0","0","0","229","0","0","0","0","0","0","0","0","0","625"
"0x77856b7b1cf0","      IMAD R103, R157, R139, R154","625","0","625","4161536","133169152","133169152","32","32","0","0","0","-","-","-","0","0","0","0","0","0","0","0","-","0","0","0","0","0","0","0","0","355","0","0","0","0","0","0","0","0","0","0","270","0","0","0","0","0","0","0","0","0","0","0","0","0","0","0","0","0","0","0","0","0","0"
"0x77856b7b1d00","      LDGSTS.E.BYPASS.128 desc[UR20][R90.64], P2, [R163+0x10800]","2114","1304","2114","4161536","133169152","133169152","32","32","0","0","0","Global,Shared","Load,Store","128","16257024","4","0","16646144","16646144","0","65028096","65028096","","0","0","0","0","0","0","0","0","612","0","0","0","0","0","0","0","0","0","2","273","0","0","0","1227","0","0","604","0","0","0","0","0","0","0","0","0","0","0","0","0","0","700"
"0x77856b7b1d10","      LEA R94, P2, R103, R2, 0x1","2180","41","2180","4161536","133169152","133169152","32","32","0","0","0","-","-","-","0","0","0","0","0","0","0","0","-","0","0","0","0","0","0","0","0","1847","0","0","0","60","0","0","0","0","0","0","273","0","0","0","0","0","0","0","0","0","0","41","0","0","0","0","0","0","0","0","0","0","0"
"0x77856b7b1d20","      LEA.HI.X.SX32 R95, R103, R3, 0x1, P2","1912","506","1912","4161536","133169152","133169152","32","32","0","0","0","-","-","-","0","0","0","0","0","0","0","0","-","0","0","0","0","0","0","0","0","37","0","0","0","0","470","0","0","0","0","130","248","0","0","0","1027","0","0","0","0","0","0","0","86","0","0","0","0","0","0","0","0","0","420"
"0x77856b7b1d30","      IMAD R103, R159, R139, R154","562","0","562","4161536","133169152","133169152","32","32","0","0","0","-","-","-","0","0","0","0","0","0","0","0","-","0","0","0","0","0","0","0","0","293","0","0","0","0","0","0","0","0","0","0","269","0","0","0","0","0","0","0","0","0","0","0","0","0","0","0","0","0","0","0","0","0","0"
"0x77856b7b1d40","      IMAD R154, R139, 0x40, R154","879","51","879","4161536","133169152","133169152","32","32","0","0","0","-","-","-","0","0","0","0","0","0","0","0","-","0","0","0","0","0","0","0","0","152","0","0","0","0","0","0","0","0","0","171","255","0","0","0","301","0","0","0","0","0","0","0","0","0","0","0","0","0","0","0","0","0","51"
"0x77856b7b1d50","      LDGSTS.E.BYPASS.128 desc[UR20][R94.64], P5, [R163+0x11000]","1795","784","1795","4161536","133169152","133169152","32","32","0","0","0","Global,Shared","Load,Store","128","16257024","4","0","16646144","16646144","0","65028096","65028096","","0","0","0","0","0","0","0","0","670","0","0","0","0","0","0","0","0","0","21","240","0","0","0","864","0","0","601","0","0","0","0","0","0","0","0","0","0","0","0","0","0","183"
"0x77856b7b1d60","      LEA R102, P2, R103, R2, 0x1","472","0","472","4161536","133169152","133169152","32","32","0","0","0","-","-","-","0","0","0","0","0","0","0","0","-","0","0","0","0","0","0","0","0","225","0","0","0","0","0","0","0","0","0","0","247","0","0","0","0","0","0","0","0","0","0","0","0","0","0","0","0","0","0","0","0","0","0"
"0x77856b7b1d70","      FADD R90, R118, R89","6942","4383","6942","4161536","133169152","133169152","32","32","0","0","0","-","-","-","0","0","0","0","0","0","0","0","-","0","0","0","0","0","0","0","0","373","0","0","0","6183","0","0","0","0","0","128","258","0","0","0","0","0","0","0","0","0","0","4383","0","0","0","0","0","0","0","0","0","0","0"
"0x77856b7b1d80","      SHFL.BFLY PT, R89, R88, 0x1, 0x1f","500","245","500","4161536","133169152","133169152","32","32","0","0","0","-","-","-","0","0","0","0","0","0","0","0","-","0","0","0","0","0","0","0","0","0","0","0","0","0","0","0","0","0","0","0","235","0","0","0","265","0","0","0","0","0","0","0","0","0","0","0","0","0","0","0","0","0","245"
"0x77856b7b1d90","      LEA.HI.X.SX32 R103, R103, R3, 0x1, P2","257","0","257","4161536","133169152","133169152","32","32","0","0","0","-","-","-","0","0","0","0","0","0","0","0","-","0","0","0","0","0","0","0","0","2","0","0","0","0","0","0","0","0","0","0","255","0","0","0","0","0","0","0","0","0","0","0","0","0","0","0","0","0","0","0","0","0","0"
"0x77856b7b1da0","      ISETP.LE.U32.AND P2, PT, R18, UR5, PT","1566","596","1566","4161536","133169152","133169152","32","32","0","0","0","-","-","-","0","0","0","0","0","0","0","0","-","0","0","0","0","0","0","0","0","446","0","0","0","0","133","0","0","0","0","84","275","0","0","0","628","0","0","332","0","0","0","0","17","0","0","0","0","0","0","0","0","0","247"
"0x77856b7b1db0","      SHFL.BFLY PT, R91, R90, 0x1, 0x1f","433","0","433","4161536","133169152","133169152","32","32","0","0","0","-","-","-","0","0","0","0","0","0","0","0","-","0","0","0","0","0","0","0","0","192","0","0","0","0","0","0","0","0","0","0","241","0","0","0","0","0","0","0","0","0","0","0","0","0","0","0","0","0","0","0","0","0","0"
"0x77856b7b1dc0","      LDGSTS.E.BYPASS.128 desc[UR20][R102.64], P4, [R163+0x11800]","1954","866","1954","4161536","133169152","133169152","32","32","0","0","0","Global,Shared","Load,Store","128","16257024","4","0","16646144","16646144","0","65028096","65028096","","0","0","0","0","0","0","0","0","130","0","0","0","0","0","0","0","0","0","104","248","0","0","0","1472","0","0","22","0","0","0","0","0","0","0","0","0","0","0","0","0","0","844"
"0x77856b7b1dd0","      LDGDEPBAR","1355","788","1355","4161536","133169152","133169152","32","32","0","0","0","-","-","-","0","0","0","0","0","0","0","0","-","0","0","0","0","0","0","0","0","135","0","0","0","0","0","0","0","0","0","0","261","0","0","0","959","0","0","135","0","0","0","0","0","0","0","0","0","0","0","0","0","0","653"
"0x77856b7b1de0","      FADD R89, R88, R89","12180","9498","12180","4161536","133169152","133169152","32","32","0","0","0","-","-","-","0","0","0","0","0","0","0","0","-","0","0","0","0","0","0","0","0","15","0","0","0","0","0","0","0","0","0","6","238","11921","0","0","0","0","0","15","0","0","0","0","0","0","0","0","0","0","0","9483","0","0","0"
"0x77856b7b1df0","      FADD R92, R90, R91","2986","2399","2986","4161536","133169152","133169152","32","32","0","0","0","-","-","-","0","0","0","0","0","0","0","0","-","0","0","0","0","0","0","0","0","8","0","0","0","0","0","0","0","0","0","81","225","2672","0","0","0","0","0","1","0","0","0","0","0","0","0","0","0","0","0","2398","0","0","0"
"0x77856b7b1e00","      IMAD.U32 R91, RZ, RZ, UR4","264","0","264","4161536","133169152","133169152","32","32","0","0","0","-","-","-","0","0","0","0","0","0","0","0","-","0","0","0","0","0","0","0","0","20","0","0","0","0","0","0","0","0","0","0","244","0","0","0","0","0","0","0","0","0","0","0","0","0","0","0","0","0","0","0","0","0","0"
"0x77856b7b1e10","      FFMA R145, R116, R145, R89","639","218","639","4161536","133169152","133169152","32","32","0","0","0","-","-","-","0","0","0","0","0","0","0","0","-","0","0","0","0","0","0","0","0","70","0","0","0","0","0","0","0","0","0","56","263","0","0","0","250","0","0","28","0","0","0","0","0","0","0","0","0","0","0","0","0","0","190"
"0x77856b7b1e20","      FFMA R144, R143, R144, R92","279","0","279","4161536","133169152","133169152","32","32","0","0","0","-","-","-","0","0","0","0","0","0","0","0","-","0","0","0","0","0","0","0","0","9","0","0","0","0","0","0","0","0","0","0","270","0","0","0","0","0","0","0","0","0","0","0","0","0","0","0","0","0","0","0","0","0","0"
"0x77856b7b1e30","      IMAD.MOV.U32 R143, RZ, RZ, R112","1183","485","1183","4161536","133169152","133169152","32","32","0","0","0","-","-","-","0","0","0","0","0","0","0","0","-","0","0","0","0","0","0","0","0","410","0","0","0","0","407","0","0","0","0","76","290","0","0","0","0","0","0","302","0","0","0","0","183","0","0","0","0","0","0","0","0","0","0"
"0x77856b7b1e40","      ISETP.GE.U32.AND.EX P2, PT, R91, RZ, PT, P2","272","0","272","4161536","133169152","133169152","32","32","0","0","0","-","-","-","0","0","0","0","0","0","0","0","-","0","0","0","0","0","0","0","0","12","0","0","0","0","0","0","0","0","0","0","260","0","0","0","0","0","0","0","0","0","0","0","0","0","0","0","0","0","0","0","0","0","0"
"0x77856b7b1e50","@!P2  BRA 0x77856b7b0730","4632","2958","4632","4161536","133169152","132128768","32","31","1","1","0","-","-","-","0","0","0","0","0","0","0","0","-","0","0","0","0","0","0","0","0","1","0","0","0","0","0","0","0","0","0","42","262","0","0","0","4327","0","0","1","0","0","0","0","0","0","0","0","0","0","0","0","0","0","2957"
"0x77856b7b1e60","      LOP3.LUT R113, R148, 0x10, R147, 0xfe, !PT","1360","877","1360","32768","1048576","1048576","32","32","1","0","0","-","-","-","0","0","0","0","0","0","0","0","-","0","0","0","0","0","0","0","19","0","0","0","0","0","0","0","0","0","0","0","246","0","0","0","1095","0","5","0","0","0","0","0","0","0","0","0","0","0","0","0","0","0","872"
"0x77856b7b1e70","      IMAD.SHL.U32 R88, R158, 0x2, RZ","1","0","1","32768","1048576","1048576","32","32","0","0","0","-","-","-","0","0","0","0","0","0","0","0","-","0","0","0","0","0","0","0","0","0","0","0","0","0","0","0","0","0","0","0","1","0","0","0","0","0","0","0","0","0","0","0","0","0","0","0","0","0","0","0","0","0","0"
"0x77856b7b1e80","      LOP3.LUT R114, R148, 0x20, R147, 0xfe, !PT","1","0","1","32768","1048576","1048576","32","32","0","0","0","-","-","-","0","0","0","0","0","0","0","0","-","0","0","0","0","0","0","0","0","0","0","0","0","0","0","0","0","0","0","0","1","0","0","0","0","0","0","0","0","0","0","0","0","0","0","0","0","0","0","0","0","0","0"
"0x77856b7b1e90","      IMAD.HI R89, R158, 0x2, RZ","1","0","1","32768","1048576","1048576","32","32","0","0","0","-","-","-","0","0","0","0","0","0","0","0","-","0","0","0","0","0","0","0","0","0","0","0","0","0","0","0","0","0","0","0","1","0","0","0","0","0","0","0","0","0","0","0","0","0","0","0","0","0","0","0","0","0","0"
"0x77856b7b1ea0","      LOP3.LUT R115, R148, 0x30, R147, 0xfe, !PT","2","0","2","32768","1048576","1048576","32","32","0","0","0","-","-","-","0","0","0","0","0","0","0","0","-","0","0","0","0","0","0","0","0","0","0","0","0","0","0","0","0","0","0","0","2","0","0","0","0","0","0","0","0","0","0","0","0","0","0","0","0","0","0","0","0","0","0"
"0x77856b7b1eb0","      WARPGROUP.DEPBAR.LE gsb0, 0x0","1","0","1","32768","1048576","1048576","32","32","0","0","0","-","-","-","0","0","0","0","0","0","0","0","-","0","0","0","0","0","0","0","0","0","0","0","0","0","0","0","0","0","0","0","1","0","0","0","0","0","0","0","0","0","0","0","0","0","0","0","0","0","0","0","0","0","0"
"0x77856b7b1ec0","      IMAD R90, R113, R139, RZ","6","2","6","32768","1048576","1048576","32","32","0","0","0","-","-","-","0","0","0","0","0","0","0","0","-","0","0","0","0","0","0","0","0","0","0","0","0","0","0","0","0","0","0","0","3","0","0","0","3","0","0","0","0","0","0","0","0","0","0","0","0","0","0","0","0","0","2"
"0x77856b7b1ed0","      IADD3 R88, P2, P3, R141, R88, R14","9","0","9","32768","1048576","1048576","32","32","0","0","0","-","-","-","0","0","0","0","0","0","0","0","-","0","0","0","0","0","0","0","0","6","0","0","0","0","0","0","0","0","0","0","3","0","0","0","0","0","0","0","0","0","0","0","0","0","0","0","0","0","0","0","0","0","0"
"0x77856b7b1ee0","      IMAD R92, R114, R139, RZ","3","0","3","32768","1048576","1048576","32","32","0","0","0","-","-","-","0","0","0","0","0","0","0","0","-","0","0","0","0","0","0","0","0","0","0","0","0","0","0","0","0","0","0","0","3","0","0","0","0","0","0","0","0","0","0","0","0","0","0","0","0","0","0","0","0","0","0"
"0x77856b7b1ef0","      DEPBAR.LE SB0, 0x0","0","0","0","32768","1048576","1048576","32","32","0","0","0","-","-","-","0","0","0","0","0","0","0","0","-","0","0","0","0","0","0","0","0","0","0","0","0","0","0","0","0","0","0","0","0","0","0","0","0","0","0","0","0","0","0","0","0","0","0","0","0","0","0","0","0","0","0"
"0x77856b7b1f00","      IMAD.SHL.U32 R91, R90, 0x2, RZ","91","56","91","32768","1048576","1048576","32","32","0","0","0","-","-","-","0","0","0","0","0","0","0","0","-","0","0","0","0","0","0","0","0","0","0","0","0","78","3","0","0","0","0","3","3","0","0","0","4","0","0","0","0","0","0","53","0","0","0","0","0","0","0","0","0","0","3"
"0x77856b7b1f10","      IADD3.X R89, RZ, R89, R15, P2, P3","2","0","2","32768","1048576","1048576","32","32","0","0","0","-","-","-","0","0","0","0","0","0","0","0","-","0","0","0","0","0","0","0","0","0","0","0","0","0","0","0","0","0","0","0","2","0","0","0","0","0","0","0","0","0","0","0","0","0","0","0","0","0","0","0","0","0","0"
"0x77856b7b1f20","      IMAD.HI R93, R90, 0x2, RZ","0","0","0","32768","1048576","1048576","32","32","0","0","0","-","-","-","0","0","0","0","0","0","0","0","-","0","0","0","0","0","0","0","0","0","0","0","0","0","0","0","0","0","0","0","0","0","0","0","0","0","0","0","0","0","0","0","0","0","0","0","0","0","0","0","0","0","0"
"0x77856b7b1f30","      BAR.SYNC.DEFER_BLOCKING 0x0","4","0","4","32768","1048576","1048576","32","32","0","0","0","-","-","-","0","0","0","0","0","0","0","0","-","0","0","0","0","0","0","0","0","2","0","0","0","0","0","0","0","0","0","0","2","0","0","0","0","0","0","0","0","0","0","0","0","0","0","0","0","0","0","0","0","0","0"
"0x77856b7b1f40","      IADD3 R90, P2, P3, R141, R91, R14","25","7","25","32768","1048576","1048576","32","32","0","0","0","-","-","-","0","0","0","0","0","0","0","0","-","0","0","0","0","0","0","0","0","6","0","0","0","0","10","0","0","0","0","7","0","0","0","0","2","0","0","0","0","0","0","0","5","0","0","0","0","0","0","0","0","0","2"
"0x77856b7b1f50","      IMAD.SHL.U32 R94, R92, 0x2, RZ","6","0","6","32768","1048576","1048576","32","32","0","0","0","-","-","-","0","0","0","0","0","0","0","0","-","0","0","0","0","0","0","0","0","0","0","0","0","0","0","0","0","0","0","0","6","0","0","0","0","0","0","0","0","0","0","0","0","0","0","0","0","0","0","0","0","0","0"
"0x77856b7b1f60","      VIADD R112, R18, 0x80","6","2","6","32768","1048576","1048576","32","32","0","0","0","-","-","-","0","0","0","0","0","0","0","0","-","0","0","0","0","0","0","0","0","0","0","0","0","0","0","0","0","0","0","0","1","0","0","0","5","0","0","0","0","0","0","0","0","0","0","0","0","0","0","0","0","0","2"
"0x77856b7b1f70","      IADD3.X R91, RZ, R93, R15, P2, P3","2","0","2","32768","1048576","1048576","32","32","0","0","0","-","-","-","0","0","0","0","0","0","0","0","-","0","0","0","0","0","0","0","0","0","0","0","0","0","0","0","0","0","0","0","2","0","0","0","0","0","0","0","0","0","0","0","0","0","0","0","0","0","0","0","0","0","0"
"0x77856b7b1f80","      IMAD.HI R93, R92, 0x2, RZ","1","0","1","32768","1048576","1048576","32","32","0","0","0","-","-","-","0","0","0","0","0","0","0","0","-","0","0","0","0","0","0","0","0","0","0","0","0","0","0","0","0","0","0","0","1","0","0","0","0","0","0","0","0","0","0","0","0","0","0","0","0","0","0","0","0","0","0"
"0x77856b7b1f90","      IADD3 R94, P2, P3, R141, R94, R14","2","0","2","32768","1048576","1048576","32","32","0","0","0","-","-","-","0","0","0","0","0","0","0","0","-","0","0","0","0","0","0","0","0","0","0","0","0","0","0","0","0","0","0","0","2","0","0","0","0","0","0","0","0","0","0","0","0","0","0","0","0","0","0","0","0","0","0"
"0x77856b7b1fa0","      LOP3.LUT R116, R112, R147, RZ, 0xfc, !PT","16","2","16","32768","1048576","1048576","32","32","0","0","0","-","-","-","0","0","0","0","0","0","0","0","-","0","0","0","0","0","0","0","0","2","0","0","0","0","3","0","0","0","0","4","2","0","0","0","5","0","0","0","0","0","0","0","1","0","0","0","0","0","0","0","0","0","1"
"0x77856b7b1fb0","      IMAD R92, R115, R139, RZ","1","0","1","32768","1048576","1048576","32","32","0","0","0","-","-","-","0","0","0","0","0","0","0","0","-","0","0","0","0","0","0","0","0","0","0","0","0","0","0","0","0","0","0","0","1","0","0","0","0","0","0","0","0","0","0","0","0","0","0","0","0","0","0","0","0","0","0"
"0x77856b7b1fc0","      IADD3.X R95, RZ, R93, R15, P2, P3","1","0","1","32768","1048576","1048576","32","32","0","0","0","-","-","-","0","0","0","0","0","0","0","0","-","0","0","0","0","0","0","0","0","0","0","0","0","0","0","0","0","0","0","0","1","0","0","0","0","0","0","0","0","0","0","0","0","0","0","0","0","0","0","0","0","0","0"
"0x77856b7b1fd0","      LOP3.LUT R117, R112, 0x10, R147, 0xfe, !PT","8","1","8","32768","1048576","1048576","32","32","0","0","0","-","-","-","0","0","0","0","0","0","0","0","-","0","0","0","0","0","0","0","0","0","0","0","0","0","0","0","0","0","0","2","1","0","0","0","5","0","0","0","0","0","0","0","0","0","0","0","0","0","0","0","0","0","1"
"0x77856b7b1fe0","      IMAD.SHL.U32 R98, R92, 0x2, RZ","0","0","0","32768","1048576","1048576","32","32","0","0","0","-","-","-","0","0","0","0","0","0","0","0","-","0","0","0","0","0","0","0","0","0","0","0","0","0","0","0","0","0","0","0","0","0","0","0","0","0","0","0","0","0","0","0","0","0","0","0","0","0","0","0","0","0","0"
"0x77856b7b1ff0","      LOP3.LUT R118, R112, 0x20, R147, 0xfe, !PT","3","0","3","32768","1048576","1048576","32","32","0","0","0","-","-","-","0","0","0","0","0","0","0","0","-","0","0","0","0","0","0","0","0","0","0","0","0","0","0","0","0","0","0","0","3","0","0","0","0","0","0","0","0","0","0","0","0","0","0","0","0","0","0","0","0","0","0"
"0x77856b7b2000","      IMAD.HI R93, R92, 0x2, RZ","2","0","2","32768","1048576","1048576","32","32","0","0","0","-","-","-","0","0","0","0","0","0","0","0","-","0","0","0","0","0","0","0","0","1","0","0","0","0","0","0","0","0","0","0","1","0","0","0","0","0","0","0","0","0","0","0","0","0","0","0","0","0","0","0","0","0","0"
"0x77856b7b2010","      LOP3.LUT R119, R112, 0x30, R147, 0xfe, !PT","0","0","0","32768","1048576","1048576","32","32","0","0","0","-","-","-","0","0","0","0","0","0","0","0","-","0","0","0","0","0","0","0","0","0","0","0","0","0","0","0","0","0","0","0","0","0","0","0","0","0","0","0","0","0","0","0","0","0","0","0","0","0","0","0","0","0","0"
"0x77856b7b2020","      IADD3 R98, P2, P3, R141, R98, R14","6","2","6","32768","1048576","1048576","32","32","0","0","0","-","-","-","0","0","0","0","0","0","0","0","-","0","0","0","0","0","0","0","0","0","0","0","0","0","0","0","0","0","0","0","3","0","0","0","3","0","0","0","0","0","0","0","0","0","0","0","0","0","0","0","0","0","2"
"0x77856b7b2030","      IMAD R92, R116, R139, RZ","0","0","0","32768","1048576","1048576","32","32","0","0","0","-","-","-","0","0","0","0","0","0","0","0","-","0","0","0","0","0","0","0","0","0","0","0","0","0","0","0","0","0","0","0","0","0","0","0","0","0","0","0","0","0","0","0","0","0","0","0","0","0","0","0","0","0","0"
"0x77856b7b2040","      IMAD R96, R117, R139, RZ","11","0","11","32768","1048576","1048576","32","32","0","0","0","-","-","-","0","0","0","0","0","0","0","0","-","0","0","0","0","0","0","0","0","0","0","0","0","0","1","0","0","0","0","3","4","0","0","0","3","0","0","0","0","0","0","0","0","0","0","0","0","0","0","0","0","0","0"
"0x77856b7b2050","      IADD3.X R99, RZ, R93, R15, P2, P3","0","0","0","32768","1048576","1048576","32","32","0","0","0","-","-","-","0","0","0","0","0","0","0","0","-","0","0","0","0","0","0","0","0","0","0","0","0","0","0","0","0","0","0","0","0","0","0","0","0","0","0","0","0","0","0","0","0","0","0","0","0","0","0","0","0","0","0"
"0x77856b7b2060","      IMAD.SHL.U32 R93, R92, 0x2, RZ","1","0","1","32768","1048576","1048576","32","32","0","0","0","-","-","-","0","0","0","0","0","0","0","0","-","0","0","0","0","0","0","0","0","0","0","0","0","0","0","0","0","0","0","0","1","0","0","0","0","0","0","0","0","0","0","0","0","0","0","0","0","0","0","0","0","0","0"
"0x77856b7b2070","      IMAD.HI R97, R92, 0x2, RZ","17","3","17","32768","1048576","1048576","32","32","0","0","0","-","-","-","0","0","0","0","0","0","0","0","-","0","0","0","0","0","0","0","0","1","0","0","0","0","5","0","0","0","0","8","0","0","0","0","3","0","0","0","0","0","0","0","3","0","0","0","0","0","0","0","0","0","0"
"0x77856b7b2080","      IADD3 R92, P2, P3, R141, R93, R14","15","2","15","32768","1048576","1048576","32","32","0","0","0","-","-","-","0","0","0","0","0","0","0","0","-","0","0","0","0","0","0","0","0","8","0","0","0","0","4","0","0","0","0","0","0","0","0","0","3","0","0","0","0","0","0","0","2","0","0","0","0","0","0","0","0","0","0"
"0x77856b7b2090","      IMAD.HI R101, R96, 0x2, RZ","4","0","4","32768","1048576","1048576","32","32","0","0","0","-","-","-","0","0","0","0","0","0","0","0","-","0","0","0","0","0","0","0","0","0","0","0","0","0","0","0","0","0","0","0","4","0","0","0","0","0","0","0","0","0","0","0","0","0","0","0","0","0","0","0","0","0","0"
"0x77856b7b20a0","      IADD3.X R93, RZ, R97, R15, P2, P3","20","4","20","32768","1048576","1048576","32","32","0","0","0","-","-","-","0","0","0","0","0","0","0","0","-","0","0","0","0","0","0","0","0","3","0","0","0","0","2","0","0","0","0","3","1","0","0","0","11","0","0","0","0","0","0","0","0","0","0","0","0","0","0","0","0","0","4"
"0x77856b7b20b0","      IMAD.SHL.U32 R97, R96, 0x2, RZ","1","0","1","32768","1048576","1048576","32","32","0","0","0","-","-","-","0","0","0","0","0","0","0","0","-","0","0","0","0","0","0","0","0","0","0","0","0","0","0","0","0","0","0","0","1","0","0","0","0","0","0","0","0","0","0","0","0","0","0","0","0","0","0","0","0","0","0"
"0x77856b7b20c0","      IMAD R100, R118, R139, RZ","21","6","21","32768","1048576","1048576","32","32","0","0","0","-","-","-","0","0","0","0","0","0","0","0","-","0","0","0","0","0","0","0","0","0","0","0","0","0","7","0","0","0","0","6","2","0","0","0","6","0","0","0","0","0","0","0","5","0","0","0","0","0","0","0","0","0","1"
"0x77856b7b20d0","      IMAD R102, R119, R139, RZ","6","5","6","32768","1048576","1048576","32","32","0","0","0","-","-","-","0","0","0","0","0","0","0","0","-","0","0","0","0","0","0","0","0","0","0","0","0","0","0","0","0","0","0","0","1","0","0","0","5","0","0","0","0","0","0","0","0","0","0","0","0","0","0","0","0","0","5"
"0x77856b7b20e0","      IADD3 R96, P2, P3, R141, R97, R14","2","0","2","32768","1048576","1048576","32","32","0","0","0","-","-","-","0","0","0","0","0","0","0","0","-","0","0","0","0","0","0","0","0","0","0","0","0","0","0","0","0","0","0","0","2","0","0","0","0","0","0","0","0","0","0","0","0","0","0","0","0","0","0","0","0","0","0"
"0x77856b7b20f0","      IMAD.HI R103, R100, 0x2, RZ","4","0","4","32768","1048576","1048576","32","32","0","0","0","-","-","-","0","0","0","0","0","0","0","0","-","0","0","0","0","0","0","0","0","0","0","0","0","0","0","0","0","0","0","0","4","0","0","0","0","0","0","0","0","0","0","0","0","0","0","0","0","0","0","0","0","0","0"
"0x77856b7b2100","      IADD3.X R97, RZ, R101, R15, P2, P3","7","3","7","32768","1048576","1048576","32","32","0","0","0","-","-","-","0","0","0","0","0","0","0","0","-","0","0","0","0","0","0","0","0","0","0","0","0","0","0","0","0","0","0","0","3","0","0","0","4","0","0","0","0","0","0","0","0","0","0","0","0","0","0","0","0","0","3"
"0x77856b7b2110","      IMAD.SHL.U32 R101, R100, 0x2, RZ","6","0","6","32768","1048576","1048576","32","32","0","0","0","-","-","-","0","0","0","0","0","0","0","0","-","0","0","0","0","0","0","0","0","2","0","0","0","0","0","0","0","0","0","0","4","0","0","0","0","0","0","0","0","0","0","0","0","0","0","0","0","0","0","0","0","0","0"
"0x77856b7b2120","      IMAD.HI R105, R102, 0x2, RZ","19","1","19","32768","1048576","1048576","32","32","0","0","0","-","-","-","0","0","0","0","0","0","0","0","-","0","0","0","0","0","0","0","0","0","0","0","0","0","1","0","0","0","0","0","3","0","0","0","15","0","0","0","0","0","0","0","1","0","0","0","0","0","0","0","0","0","0"
"0x77856b7b2130","      IADD3 R100, P2, P3, R141, R101, R14","20","9","20","32768","1048576","1048576","32","32","0","0","0","-","-","-","0","0","0","0","0","0","0","0","-","0","0","0","0","0","0","0","0","9","0","0","0","0","0","0","0","0","0","0","2","0","0","0","9","0","0","4","0","0","0","0","0","0","0","0","0","0","0","0","0","0","5"
"0x77856b7b2140","      IMAD R117, R117, R140, RZ","3","0","3","32768","1048576","1048576","32","32","0","0","0","-","-","-","0","0","0","0","0","0","0","0","-","0","0","0","0","0","0","0","0","0","0","0","0","0","0","0","0","0","0","0","3","0","0","0","0","0","0","0","0","0","0","0","0","0","0","0","0","0","0","0","0","0","0"
"0x77856b7b2150","      IMAD R119, R119, R140, RZ","8","2","8","32768","1048576","1048576","32","32","0","0","0","-","-","-","0","0","0","0","0","0","0","0","-","0","0","0","0","0","0","0","0","0","0","0","0","0","2","0","0","0","0","2","0","0","0","0","4","0","0","0","0","0","0","0","2","0","0","0","0","0","0","0","0","0","0"
"0x77856b7b2160","      IADD3.X R101, RZ, R103, R15, P2, P3","4","0","4","32768","1048576","1048576","32","32","0","0","0","-","-","-","0","0","0","0","0","0","0","0","-","0","0","0","0","0","0","0","0","0","0","0","0","0","0","0","0","0","0","0","4","0","0","0","0","0","0","0","0","0","0","0","0","0","0","0","0","0","0","0","0","0","0"
"0x77856b7b2170","      IMAD.SHL.U32 R103, R102, 0x2, RZ","4","0","4","32768","1048576","1048576","32","32","0","0","0","-","-","-","0","0","0","0","0","0","0","0","-","0","0","0","0","0","0","0","0","1","0","0","0","0","0","0","0","0","0","0","3","0","0","0","0","0","0","0","0","0","0","0","0","0","0","0","0","0","0","0","0","0","0"
"0x77856b7b2180","      IADD3 R102, P2, P3, R141, R103, R14","14","2","14","32768","1048576","1048576","32","32","0","0","0","-","-","-","0","0","0","0","0","0","0","0","-","0","0","0","0","0","0","0","0","0","0","0","0","0","2","0","0","0","0","1","1","0","0","0","10","0","0","0","0","0","0","0","0","0","0","0","0","0","0","0","0","0","2"
"0x77856b7b2190","      IADD3.X R103, RZ, R105, R15, P2, P3","20","5","20","32768","1048576","1048576","32","32","0","0","0","-","-","-","0","0","0","0","0","0","0","0","-","0","0","0","0","0","0","0","0","9","0","0","0","0","0","0","0","0","0","0","3","0","0","0","8","0","0","0","0","0","0","0","0","0","0","0","0","0","0","0","0","0","5"
"0x77856b7b21a0","      IMAD R15, R19, R140, RZ","3","0","3","32768","1048576","1048576","32","32","0","0","0","-","-","-","0","0","0","0","0","0","0","0","-","0","0","0","0","0","0","0","0","1","0","0","0","0","0","0","0","0","0","0","2","0","0","0","0","0","0","0","0","0","0","0","0","0","0","0","0","0","0","0","0","0","0"
"0x77856b7b21b0","      LEA R104, P2, R15, R4, 0x1","7","4","7","32768","1048576","1048576","32","32","0","0","0","-","-","-","0","0","0","0","0","0","0","0","-","0","0","0","0","0","0","0","0","0","0","0","0","0","0","0","0","0","0","1","0","0","0","0","6","0","0","0","0","0","0","0","0","0","0","0","0","0","0","0","0","0","4"
"0x77856b7b21c0","      LEA.HI.X.SX32 R105, R15, R5, 0x1, P2","10","6","10","32768","1048576","1048576","32","32","0","0","0","-","-","-","0","0","0","0","0","0","0","0","-","0","0","0","0","0","0","0","0","0","0","0","0","0","0","0","0","0","0","0","1","0","0","0","9","0","0","0","0","0","0","0","0","0","0","0","0","0","0","0","0","0","6"
"0x77856b7b21d0","      IMAD R15, R20, R140, RZ","3","0","3","32768","1048576","1048576","32","32","0","0","0","-","-","-","0","0","0","0","0","0","0","0","-","0","0","0","0","0","0","0","0","0","0","0","0","0","0","0","0","0","0","0","3","0","0","0","0","0","0","0","0","0","0","0","0","0","0","0","0","0","0","0","0","0","0"
"0x77856b7b21e0","      LEA R106, P2, R15, R4, 0x1","13","6","13","32768","1048576","1048576","32","32","0","0","0","-","-","-","0","0","0","0","0","0","0","0","-","0","0","0","0","0","0","0","0","0","0","0","0","0","0","0","0","0","0","0","2","0","0","0","11","0","0","0","0","0","0","0","0","0","0","0","0","0","0","0","0","0","6"
"0x77856b7b21f0","      LEA.HI.X.SX32 R107, R15, R5, 0x1, P2","13","7","13","32768","1048576","1048576","32","32","0","0","0","-","-","-","0","0","0","0","0","0","0","0","-","0","0","0","0","0","0","0","0","0","0","0","0","0","0","0","0","0","0","0","4","0","0","0","9","0","0","0","0","0","0","0","0","0","0","0","0","0","0","0","0","0","7"
"0x77856b7b2200","      IMAD R15, R21, R140, RZ","3","0","3","32768","1048576","1048576","32","32","0","0","0","-","-","-","0","0","0","0","0","0","0","0","-","0","0","0","0","0","0","0","0","0","0","0","0","0","0","0","0","0","0","0","3","0","0","0","0","0","0","0","0","0","0","0","0","0","0","0","0","0","0","0","0","0","0"
"0x77856b7b2210","      LEA R108, P2, R15, R4, 0x1","13","7","13","32768","1048576","1048576","32","32","0","0","0","-","-","-","0","0","0","0","0","0","0","0","-","0","0","0","0","0","0","0","0","0","0","0","0","0","0","0","0","0","0","0","0","0","0","0","13","0","0","0","0","0","0","0","0","0","0","0","0","0","0","0","0","0","7"
"0x77856b7b2220","      LEA.HI.X.SX32 R109, R15, R5, 0x1, P2","18","5","18","32768","1048576","1048576","32","32","0","0","0","-","-","-","0","0","0","0","0","0","0","0","-","0","0","0","0","0","0","0","0","0","0","0","0","0","1","0","0","0","0","3","5","0","0","0","9","0","0","0","0","0","0","0","1","0","0","0","0","0","0","0","0","0","4"
"0x77856b7b2230","      IMAD R15, R22, R140, RZ","1","0","1","32768","1048576","1048576","32","32","0","0","0","-","-","-","0","0","0","0","0","0","0","0","-","0","0","0","0","0","0","0","0","0","0","0","0","0","0","0","0","0","0","0","1","0","0","0","0","0","0","0","0","0","0","0","0","0","0","0","0","0","0","0","0","0","0"
"0x77856b7b2240","      LEA R110, P2, R15, R4, 0x1","20","11","20","32768","1048576","1048576","32","32","0","0","0","-","-","-","0","0","0","0","0","0","0","0","-","0","0","0","0","0","0","0","0","0","0","0","0","0","6","0","0","0","0","5","0","0","0","0","9","0","0","0","0","0","0","0","6","0","0","0","0","0","0","0","0","0","5"
"0x77856b7b2250","      LEA.HI.X.SX32 R111, R15, R5, 0x1, P2","10","3","10","32768","1048576","1048576","32","32","0","0","0","-","-","-","0","0","0","0","0","0","0","0","-","0","0","0","0","0","0","0","0","0","0","0","0","0","2","0","0","0","0","3","2","0","0","0","3","0","0","0","0","0","0","0","2","0","0","0","0","0","0","0","0","0","1"
"0x77856b7b2260","      VIMNMX R15, R112, UR22, PT","10","6","10","32768","1048576","1048576","32","32","0","0","0","-","-","-","0","0","0","0","0","0","0","0","-","0","0","0","0","0","0","0","0","0","0","0","0","0","0","0","0","0","0","0","4","0","0","0","6","0","0","0","0","0","0","0","0","0","0","0","0","0","0","0","0","0","6"
"0x77856b7b2270","      ISETP.GE.AND P2, PT, R18, R15, PT","11","5","11","32768","1048576","1048576","32","32","0","0","0","-","-","-","0","0","0","0","0","0","0","0","-","0","0","0","0","0","0","0","0","0","0","0","0","0","1","0","0","0","0","1","4","0","0","0","5","0","0","0","0","0","0","0","1","0","0","0","0","0","0","0","0","0","4"
"0x77856b7b2280","      SEL R14, RZ, 0x10, P2","14","1","14","32768","1048576","1048576","32","32","0","0","0","-","-","-","0","0","0","0","0","0","0","0","-","0","0","0","0","0","0","0","0","0","0","0","0","0","1","0","0","0","0","2","4","0","0","0","7","0","0","0","0","0","0","0","1","0","0","0","0","0","0","0","0","0","0"
"0x77856b7b2290","      ISETP.GE.AND P2, PT, R19, UR22, PT","4","2","4","32768","1048576","1048576","32","32","0","0","0","-","-","-","0","0","0","0","0","0","0","0","-","0","0","0","0","0","0","0","0","0","0","0","0","0","0","0","0","0","0","0","2","0","0","0","2","0","0","0","0","0","0","0","0","0","0","0","0","0","0","0","0","0","2"
"0x77856b7b22a0","      SEL R112, R14, RZ, !P2","12","8","12","32768","1048576","1048576","32","32","0","0","0","-","-","-","0","0","0","0","0","0","0","0","-","0","0","0","0","0","0","0","0","0","0","0","0","0","0","0","0","0","0","0","1","0","0","0","11","0","0","0","0","0","0","0","0","0","0","0","0","0","0","0","0","0","8"
"0x77856b7b22b0","      ISETP.GE.AND P2, PT, R20, UR22, PT","3","0","3","32768","1048576","1048576","32","32","0","0","0","-","-","-","0","0","0","0","0","0","0","0","-","0","0","0","0","0","0","0","0","0","0","0","0","0","0","0","0","0","0","0","1","0","0","0","2","0","0","0","0","0","0","0","0","0","0","0","0","0","0","0","0","0","0"
"0x77856b7b22c0","      SEL R150, R14, RZ, !P2","7","4","7","32768","1048576","1048576","32","32","0","0","0","-","-","-","0","0","0","0","0","0","0","0","-","0","0","0","0","0","0","0","0","0","0","0","0","0","0","0","0","0","0","0","2","0","0","0","5","0","0","0","0","0","0","0","0","0","0","0","0","0","0","0","0","0","4"
"0x77856b7b22d0","      ISETP.GE.AND P2, PT, R21, UR22, PT","4","1","4","32768","1048576","1048576","32","32","0","0","0","-","-","-","0","0","0","0","0","0","0","0","-","0","0","0","0","0","0","0","0","0","0","0","0","0","0","0","0","0","0","0","3","0","0","0","1","0","0","0","0","0","0","0","0","0","0","0","0","0","0","0","0","0","1"
"0x77856b7b22e0","      ISETP.NE.U32.AND P3, PT, R150, RZ, PT","4","1","4","32768","1048576","1048576","32","32","0","0","0","-","-","-","0","0","0","0","0","0","0","0","-","0","0","0","0","0","0","0","0","0","0","0","0","0","0","0","0","0","0","0","1","0","0","0","3","0","0","0","0","0","0","0","0","0","0","0","0","0","0","0","0","0","1"
"0x77856b7b22f0","      SEL R151, R14, RZ, !P2","8","4","8","32768","1048576","1048576","32","32","0","0","0","-","-","-","0","0","0","0","0","0","0","0","-","0","0","0","0","0","0","0","0","0","0","0","0","0","0","0","0","0","0","0","4","0","0","0","4","0","0","0","0","0","0","0","0","0","0","0","0","0","0","0","0","0","4"
"0x77856b7b2300","      ISETP.GE.AND P2, PT, R22, UR22, PT","2","1","2","32768","1048576","1048576","32","32","0","0","0","-","-","-","0","0","0","0","0","0","0","0","-","0","0","0","0","0","0","0","0","0","0","0","0","0","0","0","0","0","0","0","1","0","0","0","1","0","0","0","0","0","0","0","0","0","0","0","0","0","0","0","0","0","1"
"0x77856b7b2310","      ISETP.NE.U32.AND P4, PT, R151, RZ, PT","5","1","5","32768","1048576","1048576","32","32","0","0","0","-","-","-","0","0","0","0","0","0","0","0","-","0","0","0","0","0","0","0","0","0","0","0","0","0","0","0","0","0","0","0","2","0","0","0","3","0","0","0","0","0","0","0","0","0","0","0","0","0","0","0","0","0","1"
"0x77856b7b2320","      SEL R14, R14, RZ, !P2","8","1","8","32768","1048576","1048576","32","32","0","0","0","-","-","-","0","0","0","0","0","0","0","0","-","0","0","0","0","0","0","0","0","0","0","0","0","0","1","0","0","0","0","2","5","0","0","0","0","0","0","0","0","0","0","0","1","0","0","0","0","0","0","0","0","0","0"
"0x77856b7b2330","      ISETP.NE.U32.AND P2, PT, R112, RZ, PT","3","2","3","32768","1048576","1048576","32","32","0","0","0","-","-","-","0","0","0","0","0","0","0","0","-","0","0","0","0","0","0","0","0","0","0","0","0","0","0","0","0","0","0","0","1","0","0","0","2","0","0","0","0","0","0","0","0","0","0","0","0","0","0","0","0","0","2"
"0x77856b7b2340","      ISETP.NE.U32.AND P5, PT, R14, RZ, PT","6","2","6","32768","1048576","1048576","32","32","0","0","0","-","-","-","0","0","0","0","0","0","0","0","-","0","0","0","0","0","0","0","0","0","0","0","0","0","1","0","0","0","0","1","1","0","0","0","3","0","0","0","0","0","0","0","1","0","0","0","0","0","0","0","0","0","1"
"0x77856b7b2350","      LOP3.LUT R151, R0, 0x3, RZ, 0xc0, !PT","5","2","5","32768","1048576","1048576","32","32","0","0","0","-","-","-","0","0","0","0","0","0","0","0","-","0","0","0","0","0","0","0","0","0","0","0","0","0","1","0","0","0","0","2","1","0","0","0","1","0","0","0","0","0","0","0","1","0","0","0","0","0","0","0","0","0","1"
"0x77856b7b2360","@!PT  LDS RZ, [RZ]","17","5","17","32768","1048576","0","32","0","32","32","0","","Load","32","0","0","0","0","0","0","0","0","-","0","0","0","0","0","0","0","0","0","0","0","0","0","0","0","0","0","0","0","5","0","0","0","12","0","0","0","0","0","0","0","0","0","0","0","0","0","0","0","0","0","5"
"0x77856b7b2370","@!PT  LDS RZ, [RZ]","2","0","2","32768","1048576","0","32","0","0","32","0","","Load","32","0","0","0","0","0","0","0","0","-","0","0","0","0","0","0","0","0","0","0","0","0","0","0","0","0","0","0","0","2","0","0","0","0","0","0","0","0","0","0","0","0","0","0","0","0","0","0","0","0","0","0"
"0x77856b7b2380","@!PT  LDS RZ, [RZ]","2","0","2","32768","1048576","0","32","0","0","32","0","","Load","32","0","0","0","0","0","0","0","0","-","0","0","0","0","0","0","0","0","0","0","0","0","0","0","0","0","0","0","0","2","0","0","0","0","0","0","0","0","0","0","0","0","0","0","0","0","0","0","0","0","0","0"
"0x77856b7b2390","      LDGSTS.E.BYPASS.128 desc[UR20][R104.64], P2, [R149]","2","0","2","32768","1048576","1048576","32","32","32","0","0","Global,Shared","Load,Store","128","131072","4","0","131072","131072","0","524288","524288","","0","0","0","0","0","0","0","0","0","0","0","0","0","0","0","0","0","0","0","2","0","0","0","0","0","0","0","0","0","0","0","0","0","0","0","0","0","0","0","0","0","0"
"0x77856b7b23a0","      LDGSTS.E.BYPASS.128 desc[UR20][R106.64], P3, [R149+0x800]","11","3","11","32768","1048576","1048576","32","32","0","0","0","Global,Shared","Load,Store","128","131072","4","0","131072","131072","0","524288","524288","","0","0","0","0","0","0","0","0","0","0","0","0","0","0","0","0","0","0","0","1","0","0","0","10","0","0","0","0","0","0","0","0","0","0","0","0","0","0","0","0","0","3"
"0x77856b7b23b0","      LDGSTS.E.BYPASS.128 desc[UR20][R108.64], P4, [R149+0x1000]","9","3","9","32768","1048576","1048576","32","32","0","0","0","Global,Shared","Load,Store","128","131072","4","0","131072","131072","0","524288","524288","","0","0","0","0","0","0","0","0","0","0","0","0","0","0","0","0","0","0","1","1","0","0","0","7","0","0","0","0","0","0","0","0","0","0","0","0","0","0","0","0","0","3"
"0x77856b7b23c0","      IMAD R105, R152, R140, RZ","59","32","59","32768","1048576","1048576","32","32","0","0","0","-","-","-","0","0","0","0","0","0","0","0","-","0","0","0","0","0","0","0","0","0","0","0","0","51","0","0","0","0","0","3","5","0","0","0","0","0","0","0","0","0","0","32","0","0","0","0","0","0","0","0","0","0","0"
"0x77856b7b23d0","      LDGSTS.E.BYPASS.128 desc[UR20][R110.64], P5, [R149+0x1800]","9","6","9","32768","1048576","1048576","32","32","0","0","0","Global,Shared","Load,Store","128","131072","4","0","131072","131072","0","524288","524288","","0","0","0","0","0","0","0","0","0","0","0","0","0","0","0","0","0","0","2","1","0","0","0","6","0","0","0","0","0","0","0","0","0","0","0","0","0","0","0","0","0","6"
"0x77856b7b23e0","      IMAD R107, R113, R140, RZ","14","7","14","32768","1048576","1048576","32","32","0","0","0","-","-","-","0","0","0","0","0","0","0","0","-","0","0","0","0","0","0","0","0","0","0","0","0","11","0","0","0","0","0","1","2","0","0","0","0","0","0","0","0","0","0","7","0","0","0","0","0","0","0","0","0","0","0"
"0x77856b7b23f0","      LDGDEPBAR","5","1","5","32768","1048576","1048576","32","32","0","0","0","-","-","-","0","0","0","0","0","0","0","0","-","0","0","0","0","0","0","0","0","0","0","0","0","0","0","0","0","0","0","0","3","0","0","0","2","0","0","0","0","0","0","0","0","0","0","0","0","0","0","0","0","0","1"
"0x77856b7b2400","      IMAD R109, R114, R140, RZ","16","11","16","32768","1048576","1048576","32","32","0","0","0","-","-","-","0","0","0","0","0","0","0","0","-","0","0","0","0","0","0","0","0","0","0","0","0","15","0","0","0","0","0","0","1","0","0","0","0","0","0","0","0","0","0","11","0","0","0","0","0","0","0","0","0","0","0"
"0x77856b7b2410","      LDGSTS.E.BYPASS.128 desc[UR20][R6.64], P2, [R149+0x10000]","6","3","6","32768","1048576","1048576","32","32","0","0","0","Global,Shared","Load,Store","128","131072","4","0","131072","131072","0","524288","524288","","0","0","0","0","0","0","0","0","0","0","0","0","0","0","0","0","0","0","2","0","0","0","0","4","0","0","0","0","0","0","0","0","0","0","0","0","0","0","0","0","0","3"
"0x77856b7b2420","      LEA R104, P2, R105, R4, 0x1","1","0","1","32768","1048576","1048576","32","32","0","0","0","-","-","-","0","0","0","0","0","0","0","0","-","0","0","0","0","0","0","0","0","0","0","0","0","0","0","0","0","0","0","0","1","0","0","0","0","0","0","0","0","0","0","0","0","0","0","0","0","0","0","0","0","0","0"
"0x77856b7b2430","      LDGSTS.E.BYPASS.128 desc[UR20][R8.64], P3, [R149+0x10800]","8","3","8","32768","1048576","1048576","32","32","0","0","0","Global,Shared","Load,Store","128","131072","4","0","131072","131072","0","524288","524288","","0","0","0","0","0","0","0","0","0","0","0","0","0","0","0","0","0","0","1","3","0","0","0","4","0","0","0","0","0","0","0","0","0","0","0","0","0","0","0","0","0","3"
"0x77856b7b2440","      LEA.HI.X.SX32 R105, R105, R5, 0x1, P2","2","0","2","32768","1048576","1048576","32","32","0","0","0","-","-","-","0","0","0","0","0","0","0","0","-","0","0","0","0","0","0","0","0","0","0","0","0","0","0","0","0","0","0","0","2","0","0","0","0","0","0","0","0","0","0","0","0","0","0","0","0","0","0","0","0","0","0"
"0x77856b7b2450","      LEA R106, P2, R107, R4, 0x1","4","0","4","32768","1048576","1048576","32","32","0","0","0","-","-","-","0","0","0","0","0","0","0","0","-","0","0","0","0","0","0","0","0","0","0","0","0","0","0","0","0","0","0","0","4","0","0","0","0","0","0","0","0","0","0","0","0","0","0","0","0","0","0","0","0","0","0"
"0x77856b7b2460","      LDGSTS.E.BYPASS.128 desc[UR20][R10.64], P4, [R149+0x11000]","1","0","1","32768","1048576","1048576","32","32","0","0","0","Global,Shared","Load,Store","128","131072","4","0","131072","131072","0","524288","524288","","0","0","0","0","0","0","0","0","0","0","0","0","0","0","0","0","0","0","0","1","0","0","0","0","0","0","0","0","0","0","0","0","0","0","0","0","0","0","0","0","0","0"
"0x77856b7b2470","      LEA.HI.X.SX32 R107, R107, R5, 0x1, P2","1","0","1","32768","1048576","1048576","32","32","0","0","0","-","-","-","0","0","0","0","0","0","0","0","-","0","0","0","0","0","0","0","0","0","0","0","0","0","0","0","0","0","0","1","0","0","0","0","0","0","0","0","0","0","0","0","0","0","0","0","0","0","0","0","0","0","0"
"0x77856b7b2480","      LDGSTS.E.BYPASS.128 desc[UR20][R12.64], P5, [R149+0x11800]","1","0","1","32768","1048576","1048576","32","32","0","0","0","Global,Shared","Load,Store","128","131072","4","0","131072","131072","0","524288","524288","","0","0","0","0","0","0","0","0","0","0","0","0","0","0","0","0","0","0","0","1","0","0","0","0","0","0","0","0","0","0","0","0","0","0","0","0","0","0","0","0","0","0"
"0x77856b7b2490","      LEA R6, P2, R109, R4, 0x1","53","36","53","32768","1048576","1048576","32","32","0","0","0","-","-","-","0","0","0","0","0","0","0","0","-","0","0","0","0","0","0","0","0","0","0","0","0","48","1","0","0","0","0","1","3","0","0","0","0","0","0","0","0","0","0","36","0","0","0","0","0","0","0","0","0","0","0"
"0x77856b7b24a0","      IMAD R9, R115, R140, RZ","21","18","21","32768","1048576","1048576","32","32","0","0","0","-","-","-","0","0","0","0","0","0","0","0","-","0","0","0","0","0","0","0","0","0","0","0","0","21","0","0","0","0","0","0","0","0","0","0","0","0","0","0","0","0","0","18","0","0","0","0","0","0","0","0","0","0","0"
"0x77856b7b24b0","      LEA.HI.X.SX32 R7, R109, R5, 0x1, P2","6","5","6","32768","1048576","1048576","32","32","0","0","0","-","-","-","0","0","0","0","0","0","0","0","-","0","0","0","0","0","0","0","0","0","0","0","0","0","0","0","0","0","0","0","1","0","0","0","5","0","0","0","0","0","0","0","0","0","0","0","0","0","0","0","0","0","5"
"0x77856b7b24c0","      LDGDEPBAR","4","0","4","32768","1048576","1048576","32","32","0","0","0","-","-","-","0","0","0","0","0","0","0","0","-","0","0","0","0","0","0","0","0","0","0","0","0","0","0","0","0","0","0","0","4","0","0","0","0","0","0","0","0","0","0","0","0","0","0","0","0","0","0","0","0","0","0"
"0x77856b7b24d0","      BAR.SYNC.DEFER_BLOCKING 0x0","3","0","3","32768","1048576","1048576","32","32","0","0","0","-","-","-","0","0","0","0","0","0","0","0","-","0","0","0","0","0","0","0","0","0","0","0","0","0","0","0","0","0","0","0","3","0","0","0","0","0","0","0","0","0","0","0","0","0","0","0","0","0","0","0","0","0","0"
"0x77856b7b24e0","      LEA R8, P2, R9, R4, 0x1","1","0","1","32768","1048576","1048576","32","32","0","0","0","-","-","-","0","0","0","0","0","0","0","0","-","0","0","0","0","0","0","0","0","0","0","0","0","0","0","0","0","0","0","0","1","0","0","0","0","0","0","0","0","0","0","0","0","0","0","0","0","0","0","0","0","0","0"
"0x77856b7b24f0","      LEA.HI.X.SX32 R9, R9, R5, 0x1, P2","8","5","8","32768","1048576","1048576","32","32","0","0","0","-","-","-","0","0","0","0","0","0","0","0","-","0","0","0","0","0","0","0","0","0","0","0","0","0","0","0","0","0","0","0","3","0","0","0","5","0","0","0","0","0","0","0","0","0","0","0","0","0","0","0","0","0","5"
"0x77856b7b2500","      ISETP.GE.AND P2, PT, R148, R15, PT","3","3","3","32768","1048576","1048576","32","32","0","0","0","-","-","-","0","0","0","0","0","0","0","0","-","0","0","0","0","0","0","0","0","0","0","0","0","0","0","0","0","0","0","0","0","0","0","0","3","0","0","0","0","0","0","0","0","0","0","0","0","0","0","0","0","0","3"
"0x77856b7b2510","      SEL R10, RZ, 0x10, P2","12","9","12","32768","1048576","1048576","32","32","0","0","0","-","-","-","0","0","0","0","0","0","0","0","-","0","0","0","0","0","0","0","0","0","0","0","0","5","0","0","0","0","0","0","2","0","0","0","5","0","0","0","0","0","0","4","0","0","0","0","0","0","0","0","0","0","5"
"0x77856b7b2520","      ISETP.GE.AND P2, PT, R152, UR22, PT","1","1","1","32768","1048576","1048576","32","32","0","0","0","-","-","-","0","0","0","0","0","0","0","0","-","0","0","0","0","0","0","0","0","0","0","0","0","0","0","0","0","0","0","0","0","0","0","0","1","0","0","0","0","0","0","0","0","0","0","0","0","0","0","0","0","0","1"
"0x77856b7b2530","      SEL R11, R10, RZ, !P2","8","6","8","32768","1048576","1048576","32","32","0","0","0","-","-","-","0","0","0","0","0","0","0","0","-","0","0","0","0","0","0","0","0","0","0","0","0","0","0","0","0","0","0","1","1","0","0","0","6","0","0","0","0","0","0","0","0","0","0","0","0","0","0","0","0","0","6"
"0x77856b7b2540","      ISETP.GE.AND P2, PT, R113, UR22, PT","4","4","4","32768","1048576","1048576","32","32","0","0","0","-","-","-","0","0","0","0","0","0","0","0","-","0","0","0","0","0","0","0","0","0","0","0","0","0","0","0","0","0","0","0","0","0","0","0","4","0","0","0","0","0","0","0","0","0","0","0","0","0","0","0","0","0","4"
"0x77856b7b2550","      SEL R12, R10, RZ, !P2","14","12","14","32768","1048576","1048576","32","32","0","0","0","-","-","-","0","0","0","0","0","0","0","0","-","0","0","0","0","0","0","0","0","0","0","0","0","8","0","0","0","0","0","0","1","0","0","0","5","0","0","0","0","0","0","7","0","0","0","0","0","0","0","0","0","0","5"
"0x77856b7b2560","      ISETP.GE.AND P2, PT, R114, UR22, PT","6","4","6","32768","1048576","1048576","32","32","0","0","0","-","-","-","0","0","0","0","0","0","0","0","-","0","0","0","0","0","0","0","0","0","0","0","0","0","0","0","0","0","0","0","2","0","0","0","4","0","0","0","0","0","0","0","0","0","0","0","0","0","0","0","0","0","4"
"0x77856b7b2570","      ISETP.NE.U32.AND P3, PT, R12, RZ, PT","4","2","4","32768","1048576","1048576","32","32","0","0","0","-","-","-","0","0","0","0","0","0","0","0","-","0","0","0","0","0","0","0","0","0","0","0","0","0","0","0","0","0","0","0","2","0","0","0","2","0","0","0","0","0","0","0","0","0","0","0","0","0","0","0","0","0","2"
"0x77856b7b2580","      SEL R13, R10, RZ, !P2","3","1","3","32768","1048576","1048576","32","32","0","0","0","-","-","-","0","0","0","0","0","0","0","0","-","0","0","0","0","0","0","0","0","0","0","0","0","0","0","0","0","0","0","0","2","0","0","0","1","0","0","0","0","0","0","0","0","0","0","0","0","0","0","0","0","0","1"
"0x77856b7b2590","      ISETP.GE.AND P2, PT, R115, UR22, PT","0","0","0","32768","1048576","1048576","32","32","0","0","0","-","-","-","0","0","0","0","0","0","0","0","-","0","0","0","0","0","0","0","0","0","0","0","0","0","0","0","0","0","0","0","0","0","0","0","0","0","0","0","0","0","0","0","0","0","0","0","0","0","0","0","0","0","0"
"0x77856b7b25a0","      ISETP.NE.U32.AND P4, PT, R13, RZ, PT","6","1","6","32768","1048576","1048576","32","32","0","0","0","-","-","-","0","0","0","0","0","0","0","0","-","0","0","0","0","0","0","0","0","0","0","0","0","0","0","0","0","0","0","1","0","0","0","0","5","0","0","0","0","0","0","0","0","0","0","0","0","0","0","0","0","0","1"
"0x77856b7b25b0","      SEL R10, R10, RZ, !P2","4","2","4","32768","1048576","1048576","32","32","0","0","0","-","-","-","0","0","0","0","0","0","0","0","-","0","0","0","0","0","0","0","0","0","0","0","0","0","1","0","0","0","0","0","2","0","0","0","1","0","0","0","0","0","0","0","1","0","0","0","0","0","0","0","0","0","1"
"0x77856b7b25c0","      ISETP.NE.U32.AND P2, PT, R11, RZ, PT","8","2","8","32768","1048576","1048576","32","32","0","0","0","-","-","-","0","0","0","0","0","0","0","0","-","0","0","0","0","0","0","0","0","0","0","0","0","0","1","0","0","0","0","1","5","0","0","0","1","0","0","0","0","0","0","0","1","0","0","0","0","0","0","0","0","0","1"
"0x77856b7b25d0","      IMAD R11, R116, R140, RZ","3","0","3","32768","1048576","1048576","32","32","0","0","0","-","-","-","0","0","0","0","0","0","0","0","-","0","0","0","0","0","0","0","0","0","0","0","0","0","0","0","0","0","0","0","3","0","0","0","0","0","0","0","0","0","0","0","0","0","0","0","0","0","0","0","0","0","0"
"0x77856b7b25e0","      ISETP.NE.U32.AND P5, PT, R10, RZ, PT","3","0","3","32768","1048576","1048576","32","32","0","0","0","-","-","-","0","0","0","0","0","0","0","0","-","0","0","0","0","0","0","0","0","0","0","0","0","0","0","0","0","0","0","0","3","0","0","0","0","0","0","0","0","0","0","0","0","0","0","0","0","0","0","0","0","0","0"
"0x77856b7b25f0","@!PT  LDS RZ, [RZ]","99","75","99","32768","1048576","0","32","0","32","32","0","","Load","32","0","0","0","0","0","0","0","0","-","0","0","0","0","0","0","90","0","0","0","0","0","0","0","0","0","0","0","3","0","0","0","0","6","72","0","0","0","0","0","0","0","0","0","0","0","0","0","0","0","0","3"
"0x77856b7b2600","@!PT  LDS RZ, [RZ]","3","0","3","32768","1048576","0","32","0","0","32","0","","Load","32","0","0","0","0","0","0","0","0","-","0","0","0","0","0","0","0","0","0","0","0","0","0","0","0","0","0","0","0","3","0","0","0","0","0","0","0","0","0","0","0","0","0","0","0","0","0","0","0","0","0","0"
"0x77856b7b2610","@!PT  LDS RZ, [RZ]","2","0","2","32768","1048576","0","32","0","0","32","0","","Load","32","0","0","0","0","0","0","0","0","-","0","0","0","0","0","0","0","0","0","0","0","0","0","0","0","0","0","0","0","2","0","0","0","0","0","0","0","0","0","0","0","0","0","0","0","0","0","0","0","0","0","0"
"0x77856b7b2620","      LDGSTS.E.BYPASS.128 desc[UR20][R104.64], P2, [R149+0x4000]","2","1","2","32768","1048576","1048576","32","32","32","0","0","Global,Shared","Load,Store","128","131072","4","0","131072","131072","0","524288","524288","","0","0","0","0","0","0","0","0","0","0","0","0","0","0","0","1","0","0","0","1","0","0","0","0","0","0","0","0","0","0","0","0","0","1","0","0","0","0","0","0","0","0"
"0x77856b7b2630","      LDGSTS.E.BYPASS.128 desc[UR20][R106.64], P3, [R149+0x4800]","4","2","4","32768","1048576","1048576","32","32","0","0","0","Global,Shared","Load,Store","128","131072","4","0","131072","131072","0","524288","524288","","0","0","0","0","0","0","0","0","0","0","0","0","0","0","0","0","0","0","0","1","0","0","0","3","0","0","0","0","0","0","0","0","0","0","0","0","0","0","0","0","0","2"
"0x77856b7b2640","      LDGSTS.E.BYPASS.128 desc[UR20][R6.64], P4, [R149+0x5000]","13","9","13","32768","1048576","1048576","32","32","0","0","0","Global,Shared","Load,Store","128","131072","4","0","131072","131072","0","524288","524288","","0","0","0","0","0","0","0","0","0","0","0","0","0","0","0","4","0","0","0","2","0","0","0","7","0","0","0","0","0","0","0","0","0","4","0","0","0","0","0","0","0","5"
"0x77856b7b2650","      LDGSTS.E.BYPASS.128 desc[UR20][R8.64], P5, [R149+0x5800]","24","19","24","32768","1048576","1048576","32","32","0","0","0","Global,Shared","Load,Store","128","131072","4","0","131072","131072","0","524288","524288","","0","0","0","0","0","0","0","0","0","0","0","0","0","0","0","14","0","0","2","3","0","0","0","5","0","0","0","0","0","0","0","0","0","14","0","0","0","0","0","0","0","5"
"0x77856b7b2660","      LDGDEPBAR","20","16","20","32768","1048576","1048576","32","32","0","0","0","-","-","-","0","0","0","0","0","0","0","0","-","0","0","0","0","0","0","0","0","0","0","0","2","0","0","0","10","0","0","1","0","0","0","0","7","0","0","0","0","0","2","0","0","0","9","0","0","0","0","0","0","0","5"
"0x77856b7b2670","      LDGSTS.E.BYPASS.128 desc[UR20][R88.64], P2, [R149+0x14000]","19","12","19","32768","1048576","1048576","32","32","0","0","0","Global,Shared","Load,Store","128","131072","4","0","131072","131072","0","524288","524288","","0","0","0","0","0","0","0","0","0","0","0","2","0","0","0","7","0","0","1","4","0","0","0","5","0","0","0","0","0","2","0","0","0","6","0","0","0","0","0","0","0","4"
"0x77856b7b2680","      LEA R10, P2, R11, R4, 0x1","3","0","3","32768","1048576","1048576","32","32","0","0","0","-","-","-","0","0","0","0","0","0","0","0","-","0","0","0","0","0","0","0","0","0","0","0","0","0","0","0","0","0","0","0","3","0","0","0","0","0","0","0","0","0","0","0","0","0","0","0","0","0","0","0","0","0","0"
"0x77856b7b2690","      LDGSTS.E.BYPASS.128 desc[UR20][R90.64], P3, [R149+0x14800]","17","8","17","32768","1048576","1048576","32","32","0","0","0","Global,Shared","Load,Store","128","131072","4","0","131072","131072","0","524288","524288","","0","0","0","0","0","0","0","0","0","0","0","2","0","0","0","4","0","0","2","5","0","0","0","4","0","0","0","0","0","2","0","0","0","4","0","0","0","0","0","0","0","2"
"0x77856b7b26a0","      LEA.HI.X.SX32 R11, R11, R5, 0x1, P2","4","0","4","32768","1048576","1048576","32","32","0","0","0","-","-","-","0","0","0","0","0","0","0","0","-","0","0","0","0","0","0","0","0","0","0","0","0","0","0","0","0","0","0","0","4","0","0","0","0","0","0","0","0","0","0","0","0","0","0","0","0","0","0","0","0","0","0"
"0x77856b7b26b0","      IMAD R9, R118, R140, RZ","86","76","86","32768","1048576","1048576","32","32","0","0","0","-","-","-","0","0","0","0","0","0","0","0","-","0","0","0","0","0","0","0","0","0","0","0","0","86","0","0","0","0","0","0","0","0","0","0","0","0","0","0","0","0","0","76","0","0","0","0","0","0","0","0","0","0","0"
"0x77856b7b26c0","      LEA R6, P2, R117, R4, 0x1","1","0","1","32768","1048576","1048576","32","32","0","0","0","-","-","-","0","0","0","0","0","0","0","0","-","0","0","0","0","0","0","0","0","0","0","0","0","0","0","0","0","0","0","0","1","0","0","0","0","0","0","0","0","0","0","0","0","0","0","0","0","0","0","0","0","0","0"
"0x77856b7b26d0","      LDGSTS.E.BYPASS.128 desc[UR20][R94.64], P4, [R149+0x15000]","3","0","3","32768","1048576","1048576","32","32","0","0","0","Global,Shared","Load,Store","128","131072","4","0","131072","131072","0","524288","524288","","0","0","0","0","0","0","0","0","0","0","0","0","0","0","0","0","0","0","0","3","0","0","0","0","0","0","0","0","0","0","0","0","0","0","0","0","0","0","0","0","0","0"
"0x77856b7b26e0","      LEA.HI.X.SX32 R7, R117, R5, 0x1, P2","9","4","9","32768","1048576","1048576","32","32","0","0","0","-","-","-","0","0","0","0","0","0","0","0","-","0","0","0","0","0","0","0","0","0","0","0","0","0","0","0","0","0","0","0","3","0","0","0","6","0","0","0","0","0","0","0","0","0","0","0","0","0","0","0","0","0","4"
"0x77856b7b26f0","      LDGSTS.E.BYPASS.128 desc[UR20][R98.64], P5, [R149+0x15800]","6","4","6","32768","1048576","1048576","32","32","0","0","0","Global,Shared","Load,Store","128","131072","4","0","131072","131072","0","524288","524288","","0","0","0","0","0","0","0","0","0","0","0","1","0","0","0","3","0","0","0","2","0","0","0","0","0","0","0","0","0","1","0","0","0","3","0","0","0","0","0","0","0","0"
"0x77856b7b2700","      LEA R8, P2, R9, R4, 0x1","0","0","0","32768","1048576","1048576","32","32","0","0","0","-","-","-","0","0","0","0","0","0","0","0","-","0","0","0","0","0","0","0","0","0","0","0","0","0","0","0","0","0","0","0","0","0","0","0","0","0","0","0","0","0","0","0","0","0","0","0","0","0","0","0","0","0","0"
"0x77856b7b2710","      LDGDEPBAR","17","9","17","32768","1048576","1048576","32","32","0","0","0","-","-","-","0","0","0","0","0","0","0","0","-","0","0","0","0","0","0","0","0","0","0","0","4","0","0","0","4","0","0","3","5","0","0","0","1","0","0","0","0","0","4","0","0","0","4","0","0","0","0","0","0","0","1"
"0x77856b7b2720","      LEA.HI.X.SX32 R9, R9, R5, 0x1, P2","3","0","3","32768","1048576","1048576","32","32","0","0","0","-","-","-","0","0","0","0","0","0","0","0","-","0","0","0","0","0","0","0","0","0","0","0","0","0","0","0","0","0","0","0","3","0","0","0","0","0","0","0","0","0","0","0","0","0","0","0","0","0","0","0","0","0","0"
"0x77856b7b2730","      BAR.SYNC.DEFER_BLOCKING 0x0","4","0","4","32768","1048576","1048576","32","32","0","0","0","-","-","-","0","0","0","0","0","0","0","0","-","0","0","0","0","0","0","0","0","0","0","0","0","0","0","0","0","0","0","0","4","0","0","0","0","0","0","0","0","0","0","0","0","0","0","0","0","0","0","0","0","0","0"
"0x77856b7b2740","      LEA R12, P2, R119, R4, 0x1","2","0","2","32768","1048576","1048576","32","32","0","0","0","-","-","-","0","0","0","0","0","0","0","0","-","0","0","0","0","0","0","0","0","0","0","0","0","0","0","0","0","0","0","0","2","0","0","0","0","0","0","0","0","0","0","0","0","0","0","0","0","0","0","0","0","0","0"
"0x77856b7b2750","      LEA.HI.X.SX32 R13, R119, R5, 0x1, P2","4","4","4","32768","1048576","1048576","32","32","0","0","0","-","-","-","0","0","0","0","0","0","0","0","-","0","0","0","0","0","0","0","0","0","0","0","0","0","0","0","0","0","0","0","0","0","0","0","4","0","0","0","0","0","0","0","0","0","0","0","0","0","0","0","0","0","4"
"0x77856b7b2760","      ISETP.GE.AND P2, PT, R18, R15, PT","4","4","4","32768","1048576","1048576","32","32","0","0","0","-","-","-","0","0","0","0","0","0","0","0","-","0","0","0","0","0","0","0","0","0","0","0","0","0","0","0","0","0","0","0","0","0","0","0","4","0","0","0","0","0","0","0","0","0","0","0","0","0","0","0","0","0","4"
"0x77856b7b2770","@!PT  LDS RZ, [RZ]","168","152","168","32768","1048576","0","32","0","32","32","0","","Load","32","0","0","0","0","0","0","0","0","-","0","0","0","0","0","0","160","0","0","0","0","0","0","0","0","6","0","0","2","0","0","0","0","0","146","0","0","0","0","0","0","0","0","6","0","0","0","0","0","0","0","0"
"0x77856b7b2780","@!PT  LDS RZ, [RZ]","7","6","7","32768","1048576","0","32","0","0","32","0","","Load","32","0","0","0","0","0","0","0","0","-","0","0","0","0","0","0","0","0","0","0","0","0","0","0","0","6","0","0","0","1","0","0","0","0","0","0","0","0","0","0","0","0","0","6","0","0","0","0","0","0","0","0"
"0x77856b7b2790","@!PT  LDS RZ, [RZ]","19","15","19","32768","1048576","0","32","0","0","32","0","","Load","32","0","0","0","0","0","0","0","0","-","0","0","0","0","0","0","0","0","0","0","0","0","0","0","0","15","0","0","2","2","0","0","0","0","0","0","0","0","0","0","0","0","0","15","0","0","0","0","0","0","0","0"
"0x77856b7b27a0","      LDGSTS.E.BYPASS.128 desc[UR20][R10.64], !PT, [R149+0x8000]","22","20","22","32768","1048576","1048576","32","32","32","0","0","Global,Shared","Load,Store","128","0","4","0","131072","131072","0","0","0","","0","0","0","0","0","0","0","0","0","0","0","0","0","0","0","20","0","0","1","1","0","0","0","0","0","0","0","0","0","0","0","0","0","20","0","0","0","0","0","0","0","0"
"0x77856b7b27b0","      LDGSTS.E.BYPASS.128 desc[UR20][R6.64], !PT, [R149+0x8800]","42","37","42","32768","1048576","1048576","32","32","0","0","0","Global,Shared","Load,Store","128","0","4","0","131072","131072","0","0","0","","0","0","0","0","0","0","0","0","0","0","0","0","0","0","0","31","0","0","1","2","0","0","0","8","0","0","0","0","0","0","0","0","0","31","0","0","0","0","0","0","0","6"
"0x77856b7b27c0","      LDGSTS.E.BYPASS.128 desc[UR20][R8.64], !PT, [R149+0x9000]","76","70","76","32768","1048576","1048576","32","32","0","0","0","Global,Shared","Load,Store","128","0","4","0","131072","131072","0","0","0","","0","0","0","0","0","0","0","0","0","0","0","3","0","0","0","64","0","0","4","2","0","0","0","3","0","0","0","0","0","3","0","0","0","64","0","0","0","0","0","0","0","3"
"0x77856b7b27d0","      LDGSTS.E.BYPASS.128 desc[UR20][R12.64], !PT, [R149+0x9800]","102","98","102","32768","1048576","1048576","32","32","0","0","0","Global,Shared","Load,Store","128","0","4","0","131072","131072","0","0","0","","0","0","0","0","0","0","0","0","0","0","0","35","0","0","0","57","0","0","1","3","0","0","0","6","0","0","0","0","0","35","0","0","0","57","0","0","0","0","0","0","0","6"
"0x77856b7b27e0","      LDGDEPBAR","110","105","110","32768","1048576","1048576","32","32","0","0","0","-","-","-","0","0","0","0","0","0","0","0","-","0","0","0","0","0","0","0","0","0","0","0","46","0","0","0","52","0","0","2","3","0","0","0","7","0","0","0","0","0","46","0","0","0","52","0","0","0","0","0","0","0","7"
"0x77856b7b27f0","      LDGSTS.E.BYPASS.128 desc[UR20][R92.64], !PT, [R149+0x18000]","68","65","68","32768","1048576","1048576","32","32","0","0","0","Global,Shared","Load,Store","128","0","4","0","131072","131072","0","0","0","","0","0","0","0","0","0","0","0","0","0","0","35","0","0","0","23","0","0","1","2","0","0","0","7","0","0","0","0","0","35","0","0","0","23","0","0","0","0","0","0","0","7"
"0x77856b7b2800","      LDGSTS.E.BYPASS.128 desc[UR20][R96.64], !PT, [R149+0x18800]","54","53","54","32768","1048576","1048576","32","32","0","0","0","Global,Shared","Load,Store","128","0","4","0","131072","131072","0","0","0","","0","0","0","0","0","0","0","0","0","0","0","18","0","0","0","32","0","0","0","1","0","0","0","3","0","0","0","0","0","18","0","0","0","32","0","0","0","0","0","0","0","3"
"0x77856b7b2810","      LDGSTS.E.BYPASS.128 desc[UR20][R100.64], !PT, [R149+0x19000]","42","41","42","32768","1048576","1048576","32","32","0","0","0","Global,Shared","Load,Store","128","0","4","0","131072","131072","0","0","0","","0","0","0","0","0","0","0","0","0","0","0","19","0","0","0","19","0","0","0","1","0","0","0","3","0","0","0","0","0","19","0","0","0","19","0","0","0","0","0","0","0","3"
"0x77856b7b2820","      LDGSTS.E.BYPASS.128 desc[UR20][R102.64], !PT, [R149+0x19800]","116","114","116","32768","1048576","1048576","32","32","0","0","0","Global,Shared","Load,Store","128","0","4","0","131072","131072","0","0","0","","0","0","0","0","0","0","0","0","0","0","0","44","0","0","0","64","0","0","0","2","0","0","0","6","0","0","0","0","0","44","0","0","0","64","0","0","0","0","0","0","0","6"
"0x77856b7b2830","      LDGDEPBAR","126","123","126","32768","1048576","1048576","32","32","0","0","0","-","-","-","0","0","0","0","0","0","0","0","-","0","0","0","0","0","0","0","0","0","0","0","68","0","0","0","49","0","0","1","1","0","0","0","7","0","0","0","0","0","68","0","0","0","49","0","0","0","0","0","0","0","6"
"0x77856b7b2840","@!PT  LDS RZ, [RZ]","50","47","50","32768","1048576","0","32","0","32","32","0","","Load","32","0","0","0","0","0","0","0","0","-","0","0","0","0","0","0","0","0","0","0","0","0","0","0","0","47","0","0","1","2","0","0","0","0","0","0","0","0","0","0","0","0","0","47","0","0","0","0","0","0","0","0"
"0x77856b7b2850","      MEMBAR.ALL.CTA","67","64","67","32768","1048576","1048576","32","32","32","0","0","-","-","-","0","0","0","0","0","0","0","0","-","0","0","0","0","0","0","0","0","0","0","0","10","0","0","0","54","0","0","2","1","0","0","0","0","0","0","0","0","0","10","0","0","0","54","0","0","0","0","0","0","0","0"
"0x77856b7b2860","      FENCE.VIEW.ASYNC.S","235","198","235","32768","1048576","1048576","32","32","0","0","0","-","-","-","0","0","0","0","0","0","0","0","-","0","0","0","0","0","0","0","0","0","0","0","1","223","0","0","0","0","0","0","2","0","0","0","9","0","0","0","0","0","1","188","0","0","0","0","0","0","0","0","0","0","9"
"0x77856b7b2870","@P2   BRA 0x77856b7b4ba0","2","0","2","32768","1048576","0","32","0","32","32","0","-","-","-","0","0","0","0","0","0","0","0","-","0","0","0","0","0","0","0","0","0","0","0","0","0","0","0","0","0","0","0","2","0","0","0","0","0","0","0","0","0","0","0","0","0","0","0","0","0","0","0","0","0","0"
"0x77856b7b2880","      SHF.R.U32.HI R7, RZ, 0x2, R0","10","7","10","32768","1048576","1048576","32","32","32","0","0","-","-","-","0","0","0","0","0","0","0","0","-","0","0","0","0","0","0","0","0","0","0","0","0","0","0","0","0","0","0","0","3","0","0","0","7","0","0","0","0","0","0","0","0","0","0","0","0","0","0","0","0","0","7"
"0x77856b7b2890","      VIADD R149, R15, 0xffffff40","4","0","4","32768","1048576","1048576","32","32","0","0","0","-","-","-","0","0","0","0","0","0","0","0","-","0","0","0","0","0","0","0","0","0","0","0","0","0","0","0","0","0","0","0","4","0","0","0","0","0","0","0","0","0","0","0","0","0","0","0","0","0","0","0","0","0","0"
"0x77856b7b28a0","      SHF.R.U32.HI R6, RZ, 0x1, R0","0","0","0","32768","1048576","1048576","32","32","0","0","0","-","-","-","0","0","0","0","0","0","0","0","-","0","0","0","0","0","0","0","0","0","0","0","0","0","0","0","0","0","0","0","0","0","0","0","0","0","0","0","0","0","0","0","0","0","0","0","0","0","0","0","0","0","0"
"0x77856b7b28b0","      IMAD.IADD R150, R18, 0x1, R147","2","0","2","32768","1048576","1048576","32","32","0","0","0","-","-","-","0","0","0","0","0","0","0","0","-","0","0","0","0","0","0","0","0","0","0","0","0","0","0","0","0","0","0","0","2","0","0","0","0","0","0","0","0","0","0","0","0","0","0","0","0","0","0","0","0","0","0"
"0x77856b7b28c0","      SGXT.U32 R7, R7, 0x3","1","0","1","32768","1048576","1048576","32","32","0","0","0","-","-","-","0","0","0","0","0","0","0","0","-","0","0","0","0","0","0","0","0","0","0","0","0","0","0","0","0","0","0","0","1","0","0","0","0","0","0","0","0","0","0","0","0","0","0","0","0","0","0","0","0","0","0"
"0x77856b7b28d0","      IMAD.MOV.U32 R147, RZ, RZ, RZ","3","0","3","32768","1048576","1048576","32","32","0","0","0","-","-","-","0","0","0","0","0","0","0","0","-","0","0","0","0","0","0","0","0","0","0","0","0","0","0","0","0","0","0","0","3","0","0","0","0","0","0","0","0","0","0","0","0","0","0","0","0","0","0","0","0","0","0"
"0x77856b7b28e0","      SHF.R.S32.HI R173, RZ, 0x1f, R18","3","0","3","32768","1048576","1048576","32","32","0","0","0","-","-","-","0","0","0","0","0","0","0","0","-","0","0","0","0","0","0","0","0","0","0","0","0","0","0","0","0","0","0","0","3","0","0","0","0","0","0","0","0","0","0","0","0","0","0","0","0","0","0","0","0","0","0"
"0x77856b7b28f0","      IMAD.MOV.U32 R14, RZ, RZ, RZ","0","0","0","32768","1048576","1048576","32","32","0","0","0","-","-","-","0","0","0","0","0","0","0","0","-","0","0","0","0","0","0","0","0","0","0","0","0","0","0","0","0","0","0","0","0","0","0","0","0","0","0","0","0","0","0","0","0","0","0","0","0","0","0","0","0","0","0"
"0x77856b7b2900","      LOP3.LUT R7, R7, 0x70, R6, 0xf8, !PT","3","0","3","32768","1048576","1048576","32","32","0","0","0","-","-","-","0","0","0","0","0","0","0","0","-","0","0","0","0","0","0","0","0","0","0","0","0","0","0","0","0","0","0","0","3","0","0","0","0","0","0","0","0","0","0","0","0","0","0","0","0","0","0","0","0","0","0"
"0x77856b7b2910","      VIADD R158, R150, 0xf0","1","0","1","32768","1048576","1048576","32","32","0","0","0","-","-","-","0","0","0","0","0","0","0","0","-","0","0","0","0","0","0","0","0","0","0","0","0","0","0","0","0","0","0","0","1","0","0","0","0","0","0","0","0","0","0","0","0","0","0","0","0","0","0","0","0","0","0"
"0x77856b7b2920","      LEA R171, P2, R151, R18, 0x1","2","0","2","32768","1048576","1048576","32","32","0","0","0","-","-","-","0","0","0","0","0","0","0","0","-","0","0","0","0","0","0","0","0","0","0","0","0","0","0","0","0","0","0","0","2","0","0","0","0","0","0","0","0","0","0","0","0","0","0","0","0","0","0","0","0","0","0"
"0x77856b7b2930","      VIADD R157, R150, 0xe0","0","0","0","32768","1048576","1048576","32","32","0","0","0","-","-","-","0","0","0","0","0","0","0","0","-","0","0","0","0","0","0","0","0","0","0","0","0","0","0","0","0","0","0","0","0","0","0","0","0","0","0","0","0","0","0","0","0","0","0","0","0","0","0","0","0","0","0"
"0x77856b7b2940","      LOP3.LUT R160, R7, R18, RZ, 0xfc, !PT","6","0","6","32768","1048576","1048576","32","32","0","0","0","-","-","-","0","0","0","0","0","0","0","0","-","0","0","0","0","0","0","0","0","0","0","0","0","0","0","0","0","0","0","0","6","0","0","0","0","0","0","0","0","0","0","0","0","0","0","0","0","0","0","0","0","0","0"
"0x77856b7b2950","      VIADD R155, R150, 0xd0","6","0","6","32768","1048576","1048576","32","32","0","0","0","-","-","-","0","0","0","0","0","0","0","0","-","0","0","0","0","0","0","0","0","1","0","0","0","0","0","0","0","0","0","0","5","0","0","0","0","0","0","0","0","0","0","0","0","0","0","0","0","0","0","0","0","0","0"
"0x77856b7b2960","      SHF.R.S32.HI R148, RZ, 0x1f, R15","2","0","2","32768","1048576","1048576","32","32","0","0","0","-","-","-","0","0","0","0","0","0","0","0","-","0","0","0","0","0","0","0","0","0","0","0","0","0","0","0","0","0","0","0","2","0","0","0","0","0","0","0","0","0","0","0","0","0","0","0","0","0","0","0","0","0","0"
"0x77856b7b2970","      IMAD.X R165, RZ, RZ, R173, P2","3","0","3","32768","1048576","1048576","32","32","0","0","0","-","-","-","0","0","0","0","0","0","0","0","-","0","0","0","0","0","0","0","0","0","0","0","0","0","0","0","0","0","0","0","3","0","0","0","0","0","0","0","0","0","0","0","0","0","0","0","0","0","0","0","0","0","0"
"0x77856b7b2980","      LOP3.LUT R156, R160, 0x8, RZ, 0xfc, !PT","0","0","0","32768","1048576","1048576","32","32","0","0","0","-","-","-","0","0","0","0","0","0","0","0","-","0","0","0","0","0","0","0","0","0","0","0","0","0","0","0","0","0","0","0","0","0","0","0","0","0","0","0","0","0","0","0","0","0","0","0","0","0","0","0","0","0","0"
"0x77856b7b2990","      VIADD R154, R150, 0xc0","3","0","3","32768","1048576","1048576","32","32","0","0","0","-","-","-","0","0","0","0","0","0","0","0","-","0","0","0","0","0","0","0","0","0","0","0","0","0","0","0","0","0","0","0","3","0","0","0","0","0","0","0","0","0","0","0","0","0","0","0","0","0","0","0","0","0","0"
"0x77856b7b29a0","      SHF.R.S32.HI R159, RZ, 0x1f, R149","2","0","2","32768","1048576","1048576","32","32","0","0","0","-","-","-","0","0","0","0","0","0","0","0","-","0","0","0","0","0","0","0","0","0","0","0","0","0","0","0","0","0","0","0","2","0","0","0","0","0","0","0","0","0","0","0","0","0","0","0","0","0","0","0","0","0","0"
"0x77856b7b29b0","      UIADD3 UR24, UR12, 0x20000, URZ","3","0","3","32768","1048576","1048576","32","32","0","0","0","-","-","-","0","0","0","0","0","0","0","0","-","0","0","0","0","0","0","0","0","0","0","0","0","0","0","0","0","0","0","0","3","0","0","0","0","0","0","0","0","0","0","0","0","0","0","0","0","0","0","0","0","0","0"
"0x77856b7b29c0","      SHF.R.S32.HI R153, RZ, 0x1f, R160","1","0","1","32768","1048576","1048576","32","32","0","0","0","-","-","-","0","0","0","0","0","0","0","0","-","0","0","0","0","0","0","0","0","0","0","0","0","0","0","0","0","0","0","0","1","0","0","0","0","0","0","0","0","0","0","0","0","0","0","0","0","0","0","0","0","0","0"
"0x77856b7b29d0","      USHF.R.S32.HI UR25, URZ, 0x1f, UR22","2","0","2","32768","1048576","1048576","32","32","0","0","0","-","-","-","0","0","0","0","0","0","0","0","-","0","0","0","0","0","0","0","0","0","0","0","0","0","0","0","0","0","0","0","2","0","0","0","0","0","0","0","0","0","0","0","0","0","0","0","0","0","0","0","0","0","0"
"0x77856b7b29e0","      SHF.R.S32.HI R152, RZ, 0x1f, R156","2","0","2","32768","1048576","1048576","32","32","0","0","0","-","-","-","0","0","0","0","0","0","0","0","-","0","0","0","0","0","0","0","0","0","0","0","0","0","0","0","0","0","0","0","2","0","0","0","0","0","0","0","0","0","0","0","0","0","0","0","0","0","0","0","0","0","0"
"0x77856b7b29f0","      UMOV UR14, 0x2","2","0","2","32768","1048576","1048576","32","32","0","0","0","-","-","-","0","0","0","0","0","0","0","0","-","0","0","0","0","0","0","0","0","0","0","0","0","0","0","0","0","0","0","0","2","0","0","0","0","0","0","0","0","0","0","0","0","0","0","0","0","0","0","0","0","0","0"
"0x77856b7b2a00","      UMOV UR13, 0xffffffff","2","0","2","32768","1048576","1048576","32","32","0","0","0","-","-","-","0","0","0","0","0","0","0","0","-","0","0","0","0","0","0","0","0","0","0","0","0","0","0","0","0","0","1","0","1","0","0","0","0","0","0","0","0","0","0","0","0","0","0","0","0","0","0","0","0","0","0"
"0x77856b7b2a10","      UMOV UR4, URZ","3","0","3","32768","1048576","1048576","32","32","0","0","0","-","-","-","0","0","0","0","0","0","0","0","-","0","0","0","0","0","0","0","0","0","0","0","0","0","0","0","0","0","0","0","3","0","0","0","0","0","0","0","0","0","0","0","0","0","0","0","0","0","0","0","0","0","0"
"0x77856b7b2a20","      UMOV UR5, URZ","2","0","2","32768","1048576","1048576","32","32","0","0","0","-","-","-","0","0","0","0","0","0","0","0","-","0","0","0","0","0","0","0","0","0","0","0","0","0","0","0","0","0","0","0","2","0","0","0","0","0","0","0","0","0","0","0","0","0","0","0","0","0","0","0","0","0","0"
"0x77856b7b2a30","      ULDC UR26, c[0x0][0x26c]","2","0","2","32768","1048576","1048576","32","32","0","0","0","-","-","-","0","0","0","0","0","0","0","0","-","0","0","0","0","0","0","0","0","0","0","0","0","0","0","0","0","0","0","0","2","0","0","0","0","0","0","0","0","0","0","0","0","0","0","0","0","0","0","0","0","0","0"
"0x77856b7b2a40","      DEPBAR.LE SB0, 0x4","49","33","49","65536","2097152","2097152","32","32","0","0","0","-","-","-","0","0","0","0","0","0","0","0","-","0","0","0","0","0","0","0","9","0","0","0","0","0","0","0","0","0","17","7","2","0","0","0","14","0","7","0","0","0","0","0","0","0","0","0","13","0","0","0","0","0","13"
"0x77856b7b2a50","      BAR.SYNC.DEFER_BLOCKING 0x0","134","85","134","65536","2097152","2097152","32","32","0","0","0","-","-","-","0","0","0","0","0","0","0","0","-","0","0","0","0","0","0","0","0","0","0","0","0","117","0","0","0","0","0","3","2","0","0","0","12","0","0","0","0","0","0","76","0","0","0","0","0","0","0","0","0","0","9"
"0x77856b7b2a60","      UIADD3 UR13, UR13, 0x1, URZ","5","0","5","65536","2097152","2097152","32","32","0","0","0","-","-","-","0","0","0","0","0","0","0","0","-","0","0","0","0","0","0","0","0","0","0","0","0","0","0","0","0","0","0","0","5","0","0","0","0","0","0","0","0","0","0","0","0","0","0","0","0","0","0","0","0","0","0"
"0x77856b7b2a70","      IADD3 R161, P2, R171, UR4, RZ","4","0","4","65536","2097152","2097152","32","32","0","0","0","-","-","-","0","0","0","0","0","0","0","0","-","0","0","0","0","0","0","0","0","0","0","0","0","0","0","0","0","0","0","0","4","0","0","0","0","0","0","0","0","0","0","0","0","0","0","0","0","0","0","0","0","0","0"
"0x77856b7b2a80","      USHF.L.U32 UR6, UR23, 0x7, URZ","4","1","4","65536","2097152","2097152","32","32","0","0","0","-","-","-","0","0","0","0","0","0","0","0","-","0","0","0","0","0","0","0","0","0","0","0","0","0","0","0","0","0","1","0","3","0","0","0","0","0","0","0","0","0","0","0","0","0","0","0","1","0","0","0","0","0","0"
"0x77856b7b2a90","      UISETP.GT.AND UP0, UPT, UR13, 0x3, UPT","9","3","9","65536","2097152","2097152","32","32","0","0","0","-","-","-","0","0","0","0","0","0","0","0","-","0","0","0","0","0","0","0","0","0","0","0","0","0","0","0","0","0","0","1","4","0","0","0","4","0","0","0","0","0","0","0","0","0","0","0","0","0","0","0","0","0","3"
"0x77856b7b2aa0","      IADD3.X R162, R165, UR5, RZ, P2, !PT","3","0","3","65536","2097152","2097152","32","32","0","0","0","-","-","-","0","0","0","0","0","0","0","0","-","0","0","0","0","0","0","0","0","0","0","0","0","0","0","0","0","0","0","0","3","0","0","0","0","0","0","0","0","0","0","0","0","0","0","0","0","0","0","0","0","0","0"
"0x77856b7b2ab0","      ULOP3.LUT UR6, UR6, 0x200, URZ, 0xc0, !UPT","4","0","4","65536","2097152","2097152","32","32","0","0","0","-","-","-","0","0","0","0","0","0","0","0","-","0","0","0","0","0","0","0","0","0","0","0","0","0","0","0","0","0","0","0","4","0","0","0","0","0","0","0","0","0","0","0","0","0","0","0","0","0","0","0","0","0","0"
"0x77856b7b2ac0","      IADD3 R7, P2, R161, 0x9, RZ","6","0","6","65536","2097152","2097152","32","32","0","0","0","-","-","-","0","0","0","0","0","0","0","0","-","0","0","0","0","0","0","0","0","0","0","0","0","0","0","0","0","0","0","0","6","0","0","0","0","0","0","0","0","0","0","0","0","0","0","0","0","0","0","0","0","0","0"
"0x77856b7b2ad0","      USEL UR13, UR13, URZ, !UP0","3","0","3","65536","2097152","2097152","32","32","0","0","0","-","-","-","0","0","0","0","0","0","0","0","-","0","0","0","0","0","0","0","0","0","0","0","0","0","0","0","0","0","0","0","3","0","0","0","0","0","0","0","0","0","0","0","0","0","0","0","0","0","0","0","0","0","0"
"0x77856b7b2ae0","      ISETP.LE.U32.AND P3, PT, R161, R160, PT","2","0","2","65536","2097152","2097152","32","32","0","0","0","-","-","-","0","0","0","0","0","0","0","0","-","0","0","0","0","0","0","0","0","0","0","0","0","0","0","0","0","0","0","0","2","0","0","0","0","0","0","0","0","0","0","0","0","0","0","0","0","0","0","0","0","0","0"
"0x77856b7b2af0","      ULEA.HI UR6, UR24, UR6, URZ, 0x1c","3","0","3","65536","2097152","2097152","32","32","0","0","0","-","-","-","0","0","0","0","0","0","0","0","-","0","0","0","0","0","0","0","0","0","0","0","0","0","0","0","0","0","0","0","3","0","0","0","0","0","0","0","0","0","0","0","0","0","0","0","0","0","0","0","0","0","0"
"0x77856b7b2b00","      ULEA UR15, UR13, UR12, 0xe","18","4","18","65536","2097152","2097152","32","32","0","0","0","-","-","-","0","0","0","0","0","0","0","0","-","0","0","0","0","0","0","0","0","0","0","0","0","0","5","0","0","0","4","3","2","0","0","0","4","0","0","0","0","0","0","0","1","0","0","0","0","0","0","0","0","0","3"
"0x77856b7b2b10","      IMAD.X R6, RZ, RZ, R162, P2","4","0","4","65536","2097152","2097152","32","32","0","0","0","-","-","-","0","0","0","0","0","0","0","0","-","0","0","0","0","0","0","0","0","0","0","0","0","0","0","0","0","0","0","0","4","0","0","0","0","0","0","0","0","0","0","0","0","0","0","0","0","0","0","0","0","0","0"
"0x77856b7b2b20","      ULOP3.LUT UR8, UR6, 0x3fff, URZ, 0xc0, !UPT","7","0","7","65536","2097152","2097152","32","32","0","0","0","-","-","-","0","0","0","0","0","0","0","0","-","0","0","0","0","0","0","0","0","0","0","0","0","0","0","0","0","0","0","0","7","0","0","0","0","0","0","0","0","0","0","0","0","0","0","0","0","0","0","0","0","0","0"
"0x77856b7b2b30","      IADD3 R13, P2, R161, 0x8, RZ","2","0","2","65536","2097152","2097152","32","32","0","0","0","-","-","-","0","0","0","0","0","0","0","0","-","0","0","0","0","0","0","0","0","0","0","0","0","0","0","0","0","0","0","0","2","0","0","0","0","0","0","0","0","0","0","0","0","0","0","0","0","0","0","0","0","0","0"
"0x77856b7b2b40","      USHF.R.U32.HI UR10, URZ, 0x4, UR15","10","0","10","65536","2097152","2097152","32","32","0","0","0","-","-","-","0","0","0","0","0","0","0","0","-","0","0","0","0","0","0","0","0","0","0","0","0","0","0","0","0","0","0","1","9","0","0","0","0","0","0","0","0","0","0","0","0","0","0","0","0","0","0","0","0","0","0"
"0x77856b7b2b50","      UMOV UR9, 0x40000040","36","17","36","65536","2097152","2097152","32","32","0","0","0","-","-","-","0","0","0","0","0","0","0","0","-","0","0","0","0","0","0","27","0","0","0","0","0","0","0","0","0","0","0","5","4","0","0","0","0","17","0","0","0","0","0","0","0","0","0","0","0","0","0","0","0","0","0"
"0x77856b7b2b60","      UMOV UR11, 0x40000040","8","0","8","65536","2097152","2097152","32","32","0","0","0","-","-","-","0","0","0","0","0","0","0","0","-","0","0","0","0","0","0","0","0","0","0","0","0","0","0","0","0","0","0","0","8","0","0","0","0","0","0","0","0","0","0","0","0","0","0","0","0","0","0","0","0","0","0"
"0x77856b7b2b70","      USGXT.U32 UR10, UR10, 0xe","29","0","29","65536","2097152","2097152","32","32","0","0","0","-","-","-","0","0","0","0","0","0","0","0","-","0","0","0","0","0","0","0","0","5","0","0","0","0","4","0","0","0","0","11","3","0","0","0","6","0","0","0","0","0","0","0","0","0","0","0","0","0","0","0","0","0","0"
"0x77856b7b2b80","      IMAD.X R12, RZ, RZ, R162, P2","7","0","7","65536","2097152","2097152","32","32","0","0","0","-","-","-","0","0","0","0","0","0","0","0","-","0","0","0","0","0","0","0","0","1","0","0","0","0","0","0","0","0","0","0","6","0","0","0","0","0","0","0","0","0","0","0","0","0","0","0","0","0","0","0","0","0","0"
"0x77856b7b2b90","      UMOV UR7, URZ","5","0","5","65536","2097152","2097152","32","32","0","0","0","-","-","-","0","0","0","0","0","0","0","0","-","0","0","0","0","0","0","0","0","1","0","0","0","0","0","0","0","0","0","0","4","0","0","0","0","0","0","0","0","0","0","0","0","0","0","0","0","0","0","0","0","0","0"
"0x77856b7b2ba0","@!PT  LDS RZ, [RZ]","6","0","6","65536","2097152","0","32","0","32","32","0","","Load","32","0","0","0","0","0","0","0","0","-","0","0","0","0","0","0","0","0","1","0","0","0","0","0","0","0","0","0","0","5","0","0","0","0","0","0","0","0","0","0","0","0","0","0","0","0","0","0","0","0","0","0"
"0x77856b7b2bb0","@!PT  LDS RZ, [RZ]","7","0","7","65536","2097152","0","32","0","0","32","0","","Load","32","0","0","0","0","0","0","0","0","-","0","0","0","0","0","0","0","0","3","0","0","0","0","0","0","0","0","0","0","4","0","0","0","0","0","0","0","0","0","0","0","0","0","0","0","0","0","0","0","0","0","0"
"0x77856b7b2bc0","@!PT  LDS RZ, [RZ]","9","0","9","65536","2097152","0","32","0","0","32","0","","Load","32","0","0","0","0","0","0","0","0","-","0","0","0","0","0","0","0","0","0","0","0","0","0","0","0","0","0","0","0","9","0","0","0","0","0","0","0","0","0","0","0","0","0","0","0","0","0","0","0","0","0","0"
"0x77856b7b2bd0","@!PT  LDS RZ, [RZ]","4","0","4","65536","2097152","0","32","0","0","32","0","","Load","32","0","0","0","0","0","0","0","0","-","0","0","0","0","0","0","0","0","0","0","0","0","0","0","0","0","0","0","0","4","0","0","0","0","0","0","0","0","0","0","0","0","0","0","0","0","0","0","0","0","0","0"
"0x77856b7b2be0","      MEMBAR.ALL.CTA","4","0","4","65536","2097152","2097152","32","32","32","0","0","-","-","-","0","0","0","0","0","0","0","0","-","0","0","0","0","0","0","0","0","0","0","0","0","0","0","0","0","0","0","0","4","0","0","0","0","0","0","0","0","0","0","0","0","0","0","0","0","0","0","0","0","0","0"
"0x77856b7b2bf0","      FENCE.VIEW.ASYNC.S","86","50","86","65536","2097152","2097152","32","32","0","0","0","-","-","-","0","0","0","0","0","0","0","0","-","0","0","0","0","0","0","0","0","0","0","0","0","66","0","0","0","0","0","0","1","0","0","0","19","0","0","0","0","0","0","39","0","0","0","0","0","0","0","0","0","0","11"
"0x77856b7b2c00","      UMOV UR6, URZ","5","0","5","65536","2097152","2097152","32","32","0","0","0","-","-","-","0","0","0","0","0","0","0","0","-","0","0","0","0","0","0","0","0","0","0","0","0","0","0","0","0","0","0","0","5","0","0","0","0","0","0","0","0","0","0","0","0","0","0","0","0","0","0","0","0","0","0"
"0x77856b7b2c10","      IADD3 R11, P2, R161, 0x31, RZ","6","0","6","65536","2097152","2097152","32","32","0","0","0","-","-","-","0","0","0","0","0","0","0","0","-","0","0","0","0","0","0","0","0","0","0","0","0","0","0","0","0","0","0","0","6","0","0","0","0","0","0","0","0","0","0","0","0","0","0","0","0","0","0","0","0","0","0"
"0x77856b7b2c20","      UIADD3 UR15, UR15, 0x10000, URZ","2","0","2","65536","2097152","2097152","32","32","0","0","0","-","-","-","0","0","0","0","0","0","0","0","-","0","0","0","0","0","0","0","0","0","0","0","0","0","0","0","0","0","0","0","2","0","0","0","0","0","0","0","0","0","0","0","0","0","0","0","0","0","0","0","0","0","0"
"0x77856b7b2c30","      UIADD3 UR14, UR14, 0x1, URZ","5","0","5","65536","2097152","2097152","32","32","0","0","0","-","-","-","0","0","0","0","0","0","0","0","-","0","0","0","0","0","0","0","0","1","0","0","0","0","0","0","0","0","0","0","4","0","0","0","0","0","0","0","0","0","0","0","0","0","0","0","0","0","0","0","0","0","0"
"0x77856b7b2c40","      IMAD.X R10, RZ, RZ, R162, P2","1","1","1","65536","2097152","2097152","32","32","0","0","0","-","-","-","0","0","0","0","0","0","0","0","-","0","0","0","0","0","0","0","0","0","0","0","0","0","0","0","0","0","0","0","0","0","0","0","1","0","0","0","0","0","0","0","0","0","0","0","0","0","0","0","0","0","1"
"0x77856b7b2c50","      IADD3 R9, P2, R161, 0x38, RZ","3","0","3","65536","2097152","2097152","32","32","0","0","0","-","-","-","0","0","0","0","0","0","0","0","-","0","0","0","0","0","0","0","0","0","0","0","0","0","0","0","0","0","0","0","3","0","0","0","0","0","0","0","0","0","0","0","0","0","0","0","0","0","0","0","0","0","0"
"0x77856b7b2c60","      IMAD.X R8, RZ, RZ, R162, P2","21","10","21","65536","2097152","2097152","32","32","0","0","0","-","-","-","0","0","0","0","0","0","0","0","-","0","0","0","0","0","0","0","0","0","0","0","0","0","0","0","0","0","0","1","7","0","0","0","13","0","0","0","0","0","0","0","0","0","0","0","0","0","0","0","0","0","10"
"0x77856b7b2c70","      ISETP.GT.U32.AND P2, PT, R7, R160, PT","3","0","3","65536","2097152","2097152","32","32","0","0","0","-","-","-","0","0","0","0","0","0","0","0","-","0","0","0","0","0","0","0","0","0","0","0","0","0","0","0","0","0","0","0","3","0","0","0","0","0","0","0","0","0","0","0","0","0","0","0","0","0","0","0","0","0","0"
"0x77856b7b2c80","      ISETP.GT.AND.EX P2, PT, R6, R153, PT, P2","24","12","24","65536","2097152","2097152","32","32","0","0","0","-","-","-","0","0","0","0","0","0","0","0","-","0","0","0","0","0","0","0","0","0","0","0","0","0","1","0","0","0","0","2","5","0","0","0","16","0","0","0","0","0","0","0","0","0","0","0","0","0","0","0","0","0","12"
"0x77856b7b2c90","      WARPGROUP.ARRIVE","92","75","92","65536","2097152","2097152","32","32","0","0","0","-","-","-","0","0","0","0","0","0","0","0","-","0","0","0","0","0","0","0","0","0","0","0","0","89","0","0","0","0","0","0","3","0","0","0","0","0","0","0","0","0","0","75","0","0","0","0","0","0","0","0","0","0","0"
"0x77856b7b2ca0","      HGMMA.64x64x16.F32 R88, gdesc[UR8], RZ, !UPT","98","79","98","65536","2097152","2097152","32","32","0","0","0","Shared","Load","-","0","8","0","524288","524288","0","0","0","-","0","0","0","0","0","0","0","0","0","0","0","0","0","0","0","0","0","0","0","6","0","0","0","28","0","0","0","0","0","0","0","0","0","0","0","0","0","0","0","0","0","28"
"0x77856b7b2cb0","      UIADD3 UR8, UP1, UR8, 0x2, URZ","3","0","3","65536","2097152","2097152","32","32","0","0","0","-","-","-","0","0","0","0","0","0","0","0","-","0","0","0","0","0","0","0","0","0","0","0","0","0","0","0","0","0","0","0","3","0","0","0","0","0","0","0","0","0","0","0","0","0","0","0","0","0","0","0","0","0","0"
"0x77856b7b2cc0","      UIADD3 UR10, UP0, UR10, 0x2, URZ","15","5","15","65536","2097152","2097152","32","32","0","0","0","-","-","-","0","0","0","0","0","0","0","0","-","0","0","0","0","0","0","0","0","0","0","0","0","0","0","0","0","0","0","5","5","0","0","0","5","0","0","0","0","0","0","0","0","0","0","0","0","0","0","0","0","0","5"
"0x77856b7b2cd0","      UIADD3.X UR9, UR7, 0x40000040, URZ, UP1, !UPT","10","3","10","65536","2097152","2097152","32","32","0","0","0","-","-","-","0","0","0","0","0","0","0","0","-","0","0","0","0","0","0","0","0","0","0","0","0","0","0","0","0","0","0","0","7","0","0","0","3","0","0","0","0","0","0","0","0","0","0","0","0","0","0","0","0","0","3"
"0x77856b7b2ce0","      UIADD3.X UR11, UR6, 0x40000040, URZ, UP0, !UPT","24","7","24","65536","2097152","2097152","32","32","0","0","0","-","-","-","0","0","0","0","0","0","0","0","-","0","0","0","0","0","0","0","0","0","0","0","0","0","3","0","0","0","0","10","5","0","0","0","6","0","0","0","0","0","0","0","3","0","0","0","0","0","0","0","0","0","4"
"0x77856b7b2cf0","      UIADD3 UR16, UP0, UR8, 0x2, URZ","5","3","5","65536","2097152","2097152","32","32","0","0","0","-","-","-","0","0","0","0","0","0","0","0","-","0","0","0","0","0","0","0","0","0","0","0","0","0","0","0","0","0","0","1","1","0","0","0","3","0","0","0","0","0","0","0","0","0","0","0","0","0","0","0","0","0","3"
"0x77856b7b2d00","      UIADD3.64 UR18, UR10, 0x2, URZ","14","11","14","65536","2097152","2097152","32","32","0","0","0","-","-","-","0","0","0","0","0","0","0","0","-","0","0","0","0","0","0","0","0","0","0","0","0","0","0","0","0","0","0","0","3","0","0","0","11","0","0","0","0","0","0","0","0","0","0","0","0","0","0","0","0","0","11"
"0x77856b7b2d10","      UIADD3.X UR17, UR9, URZ, URZ, UP0, !UPT","22","9","22","65536","2097152","2097152","32","32","0","0","0","-","-","-","0","0","0","0","0","0","0","0","-","0","0","0","0","0","0","0","0","0","0","0","0","0","7","0","0","0","0","10","3","0","0","0","2","0","0","0","0","0","0","0","7","0","0","0","0","0","0","0","0","0","2"
"0x77856b7b2d20","      USHF.R.U32.HI UR7, URZ, 0x4, UR15","10","8","10","65536","2097152","2097152","32","32","0","0","0","-","-","-","0","0","0","0","0","0","0","0","-","0","0","0","0","0","0","0","0","0","0","0","0","0","0","0","0","0","0","0","2","0","0","0","8","0","0","0","0","0","0","0","0","0","0","0","0","0","0","0","0","0","8"
"0x77856b7b2d30","      USGXT.U32 UR7, UR7, 0xe","20","9","20","65536","2097152","2097152","32","32","0","0","0","-","-","-","0","0","0","0","0","0","0","0","-","0","0","0","0","0","0","0","0","0","0","0","0","0","2","0","0","0","0","2","5","0","0","0","11","0","0","0","0","0","0","0","2","0","0","0","0","0","0","0","0","0","7"
"0x77856b7b2d40","      ULOP3.LUT UR6, UR7, 0x2000000, URZ, 0xfc, !UPT","22","10","22","65536","2097152","2097152","32","32","0","0","0","-","-","-","0","0","0","0","0","0","0","0","-","0","0","0","0","0","0","0","0","0","0","0","0","0","0","0","0","0","0","0","3","0","0","0","19","0","0","0","0","0","0","0","0","0","0","0","0","0","0","0","0","0","10"
"0x77856b7b2d50","      HGMMA.64x64x16.F32 R88, gdesc[UR8], R88","4","0","4","65536","2097152","2097152","32","32","0","0","0","Shared","Load","-","0","8","0","524288","524288","0","0","0","-","0","0","0","0","0","0","0","0","0","0","0","0","0","0","0","0","0","0","0","4","0","0","0","0","0","0","0","0","0","0","0","0","0","0","0","0","0","0","0","0","0","0"
"0x77856b7b2d60","      HGMMA.64x64x16.F32 R88, gdesc[UR16], R88","15","4","15","65536","2097152","2097152","32","32","0","0","0","Shared","Load","-","0","8","0","524288","524288","0","0","0","-","0","0","0","0","0","0","0","0","0","0","0","0","0","0","0","0","0","0","0","2","0","0","0","13","0","0","0","0","0","0","0","0","0","0","0","0","0","0","0","0","0","4"
"0x77856b7b2d70","      UIADD3 UR16, UP0, UR8, 0x4, URZ","11","0","11","65536","2097152","2097152","32","32","0","0","0","-","-","-","0","0","0","0","0","0","0","0","-","0","0","0","0","0","0","0","0","3","0","0","0","0","0","0","0","0","0","0","8","0","0","0","0","0","0","0","0","0","0","0","0","0","0","0","0","0","0","0","0","0","0"
"0x77856b7b2d80","      UIADD3.64 UR18, UR10, 0x4, URZ","29","9","29","65536","2097152","2097152","32","32","0","0","0","-","-","-","0","0","0","0","0","0","0","0","-","0","0","0","0","0","0","0","0","5","0","0","0","0","6","0","0","0","0","12","1","0","0","0","5","0","0","1","0","0","0","0","6","0","0","0","0","0","0","0","0","0","2"
"0x77856b7b2d90","      UIADD3.X UR17, UR9, URZ, URZ, UP0, !UPT","6","3","6","65536","2097152","2097152","32","32","0","0","0","-","-","-","0","0","0","0","0","0","0","0","-","0","0","0","0","0","0","0","0","1","0","0","0","0","0","0","0","0","0","0","3","0","0","0","2","0","0","1","0","0","0","0","0","0","0","0","0","0","0","0","0","0","2"
"0x77856b7b2da0","      HGMMA.64x64x16.F32 R88, gdesc[UR16], R88","41","24","41","65536","2097152","2097152","32","32","0","0","0","Shared","Load","-","0","8","0","524288","524288","0","0","0","-","0","0","0","0","0","0","0","0","0","0","0","0","0","0","0","0","0","0","0","10","0","0","0","31","0","0","0","0","0","0","0","0","0","0","0","0","0","0","0","0","0","24"
"0x77856b7b2db0","      UIADD3 UR16, UP0, UR8, 0x3fe, URZ","8","0","8","65536","2097152","2097152","32","32","0","0","0","-","-","-","0","0","0","0","0","0","0","0","-","0","0","0","0","0","0","0","0","3","0","0","0","0","0","0","0","0","0","0","5","0","0","0","0","0","0","0","0","0","0","0","0","0","0","0","0","0","0","0","0","0","0"
"0x77856b7b2dc0","      UIADD3.64 UR18, UR10, 0x1fe, URZ","14","2","14","65536","2097152","2097152","32","32","0","0","0","-","-","-","0","0","0","0","0","0","0","0","-","0","0","0","0","0","0","0","0","0","0","0","0","0","0","0","0","0","0","0","12","0","0","0","2","0","0","0","0","0","0","0","0","0","0","0","0","0","0","0","0","0","2"
"0x77856b7b2dd0","      UIADD3.X UR17, UR9, URZ, URZ, UP0, !UPT","20","7","20","65536","2097152","2097152","32","32","0","0","0","-","-","-","0","0","0","0","0","0","0","0","-","0","0","0","0","0","0","0","0","6","0","0","0","0","3","0","0","0","0","8","2","0","0","0","1","0","0","4","0","0","0","0","3","0","0","0","0","0","0","0","0","0","0"
"0x77856b7b2de0","      HGMMA.64x64x16.F32 R88, gdesc[UR16], R88","56","46","56","65536","2097152","2097152","32","32","0","0","0","Shared","Load","-","0","8","0","524288","524288","0","0","0","-","0","0","0","0","0","0","0","0","0","0","0","0","0","0","0","26","0","0","0","3","0","0","0","27","0","0","0","0","0","0","0","0","0","24","0","0","0","0","0","0","0","22"
"0x77856b7b2df0","      UIADD3 UR16, UP0, UR8, 0x400, URZ","2","0","2","65536","2097152","2097152","32","32","0","0","0","-","-","-","0","0","0","0","0","0","0","0","-","0","0","0","0","0","0","0","0","0","0","0","0","0","0","0","0","0","0","0","2","0","0","0","0","0","0","0","0","0","0","0","0","0","0","0","0","0","0","0","0","0","0"
"0x77856b7b2e00","      UIADD3.64 UR18, UR10, 0x200, URZ","17","10","17","65536","2097152","2097152","32","32","0","0","0","-","-","-","0","0","0","0","0","0","0","0","-","0","0","0","0","0","0","0","0","4","0","0","0","0","4","0","0","0","0","4","2","0","0","0","3","0","0","4","0","0","0","0","4","0","0","0","0","0","0","0","0","0","2"
"0x77856b7b2e10","      UIADD3.X UR17, UR9, URZ, URZ, UP0, !UPT","10","8","10","65536","2097152","2097152","32","32","0","0","0","-","-","-","0","0","0","0","0","0","0","0","-","0","0","0","0","0","0","0","0","0","0","0","0","0","0","0","0","0","0","0","2","0","0","0","8","0","0","0","0","0","0","0","0","0","0","0","0","0","0","0","0","0","8"
"0x77856b7b2e20","      HGMMA.64x64x16.F32 R88, gdesc[UR16], R88","94","75","94","65536","2097152","2097152","32","32","0","0","0","Shared","Load","-","0","8","0","524288","524288","0","0","0","-","0","0","0","0","0","0","0","0","0","0","0","0","0","0","0","54","0","0","2","2","0","0","0","36","0","0","0","0","0","0","0","0","0","46","0","0","0","0","0","0","0","29"
"0x77856b7b2e30","      UIADD3 UR16, UP0, UR8, 0x402, URZ","8","0","8","65536","2097152","2097152","32","32","0","0","0","-","-","-","0","0","0","0","0","0","0","0","-","0","0","0","0","0","0","0","0","0","0","0","0","0","0","0","0","0","0","0","8","0","0","0","0","0","0","0","0","0","0","0","0","0","0","0","0","0","0","0","0","0","0"
"0x77856b7b2e40","      UIADD3.64 UR18, UR10, 0x202, URZ","4","2","4","65536","2097152","2097152","32","32","0","0","0","-","-","-","0","0","0","0","0","0","0","0","-","0","0","0","0","0","0","0","0","0","0","0","0","0","0","0","0","0","0","0","2","0","0","0","2","0","0","0","0","0","0","0","0","0","0","0","0","0","0","0","0","0","2"
"0x77856b7b2e50","      UIADD3.X UR17, UR9, URZ, URZ, UP0, !UPT","31","8","31","65536","2097152","2097152","32","32","0","0","0","-","-","-","0","0","0","0","0","0","0","0","-","0","0","0","0","0","0","0","0","4","0","0","0","0","7","0","0","0","0","12","4","0","0","0","4","0","0","0","0","0","0","0","7","0","0","0","0","0","0","0","0","0","1"
"0x77856b7b2e60","      UIADD3 UR8, UP0, UR8, 0x404, URZ","7","3","7","65536","2097152","2097152","32","32","0","0","0","-","-","-","0","0","0","0","0","0","0","0","-","0","0","0","0","0","0","0","0","0","0","0","0","0","0","0","0","0","0","0","4","0","0","0","3","0","0","0","0","0","0","0","0","0","0","0","0","0","0","0","0","0","3"
"0x77856b7b2e70","      UIADD3.64 UR10, UR10, 0x204, URZ","10","5","10","65536","2097152","2097152","32","32","0","0","0","-","-","-","0","0","0","0","0","0","0","0","-","0","0","0","0","0","0","0","0","0","0","0","0","0","0","0","0","0","0","0","5","0","0","0","5","0","0","0","0","0","0","0","0","0","0","0","0","0","0","0","0","0","5"
"0x77856b7b2e80","      UIADD3.X UR9, UR9, URZ, URZ, UP0, !UPT","9","4","9","65536","2097152","2097152","32","32","0","0","0","-","-","-","0","0","0","0","0","0","0","0","-","0","0","0","0","0","0","0","0","1","0","0","0","0","0","0","0","0","0","0","5","0","0","0","3","0","0","1","0","0","0","0","0","0","0","0","0","0","0","0","0","0","3"
"0x77856b7b2e90","      HGMMA.64x64x16.F32 R88, gdesc[UR16], R88","65","41","65","65536","2097152","2097152","32","32","0","0","0","Shared","Load","-","0","8","0","524288","524288","0","0","0","-","0","0","0","0","0","0","0","0","0","0","0","0","0","0","0","42","0","0","9","2","0","0","0","12","0","0","0","0","0","0","0","0","0","38","0","0","0","0","0","0","0","3"
"0x77856b7b2ea0","      HGMMA.64x64x16.F32 R88, gdesc[UR8], R88, gsb0","63","48","63","65536","2097152","2097152","32","32","0","0","0","Shared","Load","-","0","8","0","524288","524288","0","0","0","-","0","0","0","0","0","0","0","0","0","0","0","0","0","0","0","40","0","0","0","2","0","0","0","21","0","0","0","0","0","0","0","0","0","37","0","0","0","0","0","0","0","11"
"0x77856b7b2eb0","      UMOV UR10, UR6","2","0","2","65536","2097152","2097152","32","32","0","0","0","-","-","-","0","0","0","0","0","0","0","0","-","0","0","0","0","0","0","0","0","0","0","0","0","0","0","0","0","0","0","0","2","0","0","0","0","0","0","0","0","0","0","0","0","0","0","0","0","0","0","0","0","0","0"
"0x77856b7b2ec0","      UMOV UR11, 0x40000040","8","0","8","65536","2097152","2097152","32","32","0","0","0","-","-","-","0","0","0","0","0","0","0","0","-","0","0","0","0","0","0","0","0","0","0","0","0","0","0","0","0","0","0","0","8","0","0","0","0","0","0","0","0","0","0","0","0","0","0","0","0","0","0","0","0","0","0"
"0x77856b7b2ed0","      UIADD3 UR8, UP0, UR7, 0x2000080, URZ","0","0","0","65536","2097152","2097152","32","32","0","0","0","-","-","-","0","0","0","0","0","0","0","0","-","0","0","0","0","0","0","0","0","0","0","0","0","0","0","0","0","0","0","0","0","0","0","0","0","0","0","0","0","0","0","0","0","0","0","0","0","0","0","0","0","0","0"
"0x77856b7b2ee0","      UMOV UR6, URZ","3","0","3","65536","2097152","2097152","32","32","0","0","0","-","-","-","0","0","0","0","0","0","0","0","-","0","0","0","0","0","0","0","0","0","0","0","0","0","0","0","0","0","0","0","3","0","0","0","0","0","0","0","0","0","0","0","0","0","0","0","0","0","0","0","0","0","0"
"0x77856b7b2ef0","      UIADD3.X UR9, UR6, 0x40000040, URZ, UP0, !UPT","18","6","18","65536","2097152","2097152","32","32","0","0","0","-","-","-","0","0","0","0","0","0","0","0","-","0","0","0","0","0","0","0","0","2","0","0","0","0","0","0","0","0","0","0","4","0","0","0","12","0","0","2","0","0","0","0","0","0","0","0","0","0","0","0","0","0","4"
"0x77856b7b2f00","      UISETP.GT.AND UP0, UPT, UR14, 0x3, UPT","12","7","12","65536","2097152","2097152","32","32","0","0","0","-","-","-","0","0","0","0","0","0","0","0","-","0","0","0","0","0","0","0","0","0","0","0","0","0","0","0","0","0","0","0","5","0","0","0","7","0","0","0","0","0","0","0","0","0","0","0","0","0","0","0","0","0","7"
"0x77856b7b2f10","      UMOV UR6, UR8","8","0","8","65536","2097152","2097152","32","32","0","0","0","-","-","-","0","0","0","0","0","0","0","0","-","0","0","0","0","0","0","0","0","0","0","0","0","0","0","0","0","0","0","0","8","0","0","0","0","0","0","0","0","0","0","0","0","0","0","0","0","0","0","0","0","0","0"
"0x77856b7b2f20","      USEL UR14, UR14, URZ, !UP0","15","2","15","65536","2097152","2097152","32","32","0","0","0","-","-","-","0","0","0","0","0","0","0","0","-","0","0","0","0","0","0","0","0","1","0","0","0","0","4","0","0","0","0","4","1","0","0","0","5","0","0","0","0","0","0","0","0","0","0","0","0","0","0","0","0","0","2"
"0x77856b7b2f30","      UMOV UR7, UR9","7","0","7","65536","2097152","2097152","32","32","0","0","0","-","-","-","0","0","0","0","0","0","0","0","-","0","0","0","0","0","0","0","0","1","0","0","0","0","0","0","0","0","0","0","6","0","0","0","0","0","0","0","0","0","0","0","0","0","0","0","0","0","0","0","0","0","0"
"0x77856b7b2f40","      WARPGROUP.DEPBAR.LE gsb0, 0x0","1383","1303","1383","65536","2097152","2097152","32","32","0","0","0","-","-","-","0","0","0","0","0","0","0","0","-","0","0","0","0","0","0","1379","0","0","0","0","0","0","0","0","0","0","0","1","3","0","0","0","0","1303","0","0","0","0","0","0","0","0","0","0","0","0","0","0","0","0","0"
"0x77856b7b2f50","      FSEL R123, R93, -INF , !P2","12","4","12","65536","2097152","2097152","32","32","0","0","0","-","-","-","0","0","0","0","0","0","0","0","-","0","0","0","0","0","0","0","0","0","0","0","0","0","3","0","0","0","0","0","6","0","0","0","3","0","0","0","0","0","0","0","3","0","0","0","0","0","0","0","0","0","1"
"0x77856b7b2f60","      ISETP.GT.U32.AND P2, PT, R7, R156, PT","6","2","6","65536","2097152","2097152","32","32","0","0","0","-","-","-","0","0","0","0","0","0","0","0","-","0","0","0","0","0","0","0","0","0","0","0","0","0","0","0","0","0","0","0","4","0","0","0","2","0","0","0","0","0","0","0","0","0","0","0","0","0","0","0","0","0","2"
"0x77856b7b2f70","      LOP3.LUT R7, R161, 0x21, RZ, 0xfc, !PT","3","2","3","65536","2097152","2097152","32","32","0","0","0","-","-","-","0","0","0","0","0","0","0","0","-","0","0","0","0","0","0","0","0","0","0","0","0","0","0","0","0","0","0","0","1","0","0","0","2","0","0","0","0","0","0","0","0","0","0","0","0","0","0","0","0","0","2"
"0x77856b7b2f80","      ISETP.GT.AND.EX P2, PT, R6, R152, PT, P2","7","3","7","65536","2097152","2097152","32","32","0","0","0","-","-","-","0","0","0","0","0","0","0","0","-","0","0","0","0","0","0","0","0","0","0","0","0","0","0","0","0","0","0","0","4","0","0","0","3","0","0","0","0","0","0","0","0","0","0","0","0","0","0","0","0","0","3"
"0x77856b7b2f90","      LOP3.LUT R129, R161, 0x20, RZ, 0xfc, !PT","4","1","4","65536","2097152","2097152","32","32","0","0","0","-","-","-","0","0","0","0","0","0","0","0","-","0","0","0","0","0","0","0","0","0","0","0","0","0","0","0","0","0","0","0","3","0","0","0","1","0","0","0","0","0","0","0","0","0","0","0","0","0","0","0","0","0","1"
"0x77856b7b2fa0","      FSEL R120, R95, -INF , !P2","8","4","8","65536","2097152","2097152","32","32","0","0","0","-","-","-","0","0","0","0","0","0","0","0","-","0","0","0","0","0","0","0","0","0","0","0","0","0","0","0","0","0","0","0","4","0","0","0","4","0","0","0","0","0","0","0","0","0","0","0","0","0","0","0","0","0","4"
"0x77856b7b2fb0","      ISETP.GT.U32.AND P2, PT, R7, R160, PT","6","3","6","65536","2097152","2097152","32","32","0","0","0","-","-","-","0","0","0","0","0","0","0","0","-","0","0","0","0","0","0","0","0","0","0","0","0","0","0","0","0","0","0","0","2","0","0","0","4","0","0","0","0","0","0","0","0","0","0","0","0","0","0","0","0","0","3"
"0x77856b7b2fc0","      LOP3.LUT R127, R161, 0x10, RZ, 0xfc, !PT","8","4","8","65536","2097152","2097152","32","32","0","0","0","-","-","-","0","0","0","0","0","0","0","0","-","0","0","0","0","0","0","0","0","0","0","0","0","0","0","0","0","0","0","0","2","0","0","0","6","0","0","0","0","0","0","0","0","0","0","0","0","0","0","0","0","0","4"
"0x77856b7b2fd0","      ISETP.GT.AND.EX P2, PT, R162, R153, PT, P2","15","7","15","65536","2097152","2097152","32","32","0","0","0","-","-","-","0","0","0","0","0","0","0","0","-","0","0","0","0","0","0","0","0","0","0","0","0","0","0","0","0","0","0","0","6","0","0","0","9","0","0","0","0","0","0","0","0","0","0","0","0","0","0","0","0","0","7"
"0x77856b7b2fe0","      FSEL R122, R105, -INF , !P2","17","12","17","65536","2097152","2097152","32","32","0","0","0","-","-","-","0","0","0","0","0","0","0","0","-","0","0","0","0","0","0","0","0","0","0","0","0","0","0","0","0","0","0","0","2","0","0","0","15","0","0","0","0","0","0","0","0","0","0","0","0","0","0","0","0","0","12"
"0x77856b7b2ff0","      ISETP.GT.U32.AND P2, PT, R7, R156, PT","7","4","7","65536","2097152","2097152","32","32","0","0","0","-","-","-","0","0","0","0","0","0","0","0","-","0","0","0","0","0","0","0","0","0","0","0","0","0","0","0","0","0","0","0","3","0","0","0","4","0","0","0","0","0","0","0","0","0","0","0","0","0","0","0","0","0","4"
"0x77856b7b3000","      LOP3.LUT R7, R161, 0x28, RZ, 0xfc, !PT","11","4","11","65536","2097152","2097152","32","32","0","0","0","-","-","-","0","0","0","0","0","0","0","0","-","0","0","0","0","0","0","0","0","0","0","0","0","0","0","0","0","0","0","0","7","0","0","0","4","0","0","0","0","0","0","0","0","0","0","0","0","0","0","0","0","0","4"
"0x77856b7b3010","      ISETP.GT.AND.EX P2, PT, R162, R152, PT, P2","8","2","8","65536","2097152","2097152","32","32","0","0","0","-","-","-","0","0","0","0","0","0","0","0","-","0","0","0","0","0","0","0","0","0","0","0","0","0","0","0","0","0","0","0","4","0","0","0","4","0","0","0","0","0","0","0","0","0","0","0","0","0","0","0","0","0","2"
"0x77856b7b3020","      FSEL R107, R107, -INF , !P2","50","30","50","65536","2097152","2097152","32","32","0","0","0","-","-","-","0","0","0","0","0","0","0","0","-","0","0","0","0","0","0","0","0","0","0","0","0","0","18","0","0","0","0","13","4","0","0","0","15","0","0","0","0","0","0","0","18","0","0","0","0","0","0","0","0","0","12"
"0x77856b7b3030","      ISETP.GT.U32.AND P2, PT, R7, R160, PT","10","6","10","65536","2097152","2097152","32","32","0","0","0","-","-","-","0","0","0","0","0","0","0","0","-","0","0","0","0","0","0","0","0","0","0","0","0","0","0","0","0","0","0","0","2","0","0","0","8","0","0","0","0","0","0","0","0","0","0","0","0","0","0","0","0","0","6"
"0x77856b7b3040","      ISETP.GT.AND.EX P2, PT, R162, R153, PT, P2","19","12","19","65536","2097152","2097152","32","32","0","0","0","-","-","-","0","0","0","0","0","0","0","0","-","0","0","0","0","0","0","0","0","0","0","0","0","0","6","0","0","0","0","2","4","0","0","0","7","0","0","0","0","0","0","0","6","0","0","0","0","0","0","0","0","0","6"
"0x77856b7b3050","      FSEL R108, R108, -INF , !P2","25","14","25","65536","2097152","2097152","32","32","0","0","0","-","-","-","0","0","0","0","0","0","0","0","-","0","0","0","0","0","0","0","0","0","0","0","0","0","3","0","0","0","0","2","4","0","0","0","16","0","0","0","0","0","0","0","3","0","0","0","0","0","0","0","0","0","11"
"0x77856b7b3060","      ISETP.GT.U32.AND P2, PT, R7, R156, PT","9","6","9","65536","2097152","2097152","32","32","0","0","0","-","-","-","0","0","0","0","0","0","0","0","-","0","0","0","0","0","0","0","0","0","0","0","0","0","0","0","0","0","0","0","3","0","0","0","6","0","0","0","0","0","0","0","0","0","0","0","0","0","0","0","0","0","6"
"0x77856b7b3070","      LOP3.LUT R7, R161, 0x29, RZ, 0xfc, !PT","15","6","15","65536","2097152","2097152","32","32","0","0","0","-","-","-","0","0","0","0","0","0","0","0","-","0","0","0","0","0","0","0","0","0","0","0","0","0","0","0","0","0","0","0","9","0","0","0","6","0","0","0","0","0","0","0","0","0","0","0","0","0","0","0","0","0","6"
"0x77856b7b3080","      ISETP.GT.AND.EX P2, PT, R162, R152, PT, P2","13","8","13","65536","2097152","2097152","32","32","0","0","0","-","-","-","0","0","0","0","0","0","0","0","-","0","0","0","0","0","0","0","0","0","0","0","0","0","0","0","0","0","0","0","4","0","0","0","9","0","0","0","0","0","0","0","0","0","0","0","0","0","0","0","0","0","8"
"0x77856b7b3090","      FSEL R124, R110, -INF , !P2","24","16","24","65536","2097152","2097152","32","32","0","0","0","-","-","-","0","0","0","0","0","0","0","0","-","0","0","0","0","0","0","0","0","0","0","0","0","0","3","0","0","0","0","0","5","0","0","0","16","0","0","0","0","0","0","0","3","0","0","0","0","0","0","0","0","0","13"
"0x77856b7b30a0","      ISETP.GT.U32.AND P2, PT, R7, R160, PT","12","4","12","65536","2097152","2097152","32","32","0","0","0","-","-","-","0","0","0","0","0","0","0","0","-","0","0","0","0","0","0","0","0","0","0","0","0","0","0","0","0","0","0","0","5","0","0","0","7","0","0","0","0","0","0","0","0","0","0","0","0","0","0","0","0","0","4"
"0x77856b7b30b0","      ISETP.GT.AND.EX P2, PT, R162, R153, PT, P2","49","19","49","65536","2097152","2097152","32","32","0","0","0","-","-","-","0","0","0","0","0","0","0","0","-","0","0","0","0","0","0","0","0","0","0","0","0","0","10","0","0","0","0","20","5","0","0","0","14","0","0","0","0","0","0","0","10","0","0","0","0","0","0","0","0","0","9"
"0x77856b7b30c0","      FSEL R110, R109, -INF , !P2","34","15","34","65536","2097152","2097152","32","32","0","0","0","-","-","-","0","0","0","0","0","0","0","0","-","0","0","0","0","0","0","0","0","0","0","0","0","0","6","0","0","0","0","9","3","0","0","0","16","0","0","0","0","0","0","0","6","0","0","0","0","0","0","0","0","0","9"
"0x77856b7b30d0","      ISETP.GT.U32.AND P2, PT, R7, R156, PT","7","3","7","65536","2097152","2097152","32","32","0","0","0","-","-","-","0","0","0","0","0","0","0","0","-","0","0","0","0","0","0","0","0","0","0","0","0","0","0","0","0","0","0","0","4","0","0","0","3","0","0","0","0","0","0","0","0","0","0","0","0","0","0","0","0","0","3"
"0x77856b7b30e0","      LOP3.LUT R7, R161, 0x11, RZ, 0xfc, !PT","9","5","9","65536","2097152","2097152","32","32","0","0","0","-","-","-","0","0","0","0","0","0","0","0","-","0","0","0","0","0","0","0","0","0","0","0","0","0","0","0","0","0","0","0","4","0","0","0","5","0","0","0","0","0","0","0","0","0","0","0","0","0","0","0","0","0","5"
"0x77856b7b30f0","      ISETP.GT.AND.EX P2, PT, R162, R152, PT, P2","12","5","12","65536","2097152","2097152","32","32","0","0","0","-","-","-","0","0","0","0","0","0","0","0","-","0","0","0","0","0","0","0","0","0","0","0","0","0","0","0","0","0","0","0","7","0","0","0","5","0","0","0","0","0","0","0","0","0","0","0","0","0","0","0","0","0","5"
"0x77856b7b3100","      FSEL R111, R111, -INF , !P2","15","10","15","65536","2097152","2097152","32","32","0","0","0","-","-","-","0","0","0","0","0","0","0","0","-","0","0","0","0","0","0","0","0","0","0","0","0","0","1","0","0","0","0","3","0","0","0","0","11","0","0","0","0","0","0","0","1","0","0","0","0","0","0","0","0","0","9"
"0x77856b7b3110","      ISETP.GT.U32.AND P2, PT, R129, R156, PT","7","4","7","65536","2097152","2097152","32","32","0","0","0","-","-","-","0","0","0","0","0","0","0","0","-","0","0","0","0","0","0","0","0","0","0","0","0","0","0","0","0","0","0","0","3","0","0","0","4","0","0","0","0","0","0","0","0","0","0","0","0","0","0","0","0","0","4"
"0x77856b7b3120","      ISETP.GT.AND.EX P2, PT, R162, R152, PT, P2","24","11","24","65536","2097152","2097152","32","32","0","0","0","-","-","-","0","0","0","0","0","0","0","0","-","0","0","0","0","0","0","0","0","0","0","0","0","0","9","0","0","0","0","4","3","0","0","0","8","0","0","0","0","0","0","0","9","0","0","0","0","0","0","0","0","0","2"
"0x77856b7b3130","      FSEL R106, R106, -INF , !P2","25","13","25","65536","2097152","2097152","32","32","0","0","0","-","-","-","0","0","0","0","0","0","0","0","-","0","0","0","0","0","0","0","0","0","0","0","0","0","4","0","0","0","0","3","7","0","0","0","11","0","0","0","0","0","0","0","4","0","0","0","0","0","0","0","0","0","9"
"0x77856b7b3140","      ISETP.GT.U32.AND P2, PT, R129, R160, PT","4","2","4","65536","2097152","2097152","32","32","0","0","0","-","-","-","0","0","0","0","0","0","0","0","-","0","0","0","0","0","0","0","0","0","0","0","0","0","0","0","0","0","0","0","2","0","0","0","2","0","0","0","0","0","0","0","0","0","0","0","0","0","0","0","0","0","2"
"0x77856b7b3150","      ISETP.GT.AND.EX P2, PT, R162, R153, PT, P2","22","11","22","65536","2097152","2097152","32","32","0","0","0","-","-","-","0","0","0","0","0","0","0","0","-","0","0","0","0","0","0","0","0","0","0","0","0","0","2","0","0","0","0","3","3","0","0","0","14","0","0","0","0","0","0","0","2","0","0","0","0","0","0","0","0","0","9"
"0x77856b7b3160","      FSEL R105, R104, -INF , !P2","23","12","23","65536","2097152","2097152","32","32","0","0","0","-","-","-","0","0","0","0","0","0","0","0","-","0","0","0","0","0","0","0","0","0","0","0","0","0","2","0","0","0","0","2","3","0","0","0","16","0","0","0","0","0","0","0","2","0","0","0","0","0","0","0","0","0","10"
"0x77856b7b3170","      ISETP.GT.U32.AND P2, PT, R7, R160, PT","10","6","10","65536","2097152","2097152","32","32","0","0","0","-","-","-","0","0","0","0","0","0","0","0","-","0","0","0","0","0","0","0","0","0","0","0","0","0","0","0","0","0","0","0","4","0","0","0","6","0","0","0","0","0","0","0","0","0","0","0","0","0","0","0","0","0","6"
"0x77856b7b3180","      ISETP.GT.AND.EX P2, PT, R162, R153, PT, P2","36","18","36","65536","2097152","2097152","32","32","0","0","0","-","-","-","0","0","0","0","0","0","0","0","-","0","0","0","0","0","0","0","0","0","0","0","0","0","8","0","0","0","0","11","6","0","0","0","11","0","0","0","0","0","0","0","8","0","0","0","0","0","0","0","0","0","10"
"0x77856b7b3190","      FSEL R104, R97, -INF , !P2","24","14","24","65536","2097152","2097152","32","32","0","0","0","-","-","-","0","0","0","0","0","0","0","0","-","0","0","0","0","0","0","0","0","0","0","0","0","0","4","0","0","0","0","4","4","0","0","0","12","0","0","0","0","0","0","0","4","0","0","0","0","0","0","0","0","0","10"
"0x77856b7b31a0","      ISETP.GT.U32.AND P2, PT, R7, R156, PT","8","3","8","65536","2097152","2097152","32","32","0","0","0","-","-","-","0","0","0","0","0","0","0","0","-","0","0","0","0","0","0","0","0","0","0","0","0","0","0","0","0","0","0","0","5","0","0","0","3","0","0","0","0","0","0","0","0","0","0","0","0","0","0","0","0","0","3"
"0x77856b7b31b0","      LOP3.LUT R7, R161, 0x18, RZ, 0xfc, !PT","10","6","10","65536","2097152","2097152","32","32","0","0","0","-","-","-","0","0","0","0","0","0","0","0","-","0","0","0","0","0","0","0","0","0","0","0","0","0","0","0","0","0","0","0","4","0","0","0","6","0","0","0","0","0","0","0","0","0","0","0","0","0","0","0","0","0","6"
"0x77856b7b31c0","      ISETP.GT.AND.EX P2, PT, R162, R152, PT, P2","11","6","11","65536","2097152","2097152","32","32","0","0","0","-","-","-","0","0","0","0","0","0","0","0","-","0","0","0","0","0","0","0","0","0","0","0","0","0","0","0","0","0","0","0","5","0","0","0","6","0","0","0","0","0","0","0","0","0","0","0","0","0","0","0","0","0","6"
"0x77856b7b31d0","      FSEL R99, R99, -INF , !P2","21","12","21","65536","2097152","2097152","32","32","0","0","0","-","-","-","0","0","0","0","0","0","0","0","-","0","0","0","0","0","0","0","0","0","0","0","0","0","4","0","0","0","0","1","4","0","0","0","12","0","0","0","0","0","0","0","4","0","0","0","0","0","0","0","0","0","8"
"0x77856b7b31e0","      ISETP.GT.U32.AND P2, PT, R7, R160, PT","12","6","12","65536","2097152","2097152","32","32","0","0","0","-","-","-","0","0","0","0","0","0","0","0","-","0","0","0","0","0","0","0","0","0","0","0","0","0","0","0","0","0","0","0","6","0","0","0","6","0","0","0","0","0","0","0","0","0","0","0","0","0","0","0","0","0","6"
"0x77856b7b31f0","      ISETP.GT.AND.EX P2, PT, R162, R153, PT, P2","27","12","27","65536","2097152","2097152","32","32","0","0","0","-","-","-","0","0","0","0","0","0","0","0","-","0","0","0","0","0","0","0","0","0","0","0","0","0","3","0","0","0","0","7","6","0","0","0","11","0","0","0","0","0","0","0","3","0","0","0","0","0","0","0","0","0","9"
"0x77856b7b3200","      FSEL R100, R100, -INF , !P2","32","17","32","65536","2097152","2097152","32","32","0","0","0","-","-","-","0","0","0","0","0","0","0","0","-","0","0","0","0","0","0","0","0","0","0","0","0","0","5","0","0","0","0","4","7","0","0","0","16","0","0","0","0","0","0","0","5","0","0","0","0","0","0","0","0","0","12"
"0x77856b7b3210","      ISETP.GT.U32.AND P2, PT, R7, R156, PT","9","2","9","65536","2097152","2097152","32","32","0","0","0","-","-","-","0","0","0","0","0","0","0","0","-","0","0","0","0","0","0","0","0","0","0","0","0","0","0","0","0","0","0","0","7","0","0","0","2","0","0","0","0","0","0","0","0","0","0","0","0","0","0","0","0","0","2"
"0x77856b7b3220","      LOP3.LUT R7, R161, 0x19, RZ, 0xfc, !PT","7","3","7","65536","2097152","2097152","32","32","0","0","0","-","-","-","0","0","0","0","0","0","0","0","-","0","0","0","0","0","0","0","0","0","0","0","0","0","0","0","0","0","0","0","4","0","0","0","3","0","0","0","0","0","0","0","0","0","0","0","0","0","0","0","0","0","3"
"0x77856b7b3230","      ISETP.GT.AND.EX P2, PT, R162, R152, PT, P2","12","8","12","65536","2097152","2097152","32","32","0","0","0","-","-","-","0","0","0","0","0","0","0","0","-","0","0","0","0","0","0","0","0","0","0","0","0","0","0","0","0","0","0","0","4","0","0","0","8","0","0","0","0","0","0","0","0","0","0","0","0","0","0","0","0","0","8"
"0x77856b7b3240","      FSEL R102, R102, -INF , !P2","19","9","19","65536","2097152","2097152","32","32","0","0","0","-","-","-","0","0","0","0","0","0","0","0","-","0","0","0","0","0","0","0","0","0","0","0","0","0","0","0","0","0","0","1","4","0","0","0","14","0","0","0","0","0","0","0","0","0","0","0","0","0","0","0","0","0","9"
"0x77856b7b3250","      ISETP.GT.U32.AND P2, PT, R7, R160, PT","14","8","14","65536","2097152","2097152","32","32","0","0","0","-","-","-","0","0","0","0","0","0","0","0","-","0","0","0","0","0","0","0","0","0","0","0","0","0","0","0","0","0","0","0","6","0","0","0","8","0","0","0","0","0","0","0","0","0","0","0","0","0","0","0","0","0","8"
"0x77856b7b3260","      ISETP.GT.AND.EX P2, PT, R162, R153, PT, P2","24","16","24","65536","2097152","2097152","32","32","0","0","0","-","-","-","0","0","0","0","0","0","0","0","-","0","0","0","0","0","0","0","0","0","0","0","0","0","5","0","0","0","0","3","3","0","0","0","13","0","0","0","0","0","0","0","5","0","0","0","0","0","0","0","0","0","11"
"0x77856b7b3270","      FSEL R101, R101, -INF , !P2","26","10","26","65536","2097152","2097152","32","32","0","0","0","-","-","-","0","0","0","0","0","0","0","0","-","0","0","0","0","0","0","0","0","0","0","0","0","0","4","0","0","0","0","3","8","0","0","0","11","0","0","0","0","0","0","0","4","0","0","0","0","0","0","0","0","0","6"
"0x77856b7b3280","      ISETP.GT.U32.AND P2, PT, R7, R156, PT","12","6","12","65536","2097152","2097152","32","32","0","0","0","-","-","-","0","0","0","0","0","0","0","0","-","0","0","0","0","0","0","0","0","0","0","0","0","0","0","0","0","0","0","0","6","0","0","0","6","0","0","0","0","0","0","0","0","0","0","0","0","0","0","0","0","0","6"
"0x77856b7b3290","      ISETP.GT.AND.EX P2, PT, R162, R152, PT, P2","15","9","15","65536","2097152","2097152","32","32","0","0","0","-","-","-","0","0","0","0","0","0","0","0","-","0","0","0","0","0","0","0","0","0","0","0","0","0","2","0","0","0","0","1","3","0","0","0","9","0","0","0","0","0","0","0","2","0","0","0","0","0","0","0","0","0","7"
"0x77856b7b32a0","      FSEL R103, R103, -INF , !P2","19","6","19","65536","2097152","2097152","32","32","0","0","0","-","-","-","0","0","0","0","0","0","0","0","-","0","0","0","0","0","0","0","0","0","0","0","0","0","1","0","0","0","0","2","5","0","0","0","11","0","0","0","0","0","0","0","1","0","0","0","0","0","0","0","0","0","5"
"0x77856b7b32b0","      ISETP.GT.U32.AND P2, PT, R127, R160, PT","8","6","8","65536","2097152","2097152","32","32","0","0","0","-","-","-","0","0","0","0","0","0","0","0","-","0","0","0","0","0","0","0","0","0","0","0","0","0","0","0","0","0","0","0","2","0","0","0","6","0","0","0","0","0","0","0","0","0","0","0","0","0","0","0","0","0","6"
"0x77856b7b32c0","      ISETP.GT.AND.EX P2, PT, R162, R153, PT, P2","20","12","20","65536","2097152","2097152","32","32","0","0","0","-","-","-","0","0","0","0","0","0","0","0","-","0","0","0","0","0","0","0","0","0","0","0","0","0","5","0","0","0","0","1","2","0","0","0","12","0","0","0","0","0","0","0","5","0","0","0","0","0","0","0","0","0","7"
"0x77856b7b32d0","      FSEL R97, R96, -INF , !P2","26","15","26","65536","2097152","2097152","32","32","0","0","0","-","-","-","0","0","0","0","0","0","0","0","-","0","0","0","0","0","0","0","0","0","0","0","0","0","3","0","0","0","0","5","2","0","0","0","16","0","0","0","0","0","0","0","3","0","0","0","0","0","0","0","0","0","12"
"0x77856b7b32e0","      ISETP.GT.U32.AND P2, PT, R127, R156, PT","10","8","10","65536","2097152","2097152","32","32","0","0","0","-","-","-","0","0","0","0","0","0","0","0","-","0","0","0","0","0","0","0","0","0","0","0","0","0","0","0","0","0","0","0","2","0","0","0","8","0","0","0","0","0","0","0","0","0","0","0","0","0","0","0","0","0","8"
"0x77856b7b32f0","      ISETP.GT.AND.EX P2, PT, R162, R152, PT, P2","15","9","15","65536","2097152","2097152","32","32","0","0","0","-","-","-","0","0","0","0","0","0","0","0","-","0","0","0","0","0","0","0","0","0","0","0","0","0","0","0","0","0","0","0","1","0","0","0","14","0","0","0","0","0","0","0","0","0","0","0","0","0","0","0","0","0","9"
"0x77856b7b3300","      FSEL R96, R98, -INF , !P2","33","14","33","65536","2097152","2097152","32","32","0","0","0","-","-","-","0","0","0","0","0","0","0","0","-","0","0","0","0","0","0","0","0","0","0","0","0","0","6","0","0","0","0","6","9","0","0","0","12","0","0","0","0","0","0","0","6","0","0","0","0","0","0","0","0","0","8"
"0x77856b7b3310","      IADD3 R7, P2, R161, 0x39, RZ","11","6","11","65536","2097152","2097152","32","32","0","0","0","-","-","-","0","0","0","0","0","0","0","0","-","0","0","0","0","0","0","0","0","0","0","0","0","0","0","0","0","0","0","0","5","0","0","0","6","0","0","0","0","0","0","0","0","0","0","0","0","0","0","0","0","0","6"
"0x77856b7b3320","      IMAD.X R6, RZ, RZ, R162, P2","24","14","24","65536","2097152","2097152","32","32","0","0","0","-","-","-","0","0","0","0","0","0","0","0","-","0","0","0","0","0","0","0","0","0","0","0","0","0","0","0","0","0","0","0","3","0","0","0","21","0","0","0","0","0","0","0","0","0","0","0","0","0","0","0","0","0","14"
"0x77856b7b3330","      ISETP.GT.U32.AND P2, PT, R13, R160, PT","6","0","6","65536","2097152","2097152","32","32","0","0","0","-","-","-","0","0","0","0","0","0","0","0","-","0","0","0","0","0","0","0","0","0","0","0","0","0","0","0","0","0","0","0","6","0","0","0","0","0","0","0","0","0","0","0","0","0","0","0","0","0","0","0","0","0","0"
"0x77856b7b3340","      ISETP.GT.AND.EX P2, PT, R12, R153, PT, P2","24","13","24","65536","2097152","2097152","32","32","0","0","0","-","-","-","0","0","0","0","0","0","0","0","-","0","0","0","0","0","0","0","0","0","0","0","0","0","6","0","0","0","0","4","2","0","0","0","12","0","0","0","0","0","0","0","6","0","0","0","0","0","0","0","0","0","7"
"0x77856b7b3350","      FSEL R125, R92, -INF , !P2","15","9","15","65536","2097152","2097152","32","32","0","0","0","-","-","-","0","0","0","0","0","0","0","0","-","0","0","0","0","0","0","0","0","0","0","0","0","0","3","0","0","0","0","1","1","0","0","0","10","0","0","0","0","0","0","0","3","0","0","0","0","0","0","0","0","0","6"
"0x77856b7b3360","      ISETP.GE.U32.AND P2, PT, R161, R160, PT","5","3","5","65536","2097152","2097152","32","32","0","0","0","-","-","-","0","0","0","0","0","0","0","0","-","0","0","0","0","0","0","0","0","0","0","0","0","0","0","0","0","0","0","0","2","0","0","0","3","0","0","0","0","0","0","0","0","0","0","0","0","0","0","0","0","0","3"
"0x77856b7b3370","      ISETP.GE.AND.EX P2, PT, R162, R153, PT, P2","24","6","24","65536","2097152","2097152","32","32","0","0","0","-","-","-","0","0","0","0","0","0","0","0","-","0","0","0","0","0","0","0","0","0","0","0","0","0","2","0","0","0","0","6","6","0","0","0","10","0","0","0","0","0","0","0","2","0","0","0","0","0","0","0","0","0","4"
"0x77856b7b3380","      FSEL R121, R89, -INF , !P2","23","9","23","65536","2097152","2097152","32","32","0","0","0","-","-","-","0","0","0","0","0","0","0","0","-","0","0","0","0","0","0","0","0","0","0","0","0","0","3","0","0","0","0","4","4","0","0","0","12","0","0","0","0","0","0","0","3","0","0","0","0","0","0","0","0","0","6"
"0x77856b7b3390","      ISETP.GT.U32.AND P2, PT, R161, R156, PT","10","6","10","65536","2097152","2097152","32","32","0","0","0","-","-","-","0","0","0","0","0","0","0","0","-","0","0","0","0","0","0","0","0","0","0","0","0","0","0","0","0","0","0","0","4","0","0","0","6","0","0","0","0","0","0","0","0","0","0","0","0","0","0","0","0","0","6"
"0x77856b7b33a0","      ISETP.GT.AND.EX P2, PT, R162, R152, PT, P2","38","20","38","65536","2097152","2097152","32","32","0","0","0","-","-","-","0","0","0","0","0","0","0","0","-","0","0","0","0","0","0","0","0","0","0","0","0","0","8","0","0","0","0","8","4","0","0","0","18","0","0","0","0","0","0","0","8","0","0","0","0","0","0","0","0","0","12"
"0x77856b7b33b0","      FSEL R93, R90, -INF , !P2","16","8","16","65536","2097152","2097152","32","32","0","0","0","-","-","-","0","0","0","0","0","0","0","0","-","0","0","0","0","0","0","0","0","0","0","0","0","0","2","0","0","0","0","1","4","0","0","0","9","0","0","0","0","0","0","0","2","0","0","0","0","0","0","0","0","0","6"
"0x77856b7b33c0","      ISETP.GE.U32.AND P2, PT, R161, R156, PT","11","5","11","65536","2097152","2097152","32","32","0","0","0","-","-","-","0","0","0","0","0","0","0","0","-","0","0","0","0","0","0","0","0","0","0","0","0","0","0","0","0","0","0","0","6","0","0","0","5","0","0","0","0","0","0","0","0","0","0","0","0","0","0","0","0","0","5"
"0x77856b7b33d0","      ISETP.GE.AND.EX P2, PT, R162, R152, PT, P2","25","11","25","65536","2097152","2097152","32","32","0","0","0","-","-","-","0","0","0","0","0","0","0","0","-","0","0","0","0","0","0","0","0","0","0","0","0","0","1","0","0","0","0","8","4","0","0","0","12","0","0","0","0","0","0","0","1","0","0","0","0","0","0","0","0","0","10"
"0x77856b7b33e0","      FSEL R95, R91, -INF , !P2","33","18","33","65536","2097152","2097152","32","32","0","0","0","-","-","-","0","0","0","0","0","0","0","0","-","0","0","0","0","0","0","0","0","0","0","0","0","0","8","0","0","0","0","6","6","0","0","0","13","0","0","0","0","0","0","0","8","0","0","0","0","0","0","0","0","0","10"
"0x77856b7b33f0","      ISETP.GE.U32.AND P2, PT, R161, UR22, PT","13","6","13","65536","2097152","2097152","32","32","0","0","0","-","-","-","0","0","0","0","0","0","0","0","-","0","0","0","0","0","0","0","0","0","0","0","0","0","0","0","0","0","0","0","7","0","0","0","6","0","0","0","0","0","0","0","0","0","0","0","0","0","0","0","0","0","6"
"0x77856b7b3400","      LOP3.LUT R161, R161, 0x30, RZ, 0xfc, !PT","11","5","11","65536","2097152","2097152","32","32","0","0","0","-","-","-","0","0","0","0","0","0","0","0","-","0","0","0","0","0","0","0","0","0","0","0","0","0","0","0","0","0","0","0","6","0","0","0","5","0","0","0","0","0","0","0","0","0","0","0","0","0","0","0","0","0","5"
"0x77856b7b3410","      ISETP.GE.AND.EX P2, PT, R162, UR25, PT, P2","6","1","6","65536","2097152","2097152","32","32","0","0","0","-","-","-","0","0","0","0","0","0","0","0","-","0","0","0","0","0","0","0","0","0","0","0","0","0","0","0","0","0","0","0","5","0","0","0","1","0","0","0","0","0","0","0","0","0","0","0","0","0","0","0","0","0","1"
"0x77856b7b3420","      ISETP.LE.AND.EX P3, PT, R162, R153, !P2, P3","28","14","28","65536","2097152","2097152","32","32","0","0","0","-","-","-","0","0","0","0","0","0","0","0","-","0","0","0","0","0","0","0","0","0","0","0","0","0","6","0","0","0","0","6","5","0","0","0","11","0","0","0","0","0","0","0","6","0","0","0","0","0","0","0","0","0","8"
"0x77856b7b3430","      FSEL R121, R121, -INF , !P2","10","6","10","65536","2097152","2097152","32","32","0","0","0","-","-","-","0","0","0","0","0","0","0","0","-","0","0","0","0","0","0","0","0","0","0","0","0","0","0","0","0","0","0","0","4","0","0","0","6","0","0","0","0","0","0","0","0","0","0","0","0","0","0","0","0","0","6"
"0x77856b7b3440","      FSEL R88, R88, -INF , P3","4","1","4","65536","2097152","2097152","32","32","0","0","0","-","-","-","0","0","0","0","0","0","0","0","-","0","0","0","0","0","0","0","0","0","0","0","0","0","0","0","0","0","0","0","3","0","0","0","1","0","0","0","0","0","0","0","0","0","0","0","0","0","0","0","0","0","1"
"0x77856b7b3450","      FSEL R109, R94, -INF , P3","6","1","6","65536","2097152","2097152","32","32","0","0","0","-","-","-","0","0","0","0","0","0","0","0","-","0","0","0","0","0","0","0","0","0","0","0","0","0","0","0","0","0","0","0","5","0","0","0","1","0","0","0","0","0","0","0","0","0","0","0","0","0","0","0","0","0","1"
"0x77856b7b3460","      ISETP.GT.U32.AND P3, PT, R161, R160, PT","8","3","8","65536","2097152","2097152","32","32","0","0","0","-","-","-","0","0","0","0","0","0","0","0","-","0","0","0","0","0","0","0","0","0","0","0","0","0","0","0","0","0","0","0","5","0","0","0","3","0","0","0","0","0","0","0","0","0","0","0","0","0","0","0","0","0","3"
"0x77856b7b3470","      FSEL R125, R125, -INF , !P2","8","0","8","65536","2097152","2097152","32","32","0","0","0","-","-","-","0","0","0","0","0","0","0","0","-","0","0","0","0","0","0","0","0","0","0","0","0","0","0","0","0","0","0","0","8","0","0","0","0","0","0","0","0","0","0","0","0","0","0","0","0","0","0","0","0","0","0"
"0x77856b7b3480","      ISETP.GT.AND.EX P3, PT, R162, R153, PT, P3","31","17","31","65536","2097152","2097152","32","32","0","0","0","-","-","-","0","0","0","0","0","0","0","0","-","0","0","0","0","0","0","0","0","0","0","0","0","0","13","0","0","0","0","10","4","0","0","0","4","0","0","0","0","0","0","0","13","0","0","0","0","0","0","0","0","0","4"
"0x77856b7b3490","      FSEL R123, R123, -INF , !P2","11","4","11","65536","2097152","2097152","32","32","0","0","0","-","-","-","0","0","0","0","0","0","0","0","-","0","0","0","0","0","0","0","0","0","0","0","0","0","0","0","0","0","0","0","7","0","0","0","4","0","0","0","0","0","0","0","0","0","0","0","0","0","0","0","0","0","4"
"0x77856b7b34a0","      FSEL R112, R112, -INF , !P3","10","2","10","65536","2097152","2097152","32","32","0","0","0","-","-","-","0","0","0","0","0","0","0","0","-","0","0","0","0","0","0","0","0","0","0","0","0","0","0","0","0","0","0","0","8","0","0","0","2","0","0","0","0","0","0","0","0","0","0","0","0","0","0","0","0","0","2"
"0x77856b7b34b0","      ISETP.GT.U32.AND P3, PT, R161, R156, PT","6","3","6","65536","2097152","2097152","32","32","0","0","0","-","-","-","0","0","0","0","0","0","0","0","-","0","0","0","0","0","0","0","0","0","0","0","0","0","0","0","0","0","0","0","3","0","0","0","3","0","0","0","0","0","0","0","0","0","0","0","0","0","0","0","0","0","3"
"0x77856b7b34c0","      ISETP.GT.AND.EX P3, PT, R162, R152, PT, P3","26","8","26","65536","2097152","2097152","32","32","0","0","0","-","-","-","0","0","0","0","0","0","0","0","-","0","0","0","0","0","0","0","0","0","0","0","0","0","0","0","0","0","0","8","6","0","0","0","12","0","0","0","0","0","0","0","0","0","0","0","0","0","0","0","0","0","8"
"0x77856b7b34d0","      FSEL R114, R114, -INF , !P3","28","10","28","65536","2097152","2097152","32","32","0","0","0","-","-","-","0","0","0","0","0","0","0","0","-","0","0","0","0","0","0","0","0","0","0","0","0","0","5","0","0","0","0","2","6","0","0","0","15","0","0","0","0","0","0","0","5","0","0","0","0","0","0","0","0","0","5"
"0x77856b7b34e0","      ISETP.GT.U32.AND P3, PT, R11, R160, PT","6","5","6","65536","2097152","2097152","32","32","0","0","0","-","-","-","0","0","0","0","0","0","0","0","-","0","0","0","0","0","0","0","0","0","0","0","0","0","0","0","0","0","0","0","1","0","0","0","5","0","0","0","0","0","0","0","0","0","0","0","0","0","0","0","0","0","5"
"0x77856b7b34f0","      ISETP.GT.AND.EX P3, PT, R10, R153, PT, P3","21","14","21","65536","2097152","2097152","32","32","0","0","0","-","-","-","0","0","0","0","0","0","0","0","-","0","0","0","0","0","0","0","0","0","0","0","0","0","1","0","0","0","0","0","5","0","0","0","15","0","0","0","0","0","0","0","1","0","0","0","0","0","0","0","0","0","13"
"0x77856b7b3500","      FSEL R94, R113, -INF , !P3","26","14","26","65536","2097152","2097152","32","32","0","0","0","-","-","-","0","0","0","0","0","0","0","0","-","0","0","0","0","0","0","0","0","0","0","0","0","0","3","0","0","0","0","8","1","0","0","0","14","0","0","0","0","0","0","0","3","0","0","0","0","0","0","0","0","0","11"
"0x77856b7b3510","      ISETP.GT.U32.AND P3, PT, R11, R156, PT","6","6","6","65536","2097152","2097152","32","32","0","0","0","-","-","-","0","0","0","0","0","0","0","0","-","0","0","0","0","0","0","0","0","0","0","0","0","0","0","0","0","0","0","0","0","0","0","0","6","0","0","0","0","0","0","0","0","0","0","0","0","0","0","0","0","0","6"
"0x77856b7b3520","      FSEL R113, R120, -INF , !P2","7","3","7","65536","2097152","2097152","32","32","0","0","0","-","-","-","0","0","0","0","0","0","0","0","-","0","0","0","0","0","0","0","0","0","0","0","0","0","0","0","0","0","0","0","4","0","0","0","3","0","0","0","0","0","0","0","0","0","0","0","0","0","0","0","0","0","3"
"0x77856b7b3530","      ISETP.GT.AND.EX P3, PT, R10, R152, PT, P3","6","1","6","65536","2097152","2097152","32","32","0","0","0","-","-","-","0","0","0","0","0","0","0","0","-","0","0","0","0","0","0","0","0","0","0","0","0","0","0","0","0","0","0","0","5","0","0","0","1","0","0","0","0","0","0","0","0","0","0","0","0","0","0","0","0","0","1"
"0x77856b7b3540","      FSEL R126, R115, -INF , !P3","32","17","32","65536","2097152","2097152","32","32","0","0","0","-","-","-","0","0","0","0","0","0","0","0","-","0","0","0","0","0","0","0","0","0","0","0","0","0","10","0","0","0","0","6","5","0","0","0","11","0","0","0","0","0","0","0","10","0","0","0","0","0","0","0","0","0","7"
"0x77856b7b3550","      ISETP.GT.U32.AND P3, PT, R9, R160, PT","7","3","7","65536","2097152","2097152","32","32","0","0","0","-","-","-","0","0","0","0","0","0","0","0","-","0","0","0","0","0","0","0","0","0","0","0","0","0","0","0","0","0","0","0","4","0","0","0","3","0","0","0","0","0","0","0","0","0","0","0","0","0","0","0","0","0","3"
"0x77856b7b3560","      ISETP.GT.AND.EX P3, PT, R8, R153, PT, P3","31","9","31","65536","2097152","2097152","32","32","0","0","0","-","-","-","0","0","0","0","0","0","0","0","-","0","0","0","0","0","0","0","0","0","0","0","0","0","7","0","0","0","0","9","7","0","0","0","8","0","0","0","0","0","0","0","6","0","0","0","0","0","0","0","0","0","3"
"0x77856b7b3570","      FSEL R116, R116, -INF , !P3","21","14","21","65536","2097152","2097152","32","32","0","0","0","-","-","-","0","0","0","0","0","0","0","0","-","0","0","0","0","0","0","0","0","0","0","0","0","0","0","0","0","0","0","1","3","0","0","0","17","0","0","0","0","0","0","0","0","0","0","0","0","0","0","0","0","0","14"
"0x77856b7b3580","      ISETP.GT.U32.AND P3, PT, R9, R156, PT","5","2","5","65536","2097152","2097152","32","32","0","0","0","-","-","-","0","0","0","0","0","0","0","0","-","0","0","0","0","0","0","0","0","0","0","0","0","0","0","0","0","0","0","0","3","0","0","0","2","0","0","0","0","0","0","0","0","0","0","0","0","0","0","0","0","0","2"
"0x77856b7b3590","      ISETP.GT.AND.EX P3, PT, R8, R152, PT, P3","27","18","27","65536","2097152","2097152","32","32","0","0","0","-","-","-","0","0","0","0","0","0","0","0","-","0","0","0","0","0","0","0","0","0","0","0","0","0","6","0","0","0","0","2","5","0","0","0","14","0","0","0","0","0","0","0","6","0","0","0","0","0","0","0","0","0","12"
"0x77856b7b35a0","      FSEL R118, R118, -INF , !P3","20","11","20","65536","2097152","2097152","32","32","0","0","0","-","-","-","0","0","0","0","0","0","0","0","-","0","0","0","0","0","0","0","0","0","0","0","0","0","2","0","0","0","0","2","2","0","0","0","14","0","0","0","0","0","0","0","2","0","0","0","0","0","0","0","0","0","9"
"0x77856b7b35b0","      ISETP.GT.U32.AND P3, PT, R7, R160, PT","8","5","8","65536","2097152","2097152","32","32","0","0","0","-","-","-","0","0","0","0","0","0","0","0","-","0","0","0","0","0","0","0","0","0","0","0","0","0","0","0","0","0","0","0","3","0","0","0","5","0","0","0","0","0","0","0","0","0","0","0","0","0","0","0","0","0","5"
"0x77856b7b35c0","      ISETP.GT.AND.EX P3, PT, R6, R153, PT, P3","21","14","21","65536","2097152","2097152","32","32","0","0","0","-","-","-","0","0","0","0","0","0","0","0","-","0","0","0","0","0","0","0","0","0","0","0","0","0","7","0","0","0","0","2","2","0","0","0","10","0","0","0","0","0","0","0","7","0","0","0","0","0","0","0","0","0","7"
"0x77856b7b35d0","      FSEL R117, R117, -INF , !P3","12","2","12","65536","2097152","2097152","32","32","0","0","0","-","-","-","0","0","0","0","0","0","0","0","-","0","0","0","0","0","0","0","0","0","0","0","0","0","1","0","0","0","0","0","6","0","0","0","5","0","0","0","0","0","0","0","0","0","0","0","0","0","0","0","0","0","2"
"0x77856b7b35e0","      ISETP.GT.U32.AND P3, PT, R7, R156, PT","15","8","15","65536","2097152","2097152","32","32","0","0","0","-","-","-","0","0","0","0","0","0","0","0","-","0","0","0","0","0","0","0","0","0","0","0","0","0","0","0","0","0","0","0","7","0","0","0","8","0","0","0","0","0","0","0","0","0","0","0","0","0","0","0","0","0","8"
"0x77856b7b35f0","      IMAD R7, R154, R140, R147","6","0","6","65536","2097152","2097152","32","32","0","0","0","-","-","-","0","0","0","0","0","0","0","0","-","0","0","0","0","0","0","0","0","0","0","0","0","0","0","0","0","0","0","0","6","0","0","0","0","0","0","0","0","0","0","0","0","0","0","0","0","0","0","0","0","0","0"
"0x77856b7b3600","      ISETP.GT.AND.EX P3, PT, R6, R152, PT, P3","14","4","14","65536","2097152","2097152","32","32","0","0","0","-","-","-","0","0","0","0","0","0","0","0","-","0","0","0","0","0","0","0","0","0","0","0","0","0","0","0","0","0","0","1","3","0","0","0","10","0","0","0","0","0","0","0","0","0","0","0","0","0","0","0","0","0","4"
"0x77856b7b3610","      FSEL R128, R119, -INF , !P3","29","14","29","65536","2097152","2097152","32","32","0","0","0","-","-","-","0","0","0","0","0","0","0","0","-","0","0","0","0","0","0","0","0","0","0","0","0","0","3","0","0","0","0","7","4","0","0","0","15","0","0","0","0","0","0","0","3","0","0","0","0","0","0","0","0","0","11"
"0x77856b7b3620","      LEA R12, P3, R7, R4, 0x1","4","1","4","65536","2097152","2097152","32","32","0","0","0","-","-","-","0","0","0","0","0","0","0","0","-","0","0","0","0","0","0","0","0","0","0","0","0","0","0","0","0","0","0","0","1","0","0","0","3","0","0","0","0","0","0","0","0","0","0","0","0","0","0","0","0","0","1"
"0x77856b7b3630","      LEA.HI.X.SX32 R13, R7, R5, 0x1, P3","19","7","19","65536","2097152","2097152","32","32","0","0","0","-","-","-","0","0","0","0","0","0","0","0","-","0","0","0","0","0","0","0","0","0","0","0","0","0","1","0","0","0","0","5","3","0","0","0","10","0","0","0","0","0","0","0","1","0","0","0","0","0","0","0","0","0","6"
"0x77856b7b3640","      IMAD R7, R155, R140, R147","5","0","5","65536","2097152","2097152","32","32","0","0","0","-","-","-","0","0","0","0","0","0","0","0","-","0","0","0","0","0","0","0","0","0","0","0","0","0","0","0","0","0","0","0","5","0","0","0","0","0","0","0","0","0","0","0","0","0","0","0","0","0","0","0","0","0","0"
"0x77856b7b3650","      LEA R8, P3, R7, R4, 0x1","28","14","28","65536","2097152","2097152","32","32","0","0","0","-","-","-","0","0","0","0","0","0","0","0","-","0","0","0","0","0","0","0","0","0","0","0","0","0","1","0","0","0","0","1","5","0","0","0","21","0","0","0","0","0","0","0","1","0","0","0","0","0","0","0","0","0","13"
"0x77856b7b3660","      LEA.HI.X.SX32 R9, R7, R5, 0x1, P3","15","4","15","65536","2097152","2097152","32","32","0","0","0","-","-","-","0","0","0","0","0","0","0","0","-","0","0","0","0","0","0","0","0","0","0","0","0","0","0","0","0","0","0","0","7","0","0","0","8","0","0","0","0","0","0","0","0","0","0","0","0","0","0","0","0","0","4"
"0x77856b7b3670","      IMAD R7, R157, R140, R147","4","0","4","65536","2097152","2097152","32","32","0","0","0","-","-","-","0","0","0","0","0","0","0","0","-","0","0","0","0","0","0","0","0","0","0","0","0","0","0","0","0","0","0","0","4","0","0","0","0","0","0","0","0","0","0","0","0","0","0","0","0","0","0","0","0","0","0"
"0x77856b7b3680","      LEA R10, P3, R7, R4, 0x1","41","22","41","65536","2097152","2097152","32","32","0","0","0","-","-","-","0","0","0","0","0","0","0","0","-","0","0","0","0","0","0","0","0","4","0","0","0","0","8","0","0","0","0","8","2","0","0","0","19","0","0","3","0","0","0","0","8","0","0","0","0","0","0","0","0","0","11"
"0x77856b7b3690","      LEA.HI.X.SX32 R11, R7, R5, 0x1, P3","26","15","26","65536","2097152","2097152","32","32","0","0","0","-","-","-","0","0","0","0","0","0","0","0","-","0","0","0","0","0","0","0","0","0","0","0","0","0","6","0","0","0","0","7","3","0","0","0","10","0","0","0","0","0","0","0","6","0","0","0","0","0","0","0","0","0","9"
"0x77856b7b36a0","      IMAD R7, R158, R140, R147","2","0","2","65536","2097152","2097152","32","32","0","0","0","-","-","-","0","0","0","0","0","0","0","0","-","0","0","0","0","0","0","0","0","0","0","0","0","0","0","0","0","0","0","0","2","0","0","0","0","0","0","0","0","0","0","0","0","0","0","0","0","0","0","0","0","0","0"
"0x77856b7b36b0","      IMAD R147, R140, 0x40, R147","8","1","8","65536","2097152","2097152","32","32","0","0","0","-","-","-","0","0","0","0","0","0","0","0","-","0","0","0","0","0","0","0","0","0","0","0","0","0","0","0","0","0","0","1","3","0","0","0","4","0","0","0","0","0","0","0","0","0","0","0","0","0","0","0","0","0","1"
"0x77856b7b36c0","      LEA R6, P3, R7, R4, 0x1","28","7","28","65536","2097152","2097152","32","32","0","0","0","-","-","-","0","0","0","0","0","0","0","0","-","0","0","0","0","0","0","0","0","0","0","0","0","0","6","0","0","0","0","8","5","0","0","0","9","0","0","0","0","0","0","0","5","0","0","0","0","0","0","0","0","0","2"
"0x77856b7b36d0","      LEA.HI.X.SX32 R7, R7, R5, 0x1, P3","20","13","20","65536","2097152","2097152","32","32","0","0","0","-","-","-","0","0","0","0","0","0","0","0","-","0","0","0","0","0","0","0","0","0","0","0","0","0","9","0","0","0","0","2","2","0","0","0","7","0","0","0","0","0","0","0","9","0","0","0","0","0","0","0","0","0","4"
"0x77856b7b36e0","      ISETP.GE.U32.AND P3, PT, R129, UR22, PT","6","3","6","65536","2097152","2097152","32","32","0","0","0","-","-","-","0","0","0","0","0","0","0","0","-","0","0","0","0","0","0","0","0","0","0","0","0","0","0","0","0","0","0","0","3","0","0","0","3","0","0","0","0","0","0","0","0","0","0","0","0","0","0","0","0","0","3"
"0x77856b7b36f0","      ISETP.GE.AND.EX P3, PT, R162, UR25, PT, P3","36","22","36","65536","2097152","2097152","32","32","0","0","0","-","-","-","0","0","0","0","0","0","0","0","-","0","0","0","0","0","0","0","0","0","0","0","0","0","14","0","0","0","0","4","2","0","0","0","16","0","0","0","0","0","0","0","11","0","0","0","0","0","0","0","0","0","11"
"0x77856b7b3700","      FSEL R133, R107, -INF , !P3","34","18","34","65536","2097152","2097152","32","32","0","0","0","-","-","-","0","0","0","0","0","0","0","0","-","0","0","0","0","0","0","0","0","0","0","0","0","0","10","0","0","0","0","11","0","0","0","0","13","0","0","0","0","0","0","0","10","0","0","0","0","0","0","0","0","0","8"
"0x77856b7b3710","      FSEL R175, R111, -INF , !P3","3","2","3","65536","2097152","2097152","32","32","0","0","0","-","-","-","0","0","0","0","0","0","0","0","-","0","0","0","0","0","0","0","0","0","0","0","0","0","0","0","0","0","0","0","1","0","0","0","2","0","0","0","0","0","0","0","0","0","0","0","0","0","0","0","0","0","2"
"0x77856b7b3720","      FSEL R107, R93, -INF , !P2","10","6","10","65536","2097152","2097152","32","32","0","0","0","-","-","-","0","0","0","0","0","0","0","0","-","0","0","0","0","0","0","0","0","0","0","0","0","0","0","0","0","0","0","0","4","0","0","0","6","0","0","0","0","0","0","0","0","0","0","0","0","0","0","0","0","0","6"
"0x77856b7b3730","      FSEL R111, R95, -INF , !P2","5","3","5","65536","2097152","2097152","32","32","0","0","0","-","-","-","0","0","0","0","0","0","0","0","-","0","0","0","0","0","0","0","0","0","0","0","0","0","0","0","0","0","0","0","2","0","0","0","3","0","0","0","0","0","0","0","0","0","0","0","0","0","0","0","0","0","3"
"0x77856b7b3740","      FSEL R89, R105, -INF , !P3","6","5","6","65536","2097152","2097152","32","32","0","0","0","-","-","-","0","0","0","0","0","0","0","0","-","0","0","0","0","0","0","0","0","0","0","0","0","0","0","0","0","0","0","0","1","0","0","0","5","0","0","0","0","0","0","0","0","0","0","0","0","0","0","0","0","0","5"
"0x77856b7b3750","      FSEL R90, R122, -INF , !P3","7","3","7","65536","2097152","2097152","32","32","0","0","0","-","-","-","0","0","0","0","0","0","0","0","-","0","0","0","0","0","0","0","0","0","0","0","0","0","0","0","0","0","0","0","4","0","0","0","3","0","0","0","0","0","0","0","0","0","0","0","0","0","0","0","0","0","3"
"0x77856b7b3760","      FSEL R131, R106, -INF , !P3","21","13","21","65536","2097152","2097152","32","32","0","0","0","-","-","-","0","0","0","0","0","0","0","0","-","0","0","0","0","0","0","0","0","0","0","0","0","0","9","0","0","0","0","2","6","0","0","0","4","0","0","0","0","0","0","0","9","0","0","0","0","0","0","0","0","0","4"
"0x77856b7b3770","      FSEL R91, R108, -INF , !P3","9","4","9","65536","2097152","2097152","32","32","0","0","0","-","-","-","0","0","0","0","0","0","0","0","-","0","0","0","0","0","0","0","0","0","0","0","0","0","0","0","0","0","0","0","5","0","0","0","4","0","0","0","0","0","0","0","0","0","0","0","0","0","0","0","0","0","4"
"0x77856b7b3780","      FSEL R92, R110, -INF , !P3","8","4","8","65536","2097152","2097152","32","32","0","0","0","-","-","-","0","0","0","0","0","0","0","0","-","0","0","0","0","0","0","0","0","0","0","0","0","0","0","0","0","0","0","0","4","0","0","0","4","0","0","0","0","0","0","0","0","0","0","0","0","0","0","0","0","0","4"
"0x77856b7b3790","      FSEL R135, R124, -INF , !P3","12","8","12","65536","2097152","2097152","32","32","0","0","0","-","-","-","0","0","0","0","0","0","0","0","-","0","0","0","0","0","0","0","0","0","0","0","0","0","0","0","0","0","0","0","4","0","0","0","8","0","0","0","0","0","0","0","0","0","0","0","0","0","0","0","0","0","8"
"0x77856b7b37a0","      ISETP.GE.U32.AND P3, PT, R127, UR22, PT","10","3","10","65536","2097152","2097152","32","32","0","0","0","-","-","-","0","0","0","0","0","0","0","0","-","0","0","0","0","0","0","0","0","0","0","0","0","0","0","0","0","0","0","0","7","0","0","0","3","0","0","0","0","0","0","0","0","0","0","0","0","0","0","0","0","0","3"
"0x77856b7b37b0","      FMNMX R108, R107, R111, !PT","3","1","3","65536","2097152","2097152","32","32","0","0","0","-","-","-","0","0","0","0","0","0","0","0","-","0","0","0","0","0","0","0","0","0","0","0","0","0","0","0","0","0","0","0","2","0","0","0","1","0","0","0","0","0","0","0","0","0","0","0","0","0","0","0","0","0","1"
"0x77856b7b37c0","      ISETP.GE.AND.EX P3, PT, R162, UR25, PT, P3","56","17","56","65536","2097152","2097152","32","32","0","0","0","-","-","-","0","0","0","0","0","0","0","0","-","0","0","0","0","0","0","0","0","0","0","0","0","0","18","0","0","0","0","31","3","0","0","0","4","0","0","0","0","0","0","0","13","0","0","0","0","0","0","0","0","0","4"
"0x77856b7b37d0","      FMNMX R108, R109, R108, !PT","8","2","8","65536","2097152","2097152","32","32","0","0","0","-","-","-","0","0","0","0","0","0","0","0","-","0","0","0","0","0","0","0","0","0","0","0","0","0","0","0","0","0","0","0","5","0","0","0","3","0","0","0","0","0","0","0","0","0","0","0","0","0","0","0","0","0","2"
"0x77856b7b37e0","      FSEL R115, R96, -INF , !P3","10","5","10","65536","2097152","2097152","32","32","0","0","0","-","-","-","0","0","0","0","0","0","0","0","-","0","0","0","0","0","0","0","0","0","0","0","0","0","0","0","0","0","0","0","5","0","0","0","5","0","0","0","0","0","0","0","0","0","0","0","0","0","0","0","0","0","5"
"0x77856b7b37f0","      VIADD R96, R150, UR4","4","0","4","65536","2097152","2097152","32","32","0","0","0","-","-","-","0","0","0","0","0","0","0","0","-","0","0","0","0","0","0","0","0","0","0","0","0","0","0","0","0","0","0","0","4","0","0","0","0","0","0","0","0","0","0","0","0","0","0","0","0","0","0","0","0","0","0"
"0x77856b7b3800","      FMNMX R108, R113, R108, !PT","5","0","5","65536","2097152","2097152","32","32","0","0","0","-","-","-","0","0","0","0","0","0","0","0","-","0","0","0","0","0","0","0","0","0","0","0","0","0","0","0","0","0","0","0","5","0","0","0","0","0","0","0","0","0","0","0","0","0","0","0","0","0","0","0","0","0","0"
"0x77856b7b3810","      FSEL R119, R99, -INF , !P3","9","3","9","65536","2097152","2097152","32","32","0","0","0","-","-","-","0","0","0","0","0","0","0","0","-","0","0","0","0","0","0","0","0","0","0","0","0","0","0","0","0","0","0","0","6","0","0","0","3","0","0","0","0","0","0","0","0","0","0","0","0","0","0","0","0","0","3"
"0x77856b7b3820","      VIADD R93, R96, 0xc0","3","0","3","65536","2097152","2097152","32","32","0","0","0","-","-","-","0","0","0","0","0","0","0","0","-","0","0","0","0","0","0","0","0","0","0","0","0","0","0","0","0","0","0","0","3","0","0","0","0","0","0","0","0","0","0","0","0","0","0","0","0","0","0","0","0","0","0"
"0x77856b7b3830","      FMNMX R108, R115, R108, !PT","3","0","3","65536","2097152","2097152","32","32","0","0","0","-","-","-","0","0","0","0","0","0","0","0","-","0","0","0","0","0","0","0","0","0","0","0","0","0","0","0","0","0","0","0","3","0","0","0","0","0","0","0","0","0","0","0","0","0","0","0","0","0","0","0","0","0","0"
"0x77856b7b3840","      VIADD R95, R96, 0xe0","1","0","1","65536","2097152","2097152","32","32","0","0","0","-","-","-","0","0","0","0","0","0","0","0","-","0","0","0","0","0","0","0","0","0","0","0","0","0","0","0","0","0","0","0","1","0","0","0","0","0","0","0","0","0","0","0","0","0","0","0","0","0","0","0","0","0","0"
"0x77856b7b3850","      FSEL R127, R102, -INF , !P3","2","0","2","65536","2097152","2097152","32","32","0","0","0","-","-","-","0","0","0","0","0","0","0","0","-","0","0","0","0","0","0","0","0","0","0","0","0","0","0","0","0","0","0","0","2","0","0","0","0","0","0","0","0","0","0","0","0","0","0","0","0","0","0","0","0","0","0"
"0x77856b7b3860","      FMNMX R108, R119, R108, !PT","41","15","41","65536","2097152","2097152","32","32","0","0","0","-","-","-","0","0","0","0","0","0","0","0","-","0","0","0","0","0","0","0","0","0","0","0","0","0","14","0","0","0","0","15","7","0","0","0","5","0","0","0","0","0","0","0","10","0","0","0","0","0","0","0","0","0","5"
"0x77856b7b3870","      FSEL R129, R103, -INF , !P3","9","2","9","65536","2097152","2097152","32","32","0","0","0","-","-","-","0","0","0","0","0","0","0","0","-","0","0","0","0","0","0","0","0","0","0","0","0","0","0","0","0","0","0","0","7","0","0","0","2","0","0","0","0","0","0","0","0","0","0","0","0","0","0","0","0","0","2"
"0x77856b7b3880","      FMNMX R108, R127, R108, !PT","9","6","9","65536","2097152","2097152","32","32","0","0","0","-","-","-","0","0","0","0","0","0","0","0","-","0","0","0","0","0","0","0","0","0","0","0","0","0","0","0","0","0","0","0","3","0","0","0","6","0","0","0","0","0","0","0","0","0","0","0","0","0","0","0","0","0","6"
"0x77856b7b3890","      IADD3 R102, P2, R18, UR4, RZ","7","3","7","65536","2097152","2097152","32","32","0","0","0","-","-","-","0","0","0","0","0","0","0","0","-","0","0","0","0","0","0","0","0","0","0","0","0","0","0","0","0","0","0","0","4","0","0","0","3","0","0","0","0","0","0","0","0","0","0","0","0","0","0","0","0","0","3"
"0x77856b7b38a0","      UIADD3 UR4, UP0, UR4, 0x40, URZ","5","0","5","65536","2097152","2097152","32","32","0","0","0","-","-","-","0","0","0","0","0","0","0","0","-","0","0","0","0","0","0","0","0","0","0","0","0","0","0","0","0","0","0","0","5","0","0","0","0","0","0","0","0","0","0","0","0","0","0","0","0","0","0","0","0","0","0"
"0x77856b7b38b0","      FMNMX R108, R129, R108, !PT","7","0","7","65536","2097152","2097152","32","32","0","0","0","-","-","-","0","0","0","0","0","0","0","0","-","0","0","0","0","0","0","0","0","0","0","0","0","0","0","0","0","0","0","0","7","0","0","0","0","0","0","0","0","0","0","0","0","0","0","0","0","0","0","0","0","0","0"
"0x77856b7b38c0","      FSEL R98, R104, -INF , !P3","5","3","5","65536","2097152","2097152","32","32","0","0","0","-","-","-","0","0","0","0","0","0","0","0","-","0","0","0","0","0","0","0","0","0","0","0","0","0","0","0","0","0","0","0","2","0","0","0","3","0","0","0","0","0","0","0","0","0","0","0","0","0","0","0","0","0","3"
"0x77856b7b38d0","      FMNMX R108, R131, R108, !PT","66","32","66","65536","2097152","2097152","32","32","0","0","0","-","-","-","0","0","0","0","0","0","0","0","-","0","0","0","0","0","0","0","0","0","0","0","0","0","30","0","0","0","0","29","4","0","0","0","3","0","0","0","0","0","0","0","29","0","0","0","0","0","0","0","0","0","3"
"0x77856b7b38e0","      IADD3.X R104, R173, UR5, RZ, P2, !PT","7","3","7","65536","2097152","2097152","32","32","0","0","0","-","-","-","0","0","0","0","0","0","0","0","-","0","0","0","0","0","0","0","0","0","0","0","0","0","0","0","0","0","0","0","4","0","0","0","3","0","0","0","0","0","0","0","0","0","0","0","0","0","0","0","0","0","3"
"0x77856b7b38f0","      UIADD3.X UR5, URZ, UR5, URZ, UP0, !UPT","1","0","1","65536","2097152","2097152","32","32","0","0","0","-","-","-","0","0","0","0","0","0","0","0","-","0","0","0","0","0","0","0","0","0","0","0","0","0","0","0","0","0","0","0","1","0","0","0","0","0","0","0","0","0","0","0","0","0","0","0","0","0","0","0","0","0","0"
"0x77856b7b3900","      ISETP.GE.U32.AND P2, PT, R161, UR22, PT","3","0","3","65536","2097152","2097152","32","32","0","0","0","-","-","-","0","0","0","0","0","0","0","0","-","0","0","0","0","0","0","0","0","0","0","0","0","0","0","0","0","0","0","0","3","0","0","0","0","0","0","0","0","0","0","0","0","0","0","0","0","0","0","0","0","0","0"
"0x77856b7b3910","      FMNMX R108, R133, R108, !PT","5","3","5","65536","2097152","2097152","32","32","0","0","0","-","-","-","0","0","0","0","0","0","0","0","-","0","0","0","0","0","0","0","0","0","0","0","0","0","0","0","0","0","0","0","2","0","0","0","3","0","0","0","0","0","0","0","0","0","0","0","0","0","0","0","0","0","3"
"0x77856b7b3920","      ISETP.GE.AND.EX P2, PT, R162, UR25, PT, P2","9","3","9","65536","2097152","2097152","32","32","0","0","0","-","-","-","0","0","0","0","0","0","0","0","-","0","0","0","0","0","0","0","0","0","0","0","0","0","0","0","0","0","0","0","6","0","0","0","3","0","0","0","0","0","0","0","0","0","0","0","0","0","0","0","0","0","3"
"0x77856b7b3930","      FMNMX R108, R135, R108, !PT","11","8","11","65536","2097152","2097152","32","32","0","0","0","-","-","-","0","0","0","0","0","0","0","0","-","0","0","0","0","0","0","0","0","0","0","0","0","0","0","0","0","0","0","0","3","0","0","0","8","0","0","0","0","0","0","0","0","0","0","0","0","0","0","0","0","0","8"
"0x77856b7b3940","      FSEL R177, R114, -INF , !P2","21","10","21","65536","2097152","2097152","32","32","0","0","0","-","-","-","0","0","0","0","0","0","0","0","-","0","0","0","0","0","0","0","0","0","0","0","0","0","3","0","0","0","0","8","3","0","0","0","7","0","0","0","0","0","0","0","3","0","0","0","0","0","0","0","0","0","7"
"0x77856b7b3950","      FMNMX R108, R175, R108, !PT","13","6","13","65536","2097152","2097152","32","32","0","0","0","-","-","-","0","0","0","0","0","0","0","0","-","0","0","0","0","0","0","0","0","0","0","0","0","0","2","0","0","0","0","1","5","0","0","0","5","0","0","0","0","0","0","0","2","0","0","0","0","0","0","0","0","0","4"
"0x77856b7b3960","      FSEL R179, R126, -INF , !P2","9","5","9","65536","2097152","2097152","32","32","0","0","0","-","-","-","0","0","0","0","0","0","0","0","-","0","0","0","0","0","0","0","0","0","0","0","0","0","0","0","0","0","0","0","4","0","0","0","5","0","0","0","0","0","0","0","0","0","0","0","0","0","0","0","0","0","5"
"0x77856b7b3970","      FMNMX R108, R177, R108, !PT","8","4","8","65536","2097152","2097152","32","32","0","0","0","-","-","-","0","0","0","0","0","0","0","0","-","0","0","0","0","0","0","0","0","0","0","0","0","0","0","0","0","0","0","0","4","0","0","0","4","0","0","0","0","0","0","0","0","0","0","0","0","0","0","0","0","0","4"
"0x77856b7b3980","      FSEL R181, R118, -INF , !P2","7","2","7","65536","2097152","2097152","32","32","0","0","0","-","-","-","0","0","0","0","0","0","0","0","-","0","0","0","0","0","0","0","0","0","0","0","0","0","0","0","0","0","0","0","5","0","0","0","2","0","0","0","0","0","0","0","0","0","0","0","0","0","0","0","0","0","2"
"0x77856b7b3990","      FMNMX R108, R179, R108, !PT","7","5","7","65536","2097152","2097152","32","32","0","0","0","-","-","-","0","0","0","0","0","0","0","0","-","0","0","0","0","0","0","0","0","0","0","0","0","0","0","0","0","0","0","0","2","0","0","0","5","0","0","0","0","0","0","0","0","0","0","0","0","0","0","0","0","0","5"
"0x77856b7b39a0","      FSEL R183, R128, -INF , !P2","72","36","72","65536","2097152","2097152","32","32","0","0","0","-","-","-","0","0","0","0","0","0","0","0","-","0","0","0","0","0","0","0","0","0","0","0","0","0","37","0","0","0","0","32","2","0","0","0","1","0","0","0","0","0","0","0","35","0","0","0","0","0","0","0","0","0","1"
"0x77856b7b39b0","      FMNMX R108, R181, R108, !PT","18","4","18","65536","2097152","2097152","32","32","0","0","0","-","-","-","0","0","0","0","0","0","0","0","-","0","0","0","0","0","0","0","0","0","0","0","0","0","2","0","0","0","0","8","2","0","0","0","6","0","0","0","0","0","0","0","1","0","0","0","0","0","0","0","0","0","3"
"0x77856b7b39c0","      FSEL R106, R117, -INF , !P2","5","2","5","65536","2097152","2097152","32","32","0","0","0","-","-","-","0","0","0","0","0","0","0","0","-","0","0","0","0","0","0","0","0","0","0","0","0","0","0","0","0","0","0","0","3","0","0","0","2","0","0","0","0","0","0","0","0","0","0","0","0","0","0","0","0","0","2"
"0x77856b7b39d0","      FMNMX R110, R183, R108, !PT","5","2","5","65536","2097152","2097152","32","32","0","0","0","-","-","-","0","0","0","0","0","0","0","0","-","0","0","0","0","0","0","0","0","0","0","0","0","0","0","0","0","0","0","0","3","0","0","0","2","0","0","0","0","0","0","0","0","0","0","0","0","0","0","0","0","0","2"
"0x77856b7b39e0","      FSEL R99, R100, -INF , !P3","9","4","9","65536","2097152","2097152","32","32","0","0","0","-","-","-","0","0","0","0","0","0","0","0","-","0","0","0","0","0","0","0","0","0","0","0","0","0","0","0","0","0","0","0","5","0","0","0","4","0","0","0","0","0","0","0","0","0","0","0","0","0","0","0","0","0","4"
"0x77856b7b39f0","      FSEL R100, R101, -INF , !P3","8","2","8","65536","2097152","2097152","32","32","0","0","0","-","-","-","0","0","0","0","0","0","0","0","-","0","0","0","0","0","0","0","0","0","0","0","0","0","0","0","0","0","0","0","6","0","0","0","2","0","0","0","0","0","0","0","0","0","0","0","0","0","0","0","0","0","2"
"0x77856b7b3a00","      SHFL.BFLY PT, R117, R110, 0x2, 0x1f","6","0","6","65536","2097152","2097152","32","32","0","0","0","-","-","-","0","0","0","0","0","0","0","0","-","0","0","0","0","0","0","0","0","0","0","0","0","0","0","0","0","0","0","0","6","0","0","0","0","0","0","0","0","0","0","0","0","0","0","0","0","0","0","0","0","0","0"
"0x77856b7b3a10","      FSEL R101, R112, -INF , !P2","6","0","6","65536","2097152","2097152","32","32","0","0","0","-","-","-","0","0","0","0","0","0","0","0","-","0","0","0","0","0","0","0","0","0","0","0","0","0","0","0","0","0","0","0","6","0","0","0","0","0","0","0","0","0","0","0","0","0","0","0","0","0","0","0","0","0","0"
"0x77856b7b3a20","      FMNMX R108, R88, R121, !PT","46","21","46","65536","2097152","2097152","32","32","0","0","0","-","-","-","0","0","0","0","0","0","0","0","-","0","0","0","0","0","0","0","0","0","0","0","0","0","19","0","0","0","0","18","4","0","0","0","5","0","0","0","0","0","0","0","16","0","0","0","0","0","0","0","0","0","5"
"0x77856b7b3a30","      FSEL R97, R97, -INF , !P3","15","4","15","65536","2097152","2097152","32","32","0","0","0","-","-","-","0","0","0","0","0","0","0","0","-","0","0","0","0","0","0","0","0","0","0","0","0","0","6","0","0","0","0","2","4","0","0","0","3","0","0","0","0","0","0","0","1","0","0","0","0","0","0","0","0","0","3"
"0x77856b7b3a40","      FMNMX R108, R125, R108, !PT","6","4","6","65536","2097152","2097152","32","32","0","0","0","-","-","-","0","0","0","0","0","0","0","0","-","0","0","0","0","0","0","0","0","0","0","0","0","0","0","0","0","0","0","0","2","0","0","0","4","0","0","0","0","0","0","0","0","0","0","0","0","0","0","0","0","0","4"
"0x77856b7b3a50","      FSEL R103, R94, -INF , !P2","7","3","7","65536","2097152","2097152","32","32","0","0","0","-","-","-","0","0","0","0","0","0","0","0","-","0","0","0","0","0","0","0","0","0","0","0","0","0","0","0","0","0","0","0","4","0","0","0","3","0","0","0","0","0","0","0","0","0","0","0","0","0","0","0","0","0","3"
"0x77856b7b3a60","      VIADD R94, R96, 0xd0","5","0","5","65536","2097152","2097152","32","32","0","0","0","-","-","-","0","0","0","0","0","0","0","0","-","0","0","0","0","0","0","0","0","0","0","0","0","0","0","0","0","0","0","0","5","0","0","0","0","0","0","0","0","0","0","0","0","0","0","0","0","0","0","0","0","0","0"
"0x77856b7b3a70","      FMNMX R108, R123, R108, !PT","4","0","4","65536","2097152","2097152","32","32","0","0","0","-","-","-","0","0","0","0","0","0","0","0","-","0","0","0","0","0","0","0","0","0","0","0","0","0","0","0","0","0","0","0","4","0","0","0","0","0","0","0","0","0","0","0","0","0","0","0","0","0","0","0","0","0","0"
"0x77856b7b3a80","      VIADD R96, R96, 0xf0","3","0","3","65536","2097152","2097152","32","32","0","0","0","-","-","-","0","0","0","0","0","0","0","0","-","0","0","0","0","0","0","0","0","0","0","0","0","0","0","0","0","0","0","0","3","0","0","0","0","0","0","0","0","0","0","0","0","0","0","0","0","0","0","0","0","0","0"
"0x77856b7b3a90","      FSEL R105, R116, -INF , !P2","3","0","3","65536","2097152","2097152","32","32","0","0","0","-","-","-","0","0","0","0","0","0","0","0","-","0","0","0","0","0","0","0","0","0","0","0","0","0","0","0","0","0","0","0","3","0","0","0","0","0","0","0","0","0","0","0","0","0","0","0","0","0","0","0","0","0","0"
"0x77856b7b3aa0","      ISETP.GE.U32.AND P5, PT, R102, R149, PT","50","24","50","65536","2097152","2097152","32","32","0","0","0","-","-","-","0","0","0","0","0","0","0","0","-","0","0","0","0","0","0","0","0","0","0","0","0","0","22","0","0","0","0","18","2","0","0","0","8","0","0","0","0","0","0","0","16","0","0","0","0","0","0","0","0","0","8"
"0x77856b7b3ab0","      ISETP.GE.AND P2, PT, R93, UR22, PT","14","6","14","65536","2097152","2097152","32","32","0","0","0","-","-","-","0","0","0","0","0","0","0","0","-","0","0","0","0","0","0","0","0","0","0","0","0","0","1","0","0","0","0","4","4","0","0","0","5","0","0","0","0","0","0","0","1","0","0","0","0","0","0","0","0","0","5"
"0x77856b7b3ac0","      ISETP.GE.AND.EX P5, PT, R104, R159, PT, P5","11","5","11","65536","2097152","2097152","32","32","0","0","0","-","-","-","0","0","0","0","0","0","0","0","-","0","0","0","0","0","0","0","0","0","0","0","0","0","0","0","0","0","0","0","6","0","0","0","5","0","0","0","0","0","0","0","0","0","0","0","0","0","0","0","0","0","5"
"0x77856b7b3ad0","      SEL R93, RZ, 0x10, P2","16","9","16","65536","2097152","2097152","32","32","0","0","0","-","-","-","0","0","0","0","0","0","0","0","-","0","0","0","0","0","0","0","0","0","0","0","0","0","0","0","0","0","0","0","7","0","0","0","9","0","0","0","0","0","0","0","0","0","0","0","0","0","0","0","0","0","9"
"0x77856b7b3ae0","      ISETP.GE.AND P2, PT, R94, UR22, PT","5","3","5","65536","2097152","2097152","32","32","0","0","0","-","-","-","0","0","0","0","0","0","0","0","-","0","0","0","0","0","0","0","0","0","0","0","0","0","0","0","0","0","0","0","2","0","0","0","3","0","0","0","0","0","0","0","0","0","0","0","0","0","0","0","0","0","3"
"0x77856b7b3af0","      FMNMX R112, R110, R117, !PT","8","4","8","65536","2097152","2097152","32","32","0","0","0","-","-","-","0","0","0","0","0","0","0","0","-","0","0","0","0","0","0","0","0","0","0","0","0","0","0","0","0","0","0","0","4","0","0","0","4","0","0","0","0","0","0","0","0","0","0","0","0","0","0","0","0","0","4"
"0x77856b7b3b00","      SEL R94, RZ, 0x10, P2","28","16","28","65536","2097152","2097152","32","32","0","0","0","-","-","-","0","0","0","0","0","0","0","0","-","0","0","0","0","0","0","0","0","0","0","0","0","0","15","0","0","0","0","8","3","0","0","0","2","0","0","0","0","0","0","0","14","0","0","0","0","0","0","0","0","0","2"
"0x77856b7b3b10","      ISETP.GE.AND P2, PT, R95, UR22, PT","13","5","13","65536","2097152","2097152","32","32","0","0","0","-","-","-","0","0","0","0","0","0","0","0","-","0","0","0","0","0","0","0","0","0","0","0","0","0","2","0","0","0","0","3","2","0","0","0","6","0","0","0","0","0","0","0","0","0","0","0","0","0","0","0","0","0","5"
"0x77856b7b3b20","      SHFL.BFLY PT, R117, R112, 0x1, 0x1f","4","0","4","65536","2097152","2097152","32","32","0","0","0","-","-","-","0","0","0","0","0","0","0","0","-","0","0","0","0","0","0","0","0","0","0","0","0","0","0","0","0","0","0","0","4","0","0","0","0","0","0","0","0","0","0","0","0","0","0","0","0","0","0","0","0","0","0"
"0x77856b7b3b30","      SEL R94, R94, RZ, !P5","4","0","4","65536","2097152","2097152","32","32","0","0","0","-","-","-","0","0","0","0","0","0","0","0","-","0","0","0","0","0","0","0","0","0","0","0","0","0","0","0","0","0","0","0","4","0","0","0","0","0","0","0","0","0","0","0","0","0","0","0","0","0","0","0","0","0","0"
"0x77856b7b3b40","      SEL R95, RZ, 0x10, P2","12","2","12","65536","2097152","2097152","32","32","0","0","0","-","-","-","0","0","0","0","0","0","0","0","-","0","0","0","0","0","0","0","0","0","0","0","0","0","0","0","0","0","0","2","7","0","0","0","3","0","0","0","0","0","0","0","0","0","0","0","0","0","0","0","0","0","2"
"0x77856b7b3b50","      ISETP.GE.AND P2, PT, R96, UR22, PT","10","7","10","65536","2097152","2097152","32","32","0","0","0","-","-","-","0","0","0","0","0","0","0","0","-","0","0","0","0","0","0","0","0","0","0","0","0","0","0","0","0","0","0","0","3","0","0","0","7","0","0","0","0","0","0","0","0","0","0","0","0","0","0","0","0","0","7"
"0x77856b7b3b60","      SEL R95, R95, RZ, !P5","9","5","9","65536","2097152","2097152","32","32","0","0","0","-","-","-","0","0","0","0","0","0","0","0","-","0","0","0","0","0","0","0","0","0","0","0","0","0","0","0","0","0","0","0","4","0","0","0","5","0","0","0","0","0","0","0","0","0","0","0","0","0","0","0","0","0","5"
"0x77856b7b3b70","      SEL R96, RZ, 0x10, P2","42","14","42","65536","2097152","2097152","32","32","0","0","0","-","-","-","0","0","0","0","0","0","0","0","-","0","0","0","0","0","0","0","0","0","0","0","0","0","14","0","0","0","0","21","5","0","0","0","2","0","0","0","0","0","0","0","12","0","0","0","0","0","0","0","0","0","2"
"0x77856b7b3b80","      ISETP.NE.U32.AND P3, PT, R94, RZ, PT","10","5","10","65536","2097152","2097152","32","32","0","0","0","-","-","-","0","0","0","0","0","0","0","0","-","0","0","0","0","0","0","0","0","0","0","0","0","0","0","0","0","0","0","1","3","0","0","0","6","0","0","0","0","0","0","0","0","0","0","0","0","0","0","0","0","0","5"
"0x77856b7b3b90","      SEL R96, R96, RZ, !P5","4","1","4","65536","2097152","2097152","32","32","0","0","0","-","-","-","0","0","0","0","0","0","0","0","-","0","0","0","0","0","0","0","0","0","0","0","0","0","0","0","0","0","0","0","3","0","0","0","1","0","0","0","0","0","0","0","0","0","0","0","0","0","0","0","0","0","1"
"0x77856b7b3ba0","      ISETP.NE.U32.AND P4, PT, R95, RZ, PT","5","2","5","65536","2097152","2097152","32","32","0","0","0","-","-","-","0","0","0","0","0","0","0","0","-","0","0","0","0","0","0","0","0","0","0","0","0","0","0","0","0","0","0","0","3","0","0","0","2","0","0","0","0","0","0","0","0","0","0","0","0","0","0","0","0","0","2"
"0x77856b7b3bb0","      FMNMX R114, R112, R117, !PT","22","16","22","65536","2097152","2097152","32","32","0","0","0","-","-","-","0","0","0","0","0","0","0","0","-","0","0","0","0","0","0","0","0","0","0","0","0","0","3","0","0","0","0","1","3","7","0","0","8","0","0","0","0","0","0","0","2","0","0","0","0","0","0","7","0","0","7"
"0x77856b7b3bc0","      FMNMX R117, R97, R108, !PT","9","6","9","65536","2097152","2097152","32","32","0","0","0","-","-","-","0","0","0","0","0","0","0","0","-","0","0","0","0","0","0","0","0","0","0","0","0","0","0","0","0","0","0","0","3","0","0","0","6","0","0","0","0","0","0","0","0","0","0","0","0","0","0","0","0","0","6"
"0x77856b7b3bd0","      FMUL R114, R114, UR26","11","3","11","65536","2097152","2097152","32","32","0","0","0","-","-","-","0","0","0","0","0","0","0","0","-","0","0","0","0","0","0","0","0","0","0","0","0","0","0","0","0","0","0","1","6","0","0","0","4","0","0","0","0","0","0","0","0","0","0","0","0","0","0","0","0","0","3"
"0x77856b7b3be0","      FMNMX R108, R98, R117, !PT","4","0","4","65536","2097152","2097152","32","32","0","0","0","-","-","-","0","0","0","0","0","0","0","0","-","0","0","0","0","0","0","0","0","0","0","0","0","0","0","0","0","0","0","0","4","0","0","0","0","0","0","0","0","0","0","0","0","0","0","0","0","0","0","0","0","0","0"
"0x77856b7b3bf0","      FMNMX R117, R99, R108, !PT","32","15","32","65536","2097152","2097152","32","32","0","0","0","-","-","-","0","0","0","0","0","0","0","0","-","0","0","0","0","0","0","0","0","0","0","0","0","0","10","0","0","0","0","8","2","0","0","0","12","0","0","0","0","0","0","0","8","0","0","0","0","0","0","0","0","0","7"
"0x77856b7b3c00","      FMNMX R108, R114, R143, !PT","18","3","18","65536","2097152","2097152","32","32","0","0","0","-","-","-","0","0","0","0","0","0","0","0","-","0","0","0","0","0","0","0","0","0","0","0","0","0","2","0","0","0","0","9","2","0","0","0","5","0","0","0","0","0","0","0","0","0","0","0","0","0","0","0","0","0","3"
"0x77856b7b3c10","      FMNMX R110, R100, R117, !PT","11","7","11","65536","2097152","2097152","32","32","0","0","0","-","-","-","0","0","0","0","0","0","0","0","-","0","0","0","0","0","0","0","0","0","0","0","0","0","0","0","0","0","0","0","4","0","0","0","7","0","0","0","0","0","0","0","0","0","0","0","0","0","0","0","0","0","7"
"0x77856b7b3c20","      FFMA R114, R111, UR26, -R108","20","7","20","65536","2097152","2097152","32","32","0","0","0","-","-","-","0","0","0","0","0","0","0","0","-","0","0","0","0","0","0","0","0","0","0","0","0","0","0","0","0","0","0","0","6","0","0","0","14","0","0","0","0","0","0","0","0","0","0","0","0","0","0","0","0","0","7"
"0x77856b7b3c30","      FMNMX R117, R89, R110, !PT","3","0","3","65536","2097152","2097152","32","32","0","0","0","-","-","-","0","0","0","0","0","0","0","0","-","0","0","0","0","0","0","0","0","0","0","0","0","0","0","0","0","0","0","0","3","0","0","0","0","0","0","0","0","0","0","0","0","0","0","0","0","0","0","0","0","0","0"
"0x77856b7b3c40","      FFMA R113, R113, UR26, -R108","6","0","6","65536","2097152","2097152","32","32","0","0","0","-","-","-","0","0","0","0","0","0","0","0","-","0","0","0","0","0","0","0","0","0","0","0","0","0","0","0","0","0","0","0","6","0","0","0","0","0","0","0","0","0","0","0","0","0","0","0","0","0","0","0","0","0","0"
"0x77856b7b3c50","      FFMA R162, R119, UR26, -R108","6","0","6","65536","2097152","2097152","32","32","0","0","0","-","-","-","0","0","0","0","0","0","0","0","-","0","0","0","0","0","0","0","0","0","0","0","0","0","0","0","0","0","0","0","6","0","0","0","0","0","0","0","0","0","0","0","0","0","0","0","0","0","0","0","0","0","0"
"0x77856b7b3c60","      FFMA R107, R107, UR26, -R108","5","0","5","65536","2097152","2097152","32","32","0","0","0","-","-","-","0","0","0","0","0","0","0","0","-","0","0","0","0","0","0","0","0","0","0","0","0","0","0","0","0","0","0","0","5","0","0","0","0","0","0","0","0","0","0","0","0","0","0","0","0","0","0","0","0","0","0"
"0x77856b7b3c70","      FMNMX R110, R90, R117, !PT","6","0","6","65536","2097152","2097152","32","32","0","0","0","-","-","-","0","0","0","0","0","0","0","0","-","0","0","0","0","0","0","0","0","0","0","0","0","0","0","0","0","0","0","0","6","0","0","0","0","0","0","0","0","0","0","0","0","0","0","0","0","0","0","0","0","0","0"
"0x77856b7b3c80","      FFMA R117, R115, UR26, -R108","1","0","1","65536","2097152","2097152","32","32","0","0","0","-","-","-","0","0","0","0","0","0","0","0","-","0","0","0","0","0","0","0","0","0","0","0","0","0","0","0","0","0","0","0","1","0","0","0","0","0","0","0","0","0","0","0","0","0","0","0","0","0","0","0","0","0","0"
"0x77856b7b3c90","      FFMA R109, R109, UR26, -R108","2","0","2","65536","2097152","2097152","32","32","0","0","0","-","-","-","0","0","0","0","0","0","0","0","-","0","0","0","0","0","0","0","0","0","0","0","0","0","0","0","0","0","0","0","2","0","0","0","0","0","0","0","0","0","0","0","0","0","0","0","0","0","0","0","0","0","0"
"0x77856b7b3ca0","      FFMA R161, R127, UR26, -R108","2","0","2","65536","2097152","2097152","32","32","0","0","0","-","-","-","0","0","0","0","0","0","0","0","-","0","0","0","0","0","0","0","0","0","0","0","0","0","0","0","0","0","0","0","2","0","0","0","0","0","0","0","0","0","0","0","0","0","0","0","0","0","0","0","0","0","0"
"0x77856b7b3cb0","      FMNMX R111, R91, R110, !PT","4","0","4","65536","2097152","2097152","32","32","0","0","0","-","-","-","0","0","0","0","0","0","0","0","-","0","0","0","0","0","0","0","0","0","0","0","0","0","0","0","0","0","0","0","4","0","0","0","0","0","0","0","0","0","0","0","0","0","0","0","0","0","0","0","0","0","0"
"0x77856b7b3cc0","      FFMA R174, R129, UR26, -R108","3","0","3","65536","2097152","2097152","32","32","0","0","0","-","-","-","0","0","0","0","0","0","0","0","-","0","0","0","0","0","0","0","0","0","0","0","0","0","0","0","0","0","0","0","3","0","0","0","0","0","0","0","0","0","0","0","0","0","0","0","0","0","0","0","0","0","0"
"0x77856b7b3cd0","      MUFU.EX2 R110, R114","3","0","3","65536","2097152","2097152","32","32","0","0","0","-","-","-","0","0","0","0","0","0","0","0","-","0","0","0","0","0","0","0","0","0","0","0","0","0","0","0","0","0","0","0","3","0","0","0","0","0","0","0","0","0","0","0","0","0","0","0","0","0","0","0","0","0","0"
"0x77856b7b3ce0","      FFMA R163, R131, UR26, -R108","5","0","5","65536","2097152","2097152","32","32","0","0","0","-","-","-","0","0","0","0","0","0","0","0","-","0","0","0","0","0","0","0","0","1","0","0","0","0","0","0","0","0","0","0","4","0","0","0","0","0","0","0","0","0","0","0","0","0","0","0","0","0","0","0","0","0","0"
"0x77856b7b3cf0","      FMNMX R112, R92, R111, !PT","7","0","7","65536","2097152","2097152","32","32","0","0","0","-","-","-","0","0","0","0","0","0","0","0","-","0","0","0","0","0","0","0","0","0","0","0","0","0","0","0","0","0","0","0","7","0","0","0","0","0","0","0","0","0","0","0","0","0","0","0","0","0","0","0","0","0","0"
"0x77856b7b3d00","      FFMA R176, R133, UR26, -R108","5","0","5","65536","2097152","2097152","32","32","0","0","0","-","-","-","0","0","0","0","0","0","0","0","-","0","0","0","0","0","0","0","0","0","0","0","0","0","0","0","0","0","0","0","5","0","0","0","0","0","0","0","0","0","0","0","0","0","0","0","0","0","0","0","0","0","0"
"0x77856b7b3d10","      FFMA R116, R179, UR26, -R108","6","0","6","65536","2097152","2097152","32","32","0","0","0","-","-","-","0","0","0","0","0","0","0","0","-","0","0","0","0","0","0","0","0","0","0","0","0","0","0","0","0","0","0","0","6","0","0","0","0","0","0","0","0","0","0","0","0","0","0","0","0","0","0","0","0","0","0"
"0x77856b7b3d20","      FFMA R119, R181, UR26, -R108","1","0","1","65536","2097152","2097152","32","32","0","0","0","-","-","-","0","0","0","0","0","0","0","0","-","0","0","0","0","0","0","0","0","0","0","0","0","0","0","0","0","0","0","0","1","0","0","0","0","0","0","0","0","0","0","0","0","0","0","0","0","0","0","0","0","0","0"
"0x77856b7b3d30","      FMNMX R112, R101, R112, !PT","3","0","3","65536","2097152","2097152","32","32","0","0","0","-","-","-","0","0","0","0","0","0","0","0","-","0","0","0","0","0","0","0","0","0","0","0","0","0","0","0","0","0","0","0","3","0","0","0","0","0","0","0","0","0","0","0","0","0","0","0","0","0","0","0","0","0","0"
"0x77856b7b3d40","      FFMA R172, R183, UR26, -R108","1","0","1","65536","2097152","2097152","32","32","0","0","0","-","-","-","0","0","0","0","0","0","0","0","-","0","0","0","0","0","0","0","0","0","0","0","0","0","0","0","0","0","0","0","1","0","0","0","0","0","0","0","0","0","0","0","0","0","0","0","0","0","0","0","0","0","0"
"0x77856b7b3d50","      MUFU.EX2 R107, R107","5","0","5","65536","2097152","2097152","32","32","0","0","0","-","-","-","0","0","0","0","0","0","0","0","-","0","0","0","0","0","0","0","0","0","0","0","0","0","0","0","0","0","0","0","5","0","0","0","0","0","0","0","0","0","0","0","0","0","0","0","0","0","0","0","0","0","0"
"0x77856b7b3d60","      FMNMX R112, R103, R112, !PT","26","10","26","65536","2097152","2097152","32","32","0","0","0","-","-","-","0","0","0","0","0","0","0","0","-","0","0","0","0","0","0","0","0","0","0","0","0","0","11","0","0","0","0","7","3","0","0","0","5","0","0","0","0","0","0","0","8","0","0","0","0","0","0","0","0","0","2"
"0x77856b7b3d70","      FMNMX R111, R105, R112, !PT","32","12","32","65536","2097152","2097152","32","32","0","0","0","-","-","-","0","0","0","0","0","0","0","0","-","0","0","0","0","0","0","0","0","0","0","0","0","0","9","0","0","0","0","13","3","0","0","0","7","0","0","0","0","0","0","0","9","0","0","0","0","0","0","0","0","0","3"
"0x77856b7b3d80","      MUFU.EX2 R112, R113","49","36","49","65536","2097152","2097152","32","32","0","0","0","-","-","-","0","0","0","0","0","0","0","0","-","0","0","0","0","0","0","0","0","0","0","0","0","0","0","0","40","0","0","3","3","0","0","0","3","0","0","0","0","0","0","0","0","0","33","0","0","0","0","0","0","0","3"
"0x77856b7b3d90","      FMNMX R111, R106, R111, !PT","18","8","18","65536","2097152","2097152","32","32","0","0","0","-","-","-","0","0","0","0","0","0","0","0","-","0","0","0","0","0","0","0","0","0","0","0","0","0","7","0","0","0","0","3","4","0","0","0","4","0","0","0","0","0","0","0","7","0","0","0","0","0","0","0","0","0","1"
"0x77856b7b3da0","      SHFL.BFLY PT, R114, R111, 0x2, 0x1f","25","14","25","65536","2097152","2097152","32","32","0","0","0","-","-","-","0","0","0","0","0","0","0","0","-","0","0","0","0","0","0","0","0","0","0","0","0","0","0","0","0","0","0","3","3","0","0","0","19","0","0","0","0","0","0","0","0","0","0","0","0","0","0","0","0","0","14"
"0x77856b7b3db0","      MUFU.EX2 R109, R109","8","3","8","65536","2097152","2097152","32","32","0","0","0","-","-","-","0","0","0","0","0","0","0","0","-","0","0","0","0","0","0","0","0","0","0","0","0","0","0","0","5","0","0","1","2","0","0","0","0","0","0","0","0","0","0","0","0","0","3","0","0","0","0","0","0","0","0"
"0x77856b7b3dc0","      FFMA R113, R177, UR26, -R108","23","15","23","65536","2097152","2097152","32","32","0","0","0","-","-","-","0","0","0","0","0","0","0","0","-","0","0","0","0","0","0","0","0","0","0","0","0","0","0","0","0","0","0","1","5","17","0","0","0","0","0","0","0","0","0","0","0","0","0","0","0","0","0","15","0","0","0"
"0x77856b7b3dd0","      MUFU.EX2 R117, R117","53","35","53","65536","2097152","2097152","32","32","0","0","0","-","-","-","0","0","0","0","0","0","0","0","-","0","0","0","0","0","0","0","0","0","0","0","0","0","0","0","14","0","0","4","4","0","0","0","31","0","0","0","0","0","0","0","0","0","10","0","0","0","0","0","0","0","25"
"0x77856b7b3de0","      MUFU.EX2 R162, R162","47","24","47","65536","2097152","2097152","32","32","0","0","0","-","-","-","0","0","0","0","0","0","0","0","-","0","0","0","0","0","0","0","0","0","0","0","0","0","0","0","9","0","0","4","5","0","0","0","29","0","0","0","0","0","0","0","0","0","8","0","0","0","0","0","0","0","16"
"0x77856b7b3df0","      FMNMX R115, R111, R114, !PT","19","9","19","65536","2097152","2097152","32","32","0","0","0","-","-","-","0","0","0","0","0","0","0","0","-","0","0","0","0","0","0","0","0","0","0","0","0","0","2","0","0","0","0","1","5","11","0","0","0","0","0","0","0","0","0","0","2","0","0","0","0","0","0","7","0","0","0"
"0x77856b7b3e00","      FFMA R111, R135, UR26, -R108","4","0","4","65536","2097152","2097152","32","32","0","0","0","-","-","-","0","0","0","0","0","0","0","0","-","0","0","0","0","0","0","0","0","0","0","0","0","0","0","0","0","0","0","0","4","0","0","0","0","0","0","0","0","0","0","0","0","0","0","0","0","0","0","0","0","0","0"
"0x77856b7b3e10","      FFMA R114, R175, UR26, -R108","4","0","4","65536","2097152","2097152","32","32","0","0","0","-","-","-","0","0","0","0","0","0","0","0","-","0","0","0","0","0","0","0","0","0","0","0","0","0","0","0","0","0","0","0","4","0","0","0","0","0","0","0","0","0","0","0","0","0","0","0","0","0","0","0","0","0","0"
"0x77856b7b3e20","      MUFU.EX2 R161, R161","43","24","43","65536","2097152","2097152","32","32","0","0","0","-","-","-","0","0","0","0","0","0","0","0","-","0","0","0","0","0","0","0","0","0","0","0","0","0","0","0","13","0","0","9","5","0","0","0","16","0","0","0","0","0","0","0","0","0","9","0","0","0","0","0","0","0","15"
"0x77856b7b3e30","      SHFL.BFLY PT, R118, R115, 0x1, 0x1f","6","0","6","65536","2097152","2097152","32","32","0","0","0","-","-","-","0","0","0","0","0","0","0","0","-","0","0","0","0","0","0","0","0","0","0","0","0","0","0","0","0","0","0","0","6","0","0","0","0","0","0","0","0","0","0","0","0","0","0","0","0","0","0","0","0","0","0"
"0x77856b7b3e40","      MUFU.EX2 R174, R174","46","27","46","65536","2097152","2097152","32","32","0","0","0","-","-","-","0","0","0","0","0","0","0","0","-","0","0","0","0","0","0","0","0","0","0","0","0","0","0","0","11","0","0","8","6","0","0","0","21","0","0","0","0","0","0","0","0","0","11","0","0","0","0","0","0","0","16"
"0x77856b7b3e50","      MUFU.EX2 R163, R163","44","21","44","65536","2097152","2097152","32","32","0","0","0","-","-","-","0","0","0","0","0","0","0","0","-","0","0","0","0","0","0","0","0","0","0","0","0","0","0","0","12","0","0","10","4","0","0","0","18","0","0","0","0","0","0","0","0","0","5","0","0","0","0","0","0","0","16"
"0x77856b7b3e60","      MUFU.EX2 R176, R176","45","29","45","65536","2097152","2097152","32","32","0","0","0","-","-","-","0","0","0","0","0","0","0","0","-","0","0","0","0","0","0","0","0","0","0","0","0","0","0","0","5","0","0","0","10","0","0","0","30","0","0","0","0","0","0","0","0","0","2","0","0","0","0","0","0","0","27"
"0x77856b7b3e70","      F2FP.F16.F32.PACK_AB R127, R174, R161","9","4","9","65536","2097152","2097152","32","32","0","0","0","-","-","-","0","0","0","0","0","0","0","0","-","0","0","0","0","0","0","0","0","0","0","0","0","0","0","0","0","0","0","0","5","4","0","0","0","0","0","0","0","0","0","0","0","0","0","0","0","0","0","4","0","0","0"
"0x77856b7b3e80","      FMNMX R118, R115, R118, !PT","8","4","8","65536","2097152","2097152","32","32","0","0","0","-","-","-","0","0","0","0","0","0","0","0","-","0","0","0","0","0","0","0","0","0","0","0","0","0","0","0","0","0","0","0","4","0","0","0","4","0","0","0","0","0","0","0","0","0","0","0","0","0","0","0","0","0","4"
"0x77856b7b3e90","      FMUL R115, R118, UR26","36","10","36","65536","2097152","2097152","32","32","0","0","0","-","-","-","0","0","0","0","0","0","0","0","-","0","0","0","0","0","0","0","0","0","0","0","0","0","0","0","0","0","0","19","6","0","0","0","11","0","0","0","0","0","0","0","0","0","0","0","0","0","0","0","0","0","10"
"0x77856b7b3ea0","      MUFU.EX2 R111, R111","52","16","52","65536","2097152","2097152","32","32","0","0","0","-","-","-","0","0","0","0","0","0","0","0","-","0","0","0","0","0","0","0","0","0","0","0","0","0","0","0","34","0","0","11","7","0","0","0","0","0","0","0","0","0","0","0","0","0","16","0","0","0","0","0","0","0","0"
"0x77856b7b3eb0","      FMNMX R118, R115, R146, !PT","15","12","15","65536","2097152","2097152","32","32","0","0","0","-","-","-","0","0","0","0","0","0","0","0","-","0","0","0","0","0","0","0","0","0","0","0","0","0","0","0","0","0","0","0","3","0","0","0","12","0","0","0","0","0","0","0","0","0","0","0","0","0","0","0","0","0","12"
"0x77856b7b3ec0","      FADD R115, -R108, R143","4","0","4","65536","2097152","2097152","32","32","0","0","0","-","-","-","0","0","0","0","0","0","0","0","-","0","0","0","0","0","0","0","0","0","0","0","0","0","0","0","0","0","0","0","4","0","0","0","0","0","0","0","0","0","0","0","0","0","0","0","0","0","0","0","0","0","0"
"0x77856b7b3ed0","      MUFU.EX2 R114, R114","48","18","48","65536","2097152","2097152","32","32","0","0","0","-","-","-","0","0","0","0","0","0","0","0","-","0","0","0","0","0","0","0","0","0","0","0","0","0","0","0","38","0","0","3","3","0","0","0","4","0","0","0","0","0","0","0","0","0","15","0","0","0","0","0","0","0","3"
"0x77856b7b3ee0","      FFMA R88, R88, UR26, -R118","8","0","8","65536","2097152","2097152","32","32","0","0","0","-","-","-","0","0","0","0","0","0","0","0","-","0","0","0","0","0","0","0","0","0","0","0","0","0","0","0","0","0","0","0","8","0","0","0","0","0","0","0","0","0","0","0","0","0","0","0","0","0","0","0","0","0","0"
"0x77856b7b3ef0","      FFMA R97, R97, UR26, -R118","2","0","2","65536","2097152","2097152","32","32","0","0","0","-","-","-","0","0","0","0","0","0","0","0","-","0","0","0","0","0","0","0","0","0","0","0","0","0","0","0","0","0","0","0","2","0","0","0","0","0","0","0","0","0","0","0","0","0","0","0","0","0","0","0","0","0","0"
"0x77856b7b3f00","      FFMA R98, R98, UR26, -R118","3","0","3","65536","2097152","2097152","32","32","0","0","0","-","-","-","0","0","0","0","0","0","0","0","-","0","0","0","0","0","0","0","0","0","0","0","0","0","0","0","0","0","0","0","3","0","0","0","0","0","0","0","0","0","0","0","0","0","0","0","0","0","0","0","0","0","0"
"0x77856b7b3f10","      FFMA R99, R99, UR26, -R118","5","0","5","65536","2097152","2097152","32","32","0","0","0","-","-","-","0","0","0","0","0","0","0","0","-","0","0","0","0","0","0","0","0","0","0","0","0","0","0","0","0","0","0","0","5","0","0","0","0","0","0","0","0","0","0","0","0","0","0","0","0","0","0","0","0","0","0"
"0x77856b7b3f20","      FFMA R100, R100, UR26, -R118","4","0","4","65536","2097152","2097152","32","32","0","0","0","-","-","-","0","0","0","0","0","0","0","0","-","0","0","0","0","0","0","0","0","0","0","0","0","0","0","0","0","0","0","0","4","0","0","0","0","0","0","0","0","0","0","0","0","0","0","0","0","0","0","0","0","0","0"
"0x77856b7b3f30","      FFMA R90, R90, UR26, -R118","7","0","7","65536","2097152","2097152","32","32","0","0","0","-","-","-","0","0","0","0","0","0","0","0","-","0","0","0","0","0","0","0","0","0","0","0","0","0","0","0","0","0","0","0","7","0","0","0","0","0","0","0","0","0","0","0","0","0","0","0","0","0","0","0","0","0","0"
"0x77856b7b3f40","      FFMA R91, R91, UR26, -R118","5","0","5","65536","2097152","2097152","32","32","0","0","0","-","-","-","0","0","0","0","0","0","0","0","-","0","0","0","0","0","0","0","0","0","0","0","0","0","0","0","0","0","0","0","5","0","0","0","0","0","0","0","0","0","0","0","0","0","0","0","0","0","0","0","0","0","0"
"0x77856b7b3f50","      MUFU.EX2 R143, R88","21","12","21","65536","2097152","2097152","32","32","0","0","0","-","-","-","0","0","0","0","0","0","0","0","-","0","0","0","0","0","0","0","0","4","0","0","0","0","0","0","15","0","0","0","2","0","0","0","0","0","0","0","0","0","0","0","0","0","12","0","0","0","0","0","0","0","0"
"0x77856b7b3f60","      FFMA R92, R92, UR26, -R118","2","0","2","65536","2097152","2097152","32","32","0","0","0","-","-","-","0","0","0","0","0","0","0","0","-","0","0","0","0","0","0","0","0","0","0","0","0","0","0","0","0","0","0","0","2","0","0","0","0","0","0","0","0","0","0","0","0","0","0","0","0","0","0","0","0","0","0"
"0x77856b7b3f70","      FFMA R101, R101, UR26, -R118","2","0","2","65536","2097152","2097152","32","32","0","0","0","-","-","-","0","0","0","0","0","0","0","0","-","0","0","0","0","0","0","0","0","0","0","0","0","0","0","0","0","0","0","0","2","0","0","0","0","0","0","0","0","0","0","0","0","0","0","0","0","0","0","0","0","0","0"
"0x77856b7b3f80","      FFMA R105, R105, UR26, -R118","3","0","3","65536","2097152","2097152","32","32","0","0","0","-","-","-","0","0","0","0","0","0","0","0","-","0","0","0","0","0","0","0","0","0","0","0","0","0","0","0","0","0","0","0","3","0","0","0","0","0","0","0","0","0","0","0","0","0","0","0","0","0","0","0","0","0","0"
"0x77856b7b3f90","      FFMA R106, R106, UR26, -R118","5","0","5","65536","2097152","2097152","32","32","0","0","0","-","-","-","0","0","0","0","0","0","0","0","-","0","0","0","0","0","0","0","0","0","0","0","0","0","0","0","0","0","0","0","5","0","0","0","0","0","0","0","0","0","0","0","0","0","0","0","0","0","0","0","0","0","0"
"0x77856b7b3fa0","      FFMA R121, R121, UR26, -R118","4","0","4","65536","2097152","2097152","32","32","0","0","0","-","-","-","0","0","0","0","0","0","0","0","-","0","0","0","0","0","0","0","0","0","0","0","0","0","0","0","0","0","0","0","4","0","0","0","0","0","0","0","0","0","0","0","0","0","0","0","0","0","0","0","0","0","0"
"0x77856b7b3fb0","      FFMA R125, R125, UR26, -R118","4","0","4","65536","2097152","2097152","32","32","0","0","0","-","-","-","0","0","0","0","0","0","0","0","-","0","0","0","0","0","0","0","0","0","0","0","0","0","0","0","0","0","0","0","4","0","0","0","0","0","0","0","0","0","0","0","0","0","0","0","0","0","0","0","0","0","0"
"0x77856b7b3fc0","      FFMA R123, R123, UR26, -R118","6","0","6","65536","2097152","2097152","32","32","0","0","0","-","-","-","0","0","0","0","0","0","0","0","-","0","0","0","0","0","0","0","0","0","0","0","0","0","0","0","0","0","0","0","6","0","0","0","0","0","0","0","0","0","0","0","0","0","0","0","0","0","0","0","0","0","0"
"0x77856b7b3fd0","      FFMA R89, R89, UR26, -R118","5","0","5","65536","2097152","2097152","32","32","0","0","0","-","-","-","0","0","0","0","0","0","0","0","-","0","0","0","0","0","0","0","0","0","0","0","0","0","0","0","0","0","0","0","5","0","0","0","0","0","0","0","0","0","0","0","0","0","0","0","0","0","0","0","0","0","0"
"0x77856b7b3fe0","      FADD R88, -R118, R146","63","21","63","65536","2097152","2097152","32","32","0","0","0","-","-","-","0","0","0","0","0","0","0","0","-","0","0","0","0","0","0","0","0","1","0","0","0","0","0","0","0","0","0","18","5","39","0","0","0","0","0","0","0","0","0","0","0","0","0","0","0","0","0","21","0","0","0"
"0x77856b7b3ff0","      FFMA R103, R103, UR26, -R118","5","0","5","65536","2097152","2097152","32","32","0","0","0","-","-","-","0","0","0","0","0","0","0","0","-","0","0","0","0","0","0","0","0","0","0","0","0","0","0","0","0","0","0","0","5","0","0","0","0","0","0","0","0","0","0","0","0","0","0","0","0","0","0","0","0","0","0"
"0x77856b7b4000","      MUFU.EX2 R115, R115","16","4","16","65536","2097152","2097152","32","32","0","0","0","-","-","-","0","0","0","0","0","0","0","0","-","0","0","0","0","0","0","0","0","0","0","0","0","0","0","0","10","0","0","3","3","0","0","0","0","0","0","0","0","0","0","0","0","0","4","0","0","0","0","0","0","0","0"
"0x77856b7b4010","      F2FP.F16.F32.PACK_AB R129, R176, R163","3","0","3","65536","2097152","2097152","32","32","0","0","0","-","-","-","0","0","0","0","0","0","0","0","-","0","0","0","0","0","0","0","0","0","0","0","0","0","0","0","0","0","0","0","3","0","0","0","0","0","0","0","0","0","0","0","0","0","0","0","0","0","0","0","0","0","0"
"0x77856b7b4020","      IMAD.MOV.U32 R146, RZ, RZ, R118","4","0","4","65536","2097152","2097152","32","32","0","0","0","-","-","-","0","0","0","0","0","0","0","0","-","0","0","0","0","0","0","0","0","0","0","0","0","0","0","0","0","0","0","0","4","0","0","0","0","0","0","0","0","0","0","0","0","0","0","0","0","0","0","0","0","0","0"
"0x77856b7b4030","      F2FP.F16.F32.PACK_AB R131, R114, R111","2","0","2","65536","2097152","2097152","32","32","0","0","0","-","-","-","0","0","0","0","0","0","0","0","-","0","0","0","0","0","0","0","0","0","0","0","0","0","0","0","0","0","0","0","2","0","0","0","0","0","0","0","0","0","0","0","0","0","0","0","0","0","0","0","0","0","0"
"0x77856b7b4040","      MUFU.EX2 R102, R88","133","46","133","65536","2097152","2097152","32","32","0","0","0","-","-","-","0","0","0","0","0","0","0","0","-","0","0","0","0","0","0","0","0","0","0","0","0","0","0","0","99","0","0","14","2","0","0","0","18","0","0","0","0","0","0","0","0","0","37","0","0","0","0","0","0","0","9"
"0x77856b7b4050","      MUFU.EX2 R113, R113","49","37","49","65536","2097152","2097152","32","32","0","0","0","-","-","-","0","0","0","0","0","0","0","0","-","0","0","0","0","0","0","0","0","0","0","0","0","0","0","0","8","0","0","1","6","0","0","0","34","0","0","0","0","0","0","0","0","0","5","0","0","0","0","0","0","0","32"
"0x77856b7b4060","      FMUL R26, R26, R115","5","1","5","65536","2097152","2097152","32","32","0","0","0","-","-","-","0","0","0","0","0","0","0","0","-","0","0","0","0","0","0","0","0","1","0","0","0","0","0","0","0","0","0","0","3","1","0","0","0","0","0","0","0","0","0","0","0","0","0","0","0","0","0","1","0","0","0"
"0x77856b7b4070","      FMUL R27, R27, R115","6","0","6","65536","2097152","2097152","32","32","0","0","0","-","-","-","0","0","0","0","0","0","0","0","-","0","0","0","0","0","0","0","0","0","0","0","0","0","0","0","0","0","0","0","6","0","0","0","0","0","0","0","0","0","0","0","0","0","0","0","0","0","0","0","0","0","0"
"0x77856b7b4080","      FMUL R30, R30, R115","4","0","4","65536","2097152","2097152","32","32","0","0","0","-","-","-","0","0","0","0","0","0","0","0","-","0","0","0","0","0","0","0","0","0","0","0","0","0","0","0","0","0","0","0","4","0","0","0","0","0","0","0","0","0","0","0","0","0","0","0","0","0","0","0","0","0","0"
"0x77856b7b4090","      FMUL R31, R31, R115","3","0","3","65536","2097152","2097152","32","32","0","0","0","-","-","-","0","0","0","0","0","0","0","0","-","0","0","0","0","0","0","0","0","0","0","0","0","0","0","0","0","0","0","0","3","0","0","0","0","0","0","0","0","0","0","0","0","0","0","0","0","0","0","0","0","0","0"
"0x77856b7b40a0","      FMUL R34, R34, R115","6","0","6","65536","2097152","2097152","32","32","0","0","0","-","-","-","0","0","0","0","0","0","0","0","-","0","0","0","0","0","0","0","0","0","0","0","0","0","0","0","0","0","0","0","6","0","0","0","0","0","0","0","0","0","0","0","0","0","0","0","0","0","0","0","0","0","0"
"0x77856b7b40b0","      FMUL R35, R35, R115","6","0","6","65536","2097152","2097152","32","32","0","0","0","-","-","-","0","0","0","0","0","0","0","0","-","0","0","0","0","0","0","0","0","0","0","0","0","0","0","0","0","0","0","0","6","0","0","0","0","0","0","0","0","0","0","0","0","0","0","0","0","0","0","0","0","0","0"
"0x77856b7b40c0","      FMUL R38, R38, R115","6","0","6","65536","2097152","2097152","32","32","0","0","0","-","-","-","0","0","0","0","0","0","0","0","-","0","0","0","0","0","0","0","0","0","0","0","0","0","0","0","0","0","0","0","6","0","0","0","0","0","0","0","0","0","0","0","0","0","0","0","0","0","0","0","0","0","0"
"0x77856b7b40d0","      MUFU.EX2 R116, R116","3","0","3","65536","2097152","2097152","32","32","0","0","0","-","-","-","0","0","0","0","0","0","0","0","-","0","0","0","0","0","0","0","0","0","0","0","0","0","0","0","0","0","0","0","3","0","0","0","0","0","0","0","0","0","0","0","0","0","0","0","0","0","0","0","0","0","0"
"0x77856b7b40e0","      FMUL R39, R39, R115","5","0","5","65536","2097152","2097152","32","32","0","0","0","-","-","-","0","0","0","0","0","0","0","0","-","0","0","0","0","0","0","0","0","0","0","0","0","0","0","0","0","0","0","0","5","0","0","0","0","0","0","0","0","0","0","0","0","0","0","0","0","0","0","0","0","0","0"
"0x77856b7b40f0","      FMUL R42, R42, R115","4","0","4","65536","2097152","2097152","32","32","0","0","0","-","-","-","0","0","0","0","0","0","0","0","-","0","0","0","0","0","0","0","0","0","0","0","0","0","0","0","0","0","0","0","4","0","0","0","0","0","0","0","0","0","0","0","0","0","0","0","0","0","0","0","0","0","0"
"0x77856b7b4100","      FMUL R43, R43, R115","5","0","5","65536","2097152","2097152","32","32","0","0","0","-","-","-","0","0","0","0","0","0","0","0","-","0","0","0","0","0","0","0","0","0","0","0","0","0","0","0","0","0","0","0","5","0","0","0","0","0","0","0","0","0","0","0","0","0","0","0","0","0","0","0","0","0","0"
"0x77856b7b4110","      FMUL R46, R46, R115","3","0","3","65536","2097152","2097152","32","32","0","0","0","-","-","-","0","0","0","0","0","0","0","0","-","0","0","0","0","0","0","0","0","0","0","0","0","0","0","0","0","0","0","0","3","0","0","0","0","0","0","0","0","0","0","0","0","0","0","0","0","0","0","0","0","0","0"
"0x77856b7b4120","      FMUL R47, R47, R115","3","0","3","65536","2097152","2097152","32","32","0","0","0","-","-","-","0","0","0","0","0","0","0","0","-","0","0","0","0","0","0","0","0","0","0","0","0","0","0","0","0","0","0","0","3","0","0","0","0","0","0","0","0","0","0","0","0","0","0","0","0","0","0","0","0","0","0"
"0x77856b7b4130","      FMUL R50, R50, R115","6","0","6","65536","2097152","2097152","32","32","0","0","0","-","-","-","0","0","0","0","0","0","0","0","-","0","0","0","0","0","0","0","0","0","0","0","0","0","0","0","0","0","0","0","6","0","0","0","0","0","0","0","0","0","0","0","0","0","0","0","0","0","0","0","0","0","0"
"0x77856b7b4140","      FMUL R51, R51, R115","1","0","1","65536","2097152","2097152","32","32","0","0","0","-","-","-","0","0","0","0","0","0","0","0","-","0","0","0","0","0","0","0","0","0","0","0","0","0","0","0","0","0","0","0","1","0","0","0","0","0","0","0","0","0","0","0","0","0","0","0","0","0","0","0","0","0","0"
"0x77856b7b4150","      MUFU.EX2 R119, R119","25","3","25","65536","2097152","2097152","32","32","0","0","0","-","-","-","0","0","0","0","0","0","0","0","-","0","0","0","0","0","0","0","0","1","0","0","0","0","0","0","15","0","0","6","3","0","0","0","0","0","0","0","0","0","0","0","0","0","3","0","0","0","0","0","0","0","0"
"0x77856b7b4160","      FMUL R54, R54, R115","3","0","3","65536","2097152","2097152","32","32","0","0","0","-","-","-","0","0","0","0","0","0","0","0","-","0","0","0","0","0","0","0","0","0","0","0","0","0","0","0","0","0","0","0","3","0","0","0","0","0","0","0","0","0","0","0","0","0","0","0","0","0","0","0","0","0","0"
"0x77856b7b4170","      FMUL R55, R55, R115","5","0","5","65536","2097152","2097152","32","32","0","0","0","-","-","-","0","0","0","0","0","0","0","0","-","0","0","0","0","0","0","0","0","0","0","0","0","0","0","0","0","0","0","0","5","0","0","0","0","0","0","0","0","0","0","0","0","0","0","0","0","0","0","0","0","0","0"
"0x77856b7b4180","      FMUL R58, R58, R115","2","0","2","65536","2097152","2097152","32","32","0","0","0","-","-","-","0","0","0","0","0","0","0","0","-","0","0","0","0","0","0","0","0","0","0","0","0","0","0","0","0","0","0","0","2","0","0","0","0","0","0","0","0","0","0","0","0","0","0","0","0","0","0","0","0","0","0"
"0x77856b7b4190","      FMUL R59, R59, R115","2","0","2","65536","2097152","2097152","32","32","0","0","0","-","-","-","0","0","0","0","0","0","0","0","-","0","0","0","0","0","0","0","0","0","0","0","0","0","0","0","0","0","0","0","2","0","0","0","0","0","0","0","0","0","0","0","0","0","0","0","0","0","0","0","0","0","0"
"0x77856b7b41a0","      FMUL R62, R62, R115","2","0","2","65536","2097152","2097152","32","32","0","0","0","-","-","-","0","0","0","0","0","0","0","0","-","0","0","0","0","0","0","0","0","0","0","0","0","0","0","0","0","0","0","0","2","0","0","0","0","0","0","0","0","0","0","0","0","0","0","0","0","0","0","0","0","0","0"
"0x77856b7b41b0","      FMUL R63, R63, R115","4","0","4","65536","2097152","2097152","32","32","0","0","0","-","-","-","0","0","0","0","0","0","0","0","-","0","0","0","0","0","0","0","0","0","0","0","0","0","0","0","0","0","0","0","4","0","0","0","0","0","0","0","0","0","0","0","0","0","0","0","0","0","0","0","0","0","0"
"0x77856b7b41c0","      FMUL R66, R66, R115","7","0","7","65536","2097152","2097152","32","32","0","0","0","-","-","-","0","0","0","0","0","0","0","0","-","0","0","0","0","0","0","0","0","0","0","0","0","0","0","0","0","0","0","0","7","0","0","0","0","0","0","0","0","0","0","0","0","0","0","0","0","0","0","0","0","0","0"
"0x77856b7b41d0","      MUFU.EX2 R172, R172","4","0","4","65536","2097152","2097152","32","32","0","0","0","-","-","-","0","0","0","0","0","0","0","0","-","0","0","0","0","0","0","0","0","0","0","0","0","0","0","0","0","0","0","0","4","0","0","0","0","0","0","0","0","0","0","0","0","0","0","0","0","0","0","0","0","0","0"
"0x77856b7b41e0","      FMUL R67, R67, R115","3","0","3","65536","2097152","2097152","32","32","0","0","0","-","-","-","0","0","0","0","0","0","0","0","-","0","0","0","0","0","0","0","0","0","0","0","0","0","0","0","0","0","0","0","3","0","0","0","0","0","0","0","0","0","0","0","0","0","0","0","0","0","0","0","0","0","0"
"0x77856b7b41f0","      FMUL R70, R70, R115","3","0","3","65536","2097152","2097152","32","32","0","0","0","-","-","-","0","0","0","0","0","0","0","0","-","0","0","0","0","0","0","0","0","0","0","0","0","0","0","0","0","0","0","0","3","0","0","0","0","0","0","0","0","0","0","0","0","0","0","0","0","0","0","0","0","0","0"
"0x77856b7b4200","      FMUL R71, R71, R115","7","0","7","65536","2097152","2097152","32","32","0","0","0","-","-","-","0","0","0","0","0","0","0","0","-","0","0","0","0","0","0","0","0","0","0","0","0","0","0","0","0","0","0","0","7","0","0","0","0","0","0","0","0","0","0","0","0","0","0","0","0","0","0","0","0","0","0"
"0x77856b7b4210","      FMUL R74, R74, R115","3","0","3","65536","2097152","2097152","32","32","0","0","0","-","-","-","0","0","0","0","0","0","0","0","-","0","0","0","0","0","0","0","0","0","0","0","0","0","0","0","0","0","0","0","3","0","0","0","0","0","0","0","0","0","0","0","0","0","0","0","0","0","0","0","0","0","0"
"0x77856b7b4220","      FMUL R75, R75, R115","0","0","0","65536","2097152","2097152","32","32","0","0","0","-","-","-","0","0","0","0","0","0","0","0","-","0","0","0","0","0","0","0","0","0","0","0","0","0","0","0","0","0","0","0","0","0","0","0","0","0","0","0","0","0","0","0","0","0","0","0","0","0","0","0","0","0","0"
"0x77856b7b4230","      FMUL R78, R78, R115","2","0","2","65536","2097152","2097152","32","32","0","0","0","-","-","-","0","0","0","0","0","0","0","0","-","0","0","0","0","0","0","0","0","0","0","0","0","0","0","0","0","0","0","0","2","0","0","0","0","0","0","0","0","0","0","0","0","0","0","0","0","0","0","0","0","0","0"
"0x77856b7b4240","      FMUL R79, R79, R115","6","0","6","65536","2097152","2097152","32","32","0","0","0","-","-","-","0","0","0","0","0","0","0","0","-","0","0","0","0","0","0","0","0","0","0","0","0","0","0","0","0","0","0","0","6","0","0","0","0","0","0","0","0","0","0","0","0","0","0","0","0","0","0","0","0","0","0"
"0x77856b7b4250","      MUFU.EX2 R178, R121","10","0","10","65536","2097152","2097152","32","32","0","0","0","-","-","-","0","0","0","0","0","0","0","0","-","0","0","0","0","0","0","0","0","0","0","0","0","0","0","0","0","0","0","0","10","0","0","0","0","0","0","0","0","0","0","0","0","0","0","0","0","0","0","0","0","0","0"
"0x77856b7b4260","      FMUL R82, R82, R115","5","0","5","65536","2097152","2097152","32","32","0","0","0","-","-","-","0","0","0","0","0","0","0","0","-","0","0","0","0","0","0","0","0","0","0","0","0","0","0","0","0","0","0","0","5","0","0","0","0","0","0","0","0","0","0","0","0","0","0","0","0","0","0","0","0","0","0"
"0x77856b7b4270","      FMUL R83, R83, R115","1","0","1","65536","2097152","2097152","32","32","0","0","0","-","-","-","0","0","0","0","0","0","0","0","-","0","0","0","0","0","0","0","0","0","0","0","0","0","0","0","0","0","0","0","1","0","0","0","0","0","0","0","0","0","0","0","0","0","0","0","0","0","0","0","0","0","0"
"0x77856b7b4280","      FMUL R86, R86, R115","6","0","6","65536","2097152","2097152","32","32","0","0","0","-","-","-","0","0","0","0","0","0","0","0","-","0","0","0","0","0","0","0","0","0","0","0","0","0","0","0","0","0","0","0","6","0","0","0","0","0","0","0","0","0","0","0","0","0","0","0","0","0","0","0","0","0","0"
"0x77856b7b4290","      FMUL R87, R87, R115","5","0","5","65536","2097152","2097152","32","32","0","0","0","-","-","-","0","0","0","0","0","0","0","0","-","0","0","0","0","0","0","0","0","0","0","0","0","0","0","0","0","0","0","0","5","0","0","0","0","0","0","0","0","0","0","0","0","0","0","0","0","0","0","0","0","0","0"
"0x77856b7b42a0","      FMUL R24, R24, R102","4","0","4","65536","2097152","2097152","32","32","0","0","0","-","-","-","0","0","0","0","0","0","0","0","-","0","0","0","0","0","0","0","0","0","0","0","0","0","0","0","0","0","0","0","4","0","0","0","0","0","0","0","0","0","0","0","0","0","0","0","0","0","0","0","0","0","0"
"0x77856b7b42b0","      FMUL R25, R25, R102","3","0","3","65536","2097152","2097152","32","32","0","0","0","-","-","-","0","0","0","0","0","0","0","0","-","0","0","0","0","0","0","0","0","0","0","0","0","0","0","0","0","0","0","0","3","0","0","0","0","0","0","0","0","0","0","0","0","0","0","0","0","0","0","0","0","0","0"
"0x77856b7b42c0","      FMUL R28, R28, R102","3","0","3","65536","2097152","2097152","32","32","0","0","0","-","-","-","0","0","0","0","0","0","0","0","-","0","0","0","0","0","0","0","0","0","0","0","0","0","0","0","0","0","0","0","3","0","0","0","0","0","0","0","0","0","0","0","0","0","0","0","0","0","0","0","0","0","0"
"0x77856b7b42d0","      MUFU.EX2 R175, R125","4","0","4","65536","2097152","2097152","32","32","0","0","0","-","-","-","0","0","0","0","0","0","0","0","-","0","0","0","0","0","0","0","0","0","0","0","0","0","0","0","0","0","0","0","4","0","0","0","0","0","0","0","0","0","0","0","0","0","0","0","0","0","0","0","0","0","0"
"0x77856b7b42e0","      FMUL R29, R29, R102","3","0","3","65536","2097152","2097152","32","32","0","0","0","-","-","-","0","0","0","0","0","0","0","0","-","0","0","0","0","0","0","0","0","0","0","0","0","0","0","0","0","0","0","0","3","0","0","0","0","0","0","0","0","0","0","0","0","0","0","0","0","0","0","0","0","0","0"
"0x77856b7b42f0","      FMUL R32, R32, R102","6","0","6","65536","2097152","2097152","32","32","0","0","0","-","-","-","0","0","0","0","0","0","0","0","-","0","0","0","0","0","0","0","0","0","0","0","0","0","0","0","0","0","0","0","6","0","0","0","0","0","0","0","0","0","0","0","0","0","0","0","0","0","0","0","0","0","0"
"0x77856b7b4300","      FMUL R33, R33, R102","6","2","6","65536","2097152","2097152","32","32","0","0","0","-","-","-","0","0","0","0","0","0","0","0","-","0","0","0","0","0","0","0","0","0","0","0","0","0","0","0","0","0","2","0","4","0","0","0","0","0","0","0","0","0","0","0","0","0","0","0","2","0","0","0","0","0","0"
"0x77856b7b4310","      FMUL R36, R36, R102","2","0","2","65536","2097152","2097152","32","32","0","0","0","-","-","-","0","0","0","0","0","0","0","0","-","0","0","0","0","0","0","0","0","0","0","0","0","0","0","0","0","0","0","0","2","0","0","0","0","0","0","0","0","0","0","0","0","0","0","0","0","0","0","0","0","0","0"
"0x77856b7b4320","      FMUL R37, R37, R102","5","0","5","65536","2097152","2097152","32","32","0","0","0","-","-","-","0","0","0","0","0","0","0","0","-","0","0","0","0","0","0","0","0","0","0","0","0","0","0","0","0","0","0","0","5","0","0","0","0","0","0","0","0","0","0","0","0","0","0","0","0","0","0","0","0","0","0"
"0x77856b7b4330","      FMUL R40, R40, R102","4","0","4","65536","2097152","2097152","32","32","0","0","0","-","-","-","0","0","0","0","0","0","0","0","-","0","0","0","0","0","0","0","0","0","0","0","0","0","0","0","0","0","0","0","4","0","0","0","0","0","0","0","0","0","0","0","0","0","0","0","0","0","0","0","0","0","0"
"0x77856b7b4340","      FMUL R41, R41, R102","3","0","3","65536","2097152","2097152","32","32","0","0","0","-","-","-","0","0","0","0","0","0","0","0","-","0","0","0","0","0","0","0","0","0","0","0","0","0","0","0","0","0","0","0","3","0","0","0","0","0","0","0","0","0","0","0","0","0","0","0","0","0","0","0","0","0","0"
"0x77856b7b4350","      MUFU.EX2 R180, R123","10","0","10","65536","2097152","2097152","32","32","0","0","0","-","-","-","0","0","0","0","0","0","0","0","-","0","0","0","0","0","0","0","0","0","0","0","0","0","0","0","0","0","0","0","10","0","0","0","0","0","0","0","0","0","0","0","0","0","0","0","0","0","0","0","0","0","0"
"0x77856b7b4360","      FMUL R44, R44, R102","2","0","2","65536","2097152","2097152","32","32","0","0","0","-","-","-","0","0","0","0","0","0","0","0","-","0","0","0","0","0","0","0","0","0","0","0","0","0","0","0","0","0","0","0","2","0","0","0","0","0","0","0","0","0","0","0","0","0","0","0","0","0","0","0","0","0","0"
"0x77856b7b4370","      FMUL R45, R45, R102","2","0","2","65536","2097152","2097152","32","32","0","0","0","-","-","-","0","0","0","0","0","0","0","0","-","0","0","0","0","0","0","0","0","0","0","0","0","0","0","0","0","0","0","0","2","0","0","0","0","0","0","0","0","0","0","0","0","0","0","0","0","0","0","0","0","0","0"
"0x77856b7b4380","      FMUL R48, R48, R102","4","0","4","65536","2097152","2097152","32","32","0","0","0","-","-","-","0","0","0","0","0","0","0","0","-","0","0","0","0","0","0","0","0","0","0","0","0","0","0","0","0","0","0","0","4","0","0","0","0","0","0","0","0","0","0","0","0","0","0","0","0","0","0","0","0","0","0"
"0x77856b7b4390","      FMUL R49, R49, R102","4","0","4","65536","2097152","2097152","32","32","0","0","0","-","-","-","0","0","0","0","0","0","0","0","-","0","0","0","0","0","0","0","0","0","0","0","0","0","0","0","0","0","0","0","4","0","0","0","0","0","0","0","0","0","0","0","0","0","0","0","0","0","0","0","0","0","0"
"0x77856b7b43a0","      FMUL R52, R52, R102","6","0","6","65536","2097152","2097152","32","32","0","0","0","-","-","-","0","0","0","0","0","0","0","0","-","0","0","0","0","0","0","0","0","0","0","0","0","0","0","0","0","0","0","0","6","0","0","0","0","0","0","0","0","0","0","0","0","0","0","0","0","0","0","0","0","0","0"
"0x77856b7b43b0","      FMUL R53, R53, R102","7","0","7","65536","2097152","2097152","32","32","0","0","0","-","-","-","0","0","0","0","0","0","0","0","-","0","0","0","0","0","0","0","0","0","0","0","0","0","0","0","0","0","0","0","7","0","0","0","0","0","0","0","0","0","0","0","0","0","0","0","0","0","0","0","0","0","0"
"0x77856b7b43c0","      FMUL R56, R56, R102","4","0","4","65536","2097152","2097152","32","32","0","0","0","-","-","-","0","0","0","0","0","0","0","0","-","0","0","0","0","0","0","0","0","0","0","0","0","0","0","0","0","0","0","0","4","0","0","0","0","0","0","0","0","0","0","0","0","0","0","0","0","0","0","0","0","0","0"
"0x77856b7b43d0","      MUFU.EX2 R97, R97","79","20","79","65536","2097152","2097152","32","32","0","0","0","-","-","-","0","0","0","0","0","0","0","0","-","0","0","0","0","0","0","0","0","0","0","0","0","0","0","0","69","0","0","6","4","0","0","0","0","0","0","0","0","0","0","0","0","0","20","0","0","0","0","0","0","0","0"
"0x77856b7b43e0","      FMUL R57, R57, R102","4","0","4","65536","2097152","2097152","32","32","0","0","0","-","-","-","0","0","0","0","0","0","0","0","-","0","0","0","0","0","0","0","0","0","0","0","0","0","0","0","0","0","0","0","4","0","0","0","0","0","0","0","0","0","0","0","0","0","0","0","0","0","0","0","0","0","0"
"0x77856b7b43f0","      FMUL R60, R60, R102","6","0","6","65536","2097152","2097152","32","32","0","0","0","-","-","-","0","0","0","0","0","0","0","0","-","0","0","0","0","0","0","0","0","0","0","0","0","0","0","0","0","0","0","0","6","0","0","0","0","0","0","0","0","0","0","0","0","0","0","0","0","0","0","0","0","0","0"
"0x77856b7b4400","      FMUL R61, R61, R102","4","0","4","65536","2097152","2097152","32","32","0","0","0","-","-","-","0","0","0","0","0","0","0","0","-","0","0","0","0","0","0","0","0","0","0","0","0","0","0","0","0","0","0","0","4","0","0","0","0","0","0","0","0","0","0","0","0","0","0","0","0","0","0","0","0","0","0"
"0x77856b7b4410","      FMUL R64, R64, R102","4","0","4","65536","2097152","2097152","32","32","0","0","0","-","-","-","0","0","0","0","0","0","0","0","-","0","0","0","0","0","0","0","0","0","0","0","0","0","0","0","0","0","0","0","4","0","0","0","0","0","0","0","0","0","0","0","0","0","0","0","0","0","0","0","0","0","0"
"0x77856b7b4420","      FMUL R65, R65, R102","1","0","1","65536","2097152","2097152","32","32","0","0","0","-","-","-","0","0","0","0","0","0","0","0","-","0","0","0","0","0","0","0","0","0","0","0","0","0","0","0","0","0","0","0","1","0","0","0","0","0","0","0","0","0","0","0","0","0","0","0","0","0","0","0","0","0","0"
"0x77856b7b4430","      FMUL R68, R68, R102","7","0","7","65536","2097152","2097152","32","32","0","0","0","-","-","-","0","0","0","0","0","0","0","0","-","0","0","0","0","0","0","0","0","0","0","0","0","0","0","0","0","0","0","0","7","0","0","0","0","0","0","0","0","0","0","0","0","0","0","0","0","0","0","0","0","0","0"
"0x77856b7b4440","      FMUL R69, R69, R102","4","0","4","65536","2097152","2097152","32","32","0","0","0","-","-","-","0","0","0","0","0","0","0","0","-","0","0","0","0","0","0","0","0","0","0","0","0","0","0","0","0","0","0","0","4","0","0","0","0","0","0","0","0","0","0","0","0","0","0","0","0","0","0","0","0","0","0"
"0x77856b7b4450","      MUFU.EX2 R98, R98","6","0","6","65536","2097152","2097152","32","32","0","0","0","-","-","-","0","0","0","0","0","0","0","0","-","0","0","0","0","0","0","0","0","0","0","0","0","0","0","0","3","0","0","0","3","0","0","0","0","0","0","0","0","0","0","0","0","0","0","0","0","0","0","0","0","0","0"
"0x77856b7b4460","      FMUL R72, R72, R102","1","0","1","65536","2097152","2097152","32","32","0","0","0","-","-","-","0","0","0","0","0","0","0","0","-","0","0","0","0","0","0","0","0","0","0","0","0","0","0","0","0","0","0","0","1","0","0","0","0","0","0","0","0","0","0","0","0","0","0","0","0","0","0","0","0","0","0"
"0x77856b7b4470","      FMUL R73, R73, R102","6","0","6","65536","2097152","2097152","32","32","0","0","0","-","-","-","0","0","0","0","0","0","0","0","-","0","0","0","0","0","0","0","0","0","0","0","0","0","0","0","0","0","0","0","6","0","0","0","0","0","0","0","0","0","0","0","0","0","0","0","0","0","0","0","0","0","0"
"0x77856b7b4480","      FMUL R76, R76, R102","5","0","5","65536","2097152","2097152","32","32","0","0","0","-","-","-","0","0","0","0","0","0","0","0","-","0","0","0","0","0","0","0","0","0","0","0","0","0","0","0","0","0","1","0","4","0","0","0","0","0","0","0","0","0","0","0","0","0","0","0","0","0","0","0","0","0","0"
"0x77856b7b4490","      FMUL R77, R77, R102","3","0","3","65536","2097152","2097152","32","32","0","0","0","-","-","-","0","0","0","0","0","0","0","0","-","0","0","0","0","0","0","0","0","0","0","0","0","0","0","0","0","0","0","0","3","0","0","0","0","0","0","0","0","0","0","0","0","0","0","0","0","0","0","0","0","0","0"
"0x77856b7b44a0","      FMUL R80, R80, R102","4","0","4","65536","2097152","2097152","32","32","0","0","0","-","-","-","0","0","0","0","0","0","0","0","-","0","0","0","0","0","0","0","0","0","0","0","0","0","0","0","0","0","0","0","4","0","0","0","0","0","0","0","0","0","0","0","0","0","0","0","0","0","0","0","0","0","0"
"0x77856b7b44b0","      FMUL R81, R81, R102","4","0","4","65536","2097152","2097152","32","32","0","0","0","-","-","-","0","0","0","0","0","0","0","0","-","0","0","0","0","0","0","0","0","0","0","0","0","0","0","0","0","0","0","0","4","0","0","0","0","0","0","0","0","0","0","0","0","0","0","0","0","0","0","0","0","0","0"
"0x77856b7b44c0","      FMUL R84, R84, R102","2","0","2","65536","2097152","2097152","32","32","0","0","0","-","-","-","0","0","0","0","0","0","0","0","-","0","0","0","0","0","0","0","0","0","0","0","0","0","0","0","0","0","0","0","2","0","0","0","0","0","0","0","0","0","0","0","0","0","0","0","0","0","0","0","0","0","0"
"0x77856b7b44d0","      MUFU.EX2 R99, R99","39","7","39","65536","2097152","2097152","32","32","0","0","0","-","-","-","0","0","0","0","0","0","0","0","-","0","0","0","0","0","0","0","0","0","0","0","0","0","0","0","36","0","0","2","1","0","0","0","0","0","0","0","0","0","0","0","0","0","7","0","0","0","0","0","0","0","0"
"0x77856b7b44e0","      FMUL R85, R85, R102","1","0","1","65536","2097152","2097152","32","32","0","0","0","-","-","-","0","0","0","0","0","0","0","0","-","0","0","0","0","0","0","0","0","0","0","0","0","0","0","0","0","0","0","0","1","0","0","0","0","0","0","0","0","0","0","0","0","0","0","0","0","0","0","0","0","0","0"
"0x77856b7b44f0","      F2FP.F16.F32.PACK_AB R121, R110, R107","4","0","4","65536","2097152","2097152","32","32","0","0","0","-","-","-","0","0","0","0","0","0","0","0","-","0","0","0","0","0","0","0","0","0","0","0","0","0","0","0","0","0","0","0","4","0","0","0","0","0","0","0","0","0","0","0","0","0","0","0","0","0","0","0","0","0","0"
"0x77856b7b4500","      FADD R110, R107, R110","3","0","3","65536","2097152","2097152","32","32","0","0","0","-","-","-","0","0","0","0","0","0","0","0","-","0","0","0","0","0","0","0","0","0","0","0","0","0","0","0","0","0","0","0","3","0","0","0","0","0","0","0","0","0","0","0","0","0","0","0","0","0","0","0","0","0","0"
"0x77856b7b4510","      F2FP.F16.F32.PACK_AB R120, R178, R143","2","0","2","65536","2097152","2097152","32","32","0","0","0","-","-","-","0","0","0","0","0","0","0","0","-","0","0","0","0","0","0","0","0","0","0","0","0","0","0","0","0","0","0","0","2","0","0","0","0","0","0","0","0","0","0","0","0","0","0","0","0","0","0","0","0","0","0"
"0x77856b7b4520","      FADD R178, R143, R178","6","0","6","65536","2097152","2097152","32","32","0","0","0","-","-","-","0","0","0","0","0","0","0","0","-","0","0","0","0","0","0","0","0","0","0","0","0","0","0","0","0","0","0","0","6","0","0","0","0","0","0","0","0","0","0","0","0","0","0","0","0","0","0","0","0","0","0"
"0x77856b7b4530","      F2FP.F16.F32.PACK_AB R122, R180, R175","4","0","4","65536","2097152","2097152","32","32","0","0","0","-","-","-","0","0","0","0","0","0","0","0","-","0","0","0","0","0","0","0","0","0","0","0","0","0","0","0","0","0","0","0","4","0","0","0","0","0","0","0","0","0","0","0","0","0","0","0","0","0","0","0","0","0","0"
"0x77856b7b4540","      IMAD.MOV.U32 R143, RZ, RZ, R108","5","0","5","65536","2097152","2097152","32","32","0","0","0","-","-","-","0","0","0","0","0","0","0","0","-","0","0","0","0","0","0","0","0","0","0","0","0","0","0","0","0","0","0","0","5","0","0","0","0","0","0","0","0","0","0","0","0","0","0","0","0","0","0","0","0","0","0"
"0x77856b7b4550","      MUFU.EX2 R100, R100","16","3","16","65536","2097152","2097152","32","32","0","0","0","-","-","-","0","0","0","0","0","0","0","0","-","0","0","0","0","0","0","0","0","0","0","0","0","0","0","0","13","0","0","0","3","0","0","0","0","0","0","0","0","0","0","0","0","0","3","0","0","0","0","0","0","0","0"
"0x77856b7b4560","      F2FP.F16.F32.PACK_AB R123, R112, R109","4","0","4","65536","2097152","2097152","32","32","0","0","0","-","-","-","0","0","0","0","0","0","0","0","-","0","0","0","0","0","0","0","0","0","0","0","0","0","0","0","0","0","0","0","4","0","0","0","0","0","0","0","0","0","0","0","0","0","0","0","0","0","0","0","0","0","0"
"0x77856b7b4570","      FADD R109, R109, R110","5","0","5","65536","2097152","2097152","32","32","0","0","0","-","-","-","0","0","0","0","0","0","0","0","-","0","0","0","0","0","0","0","0","2","0","0","0","0","0","0","0","0","0","0","3","0","0","0","0","0","0","0","0","0","0","0","0","0","0","0","0","0","0","0","0","0","0"
"0x77856b7b4580","      F2FP.F16.F32.PACK_AB R124, R98, R97","6","1","6","65536","2097152","2097152","32","32","0","0","0","-","-","-","0","0","0","0","0","0","0","0","-","0","0","0","0","0","0","0","0","0","0","0","0","0","0","0","0","0","1","0","5","0","0","0","0","0","0","0","0","0","0","0","0","0","0","0","1","0","0","0","0","0","0"
"0x77856b7b4590","      FADD R175, R175, R178","4","0","4","65536","2097152","2097152","32","32","0","0","0","-","-","-","0","0","0","0","0","0","0","0","-","0","0","0","0","0","0","0","0","0","0","0","0","0","0","0","0","0","0","0","4","0","0","0","0","0","0","0","0","0","0","0","0","0","0","0","0","0","0","0","0","0","0"
"0x77856b7b45a0","      F2FP.F16.F32.PACK_AB R125, R162, R117","5","0","5","65536","2097152","2097152","32","32","0","0","0","-","-","-","0","0","0","0","0","0","0","0","-","0","0","0","0","0","0","0","0","0","0","0","0","0","0","0","0","0","0","0","5","0","0","0","0","0","0","0","0","0","0","0","0","0","0","0","0","0","0","0","0","0","0"
"0x77856b7b45b0","      FADD R112, R112, R109","6","0","6","65536","2097152","2097152","32","32","0","0","0","-","-","-","0","0","0","0","0","0","0","0","-","0","0","0","0","0","0","0","0","0","0","0","0","0","0","0","0","0","0","0","6","0","0","0","0","0","0","0","0","0","0","0","0","0","0","0","0","0","0","0","0","0","0"
"0x77856b7b45c0","      F2FP.F16.F32.PACK_AB R133, R116, R113","4","0","4","65536","2097152","2097152","32","32","0","0","0","-","-","-","0","0","0","0","0","0","0","0","-","0","0","0","0","0","0","0","0","0","0","0","0","0","0","0","0","0","0","0","4","0","0","0","0","0","0","0","0","0","0","0","0","0","0","0","0","0","0","0","0","0","0"
"0x77856b7b45d0","      MUFU.EX2 R177, R89","35","3","35","65536","2097152","2097152","32","32","0","0","0","-","-","-","0","0","0","0","0","0","0","0","-","0","0","0","0","0","0","0","0","0","0","0","0","0","0","0","25","0","0","5","5","0","0","0","0","0","0","0","0","0","0","0","0","0","3","0","0","0","0","0","0","0","0"
"0x77856b7b45e0","      F2FP.F16.F32.PACK_AB R135, R172, R119","6","0","6","65536","2097152","2097152","32","32","0","0","0","-","-","-","0","0","0","0","0","0","0","0","-","0","0","0","0","0","0","0","0","0","0","0","0","0","0","0","0","0","0","0","6","0","0","0","0","0","0","0","0","0","0","0","0","0","0","0","0","0","0","0","0","0","0"
"0x77856b7b45f0","      FADD R180, R180, R175","9","0","9","65536","2097152","2097152","32","32","0","0","0","-","-","-","0","0","0","0","0","0","0","0","-","0","0","0","0","0","0","0","0","1","0","0","0","0","0","0","0","0","0","0","8","0","0","0","0","0","0","0","0","0","0","0","0","0","0","0","0","0","0","0","0","0","0"
"0x77856b7b4600","      FADD R117, R117, R112","3","0","3","65536","2097152","2097152","32","32","0","0","0","-","-","-","0","0","0","0","0","0","0","0","-","0","0","0","0","0","0","0","0","0","0","0","0","0","0","0","0","0","0","0","3","0","0","0","0","0","0","0","0","0","0","0","0","0","0","0","0","0","0","0","0","0","0"
"0x77856b7b4610","      SEL R88, R93, RZ, !P5","3","0","3","65536","2097152","2097152","32","32","0","0","0","-","-","-","0","0","0","0","0","0","0","0","-","0","0","0","0","0","0","0","0","0","0","0","0","0","0","0","0","0","0","0","3","0","0","0","0","0","0","0","0","0","0","0","0","0","0","0","0","0","0","0","0","0","0"
"0x77856b7b4620","      FADD R97, R97, R180","13","1","13","65536","2097152","2097152","32","32","0","0","0","-","-","-","0","0","0","0","0","0","0","0","-","0","0","0","0","0","0","0","0","1","0","0","0","0","0","0","0","0","0","5","4","0","0","0","3","0","0","0","0","0","0","0","0","0","0","0","0","0","0","0","0","0","1"
"0x77856b7b4630","      FADD R162, R162, R117","3","0","3","65536","2097152","2097152","32","32","0","0","0","-","-","-","0","0","0","0","0","0","0","0","-","0","0","0","0","0","0","0","0","0","0","0","0","0","0","0","0","0","0","0","3","0","0","0","0","0","0","0","0","0","0","0","0","0","0","0","0","0","0","0","0","0","0"
"0x77856b7b4640","      MUFU.EX2 R90, R90","17","1","17","65536","2097152","2097152","32","32","0","0","0","-","-","-","0","0","0","0","0","0","0","0","-","0","0","0","0","0","0","0","0","0","0","0","0","0","0","0","8","0","0","4","5","0","0","0","0","0","0","0","0","0","0","0","0","0","1","0","0","0","0","0","0","0","0"
"0x77856b7b4650","      F2FP.F16.F32.PACK_AB R126, R100, R99","5","2","5","65536","2097152","2097152","32","32","0","0","0","-","-","-","0","0","0","0","0","0","0","0","-","0","0","0","0","0","0","0","0","0","0","0","0","0","0","0","0","0","0","0","2","3","0","0","0","0","0","0","0","0","0","0","0","0","0","0","0","0","0","2","0","0","0"
"0x77856b7b4660","      IMAD R89, R154, R139, R14","41","9","41","65536","2097152","2097152","32","32","0","0","0","-","-","-","0","0","0","0","0","0","0","0","-","0","0","0","0","0","0","0","0","2","0","0","0","0","7","0","0","0","0","19","5","8","0","0","0","0","0","0","0","0","0","0","1","0","0","0","0","0","0","8","0","0","0"
"0x77856b7b4670","      FADD R98, R98, R97","15","1","15","65536","2097152","2097152","32","32","0","0","0","-","-","-","0","0","0","0","0","0","0","0","-","0","0","0","0","0","0","0","0","3","0","0","0","0","0","0","0","0","0","9","2","0","0","0","1","0","0","0","0","0","0","0","0","0","0","0","0","0","0","0","0","0","1"
"0x77856b7b4680","      ISETP.NE.U32.AND P2, PT, R88, RZ, PT","5","0","5","65536","2097152","2097152","32","32","0","0","0","-","-","-","0","0","0","0","0","0","0","0","-","0","0","0","0","0","0","0","0","0","0","0","0","0","0","0","0","0","0","0","5","0","0","0","0","0","0","0","0","0","0","0","0","0","0","0","0","0","0","0","0","0","0"
"0x77856b7b4690","      FADD R161, R161, R162","6","0","6","65536","2097152","2097152","32","32","0","0","0","-","-","-","0","0","0","0","0","0","0","0","-","0","0","0","0","0","0","0","0","1","0","0","0","0","0","0","0","0","0","0","5","0","0","0","0","0","0","0","0","0","0","0","0","0","0","0","0","0","0","0","0","0","0"
"0x77856b7b46a0","      LEA R88, P5, R89, R2, 0x1","1","0","1","65536","2097152","2097152","32","32","0","0","0","-","-","-","0","0","0","0","0","0","0","0","-","0","0","0","0","0","0","0","0","0","0","0","0","0","0","0","0","0","0","0","1","0","0","0","0","0","0","0","0","0","0","0","0","0","0","0","0","0","0","0","0","0","0"
"0x77856b7b46b0","      MUFU.EX2 R91, R91","19","3","19","65536","2097152","2097152","32","32","0","0","0","-","-","-","0","0","0","0","0","0","0","0","-","0","0","0","0","0","0","0","0","1","0","0","0","0","0","0","15","0","0","1","2","0","0","0","0","0","0","0","0","0","0","0","0","0","3","0","0","0","0","0","0","0","0"
"0x77856b7b46c0","      FADD R99, R99, R98","4","0","4","65536","2097152","2097152","32","32","0","0","0","-","-","-","0","0","0","0","0","0","0","0","-","0","0","0","0","0","0","0","0","0","0","0","0","0","0","0","0","0","0","0","4","0","0","0","0","0","0","0","0","0","0","0","0","0","0","0","0","0","0","0","0","0","0"
"0x77856b7b46d0","      FADD R174, R174, R161","2","0","2","65536","2097152","2097152","32","32","0","0","0","-","-","-","0","0","0","0","0","0","0","0","-","0","0","0","0","0","0","0","0","0","0","0","0","0","0","0","0","0","0","0","2","0","0","0","0","0","0","0","0","0","0","0","0","0","0","0","0","0","0","0","0","0","0"
"0x77856b7b46e0","      LEA.HI.X.SX32 R89, R89, R3, 0x1, P5","4","0","4","65536","2097152","2097152","32","32","0","0","0","-","-","-","0","0","0","0","0","0","0","0","-","0","0","0","0","0","0","0","0","0","0","0","0","0","0","0","0","0","0","0","4","0","0","0","0","0","0","0","0","0","0","0","0","0","0","0","0","0","0","0","0","0","0"
"0x77856b7b46f0","      FADD R100, R100, R99","13","0","13","65536","2097152","2097152","32","32","0","0","0","-","-","-","0","0","0","0","0","0","0","0","-","0","0","0","0","0","0","0","0","0","0","0","0","0","0","0","0","0","0","7","6","0","0","0","0","0","0","0","0","0","0","0","0","0","0","0","0","0","0","0","0","0","0"
"0x77856b7b4700","      ISETP.NE.U32.AND P5, PT, R96, RZ, PT","1","0","1","65536","2097152","2097152","32","32","0","0","0","-","-","-","0","0","0","0","0","0","0","0","-","0","0","0","0","0","0","0","0","0","0","0","0","0","0","0","0","0","0","0","1","0","0","0","0","0","0","0","0","0","0","0","0","0","0","0","0","0","0","0","0","0","0"
"0x77856b7b4710","      FADD R163, R163, R174","6","0","6","65536","2097152","2097152","32","32","0","0","0","-","-","-","0","0","0","0","0","0","0","0","-","0","0","0","0","0","0","0","0","1","0","0","0","0","0","0","0","0","0","0","5","0","0","0","0","0","0","0","0","0","0","0","0","0","0","0","0","0","0","0","0","0","0"
"0x77856b7b4720","      MUFU.EX2 R92, R92","40","10","40","65536","2097152","2097152","32","32","0","0","0","-","-","-","0","0","0","0","0","0","0","0","-","0","0","0","0","0","0","0","0","2","0","0","0","0","0","0","27","0","0","6","5","0","0","0","0","0","0","0","0","0","0","0","0","0","10","0","0","0","0","0","0","0","0"
"0x77856b7b4730","      F2FP.F16.F32.PACK_AB R128, R90, R177","5","1","5","65536","2097152","2097152","32","32","0","0","0","-","-","-","0","0","0","0","0","0","0","0","-","0","0","0","0","0","0","0","0","0","0","0","0","0","0","0","0","0","0","0","4","1","0","0","0","0","0","0","0","0","0","0","0","0","0","0","0","0","0","1","0","0","0"
"0x77856b7b4740","      FADD R177, R177, R100","7","0","7","65536","2097152","2097152","32","32","0","0","0","-","-","-","0","0","0","0","0","0","0","0","-","0","0","0","0","0","0","0","0","0","0","0","0","0","0","0","0","0","0","0","7","0","0","0","0","0","0","0","0","0","0","0","0","0","0","0","0","0","0","0","0","0","0"
"0x77856b7b4750","      FADD R176, R176, R163","4","0","4","65536","2097152","2097152","32","32","0","0","0","-","-","-","0","0","0","0","0","0","0","0","-","0","0","0","0","0","0","0","0","1","0","0","0","0","0","0","0","0","0","0","3","0","0","0","0","0","0","0","0","0","0","0","0","0","0","0","0","0","0","0","0","0","0"
"0x77856b7b4760","      FADD R90, R90, R177","16","4","16","65536","2097152","2097152","32","32","0","0","0","-","-","-","0","0","0","0","0","0","0","0","-","0","0","0","0","0","0","0","0","0","0","0","0","0","0","0","0","0","0","3","4","0","0","0","9","0","0","0","0","0","0","0","0","0","0","0","0","0","0","0","0","0","4"
"0x77856b7b4770","      FADD R111, R111, R176","4","0","4","65536","2097152","2097152","32","32","0","0","0","-","-","-","0","0","0","0","0","0","0","0","-","0","0","0","0","0","0","0","0","0","0","0","0","0","0","0","0","0","0","0","4","0","0","0","0","0","0","0","0","0","0","0","0","0","0","0","0","0","0","0","0","0","0"
"0x77856b7b4780","      MUFU.EX2 R101, R101","9","1","9","65536","2097152","2097152","32","32","0","0","0","-","-","-","0","0","0","0","0","0","0","0","-","0","0","0","0","0","0","0","0","2","0","0","0","0","0","0","5","0","0","0","2","0","0","0","0","0","0","0","0","0","0","0","0","0","1","0","0","0","0","0","0","0","0"
"0x77856b7b4790","      FADD R114, R114, R111","11","11","11","65536","2097152","2097152","32","32","0","0","0","-","-","-","0","0","0","0","0","0","0","0","-","0","0","0","0","0","0","0","0","0","0","0","0","0","0","0","0","0","0","0","0","0","0","0","11","0","0","0","0","0","0","0","0","0","0","0","0","0","0","0","0","0","11"
"0x77856b7b47a0","      FADD R113, R113, R114","15","8","15","65536","2097152","2097152","32","32","0","0","0","-","-","-","0","0","0","0","0","0","0","0","-","0","0","0","0","0","0","0","0","0","0","0","0","0","0","0","0","0","0","1","5","0","0","0","9","0","0","0","0","0","0","0","0","0","0","0","0","0","0","0","0","0","8"
"0x77856b7b47b0","      MUFU.EX2 R182, R103","41","22","41","65536","2097152","2097152","32","32","0","0","0","-","-","-","0","0","0","0","0","0","0","0","-","0","0","0","0","0","0","0","0","0","0","0","0","0","0","0","37","0","0","0","4","0","0","0","0","0","0","0","0","0","0","0","0","0","22","0","0","0","0","0","0","0","0"
"0x77856b7b47c0","      F2FP.F16.F32.PACK_AB R130, R92, R91","6","3","6","65536","2097152","2097152","32","32","0","0","0","-","-","-","0","0","0","0","0","0","0","0","-","0","0","0","0","0","0","0","0","0","0","0","0","0","0","0","0","0","0","0","3","3","0","0","0","0","0","0","0","0","0","0","0","0","0","0","0","0","0","3","0","0","0"
"0x77856b7b47d0","      FADD R91, R91, R90","4","0","4","65536","2097152","2097152","32","32","0","0","0","-","-","-","0","0","0","0","0","0","0","0","-","0","0","0","0","0","0","0","0","0","0","0","0","0","0","0","0","0","0","0","4","0","0","0","0","0","0","0","0","0","0","0","0","0","0","0","0","0","0","0","0","0","0"
"0x77856b7b47e0","      FADD R116, R116, R113","2","0","2","65536","2097152","2097152","32","32","0","0","0","-","-","-","0","0","0","0","0","0","0","0","-","0","0","0","0","0","0","0","0","0","0","0","0","0","0","0","0","0","0","0","2","0","0","0","0","0","0","0","0","0","0","0","0","0","0","0","0","0","0","0","0","0","0"
"0x77856b7b47f0","      FADD R92, R92, R91","24","10","24","65536","2097152","2097152","32","32","0","0","0","-","-","-","0","0","0","0","0","0","0","0","-","0","0","0","0","0","0","0","0","0","0","0","0","0","0","0","0","0","0","7","6","0","0","0","11","0","0","0","0","0","0","0","0","0","0","0","0","0","0","0","0","0","10"
"0x77856b7b4800","      FADD R119, R119, R116","4","0","4","65536","2097152","2097152","32","32","0","0","0","-","-","-","0","0","0","0","0","0","0","0","-","0","0","0","0","0","0","0","0","0","0","0","0","0","0","0","0","0","0","0","4","0","0","0","0","0","0","0","0","0","0","0","0","0","0","0","0","0","0","0","0","0","0"
"0x77856b7b4810","      MUFU.EX2 R105, R105","6","0","6","65536","2097152","2097152","32","32","0","0","0","-","-","-","0","0","0","0","0","0","0","0","-","0","0","0","0","0","0","0","0","0","0","0","0","0","0","0","0","0","0","0","6","0","0","0","0","0","0","0","0","0","0","0","0","0","0","0","0","0","0","0","0","0","0"
"0x77856b7b4820","      FADD R119, R172, R119","14","11","14","65536","2097152","2097152","32","32","0","0","0","-","-","-","0","0","0","0","0","0","0","0","-","0","0","0","0","0","0","0","0","0","0","0","0","0","0","0","0","0","0","0","3","0","0","0","11","0","0","0","0","0","0","0","0","0","0","0","0","0","0","0","0","0","11"
"0x77856b7b4830","      MUFU.EX2 R106, R106","56","31","56","65536","2097152","2097152","32","32","0","0","0","-","-","-","0","0","0","0","0","0","0","0","-","0","0","0","0","0","0","0","0","1","0","0","0","0","0","0","35","0","0","5","2","0","0","0","13","0","0","0","0","0","0","0","0","0","19","0","0","0","0","0","0","0","12"
"0x77856b7b4840","      F2FP.F16.F32.PACK_AB R132, R182, R101","1","0","1","65536","2097152","2097152","32","32","0","0","0","-","-","-","0","0","0","0","0","0","0","0","-","0","0","0","0","0","0","0","0","0","0","0","0","0","0","0","0","0","0","0","1","0","0","0","0","0","0","0","0","0","0","0","0","0","0","0","0","0","0","0","0","0","0"
"0x77856b7b4850","      FADD R101, R101, R92","3","0","3","65536","2097152","2097152","32","32","0","0","0","-","-","-","0","0","0","0","0","0","0","0","-","0","0","0","0","0","0","0","0","0","0","0","0","0","0","0","0","0","0","0","3","0","0","0","0","0","0","0","0","0","0","0","0","0","0","0","0","0","0","0","0","0","0"
"0x77856b7b4860","      FADD R182, R182, R101","28","11","28","65536","2097152","2097152","32","32","0","0","0","-","-","-","0","0","0","0","0","0","0","0","-","0","0","0","0","0","0","0","0","0","0","0","0","0","0","0","0","0","0","9","5","0","0","0","14","0","0","0","0","0","0","0","0","0","0","0","0","0","0","0","0","0","11"
"0x77856b7b4870","      F2FP.F16.F32.PACK_AB R134, R106, R105","49","29","49","65536","2097152","2097152","32","32","0","0","0","-","-","-","0","0","0","0","0","0","0","0","-","0","0","0","0","0","0","0","0","0","0","0","0","0","0","0","0","0","0","9","3","37","0","0","0","0","0","0","0","0","0","0","0","0","0","0","0","0","0","29","0","0","0"
"0x77856b7b4880","      FADD R105, R105, R182","15","4","15","65536","2097152","2097152","32","32","0","0","0","-","-","-","0","0","0","0","0","0","0","0","-","0","0","0","0","0","0","0","0","2","0","0","0","0","0","0","0","0","0","7","0","0","0","0","6","0","0","0","0","0","0","0","0","0","0","0","0","0","0","0","0","0","4"
"0x77856b7b4890","      WARPGROUP.ARRIVE","2","0","2","65536","2097152","2097152","32","32","0","0","0","-","-","-","0","0","0","0","0","0","0","0","-","0","0","0","0","0","0","0","0","0","0","0","0","0","0","0","0","0","0","0","2","0","0","0","0","0","0","0","0","0","0","0","0","0","0","0","0","0","0","0","0","0","0"
"0x77856b7b48a0","      FADD R105, R106, R105","18","3","18","65536","2097152","2097152","32","32","0","0","0","-","-","-","0","0","0","0","0","0","0","0","-","0","0","0","0","0","0","0","0","0","0","0","0","0","0","0","0","0","0","5","8","0","0","0","5","0","0","0","0","0","0","0","0","0","0","0","0","0","0","0","0","0","3"
"0x77856b7b48b0","      HGMMA.64x128x16.F32 R24, R120, gdesc[UR8].tnspB, R24","91","59","91","65536","2097152","2097152","32","32","0","0","0","Shared","Load","-","0","8","0","524288","524288","0","0","0","-","0","0","0","0","0","0","0","0","0","0","0","0","0","0","0","0","0","0","0","2","0","0","0","9","0","0","0","0","0","0","0","0","0","0","0","0","0","0","0","0","0","6"
"0x77856b7b48c0","      UIADD3.64 UR10, UR6, 0x80, URZ","7","0","7","65536","2097152","2097152","32","32","0","0","0","-","-","-","0","0","0","0","0","0","0","0","-","0","0","0","0","0","0","0","0","0","0","0","0","0","0","0","0","0","0","0","7","0","0","0","0","0","0","0","0","0","0","0","0","0","0","0","0","0","0","0","0","0","0"
"0x77856b7b48d0","      HGMMA.64x128x16.F32 R24, R124, gdesc[UR4].tnspB, R24","40","33","40","65536","2097152","2097152","32","32","0","0","0","Shared","Load","-","0","8","0","524288","524288","0","0","0","-","0","0","0","0","0","0","0","0","0","0","0","0","0","0","0","0","0","0","0","1","0","0","0","39","0","0","0","0","0","0","0","0","0","0","0","0","0","0","0","0","0","33"
"0x77856b7b48e0","      UIADD3.64 UR6, UR6, 0x100, URZ","1","0","1","65536","2097152","2097152","32","32","0","0","0","-","-","-","0","0","0","0","0","0","0","0","-","0","0","0","0","0","0","0","0","0","0","0","0","0","0","0","0","0","0","0","1","0","0","0","0","0","0","0","0","0","0","0","0","0","0","0","0","0","0","0","0","0","0"
"0x77856b7b48f0","      HGMMA.64x128x16.F32 R24, R128, gdesc[UR8].tnspB, R24","43","33","43","65536","2097152","2097152","32","32","0","0","0","Shared","Load","-","0","8","0","524288","524288","0","0","0","-","0","0","0","0","0","0","0","0","0","0","0","0","0","0","0","0","0","0","0","5","0","0","0","38","0","0","0","0","0","0","0","0","0","0","0","0","0","0","0","0","0","33"
"0x77856b7b4900","      HGMMA.64x128x16.F32 R24, R132, gdesc[UR4].tnspB, R24, gsb0","72","55","72","65536","2097152","2097152","32","32","0","0","0","Shared","Load","-","0","8","0","524288","524288","0","0","0","-","0","0","0","0","0","0","0","0","0","0","0","0","0","0","0","15","0","0","0","10","0","0","0","47","0","0","0","0","0","0","0","0","0","15","0","0","0","0","0","0","0","40"
"0x77856b7b4910","      ULEA UR6, UR14, UR12, 0xe","5","0","5","65536","2097152","2097152","32","32","0","0","0","-","-","-","0","0","0","0","0","0","0","0","-","0","0","0","0","0","0","0","0","1","0","0","0","0","0","0","0","0","0","0","4","0","0","0","0","0","0","0","0","0","0","0","0","0","0","0","0","0","0","0","0","0","0"
"0x77856b7b4920","      VIADD R93, R142, UR6","18","12","18","65536","2097152","2097152","32","32","0","0","0","-","-","-","0","0","0","0","0","0","0","0","-","0","0","0","0","0","0","0","0","0","0","0","0","0","0","0","0","0","0","0","4","0","0","0","14","0","0","0","0","0","0","0","0","0","0","0","0","0","0","0","0","0","12"
"0x77856b7b4930","      BAR.SYNC.DEFER_BLOCKING 0x0","2","0","2","65536","2097152","2097152","32","32","0","0","0","-","-","-","0","0","0","0","0","0","0","0","-","0","0","0","0","0","0","0","0","0","0","0","0","0","0","0","0","0","0","0","2","0","0","0","0","0","0","0","0","0","0","0","0","0","0","0","0","0","0","0","0","0","0"
"0x77856b7b4940","@!PT  LDS RZ, [RZ]","230","210","230","65536","2097152","0","32","0","32","32","0","","Load","32","0","0","0","0","0","0","0","0","-","0","0","0","0","0","0","199","0","0","0","0","0","0","0","0","0","0","0","8","2","0","0","0","21","194","0","0","0","0","0","0","0","0","0","0","0","0","0","0","0","0","16"
"0x77856b7b4950","@!PT  LDS RZ, [RZ]","8","0","8","65536","2097152","0","32","0","0","32","0","","Load","32","0","0","0","0","0","0","0","0","-","0","0","0","0","0","0","0","0","0","0","0","0","0","0","0","0","0","0","0","8","0","0","0","0","0","0","0","0","0","0","0","0","0","0","0","0","0","0","0","0","0","0"
"0x77856b7b4960","@!PT  LDS RZ, [RZ]","5","0","5","65536","2097152","0","32","0","0","32","0","","Load","32","0","0","0","0","0","0","0","0","-","0","0","0","0","0","0","0","0","0","0","0","0","0","0","0","0","0","0","0","5","0","0","0","0","0","0","0","0","0","0","0","0","0","0","0","0","0","0","0","0","0","0"
"0x77856b7b4970","      LDGSTS.E.BYPASS.128 desc[UR20][R12.64], P2, [R93]","2","0","2","65536","2097152","2097152","32","32","32","0","0","Global,Shared","Load,Store","128","0","4","0","262144","262144","0","0","0","","0","0","0","0","0","0","0","0","0","0","0","0","0","0","0","0","0","0","0","2","0","0","0","0","0","0","0","0","0","0","0","0","0","0","0","0","0","0","0","0","0","0"
"0x77856b7b4980","      LDGSTS.E.BYPASS.128 desc[UR20][R8.64], P3, [R93+0x800]","22","3","22","65536","2097152","2097152","32","32","0","0","0","Global,Shared","Load,Store","128","0","4","0","262144","262144","0","0","0","","0","0","0","0","0","0","0","0","0","0","0","0","0","0","0","0","0","0","4","10","0","0","0","8","0","0","0","0","0","0","0","0","0","0","0","0","0","0","0","0","0","3"
"0x77856b7b4990","      LDGSTS.E.BYPASS.128 desc[UR20][R10.64], P4, [R93+0x1000]","17","6","17","65536","2097152","2097152","32","32","0","0","0","Global,Shared","Load,Store","128","0","4","0","262144","262144","0","0","0","","0","0","0","0","0","0","0","0","0","0","0","0","0","0","0","0","0","0","0","4","0","0","0","13","0","0","0","0","0","0","0","0","0","0","0","0","0","0","0","0","0","6"
"0x77856b7b49a0","      LDGSTS.E.BYPASS.128 desc[UR20][R6.64], P5, [R93+0x1800]","39","33","39","65536","2097152","2097152","32","32","0","0","0","Global,Shared","Load,Store","128","0","4","0","262144","262144","0","0","0","","0","0","0","0","0","0","0","0","0","0","0","0","0","0","0","24","0","0","0","4","0","0","0","11","0","0","0","0","0","0","0","0","0","24","0","0","0","0","0","0","0","9"
"0x77856b7b49b0","      IMAD R9, R155, R139, R14","239","233","239","65536","2097152","2097152","32","32","0","0","0","-","-","-","0","0","0","0","0","0","0","0","-","0","0","0","0","0","0","0","0","0","0","0","0","236","0","0","0","0","0","0","3","0","0","0","0","0","0","0","0","0","0","233","0","0","0","0","0","0","0","0","0","0","0"
"0x77856b7b49c0","      LDGDEPBAR","7","3","7","65536","2097152","2097152","32","32","0","0","0","-","-","-","0","0","0","0","0","0","0","0","-","0","0","0","0","0","0","0","0","0","0","0","0","0","0","0","0","0","0","0","4","0","0","0","3","0","0","0","0","0","0","0","0","0","0","0","0","0","0","0","0","0","3"
"0x77856b7b49d0","      IMAD R11, R157, R139, R14","151","134","151","65536","2097152","2097152","32","32","0","0","0","-","-","-","0","0","0","0","0","0","0","0","-","0","0","0","0","0","0","0","0","0","0","0","0","149","0","0","0","0","0","0","2","0","0","0","0","0","0","0","0","0","0","134","0","0","0","0","0","0","0","0","0","0","0"
"0x77856b7b49e0","      LDGSTS.E.BYPASS.128 desc[UR20][R88.64], P2, [R93+0x10000]","11","7","11","65536","2097152","2097152","32","32","0","0","0","Global,Shared","Load,Store","128","0","4","0","262144","262144","0","0","0","","0","0","0","0","0","0","0","0","0","0","0","0","0","0","0","0","0","0","0","4","0","0","0","7","0","0","0","0","0","0","0","0","0","0","0","0","0","0","0","0","0","7"
"0x77856b7b49f0","      LEA R8, P2, R9, R2, 0x1","4","0","4","65536","2097152","2097152","32","32","0","0","0","-","-","-","0","0","0","0","0","0","0","0","-","0","0","0","0","0","0","0","0","0","0","0","0","0","0","0","0","0","0","0","4","0","0","0","0","0","0","0","0","0","0","0","0","0","0","0","0","0","0","0","0","0","0"
"0x77856b7b4a00","      IMAD R7, R158, R139, R14","144","74","144","65536","2097152","2097152","32","32","0","0","0","-","-","-","0","0","0","0","0","0","0","0","-","0","0","0","0","0","0","0","0","4","0","0","0","136","0","0","0","0","0","1","3","0","0","0","0","0","0","0","0","0","0","74","0","0","0","0","0","0","0","0","0","0","0"
"0x77856b7b4a10","      LEA.HI.X.SX32 R9, R9, R3, 0x1, P2","14","5","14","65536","2097152","2097152","32","32","0","0","0","-","-","-","0","0","0","0","0","0","0","0","-","0","0","0","0","0","0","0","0","1","0","0","0","0","2","0","0","0","0","2","4","0","0","0","5","0","0","1","0","0","0","0","0","0","0","0","0","0","0","0","0","0","4"
"0x77856b7b4a20","      IMAD R14, R139, 0x40, R14","7","0","7","65536","2097152","2097152","32","32","0","0","0","-","-","-","0","0","0","0","0","0","0","0","-","0","0","0","0","0","0","0","0","4","0","0","0","0","0","0","0","0","0","0","3","0","0","0","0","0","0","0","0","0","0","0","0","0","0","0","0","0","0","0","0","0","0"
"0x77856b7b4a30","      LEA R10, P2, R11, R2, 0x1","4","0","4","65536","2097152","2097152","32","32","0","0","0","-","-","-","0","0","0","0","0","0","0","0","-","0","0","0","0","0","0","0","0","2","0","0","0","0","0","0","0","0","0","0","2","0","0","0","0","0","0","0","0","0","0","0","0","0","0","0","0","0","0","0","0","0","0"
"0x77856b7b4a40","      LDGSTS.E.BYPASS.128 desc[UR20][R8.64], P3, [R93+0x10800]","25","15","25","65536","2097152","2097152","32","32","0","0","0","Global,Shared","Load,Store","128","0","4","0","262144","262144","0","0","0","","0","0","0","0","0","0","0","0","8","0","0","0","0","0","0","0","0","0","0","4","0","0","0","13","0","0","5","0","0","0","0","0","0","0","0","0","0","0","0","0","0","10"
"0x77856b7b4a50","      LEA.HI.X.SX32 R11, R11, R3, 0x1, P2","19","0","19","65536","2097152","2097152","32","32","0","0","0","-","-","-","0","0","0","0","0","0","0","0","-","0","0","0","0","0","0","0","0","13","0","0","0","0","0","0","0","0","0","0","6","0","0","0","0","0","0","0","0","0","0","0","0","0","0","0","0","0","0","0","0","0","0"
"0x77856b7b4a60","      LEA R6, P2, R7, R2, 0x1","26","4","26","65536","2097152","2097152","32","32","0","0","0","-","-","-","0","0","0","0","0","0","0","0","-","0","0","0","0","0","0","0","0","0","0","0","0","0","0","0","0","0","0","0","1","0","0","0","25","0","0","0","0","0","0","0","0","0","0","0","0","0","0","0","0","0","4"
"0x77856b7b4a70","      LDGSTS.E.BYPASS.128 desc[UR20][R10.64], P4, [R93+0x11000]","30","14","30","65536","2097152","2097152","32","32","0","0","0","Global,Shared","Load,Store","128","0","4","0","262144","262144","0","0","0","","0","0","0","0","0","0","0","0","5","0","0","0","0","0","0","0","0","0","0","5","0","0","0","20","0","0","3","0","0","0","0","0","0","0","0","0","0","0","0","0","0","11"
"0x77856b7b4a80","      LEA.HI.X.SX32 R7, R7, R3, 0x1, P2","8","0","8","65536","2097152","2097152","32","32","0","0","0","-","-","-","0","0","0","0","0","0","0","0","-","0","0","0","0","0","0","0","0","0","0","0","0","0","0","0","0","0","0","0","8","0","0","0","0","0","0","0","0","0","0","0","0","0","0","0","0","0","0","0","0","0","0"
"0x77856b7b4a90","      IADD3 R12, P2, R18, UR4, RZ","29","4","29","65536","2097152","2097152","32","32","0","0","0","-","-","-","0","0","0","0","0","0","0","0","-","0","0","0","0","0","0","0","0","2","0","0","0","0","10","0","0","0","0","5","3","0","0","0","9","0","0","0","0","0","0","0","1","0","0","0","0","0","0","0","0","0","3"
"0x77856b7b4aa0","      LDGSTS.E.BYPASS.128 desc[UR20][R6.64], P5, [R93+0x11800]","23","9","23","65536","2097152","2097152","32","32","0","0","0","Global,Shared","Load,Store","128","0","4","0","262144","262144","0","0","0","","0","0","0","0","0","0","0","0","5","0","0","0","0","0","0","0","0","0","5","4","0","0","0","9","0","0","3","0","0","0","0","0","0","0","0","0","0","0","0","0","0","6"
"0x77856b7b4ab0","      IADD3.X R13, R173, UR5, RZ, P2, !PT","3","0","3","65536","2097152","2097152","32","32","0","0","0","-","-","-","0","0","0","0","0","0","0","0","-","0","0","0","0","0","0","0","0","0","0","0","0","0","0","0","0","0","0","0","3","0","0","0","0","0","0","0","0","0","0","0","0","0","0","0","0","0","0","0","0","0","0"
"0x77856b7b4ac0","      ISETP.GE.U32.AND P2, PT, R12, R15, PT","26","8","26","65536","2097152","2097152","32","32","0","0","0","-","-","-","0","0","0","0","0","0","0","0","-","0","0","0","0","0","0","0","0","4","0","0","0","0","4","0","0","0","0","0","5","0","0","0","13","0","0","3","0","0","0","0","0","0","0","0","0","0","0","0","0","0","5"
"0x77856b7b4ad0","      SHFL.BFLY PT, R8, R119, 0x2, 0x1f","439","386","439","65536","2097152","2097152","32","32","0","0","0","-","-","-","0","0","0","0","0","0","0","0","-","0","0","0","0","0","0","0","0","0","0","0","0","432","0","0","0","0","0","0","7","0","0","0","0","0","0","0","0","0","0","386","0","0","0","0","0","0","0","0","0","0","0"
"0x77856b7b4ae0","      ISETP.GE.AND.EX P2, PT, R13, R148, PT, P2","6","3","6","65536","2097152","2097152","32","32","0","0","0","-","-","-","0","0","0","0","0","0","0","0","-","0","0","0","0","0","0","0","0","0","0","0","0","0","0","0","0","0","0","0","3","0","0","0","3","0","0","0","0","0","0","0","0","0","0","0","0","0","0","0","0","0","3"
"0x77856b7b4af0","      LDGDEPBAR","4","0","4","65536","2097152","2097152","32","32","0","0","0","-","-","-","0","0","0","0","0","0","0","0","-","0","0","0","0","0","0","0","0","0","0","0","0","0","0","0","0","0","0","0","4","0","0","0","0","0","0","0","0","0","0","0","0","0","0","0","0","0","0","0","0","0","0"
"0x77856b7b4b00","      SHFL.BFLY PT, R6, R105, 0x2, 0x1f","261","251","261","65536","2097152","2097152","32","32","0","0","0","-","-","-","0","0","0","0","0","0","0","0","-","0","0","0","0","0","0","0","0","0","0","0","0","242","0","0","0","0","0","0","5","0","0","0","14","0","0","0","0","0","0","239","0","0","0","0","0","0","0","0","0","0","12"
"0x77856b7b4b10","      FADD R8, R119, R8","370","353","370","65536","2097152","2097152","32","32","0","0","0","-","-","-","0","0","0","0","0","0","0","0","-","0","0","0","0","0","0","0","0","0","0","0","0","0","0","0","0","0","0","0","4","366","0","0","0","0","0","0","0","0","0","0","0","0","0","0","0","0","0","353","0","0","0"
"0x77856b7b4b20","      SHFL.BFLY PT, R9, R8, 0x1, 0x1f","14","10","14","65536","2097152","2097152","32","32","0","0","0","-","-","-","0","0","0","0","0","0","0","0","-","0","0","0","0","0","0","0","0","0","0","0","0","0","0","0","0","0","0","0","4","0","0","0","10","0","0","0","0","0","0","0","0","0","0","0","0","0","0","0","0","0","10"
"0x77856b7b4b30","      FADD R6, R105, R6","94","88","94","65536","2097152","2097152","32","32","0","0","0","-","-","-","0","0","0","0","0","0","0","0","-","0","0","0","0","0","0","0","0","0","0","0","0","0","0","0","0","0","0","0","3","91","0","0","0","0","0","0","0","0","0","0","0","0","0","0","0","0","0","88","0","0","0"
"0x77856b7b4b40","      SHFL.BFLY PT, R7, R6, 0x1, 0x1f","10","7","10","65536","2097152","2097152","32","32","0","0","0","-","-","-","0","0","0","0","0","0","0","0","-","0","0","0","0","0","0","0","0","0","0","0","0","0","0","0","0","0","0","0","2","0","0","0","8","0","0","0","0","0","0","0","0","0","0","0","0","0","0","0","0","0","7"
"0x77856b7b4b50","      FADD R10, R8, R9","81","63","81","65536","2097152","2097152","32","32","0","0","0","-","-","-","0","0","0","0","0","0","0","0","-","0","0","0","0","0","0","0","0","0","0","0","0","0","0","0","0","0","0","0","5","76","0","0","0","0","0","0","0","0","0","0","0","0","0","0","0","0","0","63","0","0","0"
"0x77856b7b4b60","      FFMA R144, R115, R144, R10","16","10","16","65536","2097152","2097152","32","32","0","0","0","-","-","-","0","0","0","0","0","0","0","0","-","0","0","0","0","0","0","0","0","0","0","0","0","0","0","0","0","0","0","0","1","0","0","0","15","0","0","0","0","0","0","0","0","0","0","0","0","0","0","0","0","0","10"
"0x77856b7b4b70","      FADD R7, R6, R7","33","22","33","65536","2097152","2097152","32","32","0","0","0","-","-","-","0","0","0","0","0","0","0","0","-","0","0","0","0","0","0","0","0","0","0","0","0","0","0","0","0","0","0","1","6","26","0","0","0","0","0","0","0","0","0","0","0","0","0","0","0","0","0","22","0","0","0"
"0x77856b7b4b80","      FFMA R145, R102, R145, R7","20","11","20","65536","2097152","2097152","32","32","0","0","0","-","-","-","0","0","0","0","0","0","0","0","-","0","0","0","0","0","0","0","0","0","0","0","0","0","0","0","0","0","0","1","5","0","0","0","14","0","0","0","0","0","0","0","0","0","0","0","0","0","0","0","0","0","11"
"0x77856b7b4b90","@!P2  BRA 0x77856b7b2a40","4","0","4","65536","2097152","1048576","32","16","16","16","0","-","-","-","0","0","0","0","0","0","0","0","-","0","0","0","0","0","0","0","0","0","0","0","0","0","0","0","0","0","0","0","4","0","0","0","0","0","0","0","0","0","0","0","0","0","0","0","0","0","0","0","0","0","0"
"0x77856b7b4ba0","      ULDC UR4, c[0x0][0x254]","17","6","17","32768","1048576","1048576","32","32","16","0","0","-","-","-","0","0","0","0","0","0","0","0","-","0","0","0","0","0","0","0","0","0","0","0","0","0","0","0","0","0","0","1","3","0","0","0","13","0","0","0","0","0","0","0","0","0","0","0","0","0","0","0","0","0","6"
"0x77856b7b4bb0","      ULDC.64 UR6, c[0x0][0x258]","1","0","1","32768","1048576","1048576","32","32","0","0","0","-","-","-","0","0","0","0","0","0","0","0","-","0","0","0","0","0","0","0","0","0","0","0","0","0","0","0","0","0","0","0","1","0","0","0","0","0","0","0","0","0","0","0","0","0","0","0","0","0","0","0","0","0","0"
"0x77856b7b4bc0","      IMAD R16, R16, UR4, RZ","4","0","4","32768","1048576","1048576","32","32","0","0","0","-","-","-","0","0","0","0","0","0","0","0","-","0","0","0","0","0","0","0","0","0","0","0","0","0","0","0","0","0","0","0","4","0","0","0","0","0","0","0","0","0","0","0","0","0","0","0","0","0","0","0","0","0","0"
"0x77856b7b4bd0","      ULDC.64 UR4, c[0x0][0x228]","4","0","4","32768","1048576","1048576","32","32","0","0","0","-","-","-","0","0","0","0","0","0","0","0","-","0","0","0","0","0","0","0","0","2","0","0","0","0","0","0","0","0","0","0","2","0","0","0","0","0","0","0","0","0","0","0","0","0","0","0","0","0","0","0","0","0","0"
"0x77856b7b4be0","      IMAD R17, R17, UR6, RZ","2","0","2","32768","1048576","1048576","32","32","0","0","0","-","-","-","0","0","0","0","0","0","0","0","-","0","0","0","0","0","0","0","0","0","0","0","0","0","0","0","0","0","0","0","2","0","0","0","0","0","0","0","0","0","0","0","0","0","0","0","0","0","0","0","0","0","0"
"0x77856b7b4bf0","      NOP","4","0","4","32768","1048576","1048576","32","32","0","0","0","-","-","-","0","0","0","0","0","0","0","0","-","0","0","0","0","0","0","0","0","0","0","0","0","0","0","0","0","0","0","0","4","0","0","0","0","0","0","0","0","0","0","0","0","0","0","0","0","0","0","0","0","0","0"
"0x77856b7b4c00","      WARPGROUP.DEPBAR.LE gsb0, 0x0","4","0","4","32768","1048576","1048576","32","32","0","0","0","-","-","-","0","0","0","0","0","0","0","0","-","0","0","0","0","0","0","0","0","0","0","0","0","0","0","0","0","0","0","0","4","0","0","0","0","0","0","0","0","0","0","0","0","0","0","0","0","0","0","0","0","0","0"
"0x77856b7b4c10","      IMAD.SHL.U32 R2, R16, 0x2, RZ","8","0","8","32768","1048576","1048576","32","32","0","0","0","-","-","-","0","0","0","0","0","0","0","0","-","0","0","0","0","0","0","0","0","0","0","0","0","0","0","0","0","0","0","3","4","0","0","0","1","0","0","0","0","0","0","0","0","0","0","0","0","0","0","0","0","0","0"
"0x77856b7b4c20","      FMUL R95, R38, 0.25","6","0","6","32768","1048576","1048576","32","32","0","0","0","-","-","-","0","0","0","0","0","0","0","0","-","0","0","0","0","0","0","0","0","2","0","0","0","0","0","0","0","0","0","1","0","0","0","0","3","0","0","0","0","0","0","0","0","0","0","0","0","0","0","0","0","0","0"
"0x77856b7b4c30","      IMAD.SHL.U32 R3, R17, 0x2, RZ","1","1","1","32768","1048576","1048576","32","32","0","0","0","-","-","-","0","0","0","0","0","0","0","0","-","0","0","0","0","0","0","0","0","0","0","0","0","0","1","0","0","0","0","0","0","0","0","0","0","0","0","0","0","0","0","0","1","0","0","0","0","0","0","0","0","0","0"
"0x77856b7b4c40","      DEPBAR.LE SB0, 0x0","3","0","3","32768","1048576","1048576","32","32","0","0","0","-","-","-","0","0","0","0","0","0","0","0","-","0","0","0","0","0","0","0","0","0","0","0","0","0","0","0","0","0","0","0","3","0","0","0","0","0","0","0","0","0","0","0","0","0","0","0","0","0","0","0","0","0","0"
"0x77856b7b4c50","      IMAD R19, R19, UR7, RZ","5","1","5","32768","1048576","1048576","32","32","0","0","0","-","-","-","0","0","0","0","0","0","0","0","-","0","0","0","0","0","0","0","0","0","0","0","0","0","0","0","0","0","0","0","2","0","0","0","3","0","0","0","0","0","0","0","0","0","0","0","0","0","0","0","0","0","1"
"0x77856b7b4c60","      IADD3 R18, P2, P3, R3, UR4, R2","5","0","5","32768","1048576","1048576","32","32","0","0","0","-","-","-","0","0","0","0","0","0","0","0","-","0","0","0","0","0","0","0","0","0","0","0","0","0","0","0","0","0","0","0","5","0","0","0","0","0","0","0","0","0","0","0","0","0","0","0","0","0","0","0","0","0","0"
"0x77856b7b4c70","      IMAD.HI R16, R16, 0x2, RZ","7","0","7","32768","1048576","1048576","32","32","0","0","0","-","-","-","0","0","0","0","0","0","0","0","-","0","0","0","0","0","0","0","0","3","0","0","0","0","0","0","0","0","0","0","4","0","0","0","0","0","0","0","0","0","0","0","0","0","0","0","0","0","0","0","0","0","0"
"0x77856b7b4c80","      P2R R88, PR, RZ, 0x2","2","0","2","32768","1048576","1048576","32","32","0","0","0","-","-","-","0","0","0","0","0","0","0","0","-","0","0","0","0","0","0","0","0","1","0","0","0","0","0","0","0","0","0","0","1","0","0","0","0","0","0","0","0","0","0","0","0","0","0","0","0","0","0","0","0","0","0"
"0x77856b7b4c90","      ISETP.NE.AND P1, PT, R170, RZ, PT","24","4","24","32768","1048576","1048576","32","32","0","0","0","-","-","-","0","0","0","0","0","0","0","0","-","0","0","0","0","0","0","0","0","6","0","0","0","0","6","0","0","0","0","6","2","0","0","0","4","0","0","0","0","0","0","0","2","0","0","0","0","0","0","0","0","0","2"
"0x77856b7b4ca0","      IMAD.HI R17, R17, 0x2, RZ","2","0","2","32768","1048576","1048576","32","32","0","0","0","-","-","-","0","0","0","0","0","0","0","0","-","0","0","0","0","0","0","0","0","0","0","0","0","0","0","0","0","0","0","0","2","0","0","0","0","0","0","0","0","0","0","0","0","0","0","0","0","0","0","0","0","0","0"
"0x77856b7b4cb0","      ISETP.NE.AND P6, PT, R169, RZ, PT","1","0","1","32768","1048576","1048576","32","32","0","0","0","-","-","-","0","0","0","0","0","0","0","0","-","0","0","0","0","0","0","0","0","0","0","0","0","0","0","0","0","0","0","0","1","0","0","0","0","0","0","0","0","0","0","0","0","0","0","0","0","0","0","0","0","0","0"
"0x77856b7b4cc0","      ISETP.NE.AND P5, PT, R168, RZ, PT","12","2","12","32768","1048576","1048576","32","32","0","0","0","-","-","-","0","0","0","0","0","0","0","0","-","0","0","0","0","0","0","0","0","3","0","0","0","0","2","0","0","0","0","4","3","0","0","0","0","0","0","0","0","0","0","0","2","0","0","0","0","0","0","0","0","0","0"
"0x77856b7b4cd0","      IMAD.SHL.U32 R2, R19, 0x2, RZ","0","0","0","32768","1048576","1048576","32","32","0","0","0","-","-","-","0","0","0","0","0","0","0","0","-","0","0","0","0","0","0","0","0","0","0","0","0","0","0","0","0","0","0","0","0","0","0","0","0","0","0","0","0","0","0","0","0","0","0","0","0","0","0","0","0","0","0"
"0x77856b7b4ce0","      IADD3.X R17, R17, UR5, R16, P2, P3","4","0","4","32768","1048576","1048576","32","32","0","0","0","-","-","-","0","0","0","0","0","0","0","0","-","0","0","0","0","0","0","0","0","4","0","0","0","0","0","0","0","0","0","0","0","0","0","0","0","0","0","0","0","0","0","0","0","0","0","0","0","0","0","0","0","0","0"
"0x77856b7b4cf0","      IMAD R20, R20, UR7, RZ","0","0","0","32768","1048576","1048576","32","32","0","0","0","-","-","-","0","0","0","0","0","0","0","0","-","0","0","0","0","0","0","0","0","0","0","0","0","0","0","0","0","0","0","0","0","0","0","0","0","0","0","0","0","0","0","0","0","0","0","0","0","0","0","0","0","0","0"
"0x77856b7b4d00","      IMAD.HI R19, R19, 0x2, RZ","9","0","9","32768","1048576","1048576","32","32","0","0","0","-","-","-","0","0","0","0","0","0","0","0","-","0","0","0","0","0","0","0","0","0","0","0","0","0","4","0","0","0","0","1","3","0","0","0","1","0","0","0","0","0","0","0","0","0","0","0","0","0","0","0","0","0","0"
"0x77856b7b4d10","      IADD3 R2, P2, P3, R141, R2, R18","1","0","1","32768","1048576","1048576","32","32","0","0","0","-","-","-","0","0","0","0","0","0","0","0","-","0","0","0","0","0","0","0","0","0","0","0","0","0","0","0","0","0","0","0","1","0","0","0","0","0","0","0","0","0","0","0","0","0","0","0","0","0","0","0","0","0","0"
"0x77856b7b4d20","      IMAD.SHL.U32 R4, R20, 0x2, RZ","30","6","30","32768","1048576","1048576","32","32","0","0","0","-","-","-","0","0","0","0","0","0","0","0","-","0","0","0","0","0","0","0","0","5","0","0","0","0","6","0","0","0","0","5","3","0","0","0","11","0","0","0","0","0","0","0","2","0","0","0","0","0","0","0","0","0","4"
"0x77856b7b4d30","      IADD3.X R3, RZ, R19, R17, P2, P3","2","0","2","32768","1048576","1048576","32","32","0","0","0","-","-","-","0","0","0","0","0","0","0","0","-","0","0","0","0","0","0","0","0","0","0","0","0","0","0","0","0","0","0","0","2","0","0","0","0","0","0","0","0","0","0","0","0","0","0","0","0","0","0","0","0","0","0"
"0x77856b7b4d40","      IMAD R21, R21, UR7, RZ","8","0","8","32768","1048576","1048576","32","32","0","0","0","-","-","-","0","0","0","0","0","0","0","0","-","0","0","0","0","0","0","0","0","3","0","0","0","0","0","0","0","0","0","0","5","0","0","0","0","0","0","0","0","0","0","0","0","0","0","0","0","0","0","0","0","0","0"
"0x77856b7b4d50","      FMUL R19, R26, 0.25","9","1","9","32768","1048576","1048576","32","32","0","0","0","-","-","-","0","0","0","0","0","0","0","0","-","0","0","0","0","0","0","0","0","0","0","0","0","0","0","0","0","0","0","1","2","0","0","0","6","0","0","0","0","0","0","0","0","0","0","0","0","0","0","0","0","0","1"
"0x77856b7b4d60","      IMAD.HI R20, R20, 0x2, RZ","0","0","0","32768","1048576","1048576","32","32","0","0","0","-","-","-","0","0","0","0","0","0","0","0","-","0","0","0","0","0","0","0","0","0","0","0","0","0","0","0","0","0","0","0","0","0","0","0","0","0","0","0","0","0","0","0","0","0","0","0","0","0","0","0","0","0","0"
"0x77856b7b4d70","      BAR.SYNC.DEFER_BLOCKING 0x0","1","0","1","32768","1048576","1048576","32","32","0","0","0","-","-","-","0","0","0","0","0","0","0","0","-","0","0","0","0","0","0","0","0","0","0","0","0","0","0","0","0","0","0","0","1","0","0","0","0","0","0","0","0","0","0","0","0","0","0","0","0","0","0","0","0","0","0"
"0x77856b7b4d80","      IADD3 R4, P2, P3, R141, R4, R18","5","0","5","32768","1048576","1048576","32","32","0","0","0","-","-","-","0","0","0","0","0","0","0","0","-","0","0","0","0","0","0","0","0","0","0","0","0","0","0","0","0","0","0","0","5","0","0","0","0","0","0","0","0","0","0","0","0","0","0","0","0","0","0","0","0","0","0"
"0x77856b7b4d90","      IMAD.SHL.U32 R6, R21, 0x2, RZ","12","6","12","32768","1048576","1048576","32","32","0","0","0","-","-","-","0","0","0","0","0","0","0","0","-","0","0","0","0","0","0","0","0","2","0","0","0","0","4","0","0","0","0","3","0","0","0","0","3","0","0","1","0","0","0","0","2","0","0","0","0","0","0","0","0","0","3"
"0x77856b7b4da0","      IMAD R22, R22, UR7, RZ","8","3","8","32768","1048576","1048576","32","32","0","0","0","-","-","-","0","0","0","0","0","0","0","0","-","0","0","0","0","0","0","0","0","0","0","0","0","0","1","0","0","0","0","1","3","0","0","0","3","0","0","0","0","0","0","0","1","0","0","0","0","0","0","0","0","0","2"
"0x77856b7b4db0","      IADD3.X R5, RZ, R20, R17, P2, P3","4","0","4","32768","1048576","1048576","32","32","0","0","0","-","-","-","0","0","0","0","0","0","0","0","-","0","0","0","0","0","0","0","0","0","0","0","0","0","0","0","0","0","0","0","4","0","0","0","0","0","0","0","0","0","0","0","0","0","0","0","0","0","0","0","0","0","0"
"0x77856b7b4dc0","      IMAD.HI R21, R21, 0x2, RZ","3","0","3","32768","1048576","1048576","32","32","0","0","0","-","-","-","0","0","0","0","0","0","0","0","-","0","0","0","0","0","0","0","0","0","0","0","0","0","0","0","0","0","0","0","3","0","0","0","0","0","0","0","0","0","0","0","0","0","0","0","0","0","0","0","0","0","0"
"0x77856b7b4dd0","      IADD3 R6, P2, P3, R141, R6, R18","4","0","4","32768","1048576","1048576","32","32","0","0","0","-","-","-","0","0","0","0","0","0","0","0","-","0","0","0","0","0","0","0","0","0","0","0","0","0","0","0","0","0","0","0","4","0","0","0","0","0","0","0","0","0","0","0","0","0","0","0","0","0","0","0","0","0","0"
"0x77856b7b4de0","      FMUL R20, R35, 0.25","10","0","10","32768","1048576","1048576","32","32","0","0","0","-","-","-","0","0","0","0","0","0","0","0","-","0","0","0","0","0","0","0","0","2","0","0","0","0","0","0","0","0","0","3","0","0","0","0","5","0","0","0","0","0","0","0","0","0","0","0","0","0","0","0","0","0","0"
"0x77856b7b4df0","      IMAD.SHL.U32 R8, R22, 0x2, RZ","3","0","3","32768","1048576","1048576","32","32","0","0","0","-","-","-","0","0","0","0","0","0","0","0","-","0","0","0","0","0","0","0","0","1","0","0","0","0","0","0","0","0","0","0","2","0","0","0","0","0","0","0","0","0","0","0","0","0","0","0","0","0","0","0","0","0","0"
"0x77856b7b4e00","      IADD3.X R7, RZ, R21, R17, P2, P3","2","0","2","32768","1048576","1048576","32","32","0","0","0","-","-","-","0","0","0","0","0","0","0","0","-","0","0","0","0","0","0","0","0","0","0","0","0","0","0","0","0","0","0","0","2","0","0","0","0","0","0","0","0","0","0","0","0","0","0","0","0","0","0","0","0","0","0"
"0x77856b7b4e10","      IMAD R23, R23, UR7, RZ","4","0","4","32768","1048576","1048576","32","32","0","0","0","-","-","-","0","0","0","0","0","0","0","0","-","0","0","0","0","0","0","0","0","1","0","0","0","0","0","0","0","0","0","0","3","0","0","0","0","0","0","0","0","0","0","0","0","0","0","0","0","0","0","0","0","0","0"
"0x77856b7b4e20","      IMAD.HI R22, R22, 0x2, RZ","8","0","8","32768","1048576","1048576","32","32","0","0","0","-","-","-","0","0","0","0","0","0","0","0","-","0","0","0","0","0","0","0","0","0","0","0","0","0","1","0","0","0","0","2","2","0","0","0","3","0","0","0","0","0","0","0","0","0","0","0","0","0","0","0","0","0","0"
"0x77856b7b4e30","      IADD3 R8, P2, P3, R141, R8, R18","1","0","1","32768","1048576","1048576","32","32","0","0","0","-","-","-","0","0","0","0","0","0","0","0","-","0","0","0","0","0","0","0","0","0","0","0","0","0","0","0","0","0","0","0","1","0","0","0","0","0","0","0","0","0","0","0","0","0","0","0","0","0","0","0","0","0","0"
"0x77856b7b4e40","      IMAD.SHL.U32 R10, R23, 0x2, RZ","17","2","17","32768","1048576","1048576","32","32","0","0","0","-","-","-","0","0","0","0","0","0","0","0","-","0","0","0","0","0","0","0","0","0","0","0","0","0","5","0","0","0","0","5","3","0","0","0","4","0","0","0","0","0","0","0","2","0","0","0","0","0","0","0","0","0","0"
"0x77856b7b4e50","      IADD3.X R9, RZ, R22, R17, P2, P3","6","0","6","32768","1048576","1048576","32","32","0","0","0","-","-","-","0","0","0","0","0","0","0","0","-","0","0","0","0","0","0","0","0","0","0","0","0","0","0","0","0","0","0","0","6","0","0","0","0","0","0","0","0","0","0","0","0","0","0","0","0","0","0","0","0","0","0"
"0x77856b7b4e60","      IMAD R136, R136, UR7, RZ","1","0","1","32768","1048576","1048576","32","32","0","0","0","-","-","-","0","0","0","0","0","0","0","0","-","0","0","0","0","0","0","0","0","1","0","0","0","0","0","0","0","0","0","0","0","0","0","0","0","0","0","0","0","0","0","0","0","0","0","0","0","0","0","0","0","0","0"
"0x77856b7b4e70","      FMUL R22, R47, 0.25","6","3","6","32768","1048576","1048576","32","32","0","0","0","-","-","-","0","0","0","0","0","0","0","0","-","0","0","0","0","0","0","0","0","0","0","0","0","0","0","0","0","0","0","0","1","0","0","0","5","0","0","0","0","0","0","0","0","0","0","0","0","0","0","0","0","0","3"
"0x77856b7b4e80","      IMAD.HI R23, R23, 0x2, RZ","3","0","3","32768","1048576","1048576","32","32","0","0","0","-","-","-","0","0","0","0","0","0","0","0","-","0","0","0","0","0","0","0","0","0","0","0","0","0","0","0","0","0","0","0","3","0","0","0","0","0","0","0","0","0","0","0","0","0","0","0","0","0","0","0","0","0","0"
"0x77856b7b4e90","      IADD3 R10, P2, P3, R141, R10, R18","5","0","5","32768","1048576","1048576","32","32","0","0","0","-","-","-","0","0","0","0","0","0","0","0","-","0","0","0","0","0","0","0","0","0","0","0","0","0","0","0","0","0","0","0","5","0","0","0","0","0","0","0","0","0","0","0","0","0","0","0","0","0","0","0","0","0","0"
"0x77856b7b4ea0","      IMAD.SHL.U32 R12, R136, 0x2, RZ","23","4","23","32768","1048576","1048576","32","32","0","0","0","-","-","-","0","0","0","0","0","0","0","0","-","0","0","0","0","0","0","0","0","0","0","0","0","0","6","0","0","0","0","2","5","0","0","0","10","0","0","0","0","0","0","0","1","0","0","0","0","0","0","0","0","0","3"
"0x77856b7b4eb0","      IADD3.X R11, RZ, R23, R17, P2, P3","2","0","2","32768","1048576","1048576","32","32","0","0","0","-","-","-","0","0","0","0","0","0","0","0","-","0","0","0","0","0","0","0","0","0","0","0","0","0","0","0","0","0","0","0","2","0","0","0","0","0","0","0","0","0","0","0","0","0","0","0","0","0","0","0","0","0","0"
"0x77856b7b4ec0","      IMAD R137, R137, UR7, RZ","2","0","2","32768","1048576","1048576","32","32","0","0","0","-","-","-","0","0","0","0","0","0","0","0","-","0","0","0","0","0","0","0","0","0","0","0","0","0","0","0","0","0","0","0","2","0","0","0","0","0","0","0","0","0","0","0","0","0","0","0","0","0","0","0","0","0","0"
"0x77856b7b4ed0","      FMUL R23, R34, 0.25","7","0","7","32768","1048576","1048576","32","32","0","0","0","-","-","-","0","0","0","0","0","0","0","0","-","0","0","0","0","0","0","0","0","0","0","0","0","0","0","0","0","0","0","0","2","0","0","0","5","0","0","0","0","0","0","0","0","0","0","0","0","0","0","0","0","0","0"
"0x77856b7b4ee0","      IMAD.HI R136, R136, 0x2, RZ","6","3","6","32768","1048576","1048576","32","32","0","0","0","-","-","-","0","0","0","0","0","0","0","0","-","0","0","0","0","0","0","0","0","0","0","0","0","0","3","0","0","0","0","0","3","0","0","0","0","0","0","0","0","0","0","0","3","0","0","0","0","0","0","0","0","0","0"
"0x77856b7b4ef0","      IADD3 R12, P2, P3, R141, R12, R18","4","0","4","32768","1048576","1048576","32","32","0","0","0","-","-","-","0","0","0","0","0","0","0","0","-","0","0","0","0","0","0","0","0","0","0","0","0","0","0","0","0","0","0","0","4","0","0","0","0","0","0","0","0","0","0","0","0","0","0","0","0","0","0","0","0","0","0"
"0x77856b7b4f00","      IMAD.SHL.U32 R14, R137, 0x2, RZ","9","1","9","32768","1048576","1048576","32","32","0","0","0","-","-","-","0","0","0","0","0","0","0","0","-","0","0","0","0","0","0","0","0","0","0","0","0","0","1","0","0","0","0","3","2","0","0","0","3","0","0","0","0","0","0","0","0","0","0","0","0","0","0","0","0","0","1"
"0x77856b7b4f10","      IADD3.X R13, RZ, R136, R17, P2, P3","4","0","4","32768","1048576","1048576","32","32","0","0","0","-","-","-","0","0","0","0","0","0","0","0","-","0","0","0","0","0","0","0","0","3","0","0","0","0","0","0","0","0","0","0","1","0","0","0","0","0","0","0","0","0","0","0","0","0","0","0","0","0","0","0","0","0","0"
"0x77856b7b4f20","      IMAD R138, R138, UR7, RZ","0","0","0","32768","1048576","1048576","32","32","0","0","0","-","-","-","0","0","0","0","0","0","0","0","-","0","0","0","0","0","0","0","0","0","0","0","0","0","0","0","0","0","0","0","0","0","0","0","0","0","0","0","0","0","0","0","0","0","0","0","0","0","0","0","0","0","0"
"0x77856b7b4f30","      IMAD.HI R137, R137, 0x2, RZ","6","1","6","32768","1048576","1048576","32","32","0","0","0","-","-","-","0","0","0","0","0","0","0","0","-","0","0","0","0","0","0","0","0","0","0","0","0","0","0","0","0","0","0","1","3","0","0","0","2","0","0","0","0","0","0","0","0","0","0","0","0","0","0","0","0","0","1"
"0x77856b7b4f40","      IADD3 R14, P2, P3, R141, R14, R18","0","0","0","32768","1048576","1048576","32","32","0","0","0","-","-","-","0","0","0","0","0","0","0","0","-","0","0","0","0","0","0","0","0","0","0","0","0","0","0","0","0","0","0","0","0","0","0","0","0","0","0","0","0","0","0","0","0","0","0","0","0","0","0","0","0","0","0"
"0x77856b7b4f50","      IMAD.SHL.U32 R16, R138, 0x2, RZ","13","2","13","32768","1048576","1048576","32","32","0","0","0","-","-","-","0","0","0","0","0","0","0","0","-","0","0","0","0","0","0","0","0","0","0","0","0","0","8","0","0","0","0","2","0","0","0","0","3","0","0","0","0","0","0","0","2","0","0","0","0","0","0","0","0","0","0"
"0x77856b7b4f60","      IADD3.X R15, RZ, R137, R17, P2, P3","5","0","5","32768","1048576","1048576","32","32","0","0","0","-","-","-","0","0","0","0","0","0","0","0","-","0","0","0","0","0","0","0","0","2","0","0","0","0","0","0","0","0","0","0","3","0","0","0","0","0","0","0","0","0","0","0","0","0","0","0","0","0","0","0","0","0","0"
"0x77856b7b4f70","      IMAD.HI R138, R138, 0x2, RZ","0","0","0","32768","1048576","1048576","32","32","0","0","0","-","-","-","0","0","0","0","0","0","0","0","-","0","0","0","0","0","0","0","0","0","0","0","0","0","0","0","0","0","0","0","0","0","0","0","0","0","0","0","0","0","0","0","0","0","0","0","0","0","0","0","0","0","0"
"0x77856b7b4f80","      IADD3 R16, P2, P3, R141, R16, R18","79","1","79","32768","1048576","1048576","32","32","0","0","0","-","-","-","0","0","0","0","0","0","0","0","-","0","0","0","0","0","0","0","0","1","0","0","0","0","35","0","0","0","0","36","0","0","0","0","7","0","0","0","0","0","0","0","0","0","0","0","0","0","0","0","0","0","1"
"0x77856b7b4f90","      FMUL R18, R27, 0.25","4","0","4","32768","1048576","1048576","32","32","0","0","0","-","-","-","0","0","0","0","0","0","0","0","-","0","0","0","0","0","0","0","0","0","0","0","0","0","0","0","0","0","0","0","4","0","0","0","0","0","0","0","0","0","0","0","0","0","0","0","0","0","0","0","0","0","0"
"0x77856b7b4fa0","      IADD3.X R17, RZ, R138, R17, P2, P3","60","2","60","32768","1048576","1048576","32","32","0","0","0","-","-","-","0","0","0","0","0","0","0","0","-","0","0","0","0","0","0","0","0","0","0","0","0","0","20","0","0","0","0","37","0","0","0","0","3","0","0","0","0","0","0","0","1","0","0","0","0","0","0","0","0","0","1"
"0x77856b7b4fb0","      FSETP.GT.AND P3, PT, |R144|, 8.50705917302346158658e+37, PT","11","1","11","32768","1048576","1048576","32","32","0","0","0","-","-","-","0","0","0","0","0","0","0","0","-","0","0","0","0","0","0","0","0","0","0","0","0","0","2","0","0","0","0","6","1","0","0","0","2","0","0","0","0","0","0","0","0","0","0","0","0","0","0","0","0","0","1"
"0x77856b7b4fc0","      FSETP.GEU.AND P2, PT, |R144|, 1.175494350822287508e-38, PT","93","1","93","32768","1048576","1048576","32","32","0","0","0","-","-","-","0","0","0","0","0","0","0","0","-","0","0","0","0","0","0","0","0","0","0","0","0","0","12","0","0","0","0","77","4","0","0","0","0","0","0","0","0","0","0","0","1","0","0","0","0","0","0","0","0","0","0"
"0x77856b7b4fd0","      FSEL R21, R19, R26, P3","36","1","36","32768","1048576","1048576","32","32","0","0","0","-","-","-","0","0","0","0","0","0","0","0","-","0","0","0","0","0","0","0","0","2","0","0","0","0","6","0","0","0","0","26","1","0","0","0","1","0","0","0","0","0","0","0","0","0","0","0","0","0","0","0","0","0","1"
"0x77856b7b4fe0","      FMUL R19, R30, 0.25","3","0","3","32768","1048576","1048576","32","32","0","0","0","-","-","-","0","0","0","0","0","0","0","0","-","0","0","0","0","0","0","0","0","1","0","0","0","0","0","0","0","0","0","0","2","0","0","0","0","0","0","0","0","0","0","0","0","0","0","0","0","0","0","0","0","0","0"
"0x77856b7b4ff0","      FSEL R27, R18, R27, P3","5","0","5","32768","1048576","1048576","32","32","0","0","0","-","-","-","0","0","0","0","0","0","0","0","-","0","0","0","0","0","0","0","0","0","0","0","0","0","0","0","0","0","0","0","5","0","0","0","0","0","0","0","0","0","0","0","0","0","0","0","0","0","0","0","0","0","0"
"0x77856b7b5000","      FMUL R18, R31, 0.25","3","0","3","32768","1048576","1048576","32","32","0","0","0","-","-","-","0","0","0","0","0","0","0","0","-","0","0","0","0","0","0","0","0","0","0","0","0","0","0","0","0","0","0","0","3","0","0","0","0","0","0","0","0","0","0","0","0","0","0","0","0","0","0","0","0","0","0"
"0x77856b7b5010","      FSEL R93, R20, R35, P3","1","0","1","32768","1048576","1048576","32","32","0","0","0","-","-","-","0","0","0","0","0","0","0","0","-","0","0","0","0","0","0","0","0","0","0","0","0","0","0","0","0","0","0","0","1","0","0","0","0","0","0","0","0","0","0","0","0","0","0","0","0","0","0","0","0","0","0"
"0x77856b7b5020","      FMUL R20, R43, 0.25","3","0","3","32768","1048576","1048576","32","32","0","0","0","-","-","-","0","0","0","0","0","0","0","0","-","0","0","0","0","0","0","0","0","0","0","0","0","0","0","0","0","0","0","0","3","0","0","0","0","0","0","0","0","0","0","0","0","0","0","0","0","0","0","0","0","0","0"
"0x77856b7b5030","      FSEL R89, R19, R30, P3","0","0","0","32768","1048576","1048576","32","32","0","0","0","-","-","-","0","0","0","0","0","0","0","0","-","0","0","0","0","0","0","0","0","0","0","0","0","0","0","0","0","0","0","0","0","0","0","0","0","0","0","0","0","0","0","0","0","0","0","0","0","0","0","0","0","0","0"
"0x77856b7b5040","      FMUL R19, R42, 0.25","5","0","5","32768","1048576","1048576","32","32","0","0","0","-","-","-","0","0","0","0","0","0","0","0","-","0","0","0","0","0","0","0","0","0","0","0","0","0","0","0","0","0","0","0","5","0","0","0","0","0","0","0","0","0","0","0","0","0","0","0","0","0","0","0","0","0","0"
"0x77856b7b5050","      FSEL R31, R18, R31, P3","2","0","2","32768","1048576","1048576","32","32","0","0","0","-","-","-","0","0","0","0","0","0","0","0","-","0","0","0","0","0","0","0","0","0","0","0","0","0","0","0","0","0","0","0","2","0","0","0","0","0","0","0","0","0","0","0","0","0","0","0","0","0","0","0","0","0","0"
"0x77856b7b5060","      FMUL R18, R39, 0.25","2","0","2","32768","1048576","1048576","32","32","0","0","0","-","-","-","0","0","0","0","0","0","0","0","-","0","0","0","0","0","0","0","0","0","0","0","0","0","0","0","0","0","0","0","2","0","0","0","0","0","0","0","0","0","0","0","0","0","0","0","0","0","0","0","0","0","0"
"0x77856b7b5070","      FSEL R91, R23, R34, P3","2","0","2","32768","1048576","1048576","32","32","0","0","0","-","-","-","0","0","0","0","0","0","0","0","-","0","0","0","0","0","0","0","0","0","0","0","0","0","0","0","0","0","0","0","2","0","0","0","0","0","0","0","0","0","0","0","0","0","0","0","0","0","0","0","0","0","0"
"0x77856b7b5080","      FMUL R23, R46, 0.25","0","0","0","32768","1048576","1048576","32","32","0","0","0","-","-","-","0","0","0","0","0","0","0","0","-","0","0","0","0","0","0","0","0","0","0","0","0","0","0","0","0","0","0","0","0","0","0","0","0","0","0","0","0","0","0","0","0","0","0","0","0","0","0","0","0","0","0"
"0x77856b7b5090","      FSEL R101, R20, R43, P3","1","0","1","32768","1048576","1048576","32","32","0","0","0","-","-","-","0","0","0","0","0","0","0","0","-","0","0","0","0","0","0","0","0","0","0","0","0","0","0","0","0","0","0","0","1","0","0","0","0","0","0","0","0","0","0","0","0","0","0","0","0","0","0","0","0","0","0"
"0x77856b7b50a0","      FMUL R20, R55, 0.25","3","0","3","32768","1048576","1048576","32","32","0","0","0","-","-","-","0","0","0","0","0","0","0","0","-","0","0","0","0","0","0","0","0","0","0","0","0","0","0","0","0","0","0","0","3","0","0","0","0","0","0","0","0","0","0","0","0","0","0","0","0","0","0","0","0","0","0"
"0x77856b7b50b0","      FSEL R97, R18, R39, P3","4","0","4","32768","1048576","1048576","32","32","0","0","0","-","-","-","0","0","0","0","0","0","0","0","-","0","0","0","0","0","0","0","0","0","0","0","0","0","0","0","0","0","0","0","4","0","0","0","0","0","0","0","0","0","0","0","0","0","0","0","0","0","0","0","0","0","0"
"0x77856b7b50c0","      FMUL R18, R51, 0.25","3","0","3","32768","1048576","1048576","32","32","0","0","0","-","-","-","0","0","0","0","0","0","0","0","-","0","0","0","0","0","0","0","0","0","0","0","0","0","0","0","0","0","0","0","3","0","0","0","0","0","0","0","0","0","0","0","0","0","0","0","0","0","0","0","0","0","0"
"0x77856b7b50d0","      FSEL R99, R19, R42, P3","2","0","2","32768","1048576","1048576","32","32","0","0","0","-","-","-","0","0","0","0","0","0","0","0","-","0","0","0","0","0","0","0","0","0","0","0","0","0","0","0","0","0","0","0","2","0","0","0","0","0","0","0","0","0","0","0","0","0","0","0","0","0","0","0","0","0","0"
"0x77856b7b50e0","      FMUL R19, R50, 0.25","2","0","2","32768","1048576","1048576","32","32","0","0","0","-","-","-","0","0","0","0","0","0","0","0","-","0","0","0","0","0","0","0","0","0","0","0","0","0","0","0","0","0","0","0","2","0","0","0","0","0","0","0","0","0","0","0","0","0","0","0","0","0","0","0","0","0","0"
"0x77856b7b50f0","      FSEL R103, R23, R46, P3","2","0","2","32768","1048576","1048576","32","32","0","0","0","-","-","-","0","0","0","0","0","0","0","0","-","0","0","0","0","0","0","0","0","0","0","0","0","0","0","0","0","0","0","0","2","0","0","0","0","0","0","0","0","0","0","0","0","0","0","0","0","0","0","0","0","0","0"
"0x77856b7b5100","      FMUL R23, R54, 0.25","3","0","3","32768","1048576","1048576","32","32","0","0","0","-","-","-","0","0","0","0","0","0","0","0","-","0","0","0","0","0","0","0","0","0","0","0","0","0","0","0","0","0","0","0","3","0","0","0","0","0","0","0","0","0","0","0","0","0","0","0","0","0","0","0","0","0","0"
"0x77856b7b5110","      FSEL R113, R20, R55, P3","3","0","3","32768","1048576","1048576","32","32","0","0","0","-","-","-","0","0","0","0","0","0","0","0","-","0","0","0","0","0","0","0","0","0","0","0","0","0","0","0","0","0","0","0","3","0","0","0","0","0","0","0","0","0","0","0","0","0","0","0","0","0","0","0","0","0","0"
"0x77856b7b5120","      FMUL R20, R63, 0.25","3","0","3","32768","1048576","1048576","32","32","0","0","0","-","-","-","0","0","0","0","0","0","0","0","-","0","0","0","0","0","0","0","0","0","0","0","0","0","0","0","0","0","0","0","3","0","0","0","0","0","0","0","0","0","0","0","0","0","0","0","0","0","0","0","0","0","0"
"0x77856b7b5130","      FSEL R107, R19, R50, P3","3","0","3","32768","1048576","1048576","32","32","0","0","0","-","-","-","0","0","0","0","0","0","0","0","-","0","0","0","0","0","0","0","0","0","0","0","0","0","0","0","0","0","0","0","3","0","0","0","0","0","0","0","0","0","0","0","0","0","0","0","0","0","0","0","0","0","0"
"0x77856b7b5140","      FMUL R19, R62, 0.25","1","0","1","32768","1048576","1048576","32","32","0","0","0","-","-","-","0","0","0","0","0","0","0","0","-","0","0","0","0","0","0","0","0","0","0","0","0","0","0","0","0","0","0","0","1","0","0","0","0","0","0","0","0","0","0","0","0","0","0","0","0","0","0","0","0","0","0"
"0x77856b7b5150","      FSEL R109, R18, R51, P3","3","0","3","32768","1048576","1048576","32","32","0","0","0","-","-","-","0","0","0","0","0","0","0","0","-","0","0","0","0","0","0","0","0","0","0","0","0","0","0","0","0","0","0","0","3","0","0","0","0","0","0","0","0","0","0","0","0","0","0","0","0","0","0","0","0","0","0"
"0x77856b7b5160","      FMUL R18, R59, 0.25","2","0","2","32768","1048576","1048576","32","32","0","0","0","-","-","-","0","0","0","0","0","0","0","0","-","0","0","0","0","0","0","0","0","0","0","0","0","0","0","0","0","0","0","0","2","0","0","0","0","0","0","0","0","0","0","0","0","0","0","0","0","0","0","0","0","0","0"
"0x77856b7b5170","      FSEL R111, R23, R54, P3","1","0","1","32768","1048576","1048576","32","32","0","0","0","-","-","-","0","0","0","0","0","0","0","0","-","0","0","0","0","0","0","0","0","0","0","0","0","0","0","0","0","0","0","0","1","0","0","0","0","0","0","0","0","0","0","0","0","0","0","0","0","0","0","0","0","0","0"
"0x77856b7b5180","      FMUL R23, R66, 0.25","0","0","0","32768","1048576","1048576","32","32","0","0","0","-","-","-","0","0","0","0","0","0","0","0","-","0","0","0","0","0","0","0","0","0","0","0","0","0","0","0","0","0","0","0","0","0","0","0","0","0","0","0","0","0","0","0","0","0","0","0","0","0","0","0","0","0","0"
"0x77856b7b5190","      FSEL R121, R20, R63, P3","2","0","2","32768","1048576","1048576","32","32","0","0","0","-","-","-","0","0","0","0","0","0","0","0","-","0","0","0","0","0","0","0","0","0","0","0","0","0","0","0","0","0","0","0","2","0","0","0","0","0","0","0","0","0","0","0","0","0","0","0","0","0","0","0","0","0","0"
"0x77856b7b51a0","      FMUL R20, R75, 0.25","0","0","0","32768","1048576","1048576","32","32","0","0","0","-","-","-","0","0","0","0","0","0","0","0","-","0","0","0","0","0","0","0","0","0","0","0","0","0","0","0","0","0","0","0","0","0","0","0","0","0","0","0","0","0","0","0","0","0","0","0","0","0","0","0","0","0","0"
"0x77856b7b51b0","      FSEL R105, R22, R47, P3","1","0","1","32768","1048576","1048576","32","32","0","0","0","-","-","-","0","0","0","0","0","0","0","0","-","0","0","0","0","0","0","0","0","0","0","0","0","0","0","0","0","0","0","0","1","0","0","0","0","0","0","0","0","0","0","0","0","0","0","0","0","0","0","0","0","0","0"
"0x77856b7b51c0","      FMUL R35, R58, 0.25","2","0","2","32768","1048576","1048576","32","32","0","0","0","-","-","-","0","0","0","0","0","0","0","0","-","0","0","0","0","0","0","0","0","0","0","0","0","0","0","0","0","0","0","0","2","0","0","0","0","0","0","0","0","0","0","0","0","0","0","0","0","0","0","0","0","0","0"
"0x77856b7b51d0","      FSEL R117, R18, R59, P3","1","0","1","32768","1048576","1048576","32","32","0","0","0","-","-","-","0","0","0","0","0","0","0","0","-","0","0","0","0","0","0","0","0","0","0","0","0","0","0","0","0","0","0","0","1","0","0","0","0","0","0","0","0","0","0","0","0","0","0","0","0","0","0","0","0","0","0"
"0x77856b7b51e0","      FMUL R22, R67, 0.25","4","0","4","32768","1048576","1048576","32","32","0","0","0","-","-","-","0","0","0","0","0","0","0","0","-","0","0","0","0","0","0","0","0","0","0","0","0","0","0","0","0","0","0","0","4","0","0","0","0","0","0","0","0","0","0","0","0","0","0","0","0","0","0","0","0","0","0"
"0x77856b7b51f0","      FSEL R119, R19, R62, P3","4","0","4","32768","1048576","1048576","32","32","0","0","0","-","-","-","0","0","0","0","0","0","0","0","-","0","0","0","0","0","0","0","0","0","0","0","0","0","0","0","0","0","0","0","4","0","0","0","0","0","0","0","0","0","0","0","0","0","0","0","0","0","0","0","0","0","0"
"0x77856b7b5200","      FMUL R19, R70, 0.25","1","0","1","32768","1048576","1048576","32","32","0","0","0","-","-","-","0","0","0","0","0","0","0","0","-","0","0","0","0","0","0","0","0","0","0","0","0","0","0","0","0","0","0","0","1","0","0","0","0","0","0","0","0","0","0","0","0","0","0","0","0","0","0","0","0","0","0"
"0x77856b7b5210","      FSEL R123, R23, R66, P3","6","0","6","32768","1048576","1048576","32","32","0","0","0","-","-","-","0","0","0","0","0","0","0","0","-","0","0","0","0","0","0","0","0","0","0","0","0","0","0","0","0","0","0","0","6","0","0","0","0","0","0","0","0","0","0","0","0","0","0","0","0","0","0","0","0","0","0"
"0x77856b7b5220","      FMUL R18, R71, 0.25","1","0","1","32768","1048576","1048576","32","32","0","0","0","-","-","-","0","0","0","0","0","0","0","0","-","0","0","0","0","0","0","0","0","0","0","0","0","0","0","0","0","0","0","0","1","0","0","0","0","0","0","0","0","0","0","0","0","0","0","0","0","0","0","0","0","0","0"
"0x77856b7b5230","      FMUL R23, R74, 0.25","2","0","2","32768","1048576","1048576","32","32","0","0","0","-","-","-","0","0","0","0","0","0","0","0","-","0","0","0","0","0","0","0","0","0","0","0","0","0","0","0","0","0","0","0","2","0","0","0","0","0","0","0","0","0","0","0","0","0","0","0","0","0","0","0","0","0","0"
"0x77856b7b5240","      FSEL R133, R20, R75, P3","5","0","5","32768","1048576","1048576","32","32","0","0","0","-","-","-","0","0","0","0","0","0","0","0","-","0","0","0","0","0","0","0","0","0","0","0","0","0","0","0","0","0","0","0","5","0","0","0","0","0","0","0","0","0","0","0","0","0","0","0","0","0","0","0","0","0","0"
"0x77856b7b5250","      FMUL R20, R83, 0.25","2","0","2","32768","1048576","1048576","32","32","0","0","0","-","-","-","0","0","0","0","0","0","0","0","-","0","0","0","0","0","0","0","0","0","0","0","0","0","0","0","0","0","0","0","2","0","0","0","0","0","0","0","0","0","0","0","0","0","0","0","0","0","0","0","0","0","0"
"0x77856b7b5260","      FSEL R115, R35, R58, P3","3","0","3","32768","1048576","1048576","32","32","0","0","0","-","-","-","0","0","0","0","0","0","0","0","-","0","0","0","0","0","0","0","0","0","0","0","0","0","0","0","0","0","0","0","3","0","0","0","0","0","0","0","0","0","0","0","0","0","0","0","0","0","0","0","0","0","0"
"0x77856b7b5270","      FMUL R35, R78, 0.25","1","0","1","32768","1048576","1048576","32","32","0","0","0","-","-","-","0","0","0","0","0","0","0","0","-","0","0","0","0","0","0","0","0","0","0","0","0","0","0","0","0","0","0","0","1","0","0","0","0","0","0","0","0","0","0","0","0","0","0","0","0","0","0","0","0","0","0"
"0x77856b7b5280","      FSEL R125, R22, R67, P3","3","1","3","32768","1048576","1048576","32","32","0","0","0","-","-","-","0","0","0","0","0","0","0","0","-","0","0","0","0","0","0","0","0","0","0","0","0","0","1","0","0","0","0","0","2","0","0","0","0","0","0","0","0","0","0","0","1","0","0","0","0","0","0","0","0","0","0"
"0x77856b7b5290","      FMUL R22, R87, 0.25","2","0","2","32768","1048576","1048576","32","32","0","0","0","-","-","-","0","0","0","0","0","0","0","0","-","0","0","0","0","0","0","0","0","0","0","0","0","0","0","0","0","0","0","0","2","0","0","0","0","0","0","0","0","0","0","0","0","0","0","0","0","0","0","0","0","0","0"
"0x77856b7b52a0","      FSEL R127, R19, R70, P3","6","0","6","32768","1048576","1048576","32","32","0","0","0","-","-","-","0","0","0","0","0","0","0","0","-","0","0","0","0","0","0","0","0","0","0","0","0","0","0","0","0","0","0","0","6","0","0","0","0","0","0","0","0","0","0","0","0","0","0","0","0","0","0","0","0","0","0"
"0x77856b7b52b0","      FMUL R19, R82, 0.25","0","0","0","32768","1048576","1048576","32","32","0","0","0","-","-","-","0","0","0","0","0","0","0","0","-","0","0","0","0","0","0","0","0","0","0","0","0","0","0","0","0","0","0","0","0","0","0","0","0","0","0","0","0","0","0","0","0","0","0","0","0","0","0","0","0","0","0"
"0x77856b7b52c0","      FSEL R129, R18, R71, P3","2","0","2","32768","1048576","1048576","32","32","0","0","0","-","-","-","0","0","0","0","0","0","0","0","-","0","0","0","0","0","0","0","0","0","0","0","0","0","0","0","0","0","0","0","2","0","0","0","0","0","0","0","0","0","0","0","0","0","0","0","0","0","0","0","0","0","0"
"0x77856b7b52d0","      FMUL R18, R79, 0.25","1","0","1","32768","1048576","1048576","32","32","0","0","0","-","-","-","0","0","0","0","0","0","0","0","-","0","0","0","0","0","0","0","0","0","0","0","0","0","0","0","0","0","0","0","1","0","0","0","0","0","0","0","0","0","0","0","0","0","0","0","0","0","0","0","0","0","0"
"0x77856b7b52e0","      FSEL R131, R23, R74, P3","2","0","2","32768","1048576","1048576","32","32","0","0","0","-","-","-","0","0","0","0","0","0","0","0","-","0","0","0","0","0","0","0","0","0","0","0","0","0","0","0","0","0","0","0","2","0","0","0","0","0","0","0","0","0","0","0","0","0","0","0","0","0","0","0","0","0","0"
"0x77856b7b52f0","      FMUL R23, R86, 0.25","2","0","2","32768","1048576","1048576","32","32","0","0","0","-","-","-","0","0","0","0","0","0","0","0","-","0","0","0","0","0","0","0","0","0","0","0","0","0","0","0","0","0","0","0","2","0","0","0","0","0","0","0","0","0","0","0","0","0","0","0","0","0","0","0","0","0","0"
"0x77856b7b5300","      IMAD.MOV.U32 R26, RZ, RZ, R145","1","0","1","32768","1048576","1048576","32","32","0","0","0","-","-","-","0","0","0","0","0","0","0","0","-","0","0","0","0","0","0","0","0","0","0","0","0","0","0","0","0","0","0","0","1","0","0","0","0","0","0","0","0","0","0","0","0","0","0","0","0","0","0","0","0","0","0"
"0x77856b7b5310","      FSEL R141, R20, R83, P3","3","0","3","32768","1048576","1048576","32","32","0","0","0","-","-","-","0","0","0","0","0","0","0","0","-","0","0","0","0","0","0","0","0","0","0","0","0","0","0","0","0","0","0","0","3","0","0","0","0","0","0","0","0","0","0","0","0","0","0","0","0","0","0","0","0","0","0"
"0x77856b7b5320","@P3   FMUL R144, R144, 0.25","1","0","1","32768","1048576","0","32","0","32","32","0","-","-","-","0","0","0","0","0","0","0","0","-","0","0","0","0","0","0","0","0","0","0","0","0","0","0","0","0","0","0","0","1","0","0","0","0","0","0","0","0","0","0","0","0","0","0","0","0","0","0","0","0","0","0"
"0x77856b7b5330","      FSEL R95, R95, R38, P3","2","0","2","32768","1048576","1048576","32","32","32","0","0","-","-","-","0","0","0","0","0","0","0","0","-","0","0","0","0","0","0","0","0","0","0","0","0","0","0","0","0","0","0","0","2","0","0","0","0","0","0","0","0","0","0","0","0","0","0","0","0","0","0","0","0","0","0"
"0x77856b7b5340","      FMUL R20, R33, 0.25","3","0","3","32768","1048576","1048576","32","32","0","0","0","-","-","-","0","0","0","0","0","0","0","0","-","0","0","0","0","0","0","0","0","0","0","0","0","0","0","0","0","0","0","0","3","0","0","0","0","0","0","0","0","0","0","0","0","0","0","0","0","0","0","0","0","0","0"
"0x77856b7b5350","      FSEL R135, R35, R78, P3","4","0","4","32768","1048576","1048576","32","32","0","0","0","-","-","-","0","0","0","0","0","0","0","0","-","0","0","0","0","0","0","0","0","0","0","0","0","0","0","0","0","0","0","0","4","0","0","0","0","0","0","0","0","0","0","0","0","0","0","0","0","0","0","0","0","0","0"
"0x77856b7b5360","@!P2  FMUL R144, R144, 16777216","2","0","2","32768","1048576","0","32","0","32","32","0","-","-","-","0","0","0","0","0","0","0","0","-","0","0","0","0","0","0","0","0","0","0","0","0","0","0","0","0","0","0","0","2","0","0","0","0","0","0","0","0","0","0","0","0","0","0","0","0","0","0","0","0","0","0"
"0x77856b7b5370","      FSEL R137, R18, R79, P3","5","0","5","32768","1048576","1048576","32","32","32","0","0","-","-","-","0","0","0","0","0","0","0","0","-","0","0","0","0","0","0","0","0","0","0","0","0","0","0","0","0","0","0","0","5","0","0","0","0","0","0","0","0","0","0","0","0","0","0","0","0","0","0","0","0","0","0"
"0x77856b7b5380","      FMUL R18, R25, 0.25","2","0","2","32768","1048576","1048576","32","32","0","0","0","-","-","-","0","0","0","0","0","0","0","0","-","0","0","0","0","0","0","0","0","0","0","0","0","0","0","0","0","0","0","0","2","0","0","0","0","0","0","0","0","0","0","0","0","0","0","0","0","0","0","0","0","0","0"
"0x77856b7b5390","      FSEL R139, R19, R82, P3","0","0","0","32768","1048576","1048576","32","32","0","0","0","-","-","-","0","0","0","0","0","0","0","0","-","0","0","0","0","0","0","0","0","0","0","0","0","0","0","0","0","0","0","0","0","0","0","0","0","0","0","0","0","0","0","0","0","0","0","0","0","0","0","0","0","0","0"
"0x77856b7b53a0","      FMUL R19, R24, 0.25","1","0","1","32768","1048576","1048576","32","32","0","0","0","-","-","-","0","0","0","0","0","0","0","0","-","0","0","0","0","0","0","0","0","0","0","0","0","0","0","0","0","0","0","0","1","0","0","0","0","0","0","0","0","0","0","0","0","0","0","0","0","0","0","0","0","0","0"
"0x77856b7b53b0","      FSEL R143, R23, R86, P3","4","0","4","32768","1048576","1048576","32","32","0","0","0","-","-","-","0","0","0","0","0","0","0","0","-","0","0","0","0","0","0","0","0","0","0","0","0","0","0","0","0","0","0","0","4","0","0","0","0","0","0","0","0","0","0","0","0","0","0","0","0","0","0","0","0","0","0"
"0x77856b7b53c0","      FMUL R23, R28, 0.25","1","0","1","32768","1048576","1048576","32","32","0","0","0","-","-","-","0","0","0","0","0","0","0","0","-","0","0","0","0","0","0","0","0","0","0","0","0","0","0","0","0","0","0","0","1","0","0","0","0","0","0","0","0","0","0","0","0","0","0","0","0","0","0","0","0","0","0"
"0x77856b7b53d0","      FSEL R147, R22, R87, P3","0","0","0","32768","1048576","1048576","32","32","0","0","0","-","-","-","0","0","0","0","0","0","0","0","-","0","0","0","0","0","0","0","0","0","0","0","0","0","0","0","0","0","0","0","0","0","0","0","0","0","0","0","0","0","0","0","0","0","0","0","0","0","0","0","0","0","0"
"0x77856b7b53e0","      FMUL R22, R45, 0.25","1","0","1","32768","1048576","1048576","32","32","0","0","0","-","-","-","0","0","0","0","0","0","0","0","-","0","0","0","0","0","0","0","0","0","0","0","0","0","0","0","0","0","0","0","1","0","0","0","0","0","0","0","0","0","0","0","0","0","0","0","0","0","0","0","0","0","0"
"0x77856b7b53f0","      FSETP.GT.AND P3, PT, |R26|, 8.50705917302346158658e+37, PT","1","0","1","32768","1048576","1048576","32","32","0","0","0","-","-","-","0","0","0","0","0","0","0","0","-","0","0","0","0","0","0","0","0","0","0","0","0","0","0","0","0","0","0","0","1","0","0","0","0","0","0","0","0","0","0","0","0","0","0","0","0","0","0","0","0","0","0"
"0x77856b7b5400","      FMUL R35, R32, 0.25","5","0","5","32768","1048576","1048576","32","32","0","0","0","-","-","-","0","0","0","0","0","0","0","0","-","0","0","0","0","0","0","0","0","0","0","0","0","0","0","0","0","0","2","0","3","0","0","0","0","0","0","0","0","0","0","0","0","0","0","0","0","0","0","0","0","0","0"
"0x77856b7b5410","      FSETP.GEU.AND P4, PT, |R26|, 1.175494350822287508e-38, PT","1","0","1","32768","1048576","1048576","32","32","0","0","0","-","-","-","0","0","0","0","0","0","0","0","-","0","0","0","0","0","0","0","0","0","0","0","0","0","0","0","0","0","0","0","1","0","0","0","0","0","0","0","0","0","0","0","0","0","0","0","0","0","0","0","0","0","0"
"0x77856b7b5420","      FMUL R39, R36, 0.25","4","0","4","32768","1048576","1048576","32","32","0","0","0","-","-","-","0","0","0","0","0","0","0","0","-","0","0","0","0","0","0","0","0","0","0","0","0","0","0","0","0","0","0","0","4","0","0","0","0","0","0","0","0","0","0","0","0","0","0","0","0","0","0","0","0","0","0"
"0x77856b7b5430","      FSEL R33, R20, R33, P3","2","0","2","32768","1048576","1048576","32","32","0","0","0","-","-","-","0","0","0","0","0","0","0","0","-","0","0","0","0","0","0","0","0","0","0","0","0","0","0","0","0","0","0","0","2","0","0","0","0","0","0","0","0","0","0","0","0","0","0","0","0","0","0","0","0","0","0"
"0x77856b7b5440","      FMUL R20, R41, 0.25","2","0","2","32768","1048576","1048576","32","32","0","0","0","-","-","-","0","0","0","0","0","0","0","0","-","0","0","0","0","0","0","0","0","0","0","0","0","0","0","0","0","0","0","0","2","0","0","0","0","0","0","0","0","0","0","0","0","0","0","0","0","0","0","0","0","0","0"
"0x77856b7b5450","      FSEL R25, R18, R25, P3","1","0","1","32768","1048576","1048576","32","32","0","0","0","-","-","-","0","0","0","0","0","0","0","0","-","0","0","0","0","0","0","0","0","0","0","0","0","0","0","0","0","0","0","0","1","0","0","0","0","0","0","0","0","0","0","0","0","0","0","0","0","0","0","0","0","0","0"
"0x77856b7b5460","      FMUL R18, R29, 0.25","1","0","1","32768","1048576","1048576","32","32","0","0","0","-","-","-","0","0","0","0","0","0","0","0","-","0","0","0","0","0","0","0","0","0","0","0","0","0","0","0","0","0","0","0","1","0","0","0","0","0","0","0","0","0","0","0","0","0","0","0","0","0","0","0","0","0","0"
"0x77856b7b5470","      FSEL R45, R22, R45, P3","3","0","3","32768","1048576","1048576","32","32","0","0","0","-","-","-","0","0","0","0","0","0","0","0","-","0","0","0","0","0","0","0","0","0","0","0","0","0","0","0","0","0","0","0","3","0","0","0","0","0","0","0","0","0","0","0","0","0","0","0","0","0","0","0","0","0","0"
"0x77856b7b5480","      FMUL R22, R65, 0.25","1","0","1","32768","1048576","1048576","32","32","0","0","0","-","-","-","0","0","0","0","0","0","0","0","-","0","0","0","0","0","0","0","0","0","0","0","0","0","0","0","0","0","0","0","1","0","0","0","0","0","0","0","0","0","0","0","0","0","0","0","0","0","0","0","0","0","0"
"0x77856b7b5490","      FSEL R41, R20, R41, P3","4","0","4","32768","1048576","1048576","32","32","0","0","0","-","-","-","0","0","0","0","0","0","0","0","-","0","0","0","0","0","0","0","0","0","0","0","0","0","0","0","0","0","0","0","4","0","0","0","0","0","0","0","0","0","0","0","0","0","0","0","0","0","0","0","0","0","0"
"0x77856b7b54a0","      FMUL R20, R53, 0.25","1","0","1","32768","1048576","1048576","32","32","0","0","0","-","-","-","0","0","0","0","0","0","0","0","-","0","0","0","0","0","0","0","0","0","0","0","0","0","0","0","0","0","0","0","1","0","0","0","0","0","0","0","0","0","0","0","0","0","0","0","0","0","0","0","0","0","0"
"0x77856b7b54b0","      FSEL R29, R18, R29, P3","2","0","2","32768","1048576","1048576","32","32","0","0","0","-","-","-","0","0","0","0","0","0","0","0","-","0","0","0","0","0","0","0","0","0","0","0","0","0","0","0","0","0","0","0","2","0","0","0","0","0","0","0","0","0","0","0","0","0","0","0","0","0","0","0","0","0","0"
"0x77856b7b54c0","      FMUL R18, R37, 0.25","4","0","4","32768","1048576","1048576","32","32","0","0","0","-","-","-","0","0","0","0","0","0","0","0","-","0","0","0","0","0","0","0","0","0","0","0","0","0","0","0","0","0","0","0","4","0","0","0","0","0","0","0","0","0","0","0","0","0","0","0","0","0","0","0","0","0","0"
"0x77856b7b54d0","      FSEL R65, R22, R65, P3","1","0","1","32768","1048576","1048576","32","32","0","0","0","-","-","-","0","0","0","0","0","0","0","0","-","0","0","0","0","0","0","0","0","0","0","0","0","0","0","0","0","0","0","0","1","0","0","0","0","0","0","0","0","0","0","0","0","0","0","0","0","0","0","0","0","0","0"
"0x77856b7b54e0","      FMUL R22, R85, 0.25","3","0","3","32768","1048576","1048576","32","32","0","0","0","-","-","-","0","0","0","0","0","0","0","0","-","0","0","0","0","0","0","0","0","0","0","0","0","0","0","0","0","0","0","0","3","0","0","0","0","0","0","0","0","0","0","0","0","0","0","0","0","0","0","0","0","0","0"
"0x77856b7b54f0","      FSEL R53, R20, R53, P3","2","0","2","32768","1048576","1048576","32","32","0","0","0","-","-","-","0","0","0","0","0","0","0","0","-","0","0","0","0","0","0","0","0","0","0","0","0","0","0","0","0","0","0","0","2","0","0","0","0","0","0","0","0","0","0","0","0","0","0","0","0","0","0","0","0","0","0"
"0x77856b7b5500","      FMUL R20, R61, 0.25","3","0","3","32768","1048576","1048576","32","32","0","0","0","-","-","-","0","0","0","0","0","0","0","0","-","0","0","0","0","0","0","0","0","0","0","0","0","0","0","0","0","0","0","0","3","0","0","0","0","0","0","0","0","0","0","0","0","0","0","0","0","0","0","0","0","0","0"
"0x77856b7b5510","      FSEL R37, R18, R37, P3","1","0","1","32768","1048576","1048576","32","32","0","0","0","-","-","-","0","0","0","0","0","0","0","0","-","0","0","0","0","0","0","0","0","0","0","0","0","0","0","0","0","0","0","0","1","0","0","0","0","0","0","0","0","0","0","0","0","0","0","0","0","0","0","0","0","0","0"
"0x77856b7b5520","      FMUL R18, R49, 0.25","3","0","3","32768","1048576","1048576","32","32","0","0","0","-","-","-","0","0","0","0","0","0","0","0","-","0","0","0","0","0","0","0","0","0","0","0","0","0","0","0","0","0","0","0","3","0","0","0","0","0","0","0","0","0","0","0","0","0","0","0","0","0","0","0","0","0","0"
"0x77856b7b5530","      FSEL R85, R22, R85, P3","2","0","2","32768","1048576","1048576","32","32","0","0","0","-","-","-","0","0","0","0","0","0","0","0","-","0","0","0","0","0","0","0","0","0","0","0","0","0","0","0","0","0","0","0","2","0","0","0","0","0","0","0","0","0","0","0","0","0","0","0","0","0","0","0","0","0","0"
"0x77856b7b5540","@P3   FMUL R26, R26, 0.25","6","0","6","32768","1048576","0","32","0","32","32","0","-","-","-","0","0","0","0","0","0","0","0","-","0","0","0","0","0","0","0","0","0","0","0","0","0","0","0","0","0","0","0","6","0","0","0","0","0","0","0","0","0","0","0","0","0","0","0","0","0","0","0","0","0","0"
"0x77856b7b5550","      FSEL R61, R20, R61, P3","2","0","2","32768","1048576","1048576","32","32","32","0","0","-","-","-","0","0","0","0","0","0","0","0","-","0","0","0","0","0","0","0","0","0","0","0","0","0","0","0","0","0","0","0","2","0","0","0","0","0","0","0","0","0","0","0","0","0","0","0","0","0","0","0","0","0","0"
"0x77856b7b5560","      FMUL R20, R73, 0.25","2","0","2","32768","1048576","1048576","32","32","0","0","0","-","-","-","0","0","0","0","0","0","0","0","-","0","0","0","0","0","0","0","0","0","0","0","0","0","0","0","0","0","0","0","2","0","0","0","0","0","0","0","0","0","0","0","0","0","0","0","0","0","0","0","0","0","0"
"0x77856b7b5570","      FSEL R49, R18, R49, P3","0","0","0","32768","1048576","1048576","32","32","0","0","0","-","-","-","0","0","0","0","0","0","0","0","-","0","0","0","0","0","0","0","0","0","0","0","0","0","0","0","0","0","0","0","0","0","0","0","0","0","0","0","0","0","0","0","0","0","0","0","0","0","0","0","0","0","0"
"0x77856b7b5580","      FMUL R18, R57, 0.25","2","0","2","32768","1048576","1048576","32","32","0","0","0","-","-","-","0","0","0","0","0","0","0","0","-","0","0","0","0","0","0","0","0","0","0","0","0","0","0","0","0","0","0","1","1","0","0","0","0","0","0","0","0","0","0","0","0","0","0","0","0","0","0","0","0","0","0"
"0x77856b7b5590","      IMAD.SHL.U32 R22, R0, 0x4, RZ","1","0","1","32768","1048576","1048576","32","32","0","0","0","-","-","-","0","0","0","0","0","0","0","0","-","0","0","0","0","0","0","0","0","0","0","0","0","0","0","0","0","0","0","0","1","0","0","0","0","0","0","0","0","0","0","0","0","0","0","0","0","0","0","0","0","0","0"
"0x77856b7b55a0","@!P4  FMUL R26, R26, 16777216","41","0","41","32768","1048576","0","32","0","32","32","0","-","-","-","0","0","0","0","0","0","0","0","-","0","0","0","0","0","0","0","0","0","0","0","0","0","0","0","0","0","0","36","2","0","0","0","3","0","0","0","0","0","0","0","0","0","0","0","0","0","0","0","0","0","0"
"0x77856b7b55b0","      FSEL R73, R20, R73, P3","3","0","3","32768","1048576","1048576","32","32","32","0","0","-","-","-","0","0","0","0","0","0","0","0","-","0","0","0","0","0","0","0","0","0","0","0","0","0","0","0","0","0","0","0","3","0","0","0","0","0","0","0","0","0","0","0","0","0","0","0","0","0","0","0","0","0","0"
"0x77856b7b55c0","      FMUL R20, R81, 0.25","2","0","2","32768","1048576","1048576","32","32","0","0","0","-","-","-","0","0","0","0","0","0","0","0","-","0","0","0","0","0","0","0","0","0","0","0","0","0","0","0","0","0","0","0","2","0","0","0","0","0","0","0","0","0","0","0","0","0","0","0","0","0","0","0","0","0","0"
"0x77856b7b55d0","      FSEL R57, R18, R57, P3","0","0","0","32768","1048576","1048576","32","32","0","0","0","-","-","-","0","0","0","0","0","0","0","0","-","0","0","0","0","0","0","0","0","0","0","0","0","0","0","0","0","0","0","0","0","0","0","0","0","0","0","0","0","0","0","0","0","0","0","0","0","0","0","0","0","0","0"
"0x77856b7b55e0","      FMUL R18, R69, 0.25","2","0","2","32768","1048576","1048576","32","32","0","0","0","-","-","-","0","0","0","0","0","0","0","0","-","0","0","0","0","0","0","0","0","0","0","0","0","0","0","0","0","0","0","0","2","0","0","0","0","0","0","0","0","0","0","0","0","0","0","0","0","0","0","0","0","0","0"
"0x77856b7b55f0","      FSEL R19, R19, R24, P3","1","0","1","32768","1048576","1048576","32","32","0","0","0","-","-","-","0","0","0","0","0","0","0","0","-","0","0","0","0","0","0","0","0","0","0","0","0","0","0","0","0","0","0","0","1","0","0","0","0","0","0","0","0","0","0","0","0","0","0","0","0","0","0","0","0","0","0"
"0x77856b7b5600","      FMUL R47, R44, 0.25","2","0","2","32768","1048576","1048576","32","32","0","0","0","-","-","-","0","0","0","0","0","0","0","0","-","0","0","0","0","0","0","0","0","0","0","0","0","0","0","0","0","0","0","0","2","0","0","0","0","0","0","0","0","0","0","0","0","0","0","0","0","0","0","0","0","0","0"
"0x77856b7b5610","      FSEL R81, R20, R81, P3","4","0","4","32768","1048576","1048576","32","32","0","0","0","-","-","-","0","0","0","0","0","0","0","0","-","0","0","0","0","0","0","0","0","0","0","0","0","0","0","0","0","0","0","0","4","0","0","0","0","0","0","0","0","0","0","0","0","0","0","0","0","0","0","0","0","0","0"
"0x77856b7b5620","      IMAD.SHL.U32 R20, R0, 0x20, RZ","0","0","0","32768","1048576","1048576","32","32","0","0","0","-","-","-","0","0","0","0","0","0","0","0","-","0","0","0","0","0","0","0","0","0","0","0","0","0","0","0","0","0","0","0","0","0","0","0","0","0","0","0","0","0","0","0","0","0","0","0","0","0","0","0","0","0","0"
"0x77856b7b5630","      FSEL R69, R18, R69, P3","2","0","2","32768","1048576","1048576","32","32","0","0","0","-","-","-","0","0","0","0","0","0","0","0","-","0","0","0","0","0","0","0","0","0","0","0","0","0","0","0","0","0","0","0","2","0","0","0","0","0","0","0","0","0","0","0","0","0","0","0","0","0","0","0","0","0","0"
"0x77856b7b5640","      FMUL R18, R77, 0.25","0","0","0","32768","1048576","1048576","32","32","0","0","0","-","-","-","0","0","0","0","0","0","0","0","-","0","0","0","0","0","0","0","0","0","0","0","0","0","0","0","0","0","0","0","0","0","0","0","0","0","0","0","0","0","0","0","0","0","0","0","0","0","0","0","0","0","0"
"0x77856b7b5650","      LOP3.LUT R0, R0, 0x18, RZ, 0xc0, !PT","4","0","4","32768","1048576","1048576","32","32","0","0","0","-","-","-","0","0","0","0","0","0","0","0","-","0","0","0","0","0","0","0","0","0","0","0","0","0","0","0","0","0","0","0","4","0","0","0","0","0","0","0","0","0","0","0","0","0","0","0","0","0","0","0","0","0","0"
"0x77856b7b5660","      FMUL R43, R40, 0.25","3","0","3","32768","1048576","1048576","32","32","0","0","0","-","-","-","0","0","0","0","0","0","0","0","-","0","0","0","0","0","0","0","0","0","0","0","0","0","0","0","0","0","0","0","3","0","0","0","0","0","0","0","0","0","0","0","0","0","0","0","0","0","0","0","0","0","0"
"0x77856b7b5670","      LOP3.LUT R145, R20, 0x1c60, RZ, 0xc0, !PT","6","0","6","32768","1048576","1048576","32","32","0","0","0","-","-","-","0","0","0","0","0","0","0","0","-","0","0","0","0","0","0","0","0","0","0","0","0","0","0","0","0","0","0","0","6","0","0","0","0","0","0","0","0","0","0","0","0","0","0","0","0","0","0","0","0","0","0"
"0x77856b7b5680","      FMUL R51, R48, 0.25","2","0","2","32768","1048576","1048576","32","32","0","0","0","-","-","-","0","0","0","0","0","0","0","0","-","0","0","0","0","0","0","0","0","0","0","0","0","0","0","0","0","0","0","0","2","0","0","0","0","0","0","0","0","0","0","0","0","0","0","0","0","0","0","0","0","0","0"
"0x77856b7b5690","      FSEL R77, R18, R77, P3","2","0","2","32768","1048576","1048576","32","32","0","0","0","-","-","-","0","0","0","0","0","0","0","0","-","0","0","0","0","0","0","0","0","0","0","0","0","0","0","0","0","0","0","0","2","0","0","0","0","0","0","0","0","0","0","0","0","0","0","0","0","0","0","0","0","0","0"
"0x77856b7b56a0","      IMAD R149, R0, 0x20, R151","2","0","2","32768","1048576","1048576","32","32","0","0","0","-","-","-","0","0","0","0","0","0","0","0","-","0","0","0","0","0","0","0","0","0","0","0","0","0","0","0","0","0","0","0","2","0","0","0","0","0","0","0","0","0","0","0","0","0","0","0","0","0","0","0","0","0","0"
"0x77856b7b56b0","      MUFU.RCP R18, R144","2","0","2","32768","1048576","1048576","32","32","0","0","0","-","-","-","0","0","0","0","0","0","0","0","-","0","0","0","0","0","0","0","0","0","0","0","0","0","0","0","0","0","0","0","2","0","0","0","0","0","0","0","0","0","0","0","0","0","0","0","0","0","0","0","0","0","0"
"0x77856b7b56c0","      IMAD R145, R0, 0x10, R145","3","0","3","32768","1048576","1048576","32","32","0","0","0","-","-","-","0","0","0","0","0","0","0","0","-","0","0","0","0","0","0","0","0","0","0","0","0","0","0","0","0","0","0","0","3","0","0","0","0","0","0","0","0","0","0","0","0","0","0","0","0","0","0","0","0","0","0"
"0x77856b7b56d0","      LOP3.LUT R20, R22, 0x10, RZ, 0xc0, !PT","1","0","1","32768","1048576","1048576","32","32","0","0","0","-","-","-","0","0","0","0","0","0","0","0","-","0","0","0","0","0","0","0","0","0","0","0","0","0","0","0","0","0","0","0","1","0","0","0","0","0","0","0","0","0","0","0","0","0","0","0","0","0","0","0","0","0","0"
"0x77856b7b56e0","      FMUL R55, R52, 0.25","6","0","6","32768","1048576","1048576","32","32","0","0","0","-","-","-","0","0","0","0","0","0","0","0","-","0","0","0","0","0","0","0","0","0","0","0","0","0","0","0","0","0","0","0","6","0","0","0","0","0","0","0","0","0","0","0","0","0","0","0","0","0","0","0","0","0","0"
"0x77856b7b56f0","      FSEL R23, R23, R28, P3","1","0","1","32768","1048576","1048576","32","32","0","0","0","-","-","-","0","0","0","0","0","0","0","0","-","0","0","0","0","0","0","0","0","0","0","0","0","0","0","0","0","0","0","0","1","0","0","0","0","0","0","0","0","0","0","0","0","0","0","0","0","0","0","0","0","0","0"
"0x77856b7b5700","      FMUL R63, R60, 0.25","4","0","4","32768","1048576","1048576","32","32","0","0","0","-","-","-","0","0","0","0","0","0","0","0","-","0","0","0","0","0","0","0","0","0","0","0","0","0","0","0","0","0","0","1","3","0","0","0","0","0","0","0","0","0","0","0","0","0","0","0","0","0","0","0","0","0","0"
"0x77856b7b5710","      FSEL R35, R35, R32, P3","1","0","1","32768","1048576","1048576","32","32","0","0","0","-","-","-","0","0","0","0","0","0","0","0","-","0","0","0","0","0","0","0","0","0","0","0","0","0","0","0","0","0","0","0","1","0","0","0","0","0","0","0","0","0","0","0","0","0","0","0","0","0","0","0","0","0","0"
"0x77856b7b5720","      FMUL R59, R56, 0.25","3","0","3","32768","1048576","1048576","32","32","0","0","0","-","-","-","0","0","0","0","0","0","0","0","-","0","0","0","0","0","0","0","0","2","0","0","0","0","0","0","0","0","0","0","1","0","0","0","0","0","0","0","0","0","0","0","0","0","0","0","0","0","0","0","0","0","0"
"0x77856b7b5730","      MUFU.RCP R0, R26","2","0","2","32768","1048576","1048576","32","32","0","0","0","-","-","-","0","0","0","0","0","0","0","0","-","0","0","0","0","0","0","0","0","0","0","0","0","0","0","0","0","0","0","0","2","0","0","0","0","0","0","0","0","0","0","0","0","0","0","0","0","0","0","0","0","0","0"
"0x77856b7b5740","      FSEL R39, R39, R36, P3","5","0","5","32768","1048576","1048576","32","32","0","0","0","-","-","-","0","0","0","0","0","0","0","0","-","0","0","0","0","0","0","0","0","0","0","0","0","0","0","0","0","0","0","0","5","0","0","0","0","0","0","0","0","0","0","0","0","0","0","0","0","0","0","0","0","0","0"
"0x77856b7b5750","      FMUL R67, R64, 0.25","0","0","0","32768","1048576","1048576","32","32","0","0","0","-","-","-","0","0","0","0","0","0","0","0","-","0","0","0","0","0","0","0","0","0","0","0","0","0","0","0","0","0","0","0","0","0","0","0","0","0","0","0","0","0","0","0","0","0","0","0","0","0","0","0","0","0","0"
"0x77856b7b5760","      FMUL R71, R68, 0.25","1","0","1","32768","1048576","1048576","32","32","0","0","0","-","-","-","0","0","0","0","0","0","0","0","-","0","0","0","0","0","0","0","0","0","0","0","0","0","0","0","0","0","0","0","1","0","0","0","0","0","0","0","0","0","0","0","0","0","0","0","0","0","0","0","0","0","0"
"0x77856b7b5770","      FMUL R75, R72, 0.25","2","0","2","32768","1048576","1048576","32","32","0","0","0","-","-","-","0","0","0","0","0","0","0","0","-","0","0","0","0","0","0","0","0","0","0","0","0","0","0","0","0","0","0","0","2","0","0","0","0","0","0","0","0","0","0","0","0","0","0","0","0","0","0","0","0","0","0"
"0x77856b7b5780","      FMUL R79, R76, 0.25","4","0","4","32768","1048576","1048576","32","32","0","0","0","-","-","-","0","0","0","0","0","0","0","0","-","0","0","0","0","0","0","0","0","0","0","0","0","0","0","0","0","0","0","0","4","0","0","0","0","0","0","0","0","0","0","0","0","0","0","0","0","0","0","0","0","0","0"
"0x77856b7b5790","      FMUL R83, R80, 0.25","0","0","0","32768","1048576","1048576","32","32","0","0","0","-","-","-","0","0","0","0","0","0","0","0","-","0","0","0","0","0","0","0","0","0","0","0","0","0","0","0","0","0","0","0","0","0","0","0","0","0","0","0","0","0","0","0","0","0","0","0","0","0","0","0","0","0","0"
"0x77856b7b57a0","      FMUL R87, R84, 0.25","2","0","2","32768","1048576","1048576","32","32","0","0","0","-","-","-","0","0","0","0","0","0","0","0","-","0","0","0","0","0","0","0","0","0","0","0","0","0","0","0","0","0","0","0","2","0","0","0","0","0","0","0","0","0","0","0","0","0","0","0","0","0","0","0","0","0","0"
"0x77856b7b57b0","      IMAD R20, R151, 0x2000, R20","5","0","5","32768","1048576","1048576","32","32","0","0","0","-","-","-","0","0","0","0","0","0","0","0","-","0","0","0","0","0","0","0","0","0","0","0","0","0","3","0","0","0","0","1","1","0","0","0","0","0","0","0","0","0","0","0","0","0","0","0","0","0","0","0","0","0","0"
"0x77856b7b57c0","@!P2  FMUL R21, R21, 16777216","12","0","12","32768","1048576","0","32","0","32","32","0","-","-","-","0","0","0","0","0","0","0","0","-","0","0","0","0","0","0","0","0","0","0","0","0","0","0","0","0","0","0","10","1","0","0","0","1","0","0","0","0","0","0","0","0","0","0","0","0","0","0","0","0","0","0"
"0x77856b7b57d0","      IMAD.SHL.U32 R149, R149, 0x20, RZ","4","0","4","32768","1048576","1048576","32","32","32","0","0","-","-","-","0","0","0","0","0","0","0","0","-","0","0","0","0","0","0","0","0","0","0","0","0","0","0","0","0","0","0","1","3","0","0","0","0","0","0","0","0","0","0","0","0","0","0","0","0","0","0","0","0","0","0"
"0x77856b7b57e0","      FSEL R47, R47, R44, P3","6","0","6","32768","1048576","1048576","32","32","0","0","0","-","-","-","0","0","0","0","0","0","0","0","-","0","0","0","0","0","0","0","0","0","0","0","0","0","0","0","0","0","0","0","6","0","0","0","0","0","0","0","0","0","0","0","0","0","0","0","0","0","0","0","0","0","0"
"0x77856b7b57f0","@!P2  FMUL R27, R27, 16777216","0","0","0","32768","1048576","0","32","0","32","32","0","-","-","-","0","0","0","0","0","0","0","0","-","0","0","0","0","0","0","0","0","0","0","0","0","0","0","0","0","0","0","0","0","0","0","0","0","0","0","0","0","0","0","0","0","0","0","0","0","0","0","0","0","0","0"
"0x77856b7b5800","@!P2  FMUL R89, R89, 16777216","5","0","5","32768","1048576","0","32","0","0","32","0","-","-","-","0","0","0","0","0","0","0","0","-","0","0","0","0","0","0","0","0","0","0","0","0","0","0","0","0","0","0","0","5","0","0","0","0","0","0","0","0","0","0","0","0","0","0","0","0","0","0","0","0","0","0"
"0x77856b7b5810","@!P2  FMUL R31, R31, 16777216","2","0","2","32768","1048576","0","32","0","0","32","0","-","-","-","0","0","0","0","0","0","0","0","-","0","0","0","0","0","0","0","0","0","0","0","0","0","0","0","0","0","0","0","2","0","0","0","0","0","0","0","0","0","0","0","0","0","0","0","0","0","0","0","0","0","0"
"0x77856b7b5820","@!P2  FMUL R91, R91, 16777216","3","0","3","32768","1048576","0","32","0","0","32","0","-","-","-","0","0","0","0","0","0","0","0","-","0","0","0","0","0","0","0","0","0","0","0","0","0","0","0","0","0","0","0","3","0","0","0","0","0","0","0","0","0","0","0","0","0","0","0","0","0","0","0","0","0","0"
"0x77856b7b5830","@!P2  FMUL R93, R93, 16777216","4","0","4","32768","1048576","0","32","0","0","32","0","-","-","-","0","0","0","0","0","0","0","0","-","0","0","0","0","0","0","0","0","2","0","0","0","0","0","0","0","0","0","0","2","0","0","0","0","0","0","0","0","0","0","0","0","0","0","0","0","0","0","0","0","0","0"
"0x77856b7b5840","@!P2  FMUL R95, R95, 16777216","1","0","1","32768","1048576","0","32","0","0","32","0","-","-","-","0","0","0","0","0","0","0","0","-","0","0","0","0","0","0","0","0","0","0","0","0","0","0","0","0","0","0","0","1","0","0","0","0","0","0","0","0","0","0","0","0","0","0","0","0","0","0","0","0","0","0"
"0x77856b7b5850","@!P2  FMUL R97, R97, 16777216","0","0","0","32768","1048576","0","32","0","0","32","0","-","-","-","0","0","0","0","0","0","0","0","-","0","0","0","0","0","0","0","0","0","0","0","0","0","0","0","0","0","0","0","0","0","0","0","0","0","0","0","0","0","0","0","0","0","0","0","0","0","0","0","0","0","0"
"0x77856b7b5860","@!P2  FMUL R99, R99, 16777216","0","0","0","32768","1048576","0","32","0","0","32","0","-","-","-","0","0","0","0","0","0","0","0","-","0","0","0","0","0","0","0","0","0","0","0","0","0","0","0","0","0","0","0","0","0","0","0","0","0","0","0","0","0","0","0","0","0","0","0","0","0","0","0","0","0","0"
"0x77856b7b5870","@!P2  FMUL R101, R101, 16777216","4","0","4","32768","1048576","0","32","0","0","32","0","-","-","-","0","0","0","0","0","0","0","0","-","0","0","0","0","0","0","0","0","0","0","0","0","0","0","0","0","0","0","0","4","0","0","0","0","0","0","0","0","0","0","0","0","0","0","0","0","0","0","0","0","0","0"
"0x77856b7b5880","@!P2  FMUL R103, R103, 16777216","0","0","0","32768","1048576","0","32","0","0","32","0","-","-","-","0","0","0","0","0","0","0","0","-","0","0","0","0","0","0","0","0","0","0","0","0","0","0","0","0","0","0","0","0","0","0","0","0","0","0","0","0","0","0","0","0","0","0","0","0","0","0","0","0","0","0"
"0x77856b7b5890","@!P2  FMUL R105, R105, 16777216","2","0","2","32768","1048576","0","32","0","0","32","0","-","-","-","0","0","0","0","0","0","0","0","-","0","0","0","0","0","0","0","0","0","0","0","0","0","0","0","0","0","0","0","2","0","0","0","0","0","0","0","0","0","0","0","0","0","0","0","0","0","0","0","0","0","0"
"0x77856b7b58a0","@!P2  FMUL R107, R107, 16777216","1","0","1","32768","1048576","0","32","0","0","32","0","-","-","-","0","0","0","0","0","0","0","0","-","0","0","0","0","0","0","0","0","0","0","0","0","0","0","0","0","0","0","0","1","0","0","0","0","0","0","0","0","0","0","0","0","0","0","0","0","0","0","0","0","0","0"
"0x77856b7b58b0","@!P2  FMUL R109, R109, 16777216","1","0","1","32768","1048576","0","32","0","0","32","0","-","-","-","0","0","0","0","0","0","0","0","-","0","0","0","0","0","0","0","0","0","0","0","0","0","0","0","0","0","0","0","1","0","0","0","0","0","0","0","0","0","0","0","0","0","0","0","0","0","0","0","0","0","0"
"0x77856b7b58c0","@!P2  FMUL R111, R111, 16777216","1","0","1","32768","1048576","0","32","0","0","32","0","-","-","-","0","0","0","0","0","0","0","0","-","0","0","0","0","0","0","0","0","0","0","0","0","0","0","0","0","0","0","0","1","0","0","0","0","0","0","0","0","0","0","0","0","0","0","0","0","0","0","0","0","0","0"
"0x77856b7b58d0","@!P2  FMUL R113, R113, 16777216","2","0","2","32768","1048576","0","32","0","0","32","0","-","-","-","0","0","0","0","0","0","0","0","-","0","0","0","0","0","0","0","0","0","0","0","0","0","0","0","0","0","0","0","2","0","0","0","0","0","0","0","0","0","0","0","0","0","0","0","0","0","0","0","0","0","0"
"0x77856b7b58e0","@!P2  FMUL R115, R115, 16777216","0","0","0","32768","1048576","0","32","0","0","32","0","-","-","-","0","0","0","0","0","0","0","0","-","0","0","0","0","0","0","0","0","0","0","0","0","0","0","0","0","0","0","0","0","0","0","0","0","0","0","0","0","0","0","0","0","0","0","0","0","0","0","0","0","0","0"
"0x77856b7b58f0","@!P2  FMUL R117, R117, 16777216","3","0","3","32768","1048576","0","32","0","0","32","0","-","-","-","0","0","0","0","0","0","0","0","-","0","0","0","0","0","0","0","0","0","0","0","0","0","0","0","0","0","0","0","3","0","0","0","0","0","0","0","0","0","0","0","0","0","0","0","0","0","0","0","0","0","0"
"0x77856b7b5900","@!P2  FMUL R119, R119, 16777216","3","0","3","32768","1048576","0","32","0","0","32","0","-","-","-","0","0","0","0","0","0","0","0","-","0","0","0","0","0","0","0","0","0","0","0","0","0","0","0","0","0","0","1","2","0","0","0","0","0","0","0","0","0","0","0","0","0","0","0","0","0","0","0","0","0","0"
"0x77856b7b5910","@!P2  FMUL R121, R121, 16777216","1","0","1","32768","1048576","0","32","0","0","32","0","-","-","-","0","0","0","0","0","0","0","0","-","0","0","0","0","0","0","0","0","0","0","0","0","0","0","0","0","0","0","0","1","0","0","0","0","0","0","0","0","0","0","0","0","0","0","0","0","0","0","0","0","0","0"
"0x77856b7b5920","@!P2  FMUL R123, R123, 16777216","2","0","2","32768","1048576","0","32","0","0","32","0","-","-","-","0","0","0","0","0","0","0","0","-","0","0","0","0","0","0","0","0","0","0","0","0","0","0","0","0","0","0","0","2","0","0","0","0","0","0","0","0","0","0","0","0","0","0","0","0","0","0","0","0","0","0"
"0x77856b7b5930","@!P2  FMUL R125, R125, 16777216","2","0","2","32768","1048576","0","32","0","0","32","0","-","-","-","0","0","0","0","0","0","0","0","-","0","0","0","0","0","0","0","0","0","0","0","0","0","0","0","0","0","0","0","2","0","0","0","0","0","0","0","0","0","0","0","0","0","0","0","0","0","0","0","0","0","0"
"0x77856b7b5940","@!P2  FMUL R127, R127, 16777216","1","0","1","32768","1048576","0","32","0","0","32","0","-","-","-","0","0","0","0","0","0","0","0","-","0","0","0","0","0","0","0","0","0","0","0","0","0","0","0","0","0","0","0","1","0","0","0","0","0","0","0","0","0","0","0","0","0","0","0","0","0","0","0","0","0","0"
"0x77856b7b5950","@!P2  FMUL R129, R129, 16777216","2","0","2","32768","1048576","0","32","0","0","32","0","-","-","-","0","0","0","0","0","0","0","0","-","0","0","0","0","0","0","0","0","0","0","0","0","0","0","0","0","0","0","0","2","0","0","0","0","0","0","0","0","0","0","0","0","0","0","0","0","0","0","0","0","0","0"
"0x77856b7b5960","@!P2  FMUL R131, R131, 16777216","0","0","0","32768","1048576","0","32","0","0","32","0","-","-","-","0","0","0","0","0","0","0","0","-","0","0","0","0","0","0","0","0","0","0","0","0","0","0","0","0","0","0","0","0","0","0","0","0","0","0","0","0","0","0","0","0","0","0","0","0","0","0","0","0","0","0"
"0x77856b7b5970","@!P2  FMUL R133, R133, 16777216","4","0","4","32768","1048576","0","32","0","0","32","0","-","-","-","0","0","0","0","0","0","0","0","-","0","0","0","0","0","0","0","0","0","0","0","0","0","0","0","0","0","0","0","4","0","0","0","0","0","0","0","0","0","0","0","0","0","0","0","0","0","0","0","0","0","0"
"0x77856b7b5980","@!P2  FMUL R135, R135, 16777216","6","0","6","32768","1048576","0","32","0","0","32","0","-","-","-","0","0","0","0","0","0","0","0","-","0","0","0","0","0","0","0","0","0","0","0","0","0","0","0","0","0","0","1","5","0","0","0","0","0","0","0","0","0","0","0","0","0","0","0","0","0","0","0","0","0","0"
"0x77856b7b5990","@!P2  FMUL R137, R137, 16777216","2","0","2","32768","1048576","0","32","0","0","32","0","-","-","-","0","0","0","0","0","0","0","0","-","0","0","0","0","0","0","0","0","0","0","0","0","0","0","0","0","0","0","0","2","0","0","0","0","0","0","0","0","0","0","0","0","0","0","0","0","0","0","0","0","0","0"
"0x77856b7b59a0","@!P2  FMUL R139, R139, 16777216","1","0","1","32768","1048576","0","32","0","0","32","0","-","-","-","0","0","0","0","0","0","0","0","-","0","0","0","0","0","0","0","0","0","0","0","0","0","0","0","0","0","0","0","1","0","0","0","0","0","0","0","0","0","0","0","0","0","0","0","0","0","0","0","0","0","0"
"0x77856b7b59b0","@!P2  FMUL R141, R141, 16777216","5","0","5","32768","1048576","0","32","0","0","32","0","-","-","-","0","0","0","0","0","0","0","0","-","0","0","0","0","0","0","0","0","0","0","0","0","0","0","0","0","0","0","0","5","0","0","0","0","0","0","0","0","0","0","0","0","0","0","0","0","0","0","0","0","0","0"
"0x77856b7b59c0","@!P2  FMUL R143, R143, 16777216","5","0","5","32768","1048576","0","32","0","0","32","0","-","-","-","0","0","0","0","0","0","0","0","-","0","0","0","0","0","0","0","0","0","0","0","0","0","0","0","0","0","0","0","5","0","0","0","0","0","0","0","0","0","0","0","0","0","0","0","0","0","0","0","0","0","0"
"0x77856b7b59d0","@!P2  FMUL R147, R147, 16777216","3","0","3","32768","1048576","0","32","0","0","32","0","-","-","-","0","0","0","0","0","0","0","0","-","0","0","0","0","0","0","0","0","0","0","0","0","0","0","0","0","0","0","0","3","0","0","0","0","0","0","0","0","0","0","0","0","0","0","0","0","0","0","0","0","0","0"
"0x77856b7b59e0","@!P4  FMUL R19, R19, 16777216","4","0","4","32768","1048576","0","32","0","0","32","0","-","-","-","0","0","0","0","0","0","0","0","-","0","0","0","0","0","0","0","0","0","0","0","0","0","0","0","0","0","0","0","4","0","0","0","0","0","0","0","0","0","0","0","0","0","0","0","0","0","0","0","0","0","0"
"0x77856b7b59f0","@!P4  FMUL R25, R25, 16777216","1","0","1","32768","1048576","0","32","0","0","32","0","-","-","-","0","0","0","0","0","0","0","0","-","0","0","0","0","0","0","0","0","0","0","0","0","0","0","0","0","0","0","0","1","0","0","0","0","0","0","0","0","0","0","0","0","0","0","0","0","0","0","0","0","0","0"
"0x77856b7b5a00","      FSEL R43, R43, R40, P3","3","0","3","32768","1048576","1048576","32","32","32","0","0","-","-","-","0","0","0","0","0","0","0","0","-","0","0","0","0","0","0","0","0","0","0","0","0","0","1","0","0","0","0","1","1","0","0","0","0","0","0","0","0","0","0","0","0","0","0","0","0","0","0","0","0","0","0"
"0x77856b7b5a10","@!P4  FMUL R23, R23, 16777216","4","0","4","32768","1048576","0","32","0","32","32","0","-","-","-","0","0","0","0","0","0","0","0","-","0","0","0","0","0","0","0","0","0","0","0","0","0","0","0","0","0","0","0","4","0","0","0","0","0","0","0","0","0","0","0","0","0","0","0","0","0","0","0","0","0","0"
"0x77856b7b5a20","      FSEL R51, R51, R48, P3","1","0","1","32768","1048576","1048576","32","32","32","0","0","-","-","-","0","0","0","0","0","0","0","0","-","0","0","0","0","0","0","0","0","0","0","0","0","0","0","0","0","0","0","0","1","0","0","0","0","0","0","0","0","0","0","0","0","0","0","0","0","0","0","0","0","0","0"
"0x77856b7b5a30","@!P4  FMUL R29, R29, 16777216","1","0","1","32768","1048576","0","32","0","32","32","0","-","-","-","0","0","0","0","0","0","0","0","-","0","0","0","0","0","0","0","0","0","0","0","0","0","0","0","0","0","0","0","1","0","0","0","0","0","0","0","0","0","0","0","0","0","0","0","0","0","0","0","0","0","0"
"0x77856b7b5a40","      FSEL R55, R55, R52, P3","1","0","1","32768","1048576","1048576","32","32","32","0","0","-","-","-","0","0","0","0","0","0","0","0","-","0","0","0","0","0","0","0","0","0","0","0","0","0","0","0","0","0","0","0","1","0","0","0","0","0","0","0","0","0","0","0","0","0","0","0","0","0","0","0","0","0","0"
"0x77856b7b5a50","@!P4  FMUL R35, R35, 16777216","3","0","3","32768","1048576","0","32","0","32","32","0","-","-","-","0","0","0","0","0","0","0","0","-","0","0","0","0","0","0","0","0","0","0","0","0","0","0","0","0","0","0","0","3","0","0","0","0","0","0","0","0","0","0","0","0","0","0","0","0","0","0","0","0","0","0"
"0x77856b7b5a60","      FSEL R63, R63, R60, P3","2","0","2","32768","1048576","1048576","32","32","32","0","0","-","-","-","0","0","0","0","0","0","0","0","-","0","0","0","0","0","0","0","0","0","0","0","0","0","0","0","0","0","0","0","2","0","0","0","0","0","0","0","0","0","0","0","0","0","0","0","0","0","0","0","0","0","0"
"0x77856b7b5a70","@!P4  FMUL R33, R33, 16777216","1","0","1","32768","1048576","0","32","0","32","32","0","-","-","-","0","0","0","0","0","0","0","0","-","0","0","0","0","0","0","0","0","0","0","0","0","0","0","0","0","0","0","0","1","0","0","0","0","0","0","0","0","0","0","0","0","0","0","0","0","0","0","0","0","0","0"
"0x77856b7b5a80","      FSEL R59, R59, R56, P3","7","0","7","32768","1048576","1048576","32","32","32","0","0","-","-","-","0","0","0","0","0","0","0","0","-","0","0","0","0","0","0","0","0","0","0","0","0","0","3","0","0","0","0","2","2","0","0","0","0","0","0","0","0","0","0","0","0","0","0","0","0","0","0","0","0","0","0"
"0x77856b7b5a90","@!P4  FMUL R39, R39, 16777216","1","0","1","32768","1048576","0","32","0","32","32","0","-","-","-","0","0","0","0","0","0","0","0","-","0","0","0","0","0","0","0","0","0","0","0","0","0","0","0","0","0","0","0","1","0","0","0","0","0","0","0","0","0","0","0","0","0","0","0","0","0","0","0","0","0","0"
"0x77856b7b5aa0","      FSEL R67, R67, R64, P3","2","0","2","32768","1048576","1048576","32","32","32","0","0","-","-","-","0","0","0","0","0","0","0","0","-","0","0","0","0","0","0","0","0","0","0","0","0","0","0","0","0","0","0","0","2","0","0","0","0","0","0","0","0","0","0","0","0","0","0","0","0","0","0","0","0","0","0"
"0x77856b7b5ab0","@!P4  FMUL R37, R37, 16777216","2","0","2","32768","1048576","0","32","0","32","32","0","-","-","-","0","0","0","0","0","0","0","0","-","0","0","0","0","0","0","0","0","0","0","0","0","0","0","0","0","0","0","0","2","0","0","0","0","0","0","0","0","0","0","0","0","0","0","0","0","0","0","0","0","0","0"
"0x77856b7b5ac0","      FSEL R71, R71, R68, P3","2","0","2","32768","1048576","1048576","32","32","32","0","0","-","-","-","0","0","0","0","0","0","0","0","-","0","0","0","0","0","0","0","0","0","0","0","0","0","0","0","0","0","0","0","2","0","0","0","0","0","0","0","0","0","0","0","0","0","0","0","0","0","0","0","0","0","0"
"0x77856b7b5ad0","      IMAD.IADD R145, R145, 0x1, R20","1","0","1","32768","1048576","1048576","32","32","0","0","0","-","-","-","0","0","0","0","0","0","0","0","-","0","0","0","0","0","0","0","0","0","0","0","0","0","0","0","0","0","0","0","1","0","0","0","0","0","0","0","0","0","0","0","0","0","0","0","0","0","0","0","0","0","0"
"0x77856b7b5ae0","      FSEL R75, R75, R72, P3","1","0","1","32768","1048576","1048576","32","32","0","0","0","-","-","-","0","0","0","0","0","0","0","0","-","0","0","0","0","0","0","0","0","0","0","0","0","0","0","0","0","0","0","0","1","0","0","0","0","0","0","0","0","0","0","0","0","0","0","0","0","0","0","0","0","0","0"
"0x77856b7b5af0","      FMUL R20, R18, R21","1","0","1","32768","1048576","1048576","32","32","0","0","0","-","-","-","0","0","0","0","0","0","0","0","-","0","0","0","0","0","0","0","0","0","0","0","0","0","0","0","0","0","0","0","1","0","0","0","0","0","0","0","0","0","0","0","0","0","0","0","0","0","0","0","0","0","0"
"0x77856b7b5b00","      FSEL R79, R79, R76, P3","3","0","3","32768","1048576","1048576","32","32","0","0","0","-","-","-","0","0","0","0","0","0","0","0","-","0","0","0","0","0","0","0","0","0","0","0","0","0","0","0","0","0","0","0","3","0","0","0","0","0","0","0","0","0","0","0","0","0","0","0","0","0","0","0","0","0","0"
"0x77856b7b5b10","      FMUL R27, R18, R27","3","0","3","32768","1048576","1048576","32","32","0","0","0","-","-","-","0","0","0","0","0","0","0","0","-","0","0","0","0","0","0","0","0","0","0","0","0","0","0","0","0","0","0","0","3","0","0","0","0","0","0","0","0","0","0","0","0","0","0","0","0","0","0","0","0","0","0"
"0x77856b7b5b20","      FSEL R83, R83, R80, P3","3","0","3","32768","1048576","1048576","32","32","0","0","0","-","-","-","0","0","0","0","0","0","0","0","-","0","0","0","0","0","0","0","0","0","0","0","0","0","0","0","0","0","0","0","3","0","0","0","0","0","0","0","0","0","0","0","0","0","0","0","0","0","0","0","0","0","0"
"0x77856b7b5b30","      FMUL R21, R18, R89","1","0","1","32768","1048576","1048576","32","32","0","0","0","-","-","-","0","0","0","0","0","0","0","0","-","0","0","0","0","0","0","0","0","0","0","0","0","0","0","0","0","0","0","0","1","0","0","0","0","0","0","0","0","0","0","0","0","0","0","0","0","0","0","0","0","0","0"
"0x77856b7b5b40","      FSEL R87, R87, R84, P3","4","0","4","32768","1048576","1048576","32","32","0","0","0","-","-","-","0","0","0","0","0","0","0","0","-","0","0","0","0","0","0","0","0","0","0","0","0","0","0","0","0","0","0","0","4","0","0","0","0","0","0","0","0","0","0","0","0","0","0","0","0","0","0","0","0","0","0"
"0x77856b7b5b50","      FMUL R91, R18, R91","3","0","3","32768","1048576","1048576","32","32","0","0","0","-","-","-","0","0","0","0","0","0","0","0","-","0","0","0","0","0","0","0","0","0","0","0","0","0","0","0","0","0","0","0","3","0","0","0","0","0","0","0","0","0","0","0","0","0","0","0","0","0","0","0","0","0","0"
"0x77856b7b5b60","      LOP3.LUT R149, R149, 0x3f0, R22, 0x78, !PT","1","0","1","32768","1048576","1048576","32","32","0","0","0","-","-","-","0","0","0","0","0","0","0","0","-","0","0","0","0","0","0","0","0","0","0","0","0","0","0","0","0","0","0","0","1","0","0","0","0","0","0","0","0","0","0","0","0","0","0","0","0","0","0","0","0","0","0"
"0x77856b7b5b70","      FMUL R22, R18, R31","4","0","4","32768","1048576","1048576","32","32","0","0","0","-","-","-","0","0","0","0","0","0","0","0","-","0","0","0","0","0","0","0","0","0","0","0","0","0","0","0","0","0","0","0","4","0","0","0","0","0","0","0","0","0","0","0","0","0","0","0","0","0","0","0","0","0","0"
"0x77856b7b5b80","      FMUL R28, R18, R93","4","0","4","32768","1048576","1048576","32","32","0","0","0","-","-","-","0","0","0","0","0","0","0","0","-","0","0","0","0","0","0","0","0","0","0","0","0","0","0","0","0","0","0","1","3","0","0","0","0","0","0","0","0","0","0","0","0","0","0","0","0","0","0","0","0","0","0"
"0x77856b7b5b90","      FMUL R95, R18, R95","0","0","0","32768","1048576","1048576","32","32","0","0","0","-","-","-","0","0","0","0","0","0","0","0","-","0","0","0","0","0","0","0","0","0","0","0","0","0","0","0","0","0","0","0","0","0","0","0","0","0","0","0","0","0","0","0","0","0","0","0","0","0","0","0","0","0","0"
"0x77856b7b5ba0","      FMUL R32, R18, R97","3","0","3","32768","1048576","1048576","32","32","0","0","0","-","-","-","0","0","0","0","0","0","0","0","-","0","0","0","0","0","0","0","0","0","0","0","0","0","0","0","0","0","0","0","3","0","0","0","0","0","0","0","0","0","0","0","0","0","0","0","0","0","0","0","0","0","0"
"0x77856b7b5bb0","      FMUL R99, R18, R99","2","0","2","32768","1048576","1048576","32","32","0","0","0","-","-","-","0","0","0","0","0","0","0","0","-","0","0","0","0","0","0","0","0","0","0","0","0","0","0","0","0","0","0","0","2","0","0","0","0","0","0","0","0","0","0","0","0","0","0","0","0","0","0","0","0","0","0"
"0x77856b7b5bc0","      FMUL R36, R18, R101","1","0","1","32768","1048576","1048576","32","32","0","0","0","-","-","-","0","0","0","0","0","0","0","0","-","0","0","0","0","0","0","0","0","0","0","0","0","0","0","0","0","0","0","0","1","0","0","0","0","0","0","0","0","0","0","0","0","0","0","0","0","0","0","0","0","0","0"
"0x77856b7b5bd0","      FMUL R103, R18, R103","1","0","1","32768","1048576","1048576","32","32","0","0","0","-","-","-","0","0","0","0","0","0","0","0","-","0","0","0","0","0","0","0","0","0","0","0","0","0","0","0","0","0","0","0","1","0","0","0","0","0","0","0","0","0","0","0","0","0","0","0","0","0","0","0","0","0","0"
"0x77856b7b5be0","      FMUL R40, R18, R105","1","0","1","32768","1048576","1048576","32","32","0","0","0","-","-","-","0","0","0","0","0","0","0","0","-","0","0","0","0","0","0","0","0","0","0","0","0","0","0","0","0","0","0","0","1","0","0","0","0","0","0","0","0","0","0","0","0","0","0","0","0","0","0","0","0","0","0"
"0x77856b7b5bf0","      FMUL R107, R18, R107","1","0","1","32768","1048576","1048576","32","32","0","0","0","-","-","-","0","0","0","0","0","0","0","0","-","0","0","0","0","0","0","0","0","0","0","0","0","0","0","0","0","0","0","0","1","0","0","0","0","0","0","0","0","0","0","0","0","0","0","0","0","0","0","0","0","0","0"
"0x77856b7b5c00","      FMUL R44, R18, R109","2","0","2","32768","1048576","1048576","32","32","0","0","0","-","-","-","0","0","0","0","0","0","0","0","-","0","0","0","0","0","0","0","0","0","0","0","0","0","0","0","0","0","0","1","1","0","0","0","0","0","0","0","0","0","0","0","0","0","0","0","0","0","0","0","0","0","0"
"0x77856b7b5c10","      FMUL R111, R18, R111","1","0","1","32768","1048576","1048576","32","32","0","0","0","-","-","-","0","0","0","0","0","0","0","0","-","0","0","0","0","0","0","0","0","0","0","0","0","0","0","0","0","0","0","0","1","0","0","0","0","0","0","0","0","0","0","0","0","0","0","0","0","0","0","0","0","0","0"
"0x77856b7b5c20","      FMUL R48, R18, R113","1","0","1","32768","1048576","1048576","32","32","0","0","0","-","-","-","0","0","0","0","0","0","0","0","-","0","0","0","0","0","0","0","0","0","0","0","0","0","0","0","0","0","0","0","1","0","0","0","0","0","0","0","0","0","0","0","0","0","0","0","0","0","0","0","0","0","0"
"0x77856b7b5c30","      FMUL R115, R18, R115","1","0","1","32768","1048576","1048576","32","32","0","0","0","-","-","-","0","0","0","0","0","0","0","0","-","0","0","0","0","0","0","0","0","0","0","0","0","0","0","0","0","0","0","0","1","0","0","0","0","0","0","0","0","0","0","0","0","0","0","0","0","0","0","0","0","0","0"
"0x77856b7b5c40","      FMUL R52, R18, R117","2","0","2","32768","1048576","1048576","32","32","0","0","0","-","-","-","0","0","0","0","0","0","0","0","-","0","0","0","0","0","0","0","0","0","0","0","0","0","0","0","0","0","0","0","2","0","0","0","0","0","0","0","0","0","0","0","0","0","0","0","0","0","0","0","0","0","0"
"0x77856b7b5c50","      FMUL R119, R18, R119","0","0","0","32768","1048576","1048576","32","32","0","0","0","-","-","-","0","0","0","0","0","0","0","0","-","0","0","0","0","0","0","0","0","0","0","0","0","0","0","0","0","0","0","0","0","0","0","0","0","0","0","0","0","0","0","0","0","0","0","0","0","0","0","0","0","0","0"
"0x77856b7b5c60","      FMUL R56, R18, R121","3","0","3","32768","1048576","1048576","32","32","0","0","0","-","-","-","0","0","0","0","0","0","0","0","-","0","0","0","0","0","0","0","0","0","0","0","0","0","0","0","0","0","0","0","3","0","0","0","0","0","0","0","0","0","0","0","0","0","0","0","0","0","0","0","0","0","0"
"0x77856b7b5c70","      FMUL R123, R18, R123","2","0","2","32768","1048576","1048576","32","32","0","0","0","-","-","-","0","0","0","0","0","0","0","0","-","0","0","0","0","0","0","0","0","0","0","0","0","0","0","0","0","0","0","0","2","0","0","0","0","0","0","0","0","0","0","0","0","0","0","0","0","0","0","0","0","0","0"
"0x77856b7b5c80","      FMUL R60, R18, R125","1","0","1","32768","1048576","1048576","32","32","0","0","0","-","-","-","0","0","0","0","0","0","0","0","-","0","0","0","0","0","0","0","0","0","0","0","0","0","0","0","0","0","0","0","1","0","0","0","0","0","0","0","0","0","0","0","0","0","0","0","0","0","0","0","0","0","0"
"0x77856b7b5c90","      FMUL R127, R18, R127","4","0","4","32768","1048576","1048576","32","32","0","0","0","-","-","-","0","0","0","0","0","0","0","0","-","0","0","0","0","0","0","0","0","0","0","0","0","0","0","0","0","0","0","0","4","0","0","0","0","0","0","0","0","0","0","0","0","0","0","0","0","0","0","0","0","0","0"
"0x77856b7b5ca0","      FMUL R64, R18, R129","3","0","3","32768","1048576","1048576","32","32","0","0","0","-","-","-","0","0","0","0","0","0","0","0","-","0","0","0","0","0","0","0","0","0","0","0","0","0","0","0","0","0","0","0","3","0","0","0","0","0","0","0","0","0","0","0","0","0","0","0","0","0","0","0","0","0","0"
"0x77856b7b5cb0","      FMUL R131, R18, R131","0","0","0","32768","1048576","1048576","32","32","0","0","0","-","-","-","0","0","0","0","0","0","0","0","-","0","0","0","0","0","0","0","0","0","0","0","0","0","0","0","0","0","0","0","0","0","0","0","0","0","0","0","0","0","0","0","0","0","0","0","0","0","0","0","0","0","0"
"0x77856b7b5cc0","      FMUL R68, R18, R133","2","0","2","32768","1048576","1048576","32","32","0","0","0","-","-","-","0","0","0","0","0","0","0","0","-","0","0","0","0","0","0","0","0","0","0","0","0","0","0","0","0","0","0","0","2","0","0","0","0","0","0","0","0","0","0","0","0","0","0","0","0","0","0","0","0","0","0"
"0x77856b7b5cd0","      FMUL R135, R18, R135","1","0","1","32768","1048576","1048576","32","32","0","0","0","-","-","-","0","0","0","0","0","0","0","0","-","0","0","0","0","0","0","0","0","0","0","0","0","0","0","0","0","0","0","0","1","0","0","0","0","0","0","0","0","0","0","0","0","0","0","0","0","0","0","0","0","0","0"
"0x77856b7b5ce0","      FMUL R72, R18, R137","1","0","1","32768","1048576","1048576","32","32","0","0","0","-","-","-","0","0","0","0","0","0","0","0","-","0","0","0","0","0","0","0","0","0","0","0","0","0","0","0","0","0","0","0","1","0","0","0","0","0","0","0","0","0","0","0","0","0","0","0","0","0","0","0","0","0","0"
"0x77856b7b5cf0","      FMUL R139, R18, R139","3","0","3","32768","1048576","1048576","32","32","0","0","0","-","-","-","0","0","0","0","0","0","0","0","-","0","0","0","0","0","0","0","0","0","0","0","0","0","0","0","0","0","0","0","3","0","0","0","0","0","0","0","0","0","0","0","0","0","0","0","0","0","0","0","0","0","0"
"0x77856b7b5d00","      FMUL R76, R18, R141","2","0","2","32768","1048576","1048576","32","32","0","0","0","-","-","-","0","0","0","0","0","0","0","0","-","0","0","0","0","0","0","0","0","0","0","0","0","0","0","0","0","0","0","0","2","0","0","0","0","0","0","0","0","0","0","0","0","0","0","0","0","0","0","0","0","0","0"
"0x77856b7b5d10","      FMUL R143, R18, R143","2","0","2","32768","1048576","1048576","32","32","0","0","0","-","-","-","0","0","0","0","0","0","0","0","-","0","0","0","0","0","0","0","0","0","0","0","0","0","0","0","0","0","0","0","2","0","0","0","0","0","0","0","0","0","0","0","0","0","0","0","0","0","0","0","0","0","0"
"0x77856b7b5d20","      FMUL R78, R18, R147","3","0","3","32768","1048576","1048576","32","32","0","0","0","-","-","-","0","0","0","0","0","0","0","0","-","0","0","0","0","0","0","0","0","0","0","0","0","0","0","0","0","0","0","0","3","0","0","0","0","0","0","0","0","0","0","0","0","0","0","0","0","0","0","0","0","0","0"
"0x77856b7b5d30","      FMUL R24, R0, R19","1","0","1","32768","1048576","1048576","32","32","0","0","0","-","-","-","0","0","0","0","0","0","0","0","-","0","0","0","0","0","0","0","0","0","0","0","0","0","0","0","0","0","0","0","1","0","0","0","0","0","0","0","0","0","0","0","0","0","0","0","0","0","0","0","0","0","0"
"0x77856b7b5d40","      FMUL R25, R0, R25","3","0","3","32768","1048576","1048576","32","32","0","0","0","-","-","-","0","0","0","0","0","0","0","0","-","0","0","0","0","0","0","0","0","0","0","0","0","0","0","0","0","0","0","0","3","0","0","0","0","0","0","0","0","0","0","0","0","0","0","0","0","0","0","0","0","0","0"
"0x77856b7b5d50","@!P4  FMUL R47, R47, 16777216","2","0","2","32768","1048576","0","32","0","32","32","0","-","-","-","0","0","0","0","0","0","0","0","-","0","0","0","0","0","0","0","0","0","0","0","0","0","0","0","0","0","0","0","2","0","0","0","0","0","0","0","0","0","0","0","0","0","0","0","0","0","0","0","0","0","0"
"0x77856b7b5d60","@!P4  FMUL R45, R45, 16777216","0","0","0","32768","1048576","0","32","0","0","32","0","-","-","-","0","0","0","0","0","0","0","0","-","0","0","0","0","0","0","0","0","0","0","0","0","0","0","0","0","0","0","0","0","0","0","0","0","0","0","0","0","0","0","0","0","0","0","0","0","0","0","0","0","0","0"
"0x77856b7b5d70","      FMUL R23, R0, R23","2","0","2","32768","1048576","1048576","32","32","32","0","0","-","-","-","0","0","0","0","0","0","0","0","-","0","0","0","0","0","0","0","0","0","0","0","0","0","0","0","0","0","0","0","2","0","0","0","0","0","0","0","0","0","0","0","0","0","0","0","0","0","0","0","0","0","0"
"0x77856b7b5d80","      FMUL R18, R0, R29","4","0","4","32768","1048576","1048576","32","32","0","0","0","-","-","-","0","0","0","0","0","0","0","0","-","0","0","0","0","0","0","0","0","0","0","0","0","0","0","0","0","0","1","1","2","0","0","0","0","0","0","0","0","0","0","0","0","0","0","0","0","0","0","0","0","0","0"
"0x77856b7b5d90","@!P4  FMUL R43, R43, 16777216","2","0","2","32768","1048576","0","32","0","32","32","0","-","-","-","0","0","0","0","0","0","0","0","-","0","0","0","0","0","0","0","0","0","0","0","0","0","0","0","0","0","0","0","2","0","0","0","0","0","0","0","0","0","0","0","0","0","0","0","0","0","0","0","0","0","0"
"0x77856b7b5da0","@!P4  FMUL R41, R41, 16777216","3","0","3","32768","1048576","0","32","0","0","32","0","-","-","-","0","0","0","0","0","0","0","0","-","0","0","0","0","0","0","0","0","0","0","0","0","0","0","0","0","0","0","0","3","0","0","0","0","0","0","0","0","0","0","0","0","0","0","0","0","0","0","0","0","0","0"
"0x77856b7b5db0","@!P4  FMUL R51, R51, 16777216","1","0","1","32768","1048576","0","32","0","0","32","0","-","-","-","0","0","0","0","0","0","0","0","-","0","0","0","0","0","0","0","0","0","0","0","0","0","0","0","0","0","0","0","1","0","0","0","0","0","0","0","0","0","0","0","0","0","0","0","0","0","0","0","0","0","0"
"0x77856b7b5dc0","@!P4  FMUL R49, R49, 16777216","4","0","4","32768","1048576","0","32","0","0","32","0","-","-","-","0","0","0","0","0","0","0","0","-","0","0","0","0","0","0","0","0","0","0","0","0","0","0","0","0","0","0","0","4","0","0","0","0","0","0","0","0","0","0","0","0","0","0","0","0","0","0","0","0","0","0"
"0x77856b7b5dd0","@!P4  FMUL R55, R55, 16777216","2","0","2","32768","1048576","0","32","0","0","32","0","-","-","-","0","0","0","0","0","0","0","0","-","0","0","0","0","0","0","0","0","0","0","0","0","0","0","0","0","0","0","0","2","0","0","0","0","0","0","0","0","0","0","0","0","0","0","0","0","0","0","0","0","0","0"
"0x77856b7b5de0","@!P4  FMUL R53, R53, 16777216","1","0","1","32768","1048576","0","32","0","0","32","0","-","-","-","0","0","0","0","0","0","0","0","-","0","0","0","0","0","0","0","0","0","0","0","0","0","0","0","0","0","0","0","1","0","0","0","0","0","0","0","0","0","0","0","0","0","0","0","0","0","0","0","0","0","0"
"0x77856b7b5df0","@!P4  FMUL R63, R63, 16777216","3","0","3","32768","1048576","0","32","0","0","32","0","-","-","-","0","0","0","0","0","0","0","0","-","0","0","0","0","0","0","0","0","0","0","0","0","0","0","0","0","0","0","0","3","0","0","0","0","0","0","0","0","0","0","0","0","0","0","0","0","0","0","0","0","0","0"
"0x77856b7b5e00","@!P4  FMUL R61, R61, 16777216","1","0","1","32768","1048576","0","32","0","0","32","0","-","-","-","0","0","0","0","0","0","0","0","-","0","0","0","0","0","0","0","0","0","0","0","0","0","0","0","0","0","0","0","1","0","0","0","0","0","0","0","0","0","0","0","0","0","0","0","0","0","0","0","0","0","0"
"0x77856b7b5e10","      FMUL R26, R0, R35","0","0","0","32768","1048576","1048576","32","32","32","0","0","-","-","-","0","0","0","0","0","0","0","0","-","0","0","0","0","0","0","0","0","0","0","0","0","0","0","0","0","0","0","0","0","0","0","0","0","0","0","0","0","0","0","0","0","0","0","0","0","0","0","0","0","0","0"
"0x77856b7b5e20","      FMUL R33, R0, R33","1","0","1","32768","1048576","1048576","32","32","0","0","0","-","-","-","0","0","0","0","0","0","0","0","-","0","0","0","0","0","0","0","0","0","0","0","0","0","0","0","0","0","0","0","1","0","0","0","0","0","0","0","0","0","0","0","0","0","0","0","0","0","0","0","0","0","0"
"0x77856b7b5e30","      FMUL R39, R0, R39","2","0","2","32768","1048576","1048576","32","32","0","0","0","-","-","-","0","0","0","0","0","0","0","0","-","0","0","0","0","0","0","0","0","0","0","0","0","0","0","0","0","0","0","0","2","0","0","0","0","0","0","0","0","0","0","0","0","0","0","0","0","0","0","0","0","0","0"
"0x77856b7b5e40","      FMUL R30, R0, R37","4","0","4","32768","1048576","1048576","32","32","0","0","0","-","-","-","0","0","0","0","0","0","0","0","-","0","0","0","0","0","0","0","0","0","0","0","0","0","0","0","0","0","0","0","4","0","0","0","0","0","0","0","0","0","0","0","0","0","0","0","0","0","0","0","0","0","0"
"0x77856b7b5e50","@!P4  FMUL R59, R59, 16777216","1","0","1","32768","1048576","0","32","0","32","32","0","-","-","-","0","0","0","0","0","0","0","0","-","0","0","0","0","0","0","0","0","0","0","0","0","0","0","0","0","0","0","0","1","0","0","0","0","0","0","0","0","0","0","0","0","0","0","0","0","0","0","0","0","0","0"
"0x77856b7b5e60","@!P4  FMUL R57, R57, 16777216","2","0","2","32768","1048576","0","32","0","0","32","0","-","-","-","0","0","0","0","0","0","0","0","-","0","0","0","0","0","0","0","0","0","0","0","0","0","0","0","0","0","0","0","2","0","0","0","0","0","0","0","0","0","0","0","0","0","0","0","0","0","0","0","0","0","0"
"0x77856b7b5e70","@!P4  FMUL R67, R67, 16777216","2","0","2","32768","1048576","0","32","0","0","32","0","-","-","-","0","0","0","0","0","0","0","0","-","0","0","0","0","0","0","0","0","0","0","0","0","0","0","0","0","0","0","0","2","0","0","0","0","0","0","0","0","0","0","0","0","0","0","0","0","0","0","0","0","0","0"
"0x77856b7b5e80","@!P4  FMUL R65, R65, 16777216","3","0","3","32768","1048576","0","32","0","0","32","0","-","-","-","0","0","0","0","0","0","0","0","-","0","0","0","0","0","0","0","0","0","0","0","0","0","0","0","0","0","0","2","1","0","0","0","0","0","0","0","0","0","0","0","0","0","0","0","0","0","0","0","0","0","0"
"0x77856b7b5e90","@!P4  FMUL R71, R71, 16777216","0","0","0","32768","1048576","0","32","0","0","32","0","-","-","-","0","0","0","0","0","0","0","0","-","0","0","0","0","0","0","0","0","0","0","0","0","0","0","0","0","0","0","0","0","0","0","0","0","0","0","0","0","0","0","0","0","0","0","0","0","0","0","0","0","0","0"
"0x77856b7b5ea0","@!P4  FMUL R69, R69, 16777216","1","0","1","32768","1048576","0","32","0","0","32","0","-","-","-","0","0","0","0","0","0","0","0","-","0","0","0","0","0","0","0","0","0","0","0","0","0","0","0","0","0","0","0","1","0","0","0","0","0","0","0","0","0","0","0","0","0","0","0","0","0","0","0","0","0","0"
"0x77856b7b5eb0","@!P4  FMUL R75, R75, 16777216","1","0","1","32768","1048576","0","32","0","0","32","0","-","-","-","0","0","0","0","0","0","0","0","-","0","0","0","0","0","0","0","0","0","0","0","0","0","0","0","0","0","0","0","1","0","0","0","0","0","0","0","0","0","0","0","0","0","0","0","0","0","0","0","0","0","0"
"0x77856b7b5ec0","@!P4  FMUL R73, R73, 16777216","1","0","1","32768","1048576","0","32","0","0","32","0","-","-","-","0","0","0","0","0","0","0","0","-","0","0","0","0","0","0","0","0","0","0","0","0","0","0","0","0","0","0","0","1","0","0","0","0","0","0","0","0","0","0","0","0","0","0","0","0","0","0","0","0","0","0"
"0x77856b7b5ed0","@!P4  FMUL R79, R79, 16777216","0","0","0","32768","1048576","0","32","0","0","32","0","-","-","-","0","0","0","0","0","0","0","0","-","0","0","0","0","0","0","0","0","0","0","0","0","0","0","0","0","0","0","0","0","0","0","0","0","0","0","0","0","0","0","0","0","0","0","0","0","0","0","0","0","0","0"
"0x77856b7b5ee0","@!P4  FMUL R77, R77, 16777216","3","0","3","32768","1048576","0","32","0","0","32","0","-","-","-","0","0","0","0","0","0","0","0","-","0","0","0","0","0","0","0","0","0","0","0","0","0","0","0","0","0","0","0","3","0","0","0","0","0","0","0","0","0","0","0","0","0","0","0","0","0","0","0","0","0","0"
"0x77856b7b5ef0","@!P4  FMUL R83, R83, 16777216","2","0","2","32768","1048576","0","32","0","0","32","0","-","-","-","0","0","0","0","0","0","0","0","-","0","0","0","0","0","0","0","0","0","0","0","0","0","0","0","0","0","0","0","2","0","0","0","0","0","0","0","0","0","0","0","0","0","0","0","0","0","0","0","0","0","0"
"0x77856b7b5f00","@!P4  FMUL R81, R81, 16777216","6","0","6","32768","1048576","0","32","0","0","32","0","-","-","-","0","0","0","0","0","0","0","0","-","0","0","0","0","0","0","0","0","0","0","0","0","0","0","0","0","0","0","4","2","0","0","0","0","0","0","0","0","0","0","0","0","0","0","0","0","0","0","0","0","0","0"
"0x77856b7b5f10","@!P4  FMUL R87, R87, 16777216","1","0","1","32768","1048576","0","32","0","0","32","0","-","-","-","0","0","0","0","0","0","0","0","-","0","0","0","0","0","0","0","0","0","0","0","0","0","0","0","0","0","0","0","1","0","0","0","0","0","0","0","0","0","0","0","0","0","0","0","0","0","0","0","0","0","0"
"0x77856b7b5f20","@!P4  FMUL R85, R85, 16777216","2","0","2","32768","1048576","0","32","0","0","32","0","-","-","-","0","0","0","0","0","0","0","0","-","0","0","0","0","0","0","0","0","0","0","0","0","0","0","0","0","0","0","0","2","0","0","0","0","0","0","0","0","0","0","0","0","0","0","0","0","0","0","0","0","0","0"
"0x77856b7b5f30","      FMUL R47, R0, R47","4","0","4","32768","1048576","1048576","32","32","32","0","0","-","-","-","0","0","0","0","0","0","0","0","-","0","0","0","0","0","0","0","0","0","0","0","0","0","0","0","0","0","0","0","4","0","0","0","0","0","0","0","0","0","0","0","0","0","0","0","0","0","0","0","0","0","0"
"0x77856b7b5f40","      FMUL R38, R0, R45","4","0","4","32768","1048576","1048576","32","32","0","0","0","-","-","-","0","0","0","0","0","0","0","0","-","0","0","0","0","0","0","0","0","0","0","0","0","0","0","0","0","0","0","0","4","0","0","0","0","0","0","0","0","0","0","0","0","0","0","0","0","0","0","0","0","0","0"
"0x77856b7b5f50","      F2FP.F16.F32.PACK_AB R24, R25, R24","2","0","2","32768","1048576","1048576","32","32","0","0","0","-","-","-","0","0","0","0","0","0","0","0","-","0","0","0","0","0","0","0","0","0","0","0","0","0","0","0","0","0","0","0","2","0","0","0","0","0","0","0","0","0","0","0","0","0","0","0","0","0","0","0","0","0","0"
"0x77856b7b5f60","      FMUL R43, R0, R43","1","0","1","32768","1048576","1048576","32","32","0","0","0","-","-","-","0","0","0","0","0","0","0","0","-","0","0","0","0","0","0","0","0","0","0","0","0","0","0","0","0","0","0","0","1","0","0","0","0","0","0","0","0","0","0","0","0","0","0","0","0","0","0","0","0","0","0"
"0x77856b7b5f70","      FMUL R34, R0, R41","5","0","5","32768","1048576","1048576","32","32","0","0","0","-","-","-","0","0","0","0","0","0","0","0","-","0","0","0","0","0","0","0","0","0","0","0","0","0","0","0","0","0","0","0","5","0","0","0","0","0","0","0","0","0","0","0","0","0","0","0","0","0","0","0","0","0","0"
"0x77856b7b5f80","      FMUL R51, R0, R51","7","0","7","32768","1048576","1048576","32","32","0","0","0","-","-","-","0","0","0","0","0","0","0","0","-","0","0","0","0","0","0","0","0","0","0","0","0","0","0","0","0","0","0","6","1","0","0","0","0","0","0","0","0","0","0","0","0","0","0","0","0","0","0","0","0","0","0"
"0x77856b7b5f90","      FMUL R42, R0, R49","0","0","0","32768","1048576","1048576","32","32","0","0","0","-","-","-","0","0","0","0","0","0","0","0","-","0","0","0","0","0","0","0","0","0","0","0","0","0","0","0","0","0","0","0","0","0","0","0","0","0","0","0","0","0","0","0","0","0","0","0","0","0","0","0","0","0","0"
"0x77856b7b5fa0","      FMUL R55, R0, R55","2","0","2","32768","1048576","1048576","32","32","0","0","0","-","-","-","0","0","0","0","0","0","0","0","-","0","0","0","0","0","0","0","0","0","0","0","0","0","0","0","0","0","0","0","2","0","0","0","0","0","0","0","0","0","0","0","0","0","0","0","0","0","0","0","0","0","0"
"0x77856b7b5fb0","      FMUL R46, R0, R53","2","0","2","32768","1048576","1048576","32","32","0","0","0","-","-","-","0","0","0","0","0","0","0","0","-","0","0","0","0","0","0","0","0","0","0","0","0","0","0","0","0","0","0","0","2","0","0","0","0","0","0","0","0","0","0","0","0","0","0","0","0","0","0","0","0","0","0"
"0x77856b7b5fc0","      FMUL R63, R0, R63","0","0","0","32768","1048576","1048576","32","32","0","0","0","-","-","-","0","0","0","0","0","0","0","0","-","0","0","0","0","0","0","0","0","0","0","0","0","0","0","0","0","0","0","0","0","0","0","0","0","0","0","0","0","0","0","0","0","0","0","0","0","0","0","0","0","0","0"
"0x77856b7b5fd0","      FMUL R54, R0, R61","3","0","3","32768","1048576","1048576","32","32","0","0","0","-","-","-","0","0","0","0","0","0","0","0","-","0","0","0","0","0","0","0","0","0","0","0","0","0","0","0","0","0","0","0","3","0","0","0","0","0","0","0","0","0","0","0","0","0","0","0","0","0","0","0","0","0","0"
"0x77856b7b5fe0","      F2FP.F16.F32.PACK_AB R20, R27, R20","4","0","4","32768","1048576","1048576","32","32","0","0","0","-","-","-","0","0","0","0","0","0","0","0","-","0","0","0","0","0","0","0","0","0","0","0","0","0","0","0","0","0","0","0","4","0","0","0","0","0","0","0","0","0","0","0","0","0","0","0","0","0","0","0","0","0","0"
"0x77856b7b5ff0","      FMUL R59, R0, R59","4","0","4","32768","1048576","1048576","32","32","0","0","0","-","-","-","0","0","0","0","0","0","0","0","-","0","0","0","0","0","0","0","0","0","0","0","0","0","0","0","0","0","0","0","4","0","0","0","0","0","0","0","0","0","0","0","0","0","0","0","0","0","0","0","0","0","0"
"0x77856b7b6000","      F2FP.F16.F32.PACK_AB R21, R22, R21","6","1","6","32768","1048576","1048576","32","32","0","0","0","-","-","-","0","0","0","0","0","0","0","0","-","0","0","0","0","0","0","0","0","0","0","0","0","0","1","0","0","0","1","1","3","0","0","0","0","0","0","0","0","0","0","0","0","0","0","0","1","0","0","0","0","0","0"
"0x77856b7b6010","      FMUL R50, R0, R57","1","0","1","32768","1048576","1048576","32","32","0","0","0","-","-","-","0","0","0","0","0","0","0","0","-","0","0","0","0","0","0","0","0","0","0","0","0","0","0","0","0","0","0","0","1","0","0","0","0","0","0","0","0","0","0","0","0","0","0","0","0","0","0","0","0","0","0"
"0x77856b7b6020","      F2FP.F16.F32.PACK_AB R25, R18, R23","2","0","2","32768","1048576","1048576","32","32","0","0","0","-","-","-","0","0","0","0","0","0","0","0","-","0","0","0","0","0","0","0","0","0","0","0","0","0","0","0","0","0","0","0","2","0","0","0","0","0","0","0","0","0","0","0","0","0","0","0","0","0","0","0","0","0","0"
"0x77856b7b6030","      FMUL R67, R0, R67","1","0","1","32768","1048576","1048576","32","32","0","0","0","-","-","-","0","0","0","0","0","0","0","0","-","0","0","0","0","0","0","0","0","0","0","0","0","0","0","0","0","0","0","0","1","0","0","0","0","0","0","0","0","0","0","0","0","0","0","0","0","0","0","0","0","0","0"
"0x77856b7b6040","      FMUL R58, R0, R65","1","0","1","32768","1048576","1048576","32","32","0","0","0","-","-","-","0","0","0","0","0","0","0","0","-","0","0","0","0","0","0","0","0","0","0","0","0","0","0","0","0","0","0","0","1","0","0","0","0","0","0","0","0","0","0","0","0","0","0","0","0","0","0","0","0","0","0"
"0x77856b7b6050","      FMUL R71, R0, R71","1","0","1","32768","1048576","1048576","32","32","0","0","0","-","-","-","0","0","0","0","0","0","0","0","-","0","0","0","0","0","0","0","0","0","0","0","0","0","0","0","0","0","0","0","1","0","0","0","0","0","0","0","0","0","0","0","0","0","0","0","0","0","0","0","0","0","0"
"0x77856b7b6060","      FMUL R62, R0, R69","1","0","1","32768","1048576","1048576","32","32","0","0","0","-","-","-","0","0","0","0","0","0","0","0","-","0","0","0","0","0","0","0","0","0","0","0","0","0","0","0","0","0","0","0","1","0","0","0","0","0","0","0","0","0","0","0","0","0","0","0","0","0","0","0","0","0","0"
"0x77856b7b6070","      FMUL R75, R0, R75","0","0","0","32768","1048576","1048576","32","32","0","0","0","-","-","-","0","0","0","0","0","0","0","0","-","0","0","0","0","0","0","0","0","0","0","0","0","0","0","0","0","0","0","0","0","0","0","0","0","0","0","0","0","0","0","0","0","0","0","0","0","0","0","0","0","0","0"
"0x77856b7b6080","      FMUL R66, R0, R73","2","0","2","32768","1048576","1048576","32","32","0","0","0","-","-","-","0","0","0","0","0","0","0","0","-","0","0","0","0","0","0","0","0","0","0","0","0","0","0","0","0","0","0","0","2","0","0","0","0","0","0","0","0","0","0","0","0","0","0","0","0","0","0","0","0","0","0"
"0x77856b7b6090","      FMUL R79, R0, R79","2","0","2","32768","1048576","1048576","32","32","0","0","0","-","-","-","0","0","0","0","0","0","0","0","-","0","0","0","0","0","0","0","0","0","0","0","0","0","0","0","0","0","0","0","2","0","0","0","0","0","0","0","0","0","0","0","0","0","0","0","0","0","0","0","0","0","0"
"0x77856b7b60a0","      FMUL R70, R0, R77","2","0","2","32768","1048576","1048576","32","32","0","0","0","-","-","-","0","0","0","0","0","0","0","0","-","0","0","0","0","0","0","0","0","0","0","0","0","0","0","0","0","0","0","0","2","0","0","0","0","0","0","0","0","0","0","0","0","0","0","0","0","0","0","0","0","0","0"
"0x77856b7b60b0","      FMUL R83, R0, R83","3","0","3","32768","1048576","1048576","32","32","0","0","0","-","-","-","0","0","0","0","0","0","0","0","-","0","0","0","0","0","0","0","0","0","0","0","0","0","0","0","0","0","0","0","3","0","0","0","0","0","0","0","0","0","0","0","0","0","0","0","0","0","0","0","0","0","0"
"0x77856b7b60c0","      FMUL R74, R0, R81","2","0","2","32768","1048576","1048576","32","32","0","0","0","-","-","-","0","0","0","0","0","0","0","0","-","0","0","0","0","0","0","0","0","0","0","0","0","0","0","0","0","0","0","0","2","0","0","0","0","0","0","0","0","0","0","0","0","0","0","0","0","0","0","0","0","0","0"
"0x77856b7b60d0","      FMUL R87, R0, R87","3","0","3","32768","1048576","1048576","32","32","0","0","0","-","-","-","0","0","0","0","0","0","0","0","-","0","0","0","0","0","0","0","0","0","0","0","0","0","0","0","0","0","0","0","3","0","0","0","0","0","0","0","0","0","0","0","0","0","0","0","0","0","0","0","0","0","0"
"0x77856b7b60e0","      F2FP.F16.F32.PACK_AB R22, R28, R91","2","0","2","32768","1048576","1048576","32","32","0","0","0","-","-","-","0","0","0","0","0","0","0","0","-","0","0","0","0","0","0","0","0","0","0","0","0","0","0","0","0","0","0","0","2","0","0","0","0","0","0","0","0","0","0","0","0","0","0","0","0","0","0","0","0","0","0"
"0x77856b7b60f0","      FMUL R0, R0, R85","0","0","0","32768","1048576","1048576","32","32","0","0","0","-","-","-","0","0","0","0","0","0","0","0","-","0","0","0","0","0","0","0","0","0","0","0","0","0","0","0","0","0","0","0","0","0","0","0","0","0","0","0","0","0","0","0","0","0","0","0","0","0","0","0","0","0","0"
"0x77856b7b6100","      F2FP.F16.F32.PACK_AB R26, R33, R26","1","0","1","32768","1048576","1048576","32","32","0","0","0","-","-","-","0","0","0","0","0","0","0","0","-","0","0","0","0","0","0","0","0","0","0","0","0","0","0","0","0","0","0","1","0","0","0","0","0","0","0","0","0","0","0","0","0","0","0","0","0","0","0","0","0","0","0"
"0x77856b7b6110","      F2FP.F16.F32.PACK_AB R27, R30, R39","96","11","96","32768","1048576","1048576","32","32","0","0","0","-","-","-","0","0","0","0","0","0","0","0","-","0","0","0","0","0","0","0","0","0","0","0","0","0","51","0","0","0","0","42","1","0","0","0","2","0","0","0","0","0","0","0","10","0","0","0","0","0","0","0","0","0","1"
"0x77856b7b6120","      F2FP.F16.F32.PACK_AB R23, R32, R95","35","2","35","32768","1048576","1048576","32","32","0","0","0","-","-","-","0","0","0","0","0","0","0","0","-","0","0","0","0","0","0","0","0","0","0","0","0","0","11","0","0","0","0","21","1","0","0","0","2","0","0","0","0","0","0","0","1","0","0","0","0","0","0","0","0","0","1"
"0x77856b7b6130","      F2FP.F16.F32.PACK_AB R29, R38, R47","33","3","33","32768","1048576","1048576","32","32","0","0","0","-","-","-","0","0","0","0","0","0","0","0","-","0","0","0","0","0","0","0","0","0","0","0","0","0","5","0","0","0","0","23","4","0","0","0","1","0","0","0","0","0","0","0","2","0","0","0","0","0","0","0","0","0","1"
"0x77856b7b6140","      STS.128 [R145+UR12], R24","1","0","1","32768","1048576","1048576","32","32","0","0","0","Shared","Store","128","0","4","0","131072","131072","0","0","0","-","0","0","0","0","0","0","0","0","0","0","0","0","0","0","0","0","0","0","0","1","0","0","0","0","0","0","0","0","0","0","0","0","0","0","0","0","0","0","0","0","0","0"
"0x77856b7b6150","      F2FP.F16.F32.PACK_AB R28, R34, R43","1","0","1","32768","1048576","1048576","32","32","0","0","0","-","-","-","0","0","0","0","0","0","0","0","-","0","0","0","0","0","0","0","0","0","0","0","0","0","0","0","0","0","0","0","1","0","0","0","0","0","0","0","0","0","0","0","0","0","0","0","0","0","0","0","0","0","0"
"0x77856b7b6160","      F2FP.F16.F32.PACK_AB R30, R42, R51","94","2","94","32768","1048576","1048576","32","32","0","0","0","-","-","-","0","0","0","0","0","0","0","0","-","0","0","0","0","0","0","0","0","0","0","0","0","0","9","0","0","0","0","78","5","0","0","0","2","0","0","0","0","0","0","0","1","0","0","0","0","0","0","0","0","0","1"
"0x77856b7b6170","      STS.128 [R145+UR12+0x200], R20","2","0","2","32768","1048576","1048576","32","32","0","0","0","Shared","Store","128","0","4","0","131072","131072","0","0","0","-","0","0","0","0","0","0","0","0","0","0","0","0","0","0","0","0","0","0","0","2","0","0","0","0","0","0","0","0","0","0","0","0","0","0","0","0","0","0","0","0","0","0"
"0x77856b7b6180","      F2FP.F16.F32.PACK_AB R31, R46, R55","3","0","3","32768","1048576","1048576","32","32","0","0","0","-","-","-","0","0","0","0","0","0","0","0","-","0","0","0","0","0","0","0","0","0","0","0","0","0","0","0","0","0","0","0","3","0","0","0","0","0","0","0","0","0","0","0","0","0","0","0","0","0","0","0","0","0","0"
"0x77856b7b6190","      LOP3.LUT R18, R145, 0x20, RZ, 0x3c, !PT","15","8","15","32768","1048576","1048576","32","32","0","0","0","-","-","-","0","0","0","0","0","0","0","0","-","0","0","0","0","0","0","0","0","0","0","0","0","0","8","0","0","0","0","5","2","0","0","0","0","0","0","0","0","0","0","0","8","0","0","0","0","0","0","0","0","0","0"
"0x77856b7b61a0","      F2FP.F16.F32.PACK_AB R36, R36, R99","4","1","4","32768","1048576","1048576","32","32","0","0","0","-","-","-","0","0","0","0","0","0","0","0","-","0","0","0","0","0","0","0","0","0","0","0","0","0","0","0","0","0","0","0","3","0","0","0","1","0","0","0","0","0","0","0","0","0","0","0","0","0","0","0","0","0","1"
"0x77856b7b61b0","      F2FP.F16.F32.PACK_AB R37, R40, R103","3","1","3","32768","1048576","1048576","32","32","0","0","0","-","-","-","0","0","0","0","0","0","0","0","-","0","0","0","0","0","0","0","0","0","0","0","0","0","0","0","0","0","0","0","2","0","0","0","1","0","0","0","0","0","0","0","0","0","0","0","0","0","0","0","0","0","1"
"0x77856b7b61c0","      STS.128 [R18+UR12], R28","2","0","2","32768","1048576","1048576","32","32","0","0","0","Shared","Store","128","0","4","0","131072","131072","0","0","0","-","0","0","0","0","0","0","0","0","0","0","0","0","0","0","0","0","0","0","0","2","0","0","0","0","0","0","0","0","0","0","0","0","0","0","0","0","0","0","0","0","0","0"
"0x77856b7b61d0","      F2FP.F16.F32.PACK_AB R38, R44, R107","2","0","2","32768","1048576","1048576","32","32","0","0","0","-","-","-","0","0","0","0","0","0","0","0","-","0","0","0","0","0","0","0","0","0","0","0","0","0","0","0","0","0","0","0","2","0","0","0","0","0","0","0","0","0","0","0","0","0","0","0","0","0","0","0","0","0","0"
"0x77856b7b61e0","      F2FP.F16.F32.PACK_AB R39, R48, R111","9","2","9","32768","1048576","1048576","32","32","0","0","0","-","-","-","0","0","0","0","0","0","0","0","-","0","0","0","0","0","0","0","0","0","0","0","0","0","0","0","0","0","0","0","7","0","0","0","2","0","0","0","0","0","0","0","0","0","0","0","0","0","0","0","0","0","2"
"0x77856b7b61f0","      F2FP.F16.F32.PACK_AB R33, R54, R63","3","1","3","32768","1048576","1048576","32","32","0","0","0","-","-","-","0","0","0","0","0","0","0","0","-","0","0","0","0","0","0","0","0","0","0","0","0","0","0","0","0","0","0","0","2","0","0","0","1","0","0","0","0","0","0","0","0","0","0","0","0","0","0","0","0","0","1"
"0x77856b7b6200","      F2FP.F16.F32.PACK_AB R32, R50, R59","32","11","32","32768","1048576","1048576","32","32","0","0","0","-","-","-","0","0","0","0","0","0","0","0","-","0","0","0","0","0","0","0","0","0","0","0","0","0","13","0","0","0","0","17","1","0","0","0","1","0","0","0","0","0","0","0","10","0","0","0","0","0","0","0","0","0","1"
"0x77856b7b6210","      STS.128 [R18+UR12+0x200], R36","3","0","3","32768","1048576","1048576","32","32","0","0","0","Shared","Store","128","0","4","0","131072","131072","0","0","0","-","0","0","0","0","0","0","0","0","0","0","0","0","0","0","0","0","0","0","0","3","0","0","0","0","0","0","0","0","0","0","0","0","0","0","0","0","0","0","0","0","0","0"
"0x77856b7b6220","      F2FP.F16.F32.PACK_AB R52, R52, R115","0","0","0","32768","1048576","1048576","32","32","0","0","0","-","-","-","0","0","0","0","0","0","0","0","-","0","0","0","0","0","0","0","0","0","0","0","0","0","0","0","0","0","0","0","0","0","0","0","0","0","0","0","0","0","0","0","0","0","0","0","0","0","0","0","0","0","0"
"0x77856b7b6230","      F2FP.F16.F32.PACK_AB R53, R56, R119","3","2","3","32768","1048576","1048576","32","32","0","0","0","-","-","-","0","0","0","0","0","0","0","0","-","0","0","0","0","0","0","0","0","0","0","0","0","0","0","0","0","0","0","0","1","0","0","0","2","0","0","0","0","0","0","0","0","0","0","0","0","0","0","0","0","0","2"
"0x77856b7b6240","      F2FP.F16.F32.PACK_AB R34, R58, R67","5","3","5","32768","1048576","1048576","32","32","0","0","0","-","-","-","0","0","0","0","0","0","0","0","-","0","0","0","0","0","0","0","0","0","0","0","0","0","0","0","0","0","0","0","2","0","0","0","3","0","0","0","0","0","0","0","0","0","0","0","0","0","0","0","0","0","3"
"0x77856b7b6250","      F2FP.F16.F32.PACK_AB R54, R60, R123","1","0","1","32768","1048576","1048576","32","32","0","0","0","-","-","-","0","0","0","0","0","0","0","0","-","0","0","0","0","0","0","0","0","0","0","0","0","0","0","0","0","0","0","0","1","0","0","0","0","0","0","0","0","0","0","0","0","0","0","0","0","0","0","0","0","0","0"
"0x77856b7b6260","      F2FP.F16.F32.PACK_AB R35, R62, R71","4","2","4","32768","1048576","1048576","32","32","0","0","0","-","-","-","0","0","0","0","0","0","0","0","-","0","0","0","0","0","0","0","0","0","0","0","0","0","0","0","0","0","0","0","2","0","0","0","2","0","0","0","0","0","0","0","0","0","0","0","0","0","0","0","0","0","2"
"0x77856b7b6270","      F2FP.F16.F32.PACK_AB R55, R64, R127","19","7","19","32768","1048576","1048576","32","32","0","0","0","-","-","-","0","0","0","0","0","0","0","0","-","0","0","0","0","0","0","0","0","0","0","0","0","0","9","0","0","0","0","4","4","0","0","0","2","0","0","0","0","0","0","0","5","0","0","0","0","0","0","0","0","0","2"
"0x77856b7b6280","      F2FP.F16.F32.PACK_AB R85, R70, R79","6","4","6","32768","1048576","1048576","32","32","0","0","0","-","-","-","0","0","0","0","0","0","0","0","-","0","0","0","0","0","0","0","0","0","0","0","0","0","0","0","0","0","0","0","2","0","0","0","4","0","0","0","0","0","0","0","0","0","0","0","0","0","0","0","0","0","4"
"0x77856b7b6290","      LOP3.LUT R19, R145, 0x40, RZ, 0x3c, !PT","2","2","2","32768","1048576","1048576","32","32","0","0","0","-","-","-","0","0","0","0","0","0","0","0","-","0","0","0","0","0","0","0","0","0","0","0","0","0","0","0","0","0","0","0","0","0","0","0","2","0","0","0","0","0","0","0","0","0","0","0","0","0","0","0","0","0","2"
"0x77856b7b62a0","      F2FP.F16.F32.PACK_AB R84, R66, R75","5","3","5","32768","1048576","1048576","32","32","0","0","0","-","-","-","0","0","0","0","0","0","0","0","-","0","0","0","0","0","0","0","0","0","0","0","0","0","0","0","0","0","0","0","2","0","0","0","3","0","0","0","0","0","0","0","0","0","0","0","0","0","0","0","0","0","3"
"0x77856b7b62b0","      F2FP.F16.F32.PACK_AB R68, R68, R131","6","2","6","32768","1048576","1048576","32","32","0","0","0","-","-","-","0","0","0","0","0","0","0","0","-","0","0","0","0","0","0","0","0","0","0","0","0","0","0","0","0","0","0","0","4","0","0","0","2","0","0","0","0","0","0","0","0","0","0","0","0","0","0","0","0","0","2"
"0x77856b7b62c0","      STS.128 [R19+UR12], R32","0","0","0","32768","1048576","1048576","32","32","0","0","0","Shared","Store","128","0","4","0","131072","131072","0","0","0","-","0","0","0","0","0","0","0","0","0","0","0","0","0","0","0","0","0","0","0","0","0","0","0","0","0","0","0","0","0","0","0","0","0","0","0","0","0","0","0","0","0","0"
"0x77856b7b62d0","      F2FP.F16.F32.PACK_AB R69, R72, R135","4","0","4","32768","1048576","1048576","32","32","0","0","0","-","-","-","0","0","0","0","0","0","0","0","-","0","0","0","0","0","0","0","0","0","0","0","0","0","0","0","0","0","0","0","4","0","0","0","0","0","0","0","0","0","0","0","0","0","0","0","0","0","0","0","0","0","0"
"0x77856b7b62e0","      F2FP.F16.F32.PACK_AB R86, R74, R83","16","8","16","32768","1048576","1048576","32","32","0","0","0","-","-","-","0","0","0","0","0","0","0","0","-","0","0","0","0","0","0","0","0","0","0","0","0","0","10","0","0","0","0","4","1","0","0","0","1","0","0","0","0","0","0","0","7","0","0","0","0","0","0","0","0","0","1"
"0x77856b7b62f0","      STS.128 [R19+UR12+0x200], R52","1","0","1","32768","1048576","1048576","32","32","0","0","0","Shared","Store","128","0","4","0","131072","131072","0","0","0","-","0","0","0","0","0","0","0","0","0","0","0","0","0","0","0","0","0","0","0","1","0","0","0","0","0","0","0","0","0","0","0","0","0","0","0","0","0","0","0","0","0","0"
"0x77856b7b6300","      F2FP.F16.F32.PACK_AB R70, R76, R139","3","0","3","32768","1048576","1048576","32","32","0","0","0","-","-","-","0","0","0","0","0","0","0","0","-","0","0","0","0","0","0","0","0","0","0","0","0","0","0","0","0","0","0","0","3","0","0","0","0","0","0","0","0","0","0","0","0","0","0","0","0","0","0","0","0","0","0"
"0x77856b7b6310","      F2FP.F16.F32.PACK_AB R87, R0, R87","1","1","1","32768","1048576","1048576","32","32","0","0","0","-","-","-","0","0","0","0","0","0","0","0","-","0","0","0","0","0","0","0","0","0","0","0","0","0","0","0","0","0","0","0","0","0","0","0","1","0","0","0","0","0","0","0","0","0","0","0","0","0","0","0","0","0","1"
"0x77856b7b6320","      LOP3.LUT R145, R145, 0x60, RZ, 0x3c, !PT","1","1","1","32768","1048576","1048576","32","32","0","0","0","-","-","-","0","0","0","0","0","0","0","0","-","0","0","0","0","0","0","0","0","0","0","0","0","0","0","0","0","0","0","0","0","0","0","0","1","0","0","0","0","0","0","0","0","0","0","0","0","0","0","0","0","0","1"
"0x77856b7b6330","      F2FP.F16.F32.PACK_AB R71, R78, R143","3","0","3","32768","1048576","1048576","32","32","0","0","0","-","-","-","0","0","0","0","0","0","0","0","-","0","0","0","0","0","0","0","0","0","0","0","0","0","0","0","0","0","0","0","3","0","0","0","0","0","0","0","0","0","0","0","0","0","0","0","0","0","0","0","0","0","0"
"0x77856b7b6340","      ISETP.NE.AND P4, PT, R164, RZ, PT","4","1","4","32768","1048576","1048576","32","32","0","0","0","-","-","-","0","0","0","0","0","0","0","0","-","0","0","0","0","0","0","0","0","0","0","0","0","0","0","0","0","0","0","0","3","0","0","0","1","0","0","0","0","0","0","0","0","0","0","0","0","0","0","0","0","0","1"
"0x77856b7b6350","      STS.128 [R145+UR12], R84","1","0","1","32768","1048576","1048576","32","32","0","0","0","Shared","Store","128","0","4","0","131072","131072","0","0","0","-","0","0","0","0","0","0","0","0","0","0","0","0","0","0","0","0","0","0","0","1","0","0","0","0","0","0","0","0","0","0","0","0","0","0","0","0","0","0","0","0","0","0"
"0x77856b7b6360","      ISETP.NE.AND P2, PT, R166, RZ, PT","3","0","3","32768","1048576","1048576","32","32","0","0","0","-","-","-","0","0","0","0","0","0","0","0","-","0","0","0","0","0","0","0","0","0","0","0","0","0","0","0","0","0","0","0","3","0","0","0","0","0","0","0","0","0","0","0","0","0","0","0","0","0","0","0","0","0","0"
"0x77856b7b6370","      ISETP.NE.AND P3, PT, R167, RZ, PT","14","10","14","32768","1048576","1048576","32","32","0","0","0","-","-","-","0","0","0","0","0","0","0","0","-","0","0","0","0","0","0","0","0","0","0","0","0","0","8","0","0","0","0","4","0","0","0","0","2","0","0","0","0","0","0","0","8","0","0","0","0","0","0","0","0","0","2"
"0x77856b7b6380","      STS.128 [R145+UR12+0x200], R68","3","0","3","32768","1048576","1048576","32","32","0","0","0","Shared","Store","128","0","4","0","131072","131072","0","0","0","-","0","0","0","0","0","0","0","0","0","0","0","0","0","0","0","0","0","0","0","3","0","0","0","0","0","0","0","0","0","0","0","0","0","0","0","0","0","0","0","0","0","0"
"0x77856b7b6390","      BAR.SYNC.DEFER_BLOCKING 0x0","1","0","1","32768","1048576","1048576","32","32","0","0","0","-","-","-","0","0","0","0","0","0","0","0","-","0","0","0","0","0","0","0","0","0","0","0","0","0","0","0","0","0","0","0","1","0","0","0","0","0","0","0","0","0","0","0","0","0","0","0","0","0","0","0","0","0","0"
"0x77856b7b63a0","      LDSM.16.M88.4 R20, [R149+UR12]","57","42","57","32768","1048576","1048576","32","32","0","0","0","Shared","Load","128","0","4","0","131072","131072","0","0","0","-","0","0","0","0","0","0","48","0","0","0","0","0","0","0","0","1","0","0","1","3","0","0","0","4","41","0","0","0","0","0","0","0","0","1","0","0","0","0","0","0","0","0"
"0x77856b7b63b0","      LDSM.16.M88.4 R24, [R149+UR12+0x400]","41","38","41","32768","1048576","1048576","32","32","0","0","0","Shared","Load","128","0","4","0","131072","131072","0","0","0","-","0","0","0","0","0","0","0","0","0","0","0","0","0","0","0","37","0","0","2","0","0","0","0","2","0","0","0","0","0","0","0","0","0","37","0","0","0","0","0","0","0","1"
"0x77856b7b63c0","      LDSM.16.M88.4 R28, [R149+UR12+0x800]","87","85","87","32768","1048576","1048576","32","32","0","0","0","Shared","Load","128","0","4","0","131072","131072","0","0","0","-","0","0","0","0","0","0","0","0","0","0","0","0","0","0","0","79","0","0","1","1","0","0","0","6","0","0","0","0","0","0","0","0","0","79","0","0","0","0","0","0","0","6"
"0x77856b7b63d0","      LDSM.16.M88.4 R40, [R149+UR12+0xc00]","21","20","21","32768","1048576","1048576","32","32","0","0","0","Shared","Load","128","0","4","0","131072","131072","0","0","0","-","0","0","0","0","0","0","0","0","0","0","0","0","0","0","0","14","0","0","0","1","0","0","0","6","0","0","0","0","0","0","0","0","0","14","0","0","0","0","0","0","0","6"
"0x77856b7b63e0","      LDSM.16.M88.4 R36, [R149+UR12+0x1000]","22","19","22","32768","1048576","1048576","32","32","0","0","0","Shared","Load","128","0","4","0","131072","131072","0","0","0","-","0","0","0","0","0","0","0","0","0","0","0","0","0","0","0","13","0","0","0","3","0","0","0","6","0","0","0","0","0","0","0","0","0","13","0","0","0","0","0","0","0","6"
"0x77856b7b63f0","      LDSM.16.M88.4 R32, [R149+UR12+0x1400]","25","20","25","32768","1048576","1048576","32","32","0","0","0","Shared","Load","128","0","4","0","131072","131072","0","0","0","-","0","0","0","0","0","0","0","0","0","0","0","0","0","0","0","10","0","0","2","3","0","0","0","10","0","0","0","0","0","0","0","0","0","10","0","0","0","0","0","0","0","10"
"0x77856b7b6400","      LDSM.16.M88.4 R44, [R149+UR12+0x1800]","23","20","23","32768","1048576","1048576","32","32","0","0","0","Shared","Load","128","0","4","0","131072","131072","0","0","0","-","0","0","0","0","0","0","0","0","0","0","0","0","0","0","0","13","0","0","1","2","0","0","0","7","0","0","0","0","0","0","0","0","0","13","0","0","0","0","0","0","0","7"
"0x77856b7b6410","      LDSM.16.M88.4 R48, [R149+UR12+0x1c00]","24","21","24","32768","1048576","1048576","32","32","0","0","0","Shared","Load","128","0","4","0","131072","131072","0","0","0","-","0","0","0","0","0","0","0","0","0","0","0","0","0","0","0","15","0","0","1","2","0","0","0","6","0","0","0","0","0","0","0","0","0","15","0","0","0","0","0","0","0","6"
"0x77856b7b6420","@!P1  STG.E.128 desc[UR20][R2.64], R20","259","245","259","32768","1048576","1048576","32","32","0","0","0","Global","Store","128","131072","0","0","0","0","0","524288","524288","","0","0","0","0","0","0","0","0","0","0","0","0","0","0","0","0","0","0","0","1","251","0","0","7","0","0","0","0","0","0","0","0","0","0","0","0","0","0","238","0","0","7"
"0x77856b7b6430","      ISETP.NE.AND P1, PT, R88, RZ, PT","0","0","0","32768","1048576","1048576","32","32","0","0","0","-","-","-","0","0","0","0","0","0","0","0","-","0","0","0","0","0","0","0","0","0","0","0","0","0","0","0","0","0","0","0","0","0","0","0","0","0","0","0","0","0","0","0","0","0","0","0","0","0","0","0","0","0","0"
"0x77856b7b6440","@!P4  STG.E.128 desc[UR20][R4.64], R24","2","0","2","32768","1048576","1048576","32","32","0","0","0","Global","Store","128","131072","0","0","0","0","0","524288","524288","","0","0","0","0","0","0","0","0","0","0","0","0","0","0","0","0","0","0","0","1","0","0","0","1","0","0","0","0","0","0","0","0","0","0","0","0","0","0","0","0","0","0"
"0x77856b7b6450","@!P2  STG.E.128 desc[UR20][R6.64], R28","19","15","19","32768","1048576","1048576","32","32","0","0","0","Global","Store","128","131072","0","0","0","0","0","524288","524288","","0","0","0","0","0","0","0","0","0","0","0","10","0","0","0","0","0","0","0","4","0","0","0","5","0","0","0","0","0","10","0","0","0","0","0","0","0","0","0","0","0","5"
"0x77856b7b6460","@!P3  STG.E.128 desc[UR20][R8.64], R40","45","42","45","32768","1048576","1048576","32","32","0","0","0","Global","Store","128","131072","0","0","0","0","0","524288","524288","","0","0","0","0","0","0","0","0","0","0","0","22","0","0","0","1","0","0","0","3","10","0","0","9","0","0","0","0","0","22","0","0","0","1","0","0","0","0","10","0","0","9"
"0x77856b7b6470","@!P6  STG.E.128 desc[UR20][R10.64], R36","128","121","128","32768","1048576","1048576","32","32","0","0","0","Global","Store","128","131072","0","0","0","0","0","524288","524288","","0","0","0","0","0","0","0","0","0","0","0","22","0","0","0","0","0","0","0","6","95","0","0","5","0","0","0","0","0","22","0","0","0","0","0","0","0","0","94","0","0","5"
"0x77856b7b6480","@!P5  STG.E.128 desc[UR20][R12.64], R32","26","25","26","32768","1048576","1048576","32","32","0","0","0","Global","Store","128","131072","0","0","0","0","0","524288","524288","","0","0","0","0","0","0","0","0","0","0","0","19","0","0","0","0","0","0","0","1","0","0","0","6","0","0","0","0","0","19","0","0","0","0","0","0","0","0","0","0","0","6"
"0x77856b7b6490","@!P0  STG.E.128 desc[UR20][R14.64], R44","21","18","21","32768","1048576","1048576","32","32","0","0","0","Global","Store","128","131072","0","0","0","0","0","524288","524288","","0","0","0","0","0","0","0","0","0","0","0","13","0","0","0","0","0","0","0","3","0","0","0","5","0","0","0","0","0","13","0","0","0","0","0","0","0","0","0","0","0","5"
"0x77856b7b64a0","@P1   EXIT","3","0","3","32768","1048576","0","32","0","32","32","0","-","-","-","0","0","0","0","0","0","0","0","-","0","0","0","0","0","0","0","0","0","0","0","0","0","0","0","0","0","0","0","3","0","0","0","0","0","0","0","0","0","0","0","0","0","0","0","0","0","0","0","0","0","0"
"0x77856b7b64b0","      STG.E.128 desc[UR20][R16.64], R48","61","54","61","32768","1048576","1048576","32","32","32","0","0","Global","Store","128","131072","0","0","0","0","0","524288","524288","","0","0","0","0","0","0","0","0","0","0","0","50","0","0","0","0","0","0","1","3","0","0","0","7","0","0","0","0","0","50","0","0","0","0","0","0","0","0","0","0","0","4"
"0x77856b7b64c0","      EXIT","5","0","5","32768","1048576","1048576","32","32","0","0","0","-","-","-","0","0","0","0","0","0","0","0","-","0","0","0","0","0","0","0","0","0","0","0","0","0","0","0","0","0","0","0","5","0","0","0","0","0","0","0","0","0","0","0","0","0","0","0","0","0","0","0","0","0","0"
"0x77856b7b64d0","      BRA 0x77856b7b64d0","1796","1787","1796","0","0","0","0","0","0","0","0","-","-","-","0","0","0","0","0","0","0","0","-","0","0","0","0","0","0","0","10","0","1775","0","0","0","0","0","0","0","0","0","1","0","0","0","10","0","10","0","1767","0","0","0","0","0","0","0","0","0","0","0","0","0","10"
"0x77856b7b64e0","      NOP","0","0","0","0","0","0","0","0","0","0","0","-","-","-","0","0","0","0","0","0","0","0","-","0","0","0","0","0","0","0","0","0","0","0","0","0","0","0","0","0","0","0","0","0","0","0","0","0","0","0","0","0","0","0","0","0","0","0","0","0","0","0","0","0","0"
"0x77856b7b64f0","      NOP","0","0","0","0","0","0","0","0","0","0","0","-","-","-","0","0","0","0","0","0","0","0","-","0","0","0","0","0","0","0","0","0","0","0","0","0","0","0","0","0","0","0","0","0","0","0","0","0","0","0","0","0","0","0","0","0","0","0","0","0","0","0","0","0","0"
"0x77856b7b6500","      NOP","0","0","0","0","0","0","0","0","0","0","0","-","-","-","0","0","0","0","0","0","0","0","-","0","0","0","0","0","0","0","0","0","0","0","0","0","0","0","0","0","0","0","0","0","0","0","0","0","0","0","0","0","0","0","0","0","0","0","0","0","0","0","0","0","0"
"0x77856b7b6510","      NOP","0","0","0","0","0","0","0","0","0","0","0","-","-","-","0","0","0","0","0","0","0","0","-","0","0","0","0","0","0","0","0","0","0","0","0","0","0","0","0","0","0","0","0","0","0","0","0","0","0","0","0","0","0","0","0","0","0","0","0","0","0","0","0","0","0"
"0x77856b7b6520","      NOP","0","0","0","0","0","0","0","0","0","0","0","-","-","-","0","0","0","0","0","0","0","0","-","0","0","0","0","0","0","0","0","0","0","0","0","0","0","0","0","0","0","0","0","0","0","0","0","0","0","0","0","0","0","0","0","0","0","0","0","0","0","0","0","0","0"
"0x77856b7b6530","      NOP","0","0","0","0","0","0","0","0","0","0","0","-","-","-","0","0","0","0","0","0","0","0","-","0","0","0","0","0","0","0","0","0","0","0","0","0","0","0","0","0","0","0","0","0","0","0","0","0","0","0","0","0","0","0","0","0","0","0","0","0","0","0","0","0","0"
"0x77856b7b6540","      NOP","0","0","0","0","0","0","0","0","0","0","0","-","-","-","0","0","0","0","0","0","0","0","-","0","0","0","0","0","0","0","0","0","0","0","0","0","0","0","0","0","0","0","0","0","0","0","0","0","0","0","0","0","0","0","0","0","0","0","0","0","0","0","0","0","0"
"0x77856b7b6550","      NOP","0","0","0","0","0","0","0","0","0","0","0","-","-","-","0","0","0","0","0","0","0","0","-","0","0","0","0","0","0","0","0","0","0","0","0","0","0","0","0","0","0","0","0","0","0","0","0","0","0","0","0","0","0","0","0","0","0","0","0","0","0","0","0","0","0"
"0x77856b7b6560","      NOP","0","0","0","0","0","0","0","0","0","0","0","-","-","-","0","0","0","0","0","0","0","0","-","0","0","0","0","0","0","0","0","0","0","0","0","0","0","0","0","0","0","0","0","0","0","0","0","0","0","0","0","0","0","0","0","0","0","0","0","0","0","0","0","0","0"
"0x77856b7b6570","      NOP","0","0","0","0","0","0","0","0","0","0","0","-","-","-","0","0","0","0","0","0","0","0","-","0","0","0","0","0","0","0","0","0","0","0","0","0","0","0","0","0","0","0","0","0","0","0","0","0","0","0","0","0","0","0","0","0","0","0","0","0","0","0","0","0","0"
